batch_id,site_id,product_id,lot_code,received_at,printed_expiry,qty_received,uom,storage_zone_id,dock_dwell_hours,intake_grade,unit_cost,state
B00001,SITE_KIT_01,ING_TOMATO,LOT-B00001,2025-11-15T07:00:00,2025-11-22,67.0,kg,ZN_COLD,0.5,0.97,32.0,whole
B00002,SITE_KIT_01,ING_ONION,LOT-B00002,2025-11-15T07:00:00,2025-12-15,176.0,kg,ZN_DRY,0.5,0.919,38.0,whole
B00003,SITE_KIT_01,ING_POTATO,LOT-B00003,2025-11-15T07:00:00,2025-12-15,72.0,kg,ZN_DRY,0.5,0.954,28.0,whole
B00004,SITE_KIT_01,ING_CAULI,LOT-B00004,2025-11-15T07:00:00,2025-11-25,80.0,kg,ZN_COLD,0.5,1.0,40.0,whole
B00005,SITE_KIT_01,ING_SPINACH,LOT-B00005,2025-11-15T07:00:00,2025-11-19,15.0,kg,ZN_COLD,0.5,0.98,30.0,whole
B00006,SITE_KIT_01,ING_CORIANDER,LOT-B00006,2025-11-15T07:00:00,2025-11-18,2.0,kg,ZN_COLD,0.5,0.943,60.0,whole
B00007,SITE_KIT_01,ING_GCHILLI,LOT-B00007,2025-11-15T07:00:00,2025-11-22,5.0,kg,ZN_COLD,0.5,0.882,70.0,whole
B00008,SITE_KIT_01,ING_GINGER,LOT-B00008,2025-11-15T07:00:00,2025-12-15,6.0,kg,ZN_DRY,0.5,0.979,120.0,whole
B00009,SITE_KIT_01,ING_GARLIC,LOT-B00009,2025-11-15T07:00:00,2025-12-15,10.0,kg,ZN_DRY,0.5,0.96,180.0,whole
B00010,SITE_KIT_01,ING_CARROT,LOT-B00010,2025-11-15T07:00:00,2025-11-25,18.0,kg,ZN_COLD,0.5,0.91,45.0,whole
B00011,SITE_KIT_01,ING_CAPSICUM,LOT-B00011,2025-11-15T07:00:00,2025-11-22,13.0,kg,ZN_COLD,0.5,0.822,80.0,whole
B00012,SITE_KIT_01,ING_CABBAGE,LOT-B00012,2025-11-15T07:00:00,2025-11-25,9.0,kg,ZN_COLD,0.5,0.957,25.0,whole
B00013,SITE_KIT_01,ING_BRINJAL,LOT-B00013,2025-11-15T07:00:00,2025-11-22,11.0,kg,ZN_COLD,0.5,0.925,40.0,whole
B00014,SITE_KIT_01,ING_OKRA,LOT-B00014,2025-11-15T07:00:00,2025-11-22,20.0,kg,ZN_COLD,0.5,0.951,55.0,whole
B00015,SITE_KIT_01,ING_PEAS,LOT-B00015,2025-11-15T07:00:00,2025-11-22,8.969,kg,ZN_COLD,0.5,0.925,90.0,whole
B00016,SITE_KIT_01,ING_MINT,LOT-B00016,2025-11-15T07:00:00,2025-11-18,1.106,kg,ZN_COLD,0.5,0.914,60.0,whole
B00017,SITE_KIT_01,ING_CURRYLEAF,LOT-B00017,2025-11-15T07:00:00,2025-11-18,0.75,kg,ZN_COLD,0.5,0.906,80.0,whole
B00018,SITE_KIT_01,ING_LEMON,LOT-B00018,2025-11-15T07:00:00,2025-11-21,7.0,kg,ZN_COLD,0.5,1.0,90.0,whole
B00019,SITE_KIT_01,ING_BEANS,LOT-B00019,2025-11-15T07:00:00,2025-11-22,14.0,kg,ZN_COLD,0.5,0.916,60.0,whole
B00020,SITE_KIT_01,ING_MUSHROOM,LOT-B00020,2025-11-15T07:00:00,2025-11-22,4.0,kg,ZN_COLD,0.5,0.937,220.0,whole
B00021,SITE_KIT_01,ING_CUCUMBER,LOT-B00021,2025-11-15T07:00:00,2025-11-22,13.0,kg,ZN_COLD,0.5,0.877,35.0,whole
B00022,SITE_KIT_01,ING_BANANA,LOT-B00022,2025-11-15T07:00:00,2025-11-21,10.866,kg,ZN_COLD,0.5,1.0,55.0,whole
B00023,SITE_KIT_01,ING_CHICKEN,LOT-B00023,2025-11-15T07:00:00,2025-11-18,38.0,kg,ZN_FREEZE,0.5,0.857,210.0,whole
B00024,SITE_KIT_01,ING_MUTTON,LOT-B00024,2025-11-15T07:00:00,2025-11-18,23.0,kg,ZN_FREEZE,0.5,1.0,720.0,whole
B00025,SITE_KIT_01,ING_FISH,LOT-B00025,2025-11-15T07:00:00,2025-11-18,17.0,kg,ZN_FREEZE,0.5,1.0,480.0,whole
B00026,SITE_KIT_01,ING_EGG,LOT-B00026,2025-11-15T07:00:00,2025-11-21,7.0,kg,ZN_COLD,0.5,0.89,140.0,whole
B00027,SITE_KIT_01,ING_PANEER,LOT-B00027,2025-11-15T07:00:00,2025-11-21,35.0,kg,ZN_COLD,0.5,0.98,380.0,whole
B00028,SITE_KIT_01,ING_CURD,LOT-B00028,2025-11-15T07:00:00,2025-11-21,33.0,kg,ZN_COLD,0.5,0.989,70.0,whole
B00029,SITE_KIT_01,ING_MILK,LOT-B00029,2025-11-15T07:00:00,2025-11-21,7.0,kg,ZN_COLD,0.5,0.894,58.0,whole
B00030,SITE_KIT_01,ING_CREAM,LOT-B00030,2025-11-15T07:00:00,2025-11-21,8.0,kg,ZN_COLD,0.5,0.951,220.0,whole
B00031,SITE_KIT_01,ING_BUTTER,LOT-B00031,2025-11-15T07:00:00,2025-11-21,8.0,kg,ZN_COLD,0.5,0.896,520.0,whole
B00032,SITE_KIT_01,ING_GHEE,LOT-B00032,2025-11-15T07:00:00,2026-05-14,40.0,kg,ZN_DRY,0.5,1.0,640.0,whole
B00033,SITE_KIT_01,ING_RICE,LOT-B00033,2025-11-15T07:00:00,2026-05-14,295.0,kg,ZN_DRY,0.5,1.0,120.0,whole
B00034,SITE_KIT_01,ING_ATTA,LOT-B00034,2025-11-15T07:00:00,2026-05-14,200.0,kg,ZN_DRY,0.5,1.0,48.0,whole
B00035,SITE_KIT_01,ING_BESAN,LOT-B00035,2025-11-15T07:00:00,2026-05-14,15.0,kg,ZN_DRY,0.5,0.886,90.0,whole
B00036,SITE_KIT_01,ING_OIL,LOT-B00036,2025-11-15T07:00:00,2026-05-14,25.0,kg,ZN_DRY,0.5,0.885,145.0,whole
B00037,SITE_KIT_01,ING_CASHEW,LOT-B00037,2025-11-15T07:00:00,2026-05-14,15.0,kg,ZN_DRY,0.5,1.0,850.0,whole
B00038,SITE_KIT_01,ING_COCONUT,LOT-B00038,2025-11-15T07:00:00,2026-05-14,15.0,kg,ZN_DRY,0.5,0.973,45.0,whole
B00039,SITE_KIT_01,ING_TOORDAL,LOT-B00039,2025-11-15T07:00:00,2026-05-14,80.0,kg,ZN_DRY,0.5,0.959,165.0,whole
B00040,SITE_KIT_01,ING_BATTER,LOT-B00040,2025-11-15T07:00:00,2025-11-17,19.0,kg,ZN_COLD,0.5,0.927,70.0,whole
B00041,SITE_KIT_01,ING_SPINACH,LOT-B00041,2025-11-16T07:00:00,2025-11-20,11.0,kg,ZN_COLD,0.5,0.811,30.0,whole
B00042,SITE_KIT_01,ING_CORIANDER,LOT-B00042,2025-11-16T07:00:00,2025-11-19,1.75,kg,ZN_COLD,0.5,0.896,60.0,whole
B00043,SITE_KIT_01,ING_MINT,LOT-B00043,2025-11-16T07:00:00,2025-11-19,0.75,kg,ZN_COLD,0.5,0.991,60.0,whole
B00044,SITE_KIT_01,ING_CURRYLEAF,LOT-B00044,2025-11-16T07:00:00,2025-11-19,0.75,kg,ZN_COLD,0.5,0.957,80.0,whole
B00045,SITE_KIT_01,ING_BATTER,LOT-B00045,2025-11-16T07:00:00,2025-11-18,16.0,kg,ZN_COLD,0.5,0.967,70.0,whole
B00046,SITE_KIT_01,ING_TOMATO,LOT-B00046,2025-11-17T07:00:00,2025-11-24,52.0,kg,ZN_COLD,0.5,0.936,32.0,whole
B00047,SITE_KIT_01,ING_CAULI,LOT-B00047,2025-11-17T07:00:00,2025-11-27,63.0,kg,ZN_COLD,0.5,0.794,40.0,whole
B00048,SITE_KIT_01,ING_SPINACH,LOT-B00048,2025-11-17T07:00:00,2025-11-21,11.0,kg,ZN_COLD,0.5,0.981,30.0,whole
B00049,SITE_KIT_01,ING_CORIANDER,LOT-B00049,2025-11-17T07:00:00,2025-11-20,1.665,kg,ZN_COLD,0.5,0.901,60.0,whole
B00050,SITE_KIT_01,ING_GCHILLI,LOT-B00050,2025-11-17T07:00:00,2025-11-24,4.0,kg,ZN_COLD,0.5,0.972,70.0,whole
B00051,SITE_KIT_01,ING_CARROT,LOT-B00051,2025-11-17T07:00:00,2025-11-27,15.0,kg,ZN_COLD,0.5,0.992,45.0,whole
B00052,SITE_KIT_01,ING_CAPSICUM,LOT-B00052,2025-11-17T07:00:00,2025-11-24,12.0,kg,ZN_COLD,0.5,0.966,80.0,whole
B00053,SITE_KIT_01,ING_CABBAGE,LOT-B00053,2025-11-17T07:00:00,2025-11-27,5.305,kg,ZN_COLD,0.5,0.935,25.0,whole
B00054,SITE_KIT_01,ING_BRINJAL,LOT-B00054,2025-11-17T07:00:00,2025-11-24,9.0,kg,ZN_COLD,0.5,0.945,40.0,whole
B00055,SITE_KIT_01,ING_OKRA,LOT-B00055,2025-11-17T07:00:00,2025-11-24,4.0,kg,ZN_COLD,0.5,0.942,55.0,whole
B00056,SITE_KIT_01,ING_PEAS,LOT-B00056,2025-11-17T07:00:00,2025-11-24,7.0,kg,ZN_COLD,0.5,0.925,90.0,whole
B00057,SITE_KIT_01,ING_MINT,LOT-B00057,2025-11-17T07:00:00,2025-11-20,0.75,kg,ZN_COLD,0.5,1.0,60.0,whole
B00058,SITE_KIT_01,ING_CURRYLEAF,LOT-B00058,2025-11-17T07:00:00,2025-11-20,1.0,kg,ZN_COLD,0.5,0.974,80.0,whole
B00059,SITE_KIT_01,ING_LEMON,LOT-B00059,2025-11-17T07:00:00,2025-11-23,5.0,kg,ZN_COLD,0.5,0.962,90.0,whole
B00060,SITE_KIT_01,ING_BEANS,LOT-B00060,2025-11-17T07:00:00,2025-11-24,8.0,kg,ZN_COLD,0.5,0.983,60.0,whole
B00061,SITE_KIT_01,ING_MUSHROOM,LOT-B00061,2025-11-17T07:00:00,2025-11-24,3.0,kg,ZN_COLD,0.5,0.913,220.0,whole
B00062,SITE_KIT_01,ING_CUCUMBER,LOT-B00062,2025-11-17T07:00:00,2025-11-24,10.0,kg,ZN_COLD,0.5,0.866,35.0,whole
B00063,SITE_KIT_01,ING_BANANA,LOT-B00063,2025-11-17T07:00:00,2025-11-23,13.0,kg,ZN_COLD,0.5,0.987,55.0,whole
B00064,SITE_KIT_01,ING_CHICKEN,LOT-B00064,2025-11-17T07:00:00,2025-11-20,31.0,kg,ZN_FREEZE,0.5,0.892,210.0,whole
B00065,SITE_KIT_01,ING_MUTTON,LOT-B00065,2025-11-17T07:00:00,2025-11-20,15.0,kg,ZN_FREEZE,0.5,0.996,720.0,whole
B00066,SITE_KIT_01,ING_FISH,LOT-B00066,2025-11-17T07:00:00,2025-11-20,14.0,kg,ZN_FREEZE,0.5,0.975,480.0,whole
B00067,SITE_KIT_01,ING_EGG,LOT-B00067,2025-11-17T07:00:00,2025-11-23,7.0,kg,ZN_COLD,0.5,0.995,140.0,whole
B00068,SITE_KIT_01,ING_PANEER,LOT-B00068,2025-11-17T07:00:00,2025-11-23,30.0,kg,ZN_COLD,0.5,0.951,380.0,whole
B00069,SITE_KIT_01,ING_CURD,LOT-B00069,2025-11-17T07:00:00,2025-11-23,24.0,kg,ZN_COLD,0.5,0.953,70.0,whole
B00070,SITE_KIT_01,ING_MILK,LOT-B00070,2025-11-17T07:00:00,2025-11-23,4.0,kg,ZN_COLD,0.5,0.903,58.0,whole
B00071,SITE_KIT_01,ING_CREAM,LOT-B00071,2025-11-17T07:00:00,2025-11-23,8.0,kg,ZN_COLD,0.5,0.923,220.0,whole
B00072,SITE_KIT_01,ING_BUTTER,LOT-B00072,2025-11-17T07:00:00,2025-11-23,7.0,kg,ZN_COLD,0.5,0.986,520.0,whole
B00073,SITE_KIT_01,ING_BATTER,LOT-B00073,2025-11-17T07:00:00,2025-11-19,14.0,kg,ZN_COLD,0.5,0.95,70.0,whole
B00074,SITE_KIT_01,ING_SPINACH,LOT-B00074,2025-11-18T07:00:00,2025-11-22,9.0,kg,ZN_COLD,0.5,0.934,30.0,whole
B00075,SITE_KIT_01,ING_CORIANDER,LOT-B00075,2025-11-18T07:00:00,2025-11-21,1.5,kg,ZN_COLD,0.5,0.93,60.0,whole
B00076,SITE_KIT_01,ING_MINT,LOT-B00076,2025-11-18T07:00:00,2025-11-21,0.75,kg,ZN_COLD,0.5,0.912,60.0,whole
B00077,SITE_KIT_01,ING_CURRYLEAF,LOT-B00077,2025-11-18T07:00:00,2025-11-21,0.5,kg,ZN_COLD,0.5,0.912,80.0,whole
B00078,SITE_KIT_01,ING_BATTER,LOT-B00078,2025-11-18T07:00:00,2025-11-20,14.0,kg,ZN_COLD,0.5,0.933,70.0,whole
B00079,SITE_KIT_01,ING_TOMATO,LOT-B00079,2025-11-19T07:00:00,2025-11-26,23.0,kg,ZN_COLD,0.5,0.933,32.0,whole
B00080,SITE_KIT_01,ING_ONION,LOT-B00080,2025-11-19T07:00:00,2025-12-19,67.945,kg,ZN_DRY,0.5,0.921,38.0,whole
B00081,SITE_KIT_01,ING_POTATO,LOT-B00081,2025-11-19T07:00:00,2025-12-19,40.0,kg,ZN_DRY,0.5,0.99,28.0,whole
B00082,SITE_KIT_01,ING_CAULI,LOT-B00082,2025-11-19T07:00:00,2025-11-29,27.0,kg,ZN_COLD,0.5,0.979,40.0,whole
B00083,SITE_KIT_01,ING_SPINACH,LOT-B00083,2025-11-19T07:00:00,2025-11-23,9.0,kg,ZN_COLD,0.5,0.903,30.0,whole
B00084,SITE_KIT_01,ING_CORIANDER,LOT-B00084,2025-11-19T07:00:00,2025-11-22,1.25,kg,ZN_COLD,0.5,0.956,60.0,whole
B00085,SITE_KIT_01,ING_GINGER,LOT-B00085,2025-11-19T07:00:00,2025-12-19,4.0,kg,ZN_DRY,0.5,0.925,120.0,whole
B00086,SITE_KIT_01,ING_GARLIC,LOT-B00086,2025-11-19T07:00:00,2025-12-19,6.0,kg,ZN_DRY,0.5,1.0,180.0,whole
B00087,SITE_KIT_01,ING_CARROT,LOT-B00087,2025-11-19T07:00:00,2025-11-29,8.0,kg,ZN_COLD,0.5,1.0,45.0,whole
B00088,SITE_KIT_01,ING_CABBAGE,LOT-B00088,2025-11-19T07:00:00,2025-11-29,3.0,kg,ZN_COLD,0.5,0.909,25.0,whole
B00089,SITE_KIT_01,ING_BRINJAL,LOT-B00089,2025-11-19T07:00:00,2025-11-26,5.684,kg,ZN_COLD,0.5,0.91,40.0,whole
B00090,SITE_KIT_01,ING_OKRA,LOT-B00090,2025-11-19T07:00:00,2025-11-26,4.0,kg,ZN_COLD,0.5,0.935,55.0,whole
B00091,SITE_KIT_01,ING_PEAS,LOT-B00091,2025-11-19T07:00:00,2025-11-26,2.649,kg,ZN_COLD,0.5,0.992,90.0,whole
B00092,SITE_KIT_01,ING_MINT,LOT-B00092,2025-11-19T07:00:00,2025-11-22,0.704,kg,ZN_COLD,0.5,0.954,60.0,whole
B00093,SITE_KIT_01,ING_CURRYLEAF,LOT-B00093,2025-11-19T07:00:00,2025-11-22,0.5,kg,ZN_COLD,0.5,0.968,80.0,whole
B00094,SITE_KIT_01,ING_LEMON,LOT-B00094,2025-11-19T07:00:00,2025-11-25,4.0,kg,ZN_COLD,0.5,0.943,90.0,whole
B00095,SITE_KIT_01,ING_BEANS,LOT-B00095,2025-11-19T07:00:00,2025-11-26,2.652,kg,ZN_COLD,0.5,0.89,60.0,whole
B00096,SITE_KIT_01,ING_MUSHROOM,LOT-B00096,2025-11-19T07:00:00,2025-11-26,0.915,kg,ZN_COLD,0.5,1.0,220.0,whole
B00097,SITE_KIT_01,ING_CUCUMBER,LOT-B00097,2025-11-19T07:00:00,2025-11-26,3.751,kg,ZN_COLD,0.5,0.912,35.0,whole
B00098,SITE_KIT_01,ING_BANANA,LOT-B00098,2025-11-19T07:00:00,2025-11-25,7.951,kg,ZN_COLD,0.5,0.951,55.0,whole
B00099,SITE_KIT_01,ING_CHICKEN,LOT-B00099,2025-11-19T07:00:00,2025-11-22,13.0,kg,ZN_FREEZE,0.5,0.901,210.0,whole
B00100,SITE_KIT_01,ING_MUTTON,LOT-B00100,2025-11-19T07:00:00,2025-11-22,6.0,kg,ZN_FREEZE,0.5,0.873,720.0,whole
B00101,SITE_KIT_01,ING_FISH,LOT-B00101,2025-11-19T07:00:00,2025-11-22,6.0,kg,ZN_FREEZE,0.5,0.883,480.0,whole
B00102,SITE_KIT_01,ING_EGG,LOT-B00102,2025-11-19T07:00:00,2025-11-25,3.0,kg,ZN_COLD,0.5,1.0,140.0,whole
B00103,SITE_KIT_01,ING_PANEER,LOT-B00103,2025-11-19T07:00:00,2025-11-25,14.0,kg,ZN_COLD,0.5,0.877,380.0,whole
B00104,SITE_KIT_01,ING_CURD,LOT-B00104,2025-11-19T07:00:00,2025-11-25,9.0,kg,ZN_COLD,0.5,0.92,70.0,whole
B00105,SITE_KIT_01,ING_MILK,LOT-B00105,2025-11-19T07:00:00,2025-11-25,2.0,kg,ZN_COLD,0.5,0.895,58.0,whole
B00106,SITE_KIT_01,ING_CREAM,LOT-B00106,2025-11-19T07:00:00,2025-11-25,1.0,kg,ZN_COLD,0.5,0.823,220.0,whole
B00107,SITE_KIT_01,ING_BUTTER,LOT-B00107,2025-11-19T07:00:00,2025-11-25,3.0,kg,ZN_COLD,0.5,0.906,520.0,whole
B00108,SITE_KIT_01,ING_BATTER,LOT-B00108,2025-11-19T07:00:00,2025-11-21,21.0,kg,ZN_COLD,0.5,0.982,70.0,whole
B00109,SITE_KIT_01,ING_SPINACH,LOT-B00109,2025-11-20T07:00:00,2025-11-24,8.0,kg,ZN_COLD,0.5,0.986,30.0,whole
B00110,SITE_KIT_01,ING_CORIANDER,LOT-B00110,2025-11-20T07:00:00,2025-11-23,1.25,kg,ZN_COLD,0.5,0.838,60.0,whole
B00111,SITE_KIT_01,ING_MINT,LOT-B00111,2025-11-20T07:00:00,2025-11-23,0.75,kg,ZN_COLD,0.5,0.898,60.0,whole
B00112,SITE_KIT_01,ING_CURRYLEAF,LOT-B00112,2025-11-20T07:00:00,2025-11-23,0.75,kg,ZN_COLD,0.5,0.892,80.0,whole
B00113,SITE_KIT_01,ING_BATTER,LOT-B00113,2025-11-20T07:00:00,2025-11-22,15.0,kg,ZN_COLD,0.5,0.968,70.0,whole
B00114,SITE_KIT_01,ING_TOMATO,LOT-B00114,2025-11-21T07:00:00,2025-11-28,30.0,kg,ZN_COLD,0.5,0.949,32.0,whole
B00115,SITE_KIT_01,ING_CAULI,LOT-B00115,2025-11-21T07:00:00,2025-12-01,34.0,kg,ZN_COLD,0.5,1.0,40.0,whole
B00116,SITE_KIT_01,ING_SPINACH,LOT-B00116,2025-11-21T07:00:00,2025-11-25,14.0,kg,ZN_COLD,0.5,0.976,30.0,whole
B00117,SITE_KIT_01,ING_CORIANDER,LOT-B00117,2025-11-21T07:00:00,2025-11-24,1.25,kg,ZN_COLD,0.5,1.0,60.0,whole
B00118,SITE_KIT_01,ING_GCHILLI,LOT-B00118,2025-11-21T07:00:00,2025-11-28,2.0,kg,ZN_COLD,0.5,0.828,70.0,whole
B00119,SITE_KIT_01,ING_CARROT,LOT-B00119,2025-11-21T07:00:00,2025-12-01,9.0,kg,ZN_COLD,0.5,1.0,45.0,whole
B00120,SITE_KIT_01,ING_CAPSICUM,LOT-B00120,2025-11-21T07:00:00,2025-11-28,4.0,kg,ZN_COLD,0.5,0.995,80.0,whole
B00121,SITE_KIT_01,ING_CABBAGE,LOT-B00121,2025-11-21T07:00:00,2025-12-01,4.0,kg,ZN_COLD,0.5,0.976,25.0,whole
B00122,SITE_KIT_01,ING_BRINJAL,LOT-B00122,2025-11-21T07:00:00,2025-11-28,4.0,kg,ZN_COLD,0.5,0.828,40.0,whole
B00123,SITE_KIT_01,ING_OKRA,LOT-B00123,2025-11-21T07:00:00,2025-11-28,4.413,kg,ZN_COLD,0.5,0.962,55.0,whole
B00124,SITE_KIT_01,ING_PEAS,LOT-B00124,2025-11-21T07:00:00,2025-11-28,5.0,kg,ZN_COLD,0.5,0.965,90.0,whole
B00125,SITE_KIT_01,ING_MINT,LOT-B00125,2025-11-21T07:00:00,2025-11-24,0.448,kg,ZN_COLD,0.5,0.861,60.0,whole
B00126,SITE_KIT_01,ING_CURRYLEAF,LOT-B00126,2025-11-21T07:00:00,2025-11-24,0.5,kg,ZN_COLD,0.5,0.939,80.0,whole
B00127,SITE_KIT_01,ING_LEMON,LOT-B00127,2025-11-21T07:00:00,2025-11-27,4.0,kg,ZN_COLD,0.5,0.961,90.0,whole
B00128,SITE_KIT_01,ING_BEANS,LOT-B00128,2025-11-21T07:00:00,2025-11-28,5.0,kg,ZN_COLD,0.5,1.0,60.0,whole
B00129,SITE_KIT_01,ING_MUSHROOM,LOT-B00129,2025-11-21T07:00:00,2025-11-28,2.0,kg,ZN_COLD,0.5,1.0,220.0,whole
B00130,SITE_KIT_01,ING_CUCUMBER,LOT-B00130,2025-11-21T07:00:00,2025-11-28,6.0,kg,ZN_COLD,0.5,0.856,35.0,whole
B00131,SITE_KIT_01,ING_BANANA,LOT-B00131,2025-11-21T07:00:00,2025-11-27,8.49,kg,ZN_COLD,0.5,0.938,55.0,whole
B00132,SITE_KIT_01,ING_CHICKEN,LOT-B00132,2025-11-21T07:00:00,2025-11-24,17.0,kg,ZN_FREEZE,0.5,0.877,210.0,whole
B00133,SITE_KIT_01,ING_MUTTON,LOT-B00133,2025-11-21T07:00:00,2025-11-24,7.0,kg,ZN_FREEZE,0.5,0.948,720.0,whole
B00134,SITE_KIT_01,ING_FISH,LOT-B00134,2025-11-21T07:00:00,2025-11-24,7.0,kg,ZN_FREEZE,0.5,0.999,480.0,whole
B00135,SITE_KIT_01,ING_EGG,LOT-B00135,2025-11-21T07:00:00,2025-11-27,3.0,kg,ZN_COLD,0.5,1.0,140.0,whole
B00136,SITE_KIT_01,ING_PANEER,LOT-B00136,2025-11-21T07:00:00,2025-11-27,16.0,kg,ZN_COLD,0.5,0.919,380.0,whole
B00137,SITE_KIT_01,ING_CURD,LOT-B00137,2025-11-21T07:00:00,2025-11-27,13.0,kg,ZN_COLD,0.5,0.974,70.0,whole
B00138,SITE_KIT_01,ING_MILK,LOT-B00138,2025-11-21T07:00:00,2025-11-27,2.0,kg,ZN_COLD,0.5,0.948,58.0,whole
B00139,SITE_KIT_01,ING_CREAM,LOT-B00139,2025-11-21T07:00:00,2025-11-27,3.0,kg,ZN_COLD,0.5,0.944,220.0,whole
B00140,SITE_KIT_01,ING_BUTTER,LOT-B00140,2025-11-21T07:00:00,2025-11-27,4.0,kg,ZN_COLD,0.5,0.968,520.0,whole
B00141,SITE_KIT_01,ING_BATTER,LOT-B00141,2025-11-21T07:00:00,2025-11-23,13.0,kg,ZN_COLD,0.5,0.935,70.0,whole
B00142,SITE_KIT_01,ING_SPINACH,LOT-B00142,2025-11-22T07:00:00,2025-11-26,9.0,kg,ZN_COLD,0.5,0.994,30.0,whole
B00143,SITE_KIT_01,ING_CORIANDER,LOT-B00143,2025-11-22T07:00:00,2025-11-25,1.103,kg,ZN_COLD,0.5,0.918,60.0,whole
B00144,SITE_KIT_01,ING_MINT,LOT-B00144,2025-11-22T07:00:00,2025-11-25,0.75,kg,ZN_COLD,0.5,1.0,60.0,whole
B00145,SITE_KIT_01,ING_CURRYLEAF,LOT-B00145,2025-11-22T07:00:00,2025-11-25,0.5,kg,ZN_COLD,0.5,1.0,80.0,whole
B00146,SITE_KIT_01,ING_GHEE,LOT-B00146,2025-11-22T07:00:00,2026-05-21,15.0,kg,ZN_DRY,0.5,0.957,640.0,whole
B00147,SITE_KIT_01,ING_RICE,LOT-B00147,2025-11-22T07:00:00,2026-05-21,100.0,kg,ZN_DRY,0.5,0.998,120.0,whole
B00148,SITE_KIT_01,ING_ATTA,LOT-B00148,2025-11-22T07:00:00,2026-05-21,110.0,kg,ZN_DRY,0.5,1.0,48.0,whole
B00149,SITE_KIT_01,ING_BESAN,LOT-B00149,2025-11-22T07:00:00,2026-05-21,5.0,kg,ZN_DRY,0.5,1.0,90.0,whole
B00150,SITE_KIT_01,ING_OIL,LOT-B00150,2025-11-22T07:00:00,2026-05-21,15.0,kg,ZN_DRY,0.5,0.915,145.0,whole
B00151,SITE_KIT_01,ING_CASHEW,LOT-B00151,2025-11-22T07:00:00,2026-05-21,5.0,kg,ZN_DRY,0.5,0.937,850.0,whole
B00152,SITE_KIT_01,ING_COCONUT,LOT-B00152,2025-11-22T07:00:00,2026-05-21,10.0,kg,ZN_DRY,0.5,0.907,45.0,whole
B00153,SITE_KIT_01,ING_BATTER,LOT-B00153,2025-11-22T07:00:00,2025-11-24,14.0,kg,ZN_COLD,0.5,0.957,70.0,whole
B00154,SITE_KIT_01,ING_TOMATO,LOT-B00154,2025-11-23T07:00:00,2025-11-30,43.0,kg,ZN_COLD,0.5,0.923,32.0,whole
B00155,SITE_KIT_01,ING_ONION,LOT-B00155,2025-11-23T07:00:00,2025-12-23,108.0,kg,ZN_DRY,0.5,0.868,38.0,whole
B00156,SITE_KIT_01,ING_POTATO,LOT-B00156,2025-11-23T07:00:00,2025-12-23,46.0,kg,ZN_DRY,0.5,0.943,28.0,whole
B00157,SITE_KIT_01,ING_CAULI,LOT-B00157,2025-11-23T07:00:00,2025-12-03,56.0,kg,ZN_COLD,0.5,1.0,40.0,whole
B00158,SITE_KIT_01,ING_SPINACH,LOT-B00158,2025-11-23T07:00:00,2025-11-27,9.0,kg,ZN_COLD,0.5,1.0,30.0,whole
B00159,SITE_KIT_01,ING_CORIANDER,LOT-B00159,2025-11-23T07:00:00,2025-11-26,1.25,kg,ZN_COLD,0.5,0.863,60.0,whole
B00160,SITE_KIT_01,ING_GCHILLI,LOT-B00160,2025-11-23T07:00:00,2025-11-30,3.0,kg,ZN_COLD,0.5,0.88,70.0,whole
B00161,SITE_KIT_01,ING_GINGER,LOT-B00161,2025-11-23T07:00:00,2025-12-23,4.0,kg,ZN_DRY,0.5,0.968,120.0,whole
B00162,SITE_KIT_01,ING_GARLIC,LOT-B00162,2025-11-23T07:00:00,2025-12-23,4.0,kg,ZN_DRY,0.5,0.917,180.0,whole
B00163,SITE_KIT_01,ING_CARROT,LOT-B00163,2025-11-23T07:00:00,2025-12-03,11.451,kg,ZN_COLD,0.5,0.936,45.0,whole
B00164,SITE_KIT_01,ING_CAPSICUM,LOT-B00164,2025-11-23T07:00:00,2025-11-30,8.0,kg,ZN_COLD,0.5,0.949,80.0,whole
B00165,SITE_KIT_01,ING_CABBAGE,LOT-B00165,2025-11-23T07:00:00,2025-12-03,6.0,kg,ZN_COLD,0.5,0.982,25.0,whole
B00166,SITE_KIT_01,ING_BRINJAL,LOT-B00166,2025-11-23T07:00:00,2025-11-30,7.0,kg,ZN_COLD,0.5,0.906,40.0,whole
B00167,SITE_KIT_01,ING_OKRA,LOT-B00167,2025-11-23T07:00:00,2025-11-30,10.0,kg,ZN_COLD,0.5,1.0,55.0,whole
B00168,SITE_KIT_01,ING_PEAS,LOT-B00168,2025-11-23T07:00:00,2025-11-30,5.0,kg,ZN_COLD,0.5,1.0,90.0,whole
B00169,SITE_KIT_01,ING_MINT,LOT-B00169,2025-11-23T07:00:00,2025-11-26,1.0,kg,ZN_COLD,0.5,0.925,60.0,whole
B00170,SITE_KIT_01,ING_CURRYLEAF,LOT-B00170,2025-11-23T07:00:00,2025-11-26,0.5,kg,ZN_COLD,0.5,0.996,80.0,whole
B00171,SITE_KIT_01,ING_LEMON,LOT-B00171,2025-11-23T07:00:00,2025-11-29,4.0,kg,ZN_COLD,0.5,0.938,90.0,whole
B00172,SITE_KIT_01,ING_BEANS,LOT-B00172,2025-11-23T07:00:00,2025-11-30,8.0,kg,ZN_COLD,0.5,0.872,60.0,whole
B00173,SITE_KIT_01,ING_MUSHROOM,LOT-B00173,2025-11-23T07:00:00,2025-11-30,3.0,kg,ZN_COLD,0.5,0.919,220.0,whole
B00174,SITE_KIT_01,ING_CUCUMBER,LOT-B00174,2025-11-23T07:00:00,2025-11-30,9.0,kg,ZN_COLD,0.5,1.0,35.0,whole
B00175,SITE_KIT_01,ING_BANANA,LOT-B00175,2025-11-23T07:00:00,2025-11-29,13.0,kg,ZN_COLD,0.5,0.95,55.0,whole
B00176,SITE_KIT_01,ING_CHICKEN,LOT-B00176,2025-11-23T07:00:00,2025-11-26,28.0,kg,ZN_FREEZE,0.5,0.975,210.0,whole
B00177,SITE_KIT_01,ING_MUTTON,LOT-B00177,2025-11-23T07:00:00,2025-11-26,23.0,kg,ZN_FREEZE,0.5,0.943,720.0,whole
B00178,SITE_KIT_01,ING_FISH,LOT-B00178,2025-11-23T07:00:00,2025-11-26,12.0,kg,ZN_FREEZE,0.5,0.982,480.0,whole
B00179,SITE_KIT_01,ING_EGG,LOT-B00179,2025-11-23T07:00:00,2025-11-29,6.0,kg,ZN_COLD,0.5,0.884,140.0,whole
B00180,SITE_KIT_01,ING_PANEER,LOT-B00180,2025-11-23T07:00:00,2025-11-29,41.0,kg,ZN_COLD,0.5,0.885,380.0,whole
B00181,SITE_KIT_01,ING_CURD,LOT-B00181,2025-11-23T07:00:00,2025-11-29,24.0,kg,ZN_COLD,0.5,1.0,70.0,whole
B00182,SITE_KIT_01,ING_MILK,LOT-B00182,2025-11-23T07:00:00,2025-11-29,5.0,kg,ZN_COLD,0.5,0.887,58.0,whole
B00183,SITE_KIT_01,ING_CREAM,LOT-B00183,2025-11-23T07:00:00,2025-11-29,5.0,kg,ZN_COLD,0.5,1.0,220.0,whole
B00184,SITE_KIT_01,ING_BUTTER,LOT-B00184,2025-11-23T07:00:00,2025-11-29,7.0,kg,ZN_COLD,0.5,0.95,520.0,whole
B00185,SITE_KIT_01,ING_BATTER,LOT-B00185,2025-11-23T07:00:00,2025-11-25,14.0,kg,ZN_COLD,0.5,0.868,70.0,whole
B00186,SITE_KIT_01,ING_SPINACH,LOT-B00186,2025-11-24T07:00:00,2025-11-28,7.867,kg,ZN_COLD,0.5,0.967,30.0,whole
B00187,SITE_KIT_01,ING_CORIANDER,LOT-B00187,2025-11-24T07:00:00,2025-11-27,1.386,kg,ZN_COLD,0.5,0.929,60.0,whole
B00188,SITE_KIT_01,ING_MINT,LOT-B00188,2025-11-24T07:00:00,2025-11-27,0.75,kg,ZN_COLD,0.5,0.984,60.0,whole
B00189,SITE_KIT_01,ING_CURRYLEAF,LOT-B00189,2025-11-24T07:00:00,2025-11-27,0.5,kg,ZN_COLD,0.5,0.953,80.0,whole
B00190,SITE_KIT_01,ING_BATTER,LOT-B00190,2025-11-24T07:00:00,2025-11-26,12.0,kg,ZN_COLD,0.5,0.862,70.0,whole
B00191,SITE_KIT_01,ING_TOMATO,LOT-B00191,2025-11-25T07:00:00,2025-12-02,38.188,kg,ZN_COLD,0.5,0.986,32.0,whole
B00192,SITE_KIT_01,ING_CAULI,LOT-B00192,2025-11-25T07:00:00,2025-12-05,45.0,kg,ZN_COLD,0.5,0.947,40.0,whole
B00193,SITE_KIT_01,ING_SPINACH,LOT-B00193,2025-11-25T07:00:00,2025-11-29,6.988,kg,ZN_COLD,0.5,0.949,30.0,whole
B00194,SITE_KIT_01,ING_CORIANDER,LOT-B00194,2025-11-25T07:00:00,2025-11-28,1.25,kg,ZN_COLD,0.5,0.938,60.0,whole
B00195,SITE_KIT_01,ING_GCHILLI,LOT-B00195,2025-11-25T07:00:00,2025-12-02,2.0,kg,ZN_COLD,0.5,0.991,70.0,whole
B00196,SITE_KIT_01,ING_CARROT,LOT-B00196,2025-11-25T07:00:00,2025-12-05,11.0,kg,ZN_COLD,0.5,0.877,45.0,whole
B00197,SITE_KIT_01,ING_CAPSICUM,LOT-B00197,2025-11-25T07:00:00,2025-12-02,7.0,kg,ZN_COLD,0.5,0.961,80.0,whole
B00198,SITE_KIT_01,ING_CABBAGE,LOT-B00198,2025-11-25T07:00:00,2025-12-05,4.0,kg,ZN_COLD,0.5,0.895,25.0,whole
B00199,SITE_KIT_01,ING_BRINJAL,LOT-B00199,2025-11-25T07:00:00,2025-12-02,6.38,kg,ZN_COLD,0.5,0.938,40.0,whole
B00200,SITE_KIT_01,ING_OKRA,LOT-B00200,2025-11-25T07:00:00,2025-12-02,7.0,kg,ZN_COLD,0.5,0.872,55.0,whole
B00201,SITE_KIT_01,ING_PEAS,LOT-B00201,2025-11-25T07:00:00,2025-12-02,5.0,kg,ZN_COLD,0.5,0.909,90.0,whole
B00202,SITE_KIT_01,ING_MINT,LOT-B00202,2025-11-25T07:00:00,2025-11-28,0.75,kg,ZN_COLD,0.5,0.934,60.0,whole
B00203,SITE_KIT_01,ING_CURRYLEAF,LOT-B00203,2025-11-25T07:00:00,2025-11-28,0.5,kg,ZN_COLD,0.5,0.871,80.0,whole
B00204,SITE_KIT_01,ING_LEMON,LOT-B00204,2025-11-25T07:00:00,2025-12-01,4.0,kg,ZN_COLD,0.5,1.0,90.0,whole
B00205,SITE_KIT_01,ING_BEANS,LOT-B00205,2025-11-25T07:00:00,2025-12-02,6.32,kg,ZN_COLD,0.5,0.995,60.0,whole
B00206,SITE_KIT_01,ING_MUSHROOM,LOT-B00206,2025-11-25T07:00:00,2025-12-02,2.0,kg,ZN_COLD,0.5,0.934,220.0,whole
B00207,SITE_KIT_01,ING_CUCUMBER,LOT-B00207,2025-11-25T07:00:00,2025-12-02,7.0,kg,ZN_COLD,0.5,0.913,35.0,whole
B00208,SITE_KIT_01,ING_BANANA,LOT-B00208,2025-11-25T07:00:00,2025-12-01,9.0,kg,ZN_COLD,0.5,0.869,55.0,whole
B00209,SITE_KIT_01,ING_CHICKEN,LOT-B00209,2025-11-25T07:00:00,2025-11-28,22.0,kg,ZN_FREEZE,0.5,0.981,210.0,whole
B00210,SITE_KIT_01,ING_MUTTON,LOT-B00210,2025-11-25T07:00:00,2025-11-28,4.0,kg,ZN_FREEZE,0.5,0.857,720.0,whole
B00211,SITE_KIT_01,ING_FISH,LOT-B00211,2025-11-25T07:00:00,2025-11-28,10.0,kg,ZN_FREEZE,0.5,0.858,480.0,whole
B00212,SITE_KIT_01,ING_EGG,LOT-B00212,2025-11-25T07:00:00,2025-12-01,5.0,kg,ZN_COLD,0.5,0.953,140.0,whole
B00213,SITE_KIT_01,ING_PANEER,LOT-B00213,2025-11-25T07:00:00,2025-12-01,11.0,kg,ZN_COLD,0.5,0.915,380.0,whole
B00214,SITE_KIT_01,ING_CURD,LOT-B00214,2025-11-25T07:00:00,2025-12-01,16.0,kg,ZN_COLD,0.5,0.929,70.0,whole
B00215,SITE_KIT_01,ING_MILK,LOT-B00215,2025-11-25T07:00:00,2025-12-01,3.0,kg,ZN_COLD,0.5,0.94,58.0,whole
B00216,SITE_KIT_01,ING_CREAM,LOT-B00216,2025-11-25T07:00:00,2025-12-01,5.0,kg,ZN_COLD,0.5,0.93,220.0,whole
B00217,SITE_KIT_01,ING_BUTTER,LOT-B00217,2025-11-25T07:00:00,2025-12-01,4.0,kg,ZN_COLD,0.5,0.979,520.0,whole
B00218,SITE_KIT_01,ING_BATTER,LOT-B00218,2025-11-25T07:00:00,2025-11-27,13.0,kg,ZN_COLD,0.5,0.982,70.0,whole
B00219,SITE_KIT_01,ING_SPINACH,LOT-B00219,2025-11-26T07:00:00,2025-11-30,8.0,kg,ZN_COLD,0.5,0.95,30.0,whole
B00220,SITE_KIT_01,ING_CORIANDER,LOT-B00220,2025-11-26T07:00:00,2025-11-29,1.25,kg,ZN_COLD,0.5,0.965,60.0,whole
B00221,SITE_KIT_01,ING_MINT,LOT-B00221,2025-11-26T07:00:00,2025-11-29,0.75,kg,ZN_COLD,0.5,0.937,60.0,whole
B00222,SITE_KIT_01,ING_CURRYLEAF,LOT-B00222,2025-11-26T07:00:00,2025-11-29,0.5,kg,ZN_COLD,0.5,0.908,80.0,whole
B00223,SITE_KIT_01,ING_BATTER,LOT-B00223,2025-11-26T07:00:00,2025-11-28,21.0,kg,ZN_COLD,0.5,0.909,70.0,whole
B00224,SITE_KIT_01,ING_TOMATO,LOT-B00224,2025-11-27T07:00:00,2025-12-04,35.0,kg,ZN_COLD,0.5,1.0,32.0,whole
B00225,SITE_KIT_01,ING_ONION,LOT-B00225,2025-11-27T07:00:00,2025-12-27,92.914,kg,ZN_DRY,0.5,0.991,38.0,whole
B00226,SITE_KIT_01,ING_POTATO,LOT-B00226,2025-11-27T07:00:00,2025-12-27,50.0,kg,ZN_DRY,0.5,1.0,28.0,whole
B00227,SITE_KIT_01,ING_CAULI,LOT-B00227,2025-11-27T07:00:00,2025-12-07,42.0,kg,ZN_COLD,0.5,0.983,40.0,whole
B00228,SITE_KIT_01,ING_SPINACH,LOT-B00228,2025-11-27T07:00:00,2025-12-01,8.0,kg,ZN_COLD,0.5,0.867,30.0,whole
B00229,SITE_KIT_01,ING_CORIANDER,LOT-B00229,2025-11-27T07:00:00,2025-11-30,1.25,kg,ZN_COLD,0.5,0.973,60.0,whole
B00230,SITE_KIT_01,ING_GCHILLI,LOT-B00230,2025-11-27T07:00:00,2025-12-04,2.0,kg,ZN_COLD,0.5,1.0,70.0,whole
B00231,SITE_KIT_01,ING_GINGER,LOT-B00231,2025-11-27T07:00:00,2025-12-27,2.0,kg,ZN_DRY,0.5,0.968,120.0,whole
B00232,SITE_KIT_01,ING_GARLIC,LOT-B00232,2025-11-27T07:00:00,2025-12-27,6.0,kg,ZN_DRY,0.5,1.0,180.0,whole
B00233,SITE_KIT_01,ING_CARROT,LOT-B00233,2025-11-27T07:00:00,2025-12-07,11.0,kg,ZN_COLD,0.5,0.936,45.0,whole
B00234,SITE_KIT_01,ING_CAPSICUM,LOT-B00234,2025-11-27T07:00:00,2025-12-04,5.0,kg,ZN_COLD,0.5,1.0,80.0,whole
B00235,SITE_KIT_01,ING_CABBAGE,LOT-B00235,2025-11-27T07:00:00,2025-12-07,4.0,kg,ZN_COLD,0.5,0.983,25.0,whole
B00236,SITE_KIT_01,ING_BRINJAL,LOT-B00236,2025-11-27T07:00:00,2025-12-04,6.0,kg,ZN_COLD,0.5,0.912,40.0,whole
B00237,SITE_KIT_01,ING_OKRA,LOT-B00237,2025-11-27T07:00:00,2025-12-04,7.0,kg,ZN_COLD,0.5,0.925,55.0,whole
B00238,SITE_KIT_01,ING_PEAS,LOT-B00238,2025-11-27T07:00:00,2025-12-04,4.756,kg,ZN_COLD,0.5,0.999,90.0,whole
B00239,SITE_KIT_01,ING_MINT,LOT-B00239,2025-11-27T07:00:00,2025-11-30,0.75,kg,ZN_COLD,0.5,0.941,60.0,whole
B00240,SITE_KIT_01,ING_CURRYLEAF,LOT-B00240,2025-11-27T07:00:00,2025-11-30,0.454,kg,ZN_COLD,0.5,0.852,80.0,whole
B00241,SITE_KIT_01,ING_LEMON,LOT-B00241,2025-11-27T07:00:00,2025-12-03,4.0,kg,ZN_COLD,0.5,0.911,90.0,whole
B00242,SITE_KIT_01,ING_BEANS,LOT-B00242,2025-11-27T07:00:00,2025-12-04,7.0,kg,ZN_COLD,0.5,0.898,60.0,whole
B00243,SITE_KIT_01,ING_MUSHROOM,LOT-B00243,2025-11-27T07:00:00,2025-12-04,2.0,kg,ZN_COLD,0.5,0.899,220.0,whole
B00244,SITE_KIT_01,ING_CUCUMBER,LOT-B00244,2025-11-27T07:00:00,2025-12-04,7.0,kg,ZN_COLD,0.5,0.891,35.0,whole
B00245,SITE_KIT_01,ING_BANANA,LOT-B00245,2025-11-27T07:00:00,2025-12-03,8.0,kg,ZN_COLD,0.5,0.978,55.0,whole
B00246,SITE_KIT_01,ING_CHICKEN,LOT-B00246,2025-11-27T07:00:00,2025-11-30,22.0,kg,ZN_FREEZE,0.5,0.938,210.0,whole
B00247,SITE_KIT_01,ING_MUTTON,LOT-B00247,2025-11-27T07:00:00,2025-11-30,13.0,kg,ZN_FREEZE,0.5,0.886,720.0,whole
B00248,SITE_KIT_01,ING_FISH,LOT-B00248,2025-11-27T07:00:00,2025-11-30,13.0,kg,ZN_FREEZE,0.5,0.886,480.0,whole
B00249,SITE_KIT_01,ING_EGG,LOT-B00249,2025-11-27T07:00:00,2025-12-03,4.0,kg,ZN_COLD,0.5,0.985,140.0,whole
B00250,SITE_KIT_01,ING_PANEER,LOT-B00250,2025-11-27T07:00:00,2025-12-03,18.0,kg,ZN_COLD,0.5,0.927,380.0,whole
B00251,SITE_KIT_01,ING_CURD,LOT-B00251,2025-11-27T07:00:00,2025-12-03,16.0,kg,ZN_COLD,0.5,0.91,70.0,whole
B00252,SITE_KIT_01,ING_MILK,LOT-B00252,2025-11-27T07:00:00,2025-12-03,3.0,kg,ZN_COLD,0.5,0.919,58.0,whole
B00253,SITE_KIT_01,ING_CREAM,LOT-B00253,2025-11-27T07:00:00,2025-12-03,4.0,kg,ZN_COLD,0.5,0.848,220.0,whole
B00254,SITE_KIT_01,ING_BUTTER,LOT-B00254,2025-11-27T07:00:00,2025-12-03,4.0,kg,ZN_COLD,0.5,0.937,520.0,whole
B00255,SITE_KIT_01,ING_BATTER,LOT-B00255,2025-11-27T07:00:00,2025-11-29,13.0,kg,ZN_COLD,0.5,0.894,70.0,whole
B00256,SITE_KIT_01,ING_SPINACH,LOT-B00256,2025-11-28T07:00:00,2025-12-02,14.0,kg,ZN_COLD,0.5,0.943,30.0,whole
B00257,SITE_KIT_01,ING_CORIANDER,LOT-B00257,2025-11-28T07:00:00,2025-12-01,1.25,kg,ZN_COLD,0.5,0.948,60.0,whole
B00258,SITE_KIT_01,ING_MINT,LOT-B00258,2025-11-28T07:00:00,2025-12-01,0.75,kg,ZN_COLD,0.5,0.917,60.0,whole
B00259,SITE_KIT_01,ING_CURRYLEAF,LOT-B00259,2025-11-28T07:00:00,2025-12-01,0.5,kg,ZN_COLD,0.5,0.933,80.0,whole
B00260,SITE_KIT_01,ING_BATTER,LOT-B00260,2025-11-28T07:00:00,2025-11-30,14.0,kg,ZN_COLD,0.5,0.925,70.0,whole
B00261,SITE_KIT_01,ING_TOMATO,LOT-B00261,2025-11-29T07:00:00,2025-12-06,42.0,kg,ZN_COLD,0.5,0.923,32.0,whole
B00262,SITE_KIT_01,ING_CAULI,LOT-B00262,2025-11-29T07:00:00,2025-12-09,36.67,kg,ZN_COLD,0.5,0.889,40.0,whole
B00263,SITE_KIT_01,ING_SPINACH,LOT-B00263,2025-11-29T07:00:00,2025-12-03,8.0,kg,ZN_COLD,0.5,0.991,30.0,whole
B00264,SITE_KIT_01,ING_CORIANDER,LOT-B00264,2025-11-29T07:00:00,2025-12-02,1.25,kg,ZN_COLD,0.5,0.98,60.0,whole
B00265,SITE_KIT_01,ING_GCHILLI,LOT-B00265,2025-11-29T07:00:00,2025-12-06,3.0,kg,ZN_COLD,0.5,0.853,70.0,whole
B00266,SITE_KIT_01,ING_CARROT,LOT-B00266,2025-11-29T07:00:00,2025-12-09,10.214,kg,ZN_COLD,0.5,0.906,45.0,whole
B00267,SITE_KIT_01,ING_CAPSICUM,LOT-B00267,2025-11-29T07:00:00,2025-12-06,7.0,kg,ZN_COLD,0.5,0.934,80.0,whole
B00268,SITE_KIT_01,ING_CABBAGE,LOT-B00268,2025-11-29T07:00:00,2025-12-09,5.0,kg,ZN_COLD,0.5,0.942,25.0,whole
B00269,SITE_KIT_01,ING_BRINJAL,LOT-B00269,2025-11-29T07:00:00,2025-12-06,8.0,kg,ZN_COLD,0.5,0.991,40.0,whole
B00270,SITE_KIT_01,ING_OKRA,LOT-B00270,2025-11-29T07:00:00,2025-12-06,7.0,kg,ZN_COLD,0.5,0.939,55.0,whole
B00271,SITE_KIT_01,ING_PEAS,LOT-B00271,2025-11-29T07:00:00,2025-12-06,4.624,kg,ZN_COLD,0.5,0.924,90.0,whole
B00272,SITE_KIT_01,ING_MINT,LOT-B00272,2025-11-29T07:00:00,2025-12-02,0.714,kg,ZN_COLD,0.5,0.954,60.0,whole
B00273,SITE_KIT_01,ING_CURRYLEAF,LOT-B00273,2025-11-29T07:00:00,2025-12-02,0.5,kg,ZN_COLD,0.5,0.935,80.0,whole
B00274,SITE_KIT_01,ING_LEMON,LOT-B00274,2025-11-29T07:00:00,2025-12-05,4.0,kg,ZN_COLD,0.5,0.946,90.0,whole
B00275,SITE_KIT_01,ING_BEANS,LOT-B00275,2025-11-29T07:00:00,2025-12-06,6.0,kg,ZN_COLD,0.5,0.866,60.0,whole
B00276,SITE_KIT_01,ING_MUSHROOM,LOT-B00276,2025-11-29T07:00:00,2025-12-06,1.811,kg,ZN_COLD,0.5,0.954,220.0,whole
B00277,SITE_KIT_01,ING_CUCUMBER,LOT-B00277,2025-11-29T07:00:00,2025-12-06,7.0,kg,ZN_COLD,0.5,0.933,35.0,whole
B00278,SITE_KIT_01,ING_BANANA,LOT-B00278,2025-11-29T07:00:00,2025-12-05,7.555,kg,ZN_COLD,0.5,1.0,55.0,whole
B00279,SITE_KIT_01,ING_CHICKEN,LOT-B00279,2025-11-29T07:00:00,2025-12-02,23.0,kg,ZN_FREEZE,0.5,0.952,210.0,whole
B00280,SITE_KIT_01,ING_MUTTON,LOT-B00280,2025-11-29T07:00:00,2025-12-02,7.0,kg,ZN_FREEZE,0.5,0.922,720.0,whole
B00281,SITE_KIT_01,ING_FISH,LOT-B00281,2025-11-29T07:00:00,2025-12-02,6.0,kg,ZN_FREEZE,0.5,0.934,480.0,whole
B00282,SITE_KIT_01,ING_EGG,LOT-B00282,2025-11-29T07:00:00,2025-12-05,4.0,kg,ZN_COLD,0.5,0.909,140.0,whole
B00283,SITE_KIT_01,ING_PANEER,LOT-B00283,2025-11-29T07:00:00,2025-12-05,21.0,kg,ZN_COLD,0.5,0.909,380.0,whole
B00284,SITE_KIT_01,ING_CURD,LOT-B00284,2025-11-29T07:00:00,2025-12-05,19.0,kg,ZN_COLD,0.5,1.0,70.0,whole
B00285,SITE_KIT_01,ING_MILK,LOT-B00285,2025-11-29T07:00:00,2025-12-05,4.0,kg,ZN_COLD,0.5,0.934,58.0,whole
B00286,SITE_KIT_01,ING_CREAM,LOT-B00286,2025-11-29T07:00:00,2025-12-05,4.0,kg,ZN_COLD,0.5,0.96,220.0,whole
B00287,SITE_KIT_01,ING_BUTTER,LOT-B00287,2025-11-29T07:00:00,2025-12-05,8.0,kg,ZN_COLD,0.5,0.908,520.0,whole
B00288,SITE_KIT_01,ING_GHEE,LOT-B00288,2025-11-29T07:00:00,2026-05-28,20.0,kg,ZN_DRY,0.5,0.925,640.0,whole
B00289,SITE_KIT_01,ING_RICE,LOT-B00289,2025-11-29T07:00:00,2026-05-28,145.0,kg,ZN_DRY,0.5,0.933,120.0,whole
B00290,SITE_KIT_01,ING_ATTA,LOT-B00290,2025-11-29T07:00:00,2026-05-28,125.0,kg,ZN_DRY,0.5,0.83,48.0,whole
B00291,SITE_KIT_01,ING_BESAN,LOT-B00291,2025-11-29T07:00:00,2026-05-28,5.0,kg,ZN_DRY,0.5,1.0,90.0,whole
B00292,SITE_KIT_01,ING_OIL,LOT-B00292,2025-11-29T07:00:00,2026-05-28,20.0,kg,ZN_DRY,0.5,0.944,145.0,whole
B00293,SITE_KIT_01,ING_CASHEW,LOT-B00293,2025-11-29T07:00:00,2026-05-28,5.0,kg,ZN_DRY,0.5,0.959,850.0,whole
B00294,SITE_KIT_01,ING_COCONUT,LOT-B00294,2025-11-29T07:00:00,2026-05-28,5.0,kg,ZN_DRY,0.5,0.898,45.0,whole
B00295,SITE_KIT_01,ING_TOORDAL,LOT-B00295,2025-11-29T07:00:00,2026-05-28,25.0,kg,ZN_DRY,0.5,0.952,165.0,whole
B00296,SITE_KIT_01,ING_BATTER,LOT-B00296,2025-11-29T07:00:00,2025-12-01,14.0,kg,ZN_COLD,0.5,0.968,70.0,whole
B00297,SITE_KIT_01,ING_SPINACH,LOT-B00297,2025-11-30T07:00:00,2025-12-04,8.0,kg,ZN_COLD,0.5,0.968,30.0,whole
B00298,SITE_KIT_01,ING_CORIANDER,LOT-B00298,2025-11-30T07:00:00,2025-12-03,1.25,kg,ZN_COLD,0.5,0.855,60.0,whole
B00299,SITE_KIT_01,ING_MINT,LOT-B00299,2025-11-30T07:00:00,2025-12-03,0.694,kg,ZN_COLD,0.5,0.969,60.0,whole
B00300,SITE_KIT_01,ING_CURRYLEAF,LOT-B00300,2025-11-30T07:00:00,2025-12-03,0.5,kg,ZN_COLD,0.5,0.947,80.0,whole
B00301,SITE_KIT_01,ING_BATTER,LOT-B00301,2025-11-30T07:00:00,2025-12-02,15.0,kg,ZN_COLD,0.5,0.953,70.0,whole
B00302,SITE_KIT_01,ING_TOMATO,LOT-B00302,2025-12-01T07:00:00,2025-12-08,50.0,kg,ZN_COLD,0.5,1.0,32.0,whole
B00303,SITE_KIT_01,ING_ONION,LOT-B00303,2025-12-01T07:00:00,2025-12-31,120.0,kg,ZN_DRY,0.5,0.965,38.0,whole
B00304,SITE_KIT_01,ING_POTATO,LOT-B00304,2025-12-01T07:00:00,2025-12-31,58.0,kg,ZN_DRY,0.5,0.984,28.0,whole
B00305,SITE_KIT_01,ING_CAULI,LOT-B00305,2025-12-01T07:00:00,2025-12-11,59.0,kg,ZN_COLD,0.5,0.918,40.0,whole
B00306,SITE_KIT_01,ING_SPINACH,LOT-B00306,2025-12-01T07:00:00,2025-12-05,7.0,kg,ZN_COLD,0.5,0.919,30.0,whole
B00307,SITE_KIT_01,ING_CORIANDER,LOT-B00307,2025-12-01T07:00:00,2025-12-04,1.75,kg,ZN_COLD,0.5,0.934,60.0,whole
B00308,SITE_KIT_01,ING_GCHILLI,LOT-B00308,2025-12-01T07:00:00,2025-12-08,3.0,kg,ZN_COLD,0.5,0.899,70.0,whole
B00309,SITE_KIT_01,ING_GINGER,LOT-B00309,2025-12-01T07:00:00,2025-12-31,3.818,kg,ZN_DRY,0.5,0.877,120.0,whole
B00310,SITE_KIT_01,ING_GARLIC,LOT-B00310,2025-12-01T07:00:00,2025-12-31,5.46,kg,ZN_DRY,0.5,0.98,180.0,whole
B00311,SITE_KIT_01,ING_CARROT,LOT-B00311,2025-12-01T07:00:00,2025-12-11,13.0,kg,ZN_COLD,0.5,0.897,45.0,whole
B00312,SITE_KIT_01,ING_CAPSICUM,LOT-B00312,2025-12-01T07:00:00,2025-12-08,8.0,kg,ZN_COLD,0.5,1.0,80.0,whole
B00313,SITE_KIT_01,ING_CABBAGE,LOT-B00313,2025-12-01T07:00:00,2025-12-11,6.0,kg,ZN_COLD,0.5,0.95,25.0,whole
B00314,SITE_KIT_01,ING_BRINJAL,LOT-B00314,2025-12-01T07:00:00,2025-12-08,8.0,kg,ZN_COLD,0.5,0.969,40.0,whole
B00315,SITE_KIT_01,ING_OKRA,LOT-B00315,2025-12-01T07:00:00,2025-12-08,10.0,kg,ZN_COLD,0.5,0.927,55.0,whole
B00316,SITE_KIT_01,ING_PEAS,LOT-B00316,2025-12-01T07:00:00,2025-12-08,7.0,kg,ZN_COLD,0.5,0.908,90.0,whole
B00317,SITE_KIT_01,ING_MINT,LOT-B00317,2025-12-01T07:00:00,2025-12-04,0.75,kg,ZN_COLD,0.5,0.947,60.0,whole
B00318,SITE_KIT_01,ING_CURRYLEAF,LOT-B00318,2025-12-01T07:00:00,2025-12-04,0.5,kg,ZN_COLD,0.5,0.982,80.0,whole
B00319,SITE_KIT_01,ING_LEMON,LOT-B00319,2025-12-01T07:00:00,2025-12-07,4.0,kg,ZN_COLD,0.5,0.881,90.0,whole
B00320,SITE_KIT_01,ING_BEANS,LOT-B00320,2025-12-01T07:00:00,2025-12-08,8.359,kg,ZN_COLD,0.5,0.998,60.0,whole
B00321,SITE_KIT_01,ING_MUSHROOM,LOT-B00321,2025-12-01T07:00:00,2025-12-08,3.0,kg,ZN_COLD,0.5,0.942,220.0,whole
B00322,SITE_KIT_01,ING_CUCUMBER,LOT-B00322,2025-12-01T07:00:00,2025-12-08,8.836,kg,ZN_COLD,0.5,0.977,35.0,whole
B00323,SITE_KIT_01,ING_BANANA,LOT-B00323,2025-12-01T07:00:00,2025-12-07,8.0,kg,ZN_COLD,0.5,0.897,55.0,whole
B00324,SITE_KIT_01,ING_CHICKEN,LOT-B00324,2025-12-01T07:00:00,2025-12-04,26.0,kg,ZN_FREEZE,0.5,0.931,210.0,whole
B00325,SITE_KIT_01,ING_MUTTON,LOT-B00325,2025-12-01T07:00:00,2025-12-04,13.0,kg,ZN_FREEZE,0.5,0.923,720.0,whole
B00326,SITE_KIT_01,ING_FISH,LOT-B00326,2025-12-01T07:00:00,2025-12-04,11.0,kg,ZN_FREEZE,0.5,0.927,480.0,whole
B00327,SITE_KIT_01,ING_EGG,LOT-B00327,2025-12-01T07:00:00,2025-12-07,6.0,kg,ZN_COLD,0.5,0.997,140.0,whole
B00328,SITE_KIT_01,ING_PANEER,LOT-B00328,2025-12-01T07:00:00,2025-12-07,26.0,kg,ZN_COLD,0.5,0.99,380.0,whole
B00329,SITE_KIT_01,ING_CURD,LOT-B00329,2025-12-01T07:00:00,2025-12-07,24.0,kg,ZN_COLD,0.5,0.881,70.0,whole
B00330,SITE_KIT_01,ING_MILK,LOT-B00330,2025-12-01T07:00:00,2025-12-07,4.0,kg,ZN_COLD,0.5,1.0,58.0,whole
B00331,SITE_KIT_01,ING_CREAM,LOT-B00331,2025-12-01T07:00:00,2025-12-07,6.0,kg,ZN_COLD,0.5,0.92,220.0,whole
B00332,SITE_KIT_01,ING_BUTTER,LOT-B00332,2025-12-01T07:00:00,2025-12-07,4.0,kg,ZN_COLD,0.5,1.0,520.0,whole
B00333,SITE_KIT_01,ING_BATTER,LOT-B00333,2025-12-01T07:00:00,2025-12-03,16.0,kg,ZN_COLD,0.5,0.929,70.0,whole
B00334,SITE_KIT_01,ING_SPINACH,LOT-B00334,2025-12-02T07:00:00,2025-12-06,9.0,kg,ZN_COLD,0.5,0.935,30.0,whole
B00335,SITE_KIT_01,ING_CORIANDER,LOT-B00335,2025-12-02T07:00:00,2025-12-05,1.5,kg,ZN_COLD,0.5,1.0,60.0,whole
B00336,SITE_KIT_01,ING_MINT,LOT-B00336,2025-12-02T07:00:00,2025-12-05,0.75,kg,ZN_COLD,0.5,1.0,60.0,whole
B00337,SITE_KIT_01,ING_CURRYLEAF,LOT-B00337,2025-12-02T07:00:00,2025-12-05,0.5,kg,ZN_COLD,0.5,0.923,80.0,whole
B00338,SITE_KIT_01,ING_BATTER,LOT-B00338,2025-12-02T07:00:00,2025-12-04,14.0,kg,ZN_COLD,0.5,0.995,70.0,whole
B00339,SITE_KIT_01,ING_TOMATO,LOT-B00339,2025-12-03T07:00:00,2025-12-10,33.0,kg,ZN_COLD,0.5,0.971,32.0,whole
B00340,SITE_KIT_01,ING_CAULI,LOT-B00340,2025-12-03T07:00:00,2025-12-13,41.0,kg,ZN_COLD,0.5,0.899,40.0,whole
B00341,SITE_KIT_01,ING_SPINACH,LOT-B00341,2025-12-03T07:00:00,2025-12-07,8.0,kg,ZN_COLD,0.5,0.993,30.0,whole
B00342,SITE_KIT_01,ING_CORIANDER,LOT-B00342,2025-12-03T07:00:00,2025-12-06,1.25,kg,ZN_COLD,0.5,0.98,60.0,whole
B00343,SITE_KIT_01,ING_GCHILLI,LOT-B00343,2025-12-03T07:00:00,2025-12-10,3.0,kg,ZN_COLD,0.5,0.949,70.0,whole
B00344,SITE_KIT_01,ING_CARROT,LOT-B00344,2025-12-03T07:00:00,2025-12-13,10.0,kg,ZN_COLD,0.5,0.837,45.0,whole
B00345,SITE_KIT_01,ING_CAPSICUM,LOT-B00345,2025-12-03T07:00:00,2025-12-10,6.0,kg,ZN_COLD,0.5,0.891,80.0,whole
B00346,SITE_KIT_01,ING_CABBAGE,LOT-B00346,2025-12-03T07:00:00,2025-12-13,5.0,kg,ZN_COLD,0.5,0.99,25.0,whole
B00347,SITE_KIT_01,ING_BRINJAL,LOT-B00347,2025-12-03T07:00:00,2025-12-10,6.282,kg,ZN_COLD,0.5,0.934,40.0,whole
B00348,SITE_KIT_01,ING_OKRA,LOT-B00348,2025-12-03T07:00:00,2025-12-10,8.0,kg,ZN_COLD,0.5,0.902,55.0,whole
B00349,SITE_KIT_01,ING_PEAS,LOT-B00349,2025-12-03T07:00:00,2025-12-10,5.0,kg,ZN_COLD,0.5,0.937,90.0,whole
B00350,SITE_KIT_01,ING_MINT,LOT-B00350,2025-12-03T07:00:00,2025-12-06,0.75,kg,ZN_COLD,0.5,0.963,60.0,whole
B00351,SITE_KIT_01,ING_CURRYLEAF,LOT-B00351,2025-12-03T07:00:00,2025-12-06,0.5,kg,ZN_COLD,0.5,0.981,80.0,whole
B00352,SITE_KIT_01,ING_LEMON,LOT-B00352,2025-12-03T07:00:00,2025-12-09,4.0,kg,ZN_COLD,0.5,0.923,90.0,whole
B00353,SITE_KIT_01,ING_BEANS,LOT-B00353,2025-12-03T07:00:00,2025-12-10,7.0,kg,ZN_COLD,0.5,0.891,60.0,whole
B00354,SITE_KIT_01,ING_MUSHROOM,LOT-B00354,2025-12-03T07:00:00,2025-12-10,2.0,kg,ZN_COLD,0.5,0.964,220.0,whole
B00355,SITE_KIT_01,ING_CUCUMBER,LOT-B00355,2025-12-03T07:00:00,2025-12-10,7.0,kg,ZN_COLD,0.5,0.873,35.0,whole
B00356,SITE_KIT_01,ING_BANANA,LOT-B00356,2025-12-03T07:00:00,2025-12-09,9.0,kg,ZN_COLD,0.5,0.899,55.0,whole
B00357,SITE_KIT_01,ING_CHICKEN,LOT-B00357,2025-12-03T07:00:00,2025-12-06,22.0,kg,ZN_FREEZE,0.5,1.0,210.0,whole
B00358,SITE_KIT_01,ING_MUTTON,LOT-B00358,2025-12-03T07:00:00,2025-12-06,11.0,kg,ZN_FREEZE,0.5,0.927,720.0,whole
B00359,SITE_KIT_01,ING_FISH,LOT-B00359,2025-12-03T07:00:00,2025-12-06,10.0,kg,ZN_FREEZE,0.5,0.907,480.0,whole
B00360,SITE_KIT_01,ING_EGG,LOT-B00360,2025-12-03T07:00:00,2025-12-09,5.0,kg,ZN_COLD,0.5,0.917,140.0,whole
B00361,SITE_KIT_01,ING_PANEER,LOT-B00361,2025-12-03T07:00:00,2025-12-09,22.0,kg,ZN_COLD,0.5,0.92,380.0,whole
B00362,SITE_KIT_01,ING_CURD,LOT-B00362,2025-12-03T07:00:00,2025-12-09,16.0,kg,ZN_COLD,0.5,0.966,70.0,whole
B00363,SITE_KIT_01,ING_MILK,LOT-B00363,2025-12-03T07:00:00,2025-12-09,3.0,kg,ZN_COLD,0.5,0.964,58.0,whole
B00364,SITE_KIT_01,ING_CREAM,LOT-B00364,2025-12-03T07:00:00,2025-12-09,4.0,kg,ZN_COLD,0.5,0.897,220.0,whole
B00365,SITE_KIT_01,ING_BUTTER,LOT-B00365,2025-12-03T07:00:00,2025-12-09,4.0,kg,ZN_COLD,0.5,0.923,520.0,whole
B00366,SITE_KIT_01,ING_BATTER,LOT-B00366,2025-12-03T07:00:00,2025-12-05,14.0,kg,ZN_COLD,0.5,0.907,70.0,whole
B00367,SITE_KIT_01,ING_SPINACH,LOT-B00367,2025-12-04T07:00:00,2025-12-08,12.0,kg,ZN_COLD,0.5,1.0,30.0,whole
B00368,SITE_KIT_01,ING_CORIANDER,LOT-B00368,2025-12-04T07:00:00,2025-12-07,1.25,kg,ZN_COLD,0.5,0.866,60.0,whole
B00369,SITE_KIT_01,ING_MINT,LOT-B00369,2025-12-04T07:00:00,2025-12-07,0.75,kg,ZN_COLD,0.5,0.969,60.0,whole
B00370,SITE_KIT_01,ING_CURRYLEAF,LOT-B00370,2025-12-04T07:00:00,2025-12-07,0.5,kg,ZN_COLD,0.5,0.949,80.0,whole
B00371,SITE_KIT_01,ING_BATTER,LOT-B00371,2025-12-04T07:00:00,2025-12-06,14.0,kg,ZN_COLD,0.5,0.903,70.0,whole
B00372,SITE_KIT_01,ING_TOMATO,LOT-B00372,2025-12-05T07:00:00,2025-12-12,35.0,kg,ZN_COLD,0.5,1.0,32.0,whole
B00373,SITE_KIT_01,ING_ONION,LOT-B00373,2025-12-05T07:00:00,2026-01-04,102.0,kg,ZN_DRY,0.5,0.98,38.0,whole
B00374,SITE_KIT_01,ING_POTATO,LOT-B00374,2025-12-05T07:00:00,2026-01-04,48.0,kg,ZN_DRY,0.5,0.898,28.0,whole
B00375,SITE_KIT_01,ING_CAULI,LOT-B00375,2025-12-05T07:00:00,2025-12-15,41.0,kg,ZN_COLD,0.5,0.996,40.0,whole
B00376,SITE_KIT_01,ING_SPINACH,LOT-B00376,2025-12-05T07:00:00,2025-12-09,8.0,kg,ZN_COLD,0.5,0.904,30.0,whole
B00377,SITE_KIT_01,ING_CORIANDER,LOT-B00377,2025-12-05T07:00:00,2025-12-08,1.188,kg,ZN_COLD,0.5,0.965,60.0,whole
B00378,SITE_KIT_01,ING_GCHILLI,LOT-B00378,2025-12-05T07:00:00,2025-12-12,2.0,kg,ZN_COLD,0.5,0.902,70.0,whole
B00379,SITE_KIT_01,ING_GINGER,LOT-B00379,2025-12-05T07:00:00,2026-01-04,2.0,kg,ZN_DRY,0.5,0.905,120.0,whole
B00380,SITE_KIT_01,ING_GARLIC,LOT-B00380,2025-12-05T07:00:00,2026-01-04,4.0,kg,ZN_DRY,0.5,0.923,180.0,whole
B00381,SITE_KIT_01,ING_CARROT,LOT-B00381,2025-12-05T07:00:00,2025-12-15,11.0,kg,ZN_COLD,0.5,0.881,45.0,whole
B00382,SITE_KIT_01,ING_CAPSICUM,LOT-B00382,2025-12-05T07:00:00,2025-12-12,6.0,kg,ZN_COLD,0.5,0.959,80.0,whole
B00383,SITE_KIT_01,ING_CABBAGE,LOT-B00383,2025-12-05T07:00:00,2025-12-15,4.0,kg,ZN_COLD,0.5,0.944,25.0,whole
B00384,SITE_KIT_01,ING_BRINJAL,LOT-B00384,2025-12-05T07:00:00,2025-12-12,6.0,kg,ZN_COLD,0.5,0.939,40.0,whole
B00385,SITE_KIT_01,ING_OKRA,LOT-B00385,2025-12-05T07:00:00,2025-12-12,6.127,kg,ZN_COLD,0.5,0.907,55.0,whole
B00386,SITE_KIT_01,ING_PEAS,LOT-B00386,2025-12-05T07:00:00,2025-12-12,5.0,kg,ZN_COLD,0.5,0.891,90.0,whole
B00387,SITE_KIT_01,ING_MINT,LOT-B00387,2025-12-05T07:00:00,2025-12-08,0.75,kg,ZN_COLD,0.5,0.988,60.0,whole
B00388,SITE_KIT_01,ING_CURRYLEAF,LOT-B00388,2025-12-05T07:00:00,2025-12-08,0.5,kg,ZN_COLD,0.5,0.836,80.0,whole
B00389,SITE_KIT_01,ING_LEMON,LOT-B00389,2025-12-05T07:00:00,2025-12-11,5.0,kg,ZN_COLD,0.5,0.882,90.0,whole
B00390,SITE_KIT_01,ING_BEANS,LOT-B00390,2025-12-05T07:00:00,2025-12-12,5.744,kg,ZN_COLD,0.5,0.893,60.0,whole
B00391,SITE_KIT_01,ING_MUSHROOM,LOT-B00391,2025-12-05T07:00:00,2025-12-12,1.902,kg,ZN_COLD,0.5,0.889,220.0,whole
B00392,SITE_KIT_01,ING_CUCUMBER,LOT-B00392,2025-12-05T07:00:00,2025-12-12,8.0,kg,ZN_COLD,0.5,0.866,35.0,whole
B00393,SITE_KIT_01,ING_BANANA,LOT-B00393,2025-12-05T07:00:00,2025-12-11,9.0,kg,ZN_COLD,0.5,1.0,55.0,whole
B00394,SITE_KIT_01,ING_CHICKEN,LOT-B00394,2025-12-05T07:00:00,2025-12-08,20.0,kg,ZN_FREEZE,0.5,0.886,210.0,whole
B00395,SITE_KIT_01,ING_MUTTON,LOT-B00395,2025-12-05T07:00:00,2025-12-08,9.0,kg,ZN_FREEZE,0.5,0.948,720.0,whole
B00396,SITE_KIT_01,ING_FISH,LOT-B00396,2025-12-05T07:00:00,2025-12-08,8.0,kg,ZN_FREEZE,0.5,0.912,480.0,whole
B00397,SITE_KIT_01,ING_EGG,LOT-B00397,2025-12-05T07:00:00,2025-12-11,4.0,kg,ZN_COLD,0.5,0.921,140.0,whole
B00398,SITE_KIT_01,ING_PANEER,LOT-B00398,2025-12-05T07:00:00,2025-12-11,17.0,kg,ZN_COLD,0.5,0.932,380.0,whole
B00399,SITE_KIT_01,ING_CURD,LOT-B00399,2025-12-05T07:00:00,2025-12-11,19.0,kg,ZN_COLD,0.5,0.974,70.0,whole
B00400,SITE_KIT_01,ING_MILK,LOT-B00400,2025-12-05T07:00:00,2025-12-11,4.0,kg,ZN_COLD,0.5,1.0,58.0,whole
B00401,SITE_KIT_01,ING_CREAM,LOT-B00401,2025-12-05T07:00:00,2025-12-11,4.0,kg,ZN_COLD,0.5,0.948,220.0,whole
B00402,SITE_KIT_01,ING_BUTTER,LOT-B00402,2025-12-05T07:00:00,2025-12-11,5.0,kg,ZN_COLD,0.5,0.94,520.0,whole
B00403,SITE_KIT_01,ING_BATTER,LOT-B00403,2025-12-05T07:00:00,2025-12-07,14.0,kg,ZN_COLD,0.5,0.959,70.0,whole
B00404,SITE_KIT_01,ING_SPINACH,LOT-B00404,2025-12-06T07:00:00,2025-12-10,13.0,kg,ZN_COLD,0.5,0.937,30.0,whole
B00405,SITE_KIT_01,ING_CORIANDER,LOT-B00405,2025-12-06T07:00:00,2025-12-09,1.25,kg,ZN_COLD,0.5,0.884,60.0,whole
B00406,SITE_KIT_01,ING_MINT,LOT-B00406,2025-12-06T07:00:00,2025-12-09,0.75,kg,ZN_COLD,0.5,0.96,60.0,whole
B00407,SITE_KIT_01,ING_CURRYLEAF,LOT-B00407,2025-12-06T07:00:00,2025-12-09,0.5,kg,ZN_COLD,0.5,0.983,80.0,whole
B00408,SITE_KIT_01,ING_GHEE,LOT-B00408,2025-12-06T07:00:00,2026-06-04,25.0,kg,ZN_DRY,0.5,0.996,640.0,whole
B00409,SITE_KIT_01,ING_RICE,LOT-B00409,2025-12-06T07:00:00,2026-06-04,200.0,kg,ZN_DRY,0.5,0.925,120.0,whole
B00410,SITE_KIT_01,ING_ATTA,LOT-B00410,2025-12-06T07:00:00,2026-06-04,175.0,kg,ZN_DRY,0.5,0.956,48.0,whole
B00411,SITE_KIT_01,ING_BESAN,LOT-B00411,2025-12-06T07:00:00,2026-06-04,15.0,kg,ZN_DRY,0.5,0.999,90.0,whole
B00412,SITE_KIT_01,ING_OIL,LOT-B00412,2025-12-06T07:00:00,2026-06-04,20.0,kg,ZN_DRY,0.5,0.94,145.0,whole
B00413,SITE_KIT_01,ING_CASHEW,LOT-B00413,2025-12-06T07:00:00,2026-06-04,10.0,kg,ZN_DRY,0.5,0.895,850.0,whole
B00414,SITE_KIT_01,ING_COCONUT,LOT-B00414,2025-12-06T07:00:00,2026-06-04,10.0,kg,ZN_DRY,0.5,0.868,45.0,whole
B00415,SITE_KIT_01,ING_TOORDAL,LOT-B00415,2025-12-06T07:00:00,2026-06-04,35.0,kg,ZN_DRY,0.5,0.945,165.0,whole
B00416,SITE_KIT_01,ING_BATTER,LOT-B00416,2025-12-06T07:00:00,2025-12-08,23.0,kg,ZN_COLD,0.5,0.872,70.0,whole
B00417,SITE_KIT_01,ING_TOMATO,LOT-B00417,2025-12-07T07:00:00,2025-12-14,84.0,kg,ZN_COLD,0.5,0.952,32.0,whole
B00418,SITE_KIT_01,ING_CAULI,LOT-B00418,2025-12-07T07:00:00,2025-12-17,58.0,kg,ZN_COLD,0.5,0.917,40.0,whole
B00419,SITE_KIT_01,ING_SPINACH,LOT-B00419,2025-12-07T07:00:00,2025-12-11,8.0,kg,ZN_COLD,0.5,0.992,30.0,whole
B00420,SITE_KIT_01,ING_CORIANDER,LOT-B00420,2025-12-07T07:00:00,2025-12-10,1.25,kg,ZN_COLD,0.5,0.939,60.0,whole
B00421,SITE_KIT_01,ING_GCHILLI,LOT-B00421,2025-12-07T07:00:00,2025-12-14,5.0,kg,ZN_COLD,0.5,0.805,70.0,whole
B00422,SITE_KIT_01,ING_CARROT,LOT-B00422,2025-12-07T07:00:00,2025-12-17,20.0,kg,ZN_COLD,0.5,0.923,45.0,whole
B00423,SITE_KIT_01,ING_CAPSICUM,LOT-B00423,2025-12-07T07:00:00,2025-12-14,8.0,kg,ZN_COLD,0.5,0.963,80.0,whole
B00424,SITE_KIT_01,ING_CABBAGE,LOT-B00424,2025-12-07T07:00:00,2025-12-17,6.0,kg,ZN_COLD,0.5,0.907,25.0,whole
B00425,SITE_KIT_01,ING_BRINJAL,LOT-B00425,2025-12-07T07:00:00,2025-12-14,8.0,kg,ZN_COLD,0.5,0.893,40.0,whole
B00426,SITE_KIT_01,ING_OKRA,LOT-B00426,2025-12-07T07:00:00,2025-12-14,10.0,kg,ZN_COLD,0.5,0.865,55.0,whole
B00427,SITE_KIT_01,ING_PEAS,LOT-B00427,2025-12-07T07:00:00,2025-12-14,6.0,kg,ZN_COLD,0.5,0.917,90.0,whole
B00428,SITE_KIT_01,ING_MINT,LOT-B00428,2025-12-07T07:00:00,2025-12-10,0.75,kg,ZN_COLD,0.5,0.978,60.0,whole
B00429,SITE_KIT_01,ING_CURRYLEAF,LOT-B00429,2025-12-07T07:00:00,2025-12-10,0.75,kg,ZN_COLD,0.5,0.93,80.0,whole
B00430,SITE_KIT_01,ING_LEMON,LOT-B00430,2025-12-07T07:00:00,2025-12-13,4.0,kg,ZN_COLD,0.5,0.985,90.0,whole
B00431,SITE_KIT_01,ING_BEANS,LOT-B00431,2025-12-07T07:00:00,2025-12-14,8.0,kg,ZN_COLD,0.5,0.951,60.0,whole
B00432,SITE_KIT_01,ING_MUSHROOM,LOT-B00432,2025-12-07T07:00:00,2025-12-14,3.0,kg,ZN_COLD,0.5,0.924,220.0,whole
B00433,SITE_KIT_01,ING_CUCUMBER,LOT-B00433,2025-12-07T07:00:00,2025-12-14,11.0,kg,ZN_COLD,0.5,0.966,35.0,whole
B00434,SITE_KIT_01,ING_BANANA,LOT-B00434,2025-12-07T07:00:00,2025-12-13,9.0,kg,ZN_COLD,0.5,0.912,55.0,whole
B00435,SITE_KIT_01,ING_CHICKEN,LOT-B00435,2025-12-07T07:00:00,2025-12-10,31.0,kg,ZN_FREEZE,0.5,0.92,210.0,whole
B00436,SITE_KIT_01,ING_MUTTON,LOT-B00436,2025-12-07T07:00:00,2025-12-10,14.0,kg,ZN_FREEZE,0.5,0.95,720.0,whole
B00437,SITE_KIT_01,ING_FISH,LOT-B00437,2025-12-07T07:00:00,2025-12-10,13.0,kg,ZN_FREEZE,0.5,0.893,480.0,whole
B00438,SITE_KIT_01,ING_EGG,LOT-B00438,2025-12-07T07:00:00,2025-12-13,6.0,kg,ZN_COLD,0.5,1.0,140.0,whole
B00439,SITE_KIT_01,ING_PANEER,LOT-B00439,2025-12-07T07:00:00,2025-12-13,27.0,kg,ZN_COLD,0.5,0.862,380.0,whole
B00440,SITE_KIT_01,ING_CURD,LOT-B00440,2025-12-07T07:00:00,2025-12-13,23.0,kg,ZN_COLD,0.5,0.98,70.0,whole
B00441,SITE_KIT_01,ING_MILK,LOT-B00441,2025-12-07T07:00:00,2025-12-13,4.0,kg,ZN_COLD,0.5,0.975,58.0,whole
B00442,SITE_KIT_01,ING_CREAM,LOT-B00442,2025-12-07T07:00:00,2025-12-13,6.0,kg,ZN_COLD,0.5,1.0,220.0,whole
B00443,SITE_KIT_01,ING_BUTTER,LOT-B00443,2025-12-07T07:00:00,2025-12-13,6.0,kg,ZN_COLD,0.5,1.0,520.0,whole
B00444,SITE_KIT_01,ING_BATTER,LOT-B00444,2025-12-07T07:00:00,2025-12-09,14.0,kg,ZN_COLD,0.5,0.879,70.0,whole
B00445,SITE_KIT_01,ING_SPINACH,LOT-B00445,2025-12-08T07:00:00,2025-12-12,9.0,kg,ZN_COLD,0.5,0.956,30.0,whole
B00446,SITE_KIT_01,ING_CORIANDER,LOT-B00446,2025-12-08T07:00:00,2025-12-11,1.5,kg,ZN_COLD,0.5,1.0,60.0,whole
B00447,SITE_KIT_01,ING_MINT,LOT-B00447,2025-12-08T07:00:00,2025-12-11,0.691,kg,ZN_COLD,0.5,1.0,60.0,whole
B00448,SITE_KIT_01,ING_CURRYLEAF,LOT-B00448,2025-12-08T07:00:00,2025-12-11,0.5,kg,ZN_COLD,0.5,0.947,80.0,whole
B00449,SITE_KIT_01,ING_BATTER,LOT-B00449,2025-12-08T07:00:00,2025-12-10,15.0,kg,ZN_COLD,0.5,0.932,70.0,whole
B00450,SITE_KIT_01,ING_TOMATO,LOT-B00450,2025-12-09T07:00:00,2025-12-16,14.0,kg,ZN_COLD,0.5,0.968,32.0,whole
B00451,SITE_KIT_01,ING_ONION,LOT-B00451,2025-12-09T07:00:00,2026-01-08,198.0,kg,ZN_DRY,0.5,0.906,38.0,whole
B00452,SITE_KIT_01,ING_POTATO,LOT-B00452,2025-12-09T07:00:00,2026-01-08,58.0,kg,ZN_DRY,0.5,0.897,28.0,whole
B00453,SITE_KIT_01,ING_CAULI,LOT-B00453,2025-12-09T07:00:00,2025-12-19,82.0,kg,ZN_COLD,0.5,0.974,40.0,whole
B00454,SITE_KIT_01,ING_SPINACH,LOT-B00454,2025-12-09T07:00:00,2025-12-13,8.0,kg,ZN_COLD,0.5,0.99,30.0,whole
B00455,SITE_KIT_01,ING_CORIANDER,LOT-B00455,2025-12-09T07:00:00,2025-12-12,1.25,kg,ZN_COLD,0.5,1.0,60.0,whole
B00456,SITE_KIT_01,ING_GCHILLI,LOT-B00456,2025-12-09T07:00:00,2025-12-16,1.0,kg,ZN_COLD,0.5,0.898,70.0,whole
B00457,SITE_KIT_01,ING_GINGER,LOT-B00457,2025-12-09T07:00:00,2026-01-08,4.0,kg,ZN_DRY,0.5,0.983,120.0,whole
B00458,SITE_KIT_01,ING_GARLIC,LOT-B00458,2025-12-09T07:00:00,2026-01-08,7.636,kg,ZN_DRY,0.5,0.929,180.0,whole
B00459,SITE_KIT_01,ING_CARROT,LOT-B00459,2025-12-09T07:00:00,2025-12-19,7.0,kg,ZN_COLD,0.5,0.919,45.0,whole
B00460,SITE_KIT_01,ING_CAPSICUM,LOT-B00460,2025-12-09T07:00:00,2025-12-16,7.182,kg,ZN_COLD,0.5,0.986,80.0,whole
B00461,SITE_KIT_01,ING_CABBAGE,LOT-B00461,2025-12-09T07:00:00,2025-12-19,4.667,kg,ZN_COLD,0.5,0.923,25.0,whole
B00462,SITE_KIT_01,ING_BRINJAL,LOT-B00462,2025-12-09T07:00:00,2025-12-16,8.0,kg,ZN_COLD,0.5,0.893,40.0,whole
B00463,SITE_KIT_01,ING_OKRA,LOT-B00463,2025-12-09T07:00:00,2025-12-16,7.516,kg,ZN_COLD,0.5,0.922,55.0,whole
B00464,SITE_KIT_01,ING_PEAS,LOT-B00464,2025-12-09T07:00:00,2025-12-16,5.0,kg,ZN_COLD,0.5,0.937,90.0,whole
B00465,SITE_KIT_01,ING_MINT,LOT-B00465,2025-12-09T07:00:00,2025-12-12,0.75,kg,ZN_COLD,0.5,1.0,60.0,whole
B00466,SITE_KIT_01,ING_CURRYLEAF,LOT-B00466,2025-12-09T07:00:00,2025-12-12,0.5,kg,ZN_COLD,0.5,0.922,80.0,whole
B00467,SITE_KIT_01,ING_LEMON,LOT-B00467,2025-12-09T07:00:00,2025-12-15,4.0,kg,ZN_COLD,0.5,0.878,90.0,whole
B00468,SITE_KIT_01,ING_BEANS,LOT-B00468,2025-12-09T07:00:00,2025-12-16,12.0,kg,ZN_COLD,0.5,0.998,60.0,whole
B00469,SITE_KIT_01,ING_MUSHROOM,LOT-B00469,2025-12-09T07:00:00,2025-12-16,3.0,kg,ZN_COLD,0.5,1.0,220.0,whole
B00470,SITE_KIT_01,ING_CUCUMBER,LOT-B00470,2025-12-09T07:00:00,2025-12-16,6.226,kg,ZN_COLD,0.5,0.898,35.0,whole
B00471,SITE_KIT_01,ING_BANANA,LOT-B00471,2025-12-09T07:00:00,2025-12-15,9.0,kg,ZN_COLD,0.5,0.881,55.0,whole
B00472,SITE_KIT_01,ING_CHICKEN,LOT-B00472,2025-12-09T07:00:00,2025-12-12,24.0,kg,ZN_FREEZE,0.5,0.988,210.0,whole
B00473,SITE_KIT_01,ING_MUTTON,LOT-B00473,2025-12-09T07:00:00,2025-12-12,14.0,kg,ZN_FREEZE,0.5,0.93,720.0,whole
B00474,SITE_KIT_01,ING_FISH,LOT-B00474,2025-12-09T07:00:00,2025-12-12,10.0,kg,ZN_FREEZE,0.5,0.855,480.0,whole
B00475,SITE_KIT_01,ING_EGG,LOT-B00475,2025-12-09T07:00:00,2025-12-15,5.0,kg,ZN_COLD,0.5,0.909,140.0,whole
B00476,SITE_KIT_01,ING_PANEER,LOT-B00476,2025-12-09T07:00:00,2025-12-15,24.0,kg,ZN_COLD,0.5,0.996,380.0,whole
B00477,SITE_KIT_01,ING_CURD,LOT-B00477,2025-12-09T07:00:00,2025-12-15,20.0,kg,ZN_COLD,0.5,0.924,70.0,whole
B00478,SITE_KIT_01,ING_MILK,LOT-B00478,2025-12-09T07:00:00,2025-12-15,4.0,kg,ZN_COLD,0.5,0.972,58.0,whole
B00479,SITE_KIT_01,ING_CREAM,LOT-B00479,2025-12-09T07:00:00,2025-12-15,5.0,kg,ZN_COLD,0.5,0.951,220.0,whole
B00480,SITE_KIT_01,ING_BUTTER,LOT-B00480,2025-12-09T07:00:00,2025-12-15,6.0,kg,ZN_COLD,0.5,0.918,520.0,whole
B00481,SITE_KIT_01,ING_BATTER,LOT-B00481,2025-12-09T07:00:00,2025-12-11,15.0,kg,ZN_COLD,0.5,1.0,70.0,whole
B00482,SITE_KIT_01,ING_SPINACH,LOT-B00482,2025-12-10T07:00:00,2025-12-14,7.337,kg,ZN_COLD,0.5,0.922,30.0,whole
B00483,SITE_KIT_01,ING_CORIANDER,LOT-B00483,2025-12-10T07:00:00,2025-12-13,1.25,kg,ZN_COLD,0.5,0.973,60.0,whole
B00484,SITE_KIT_01,ING_MINT,LOT-B00484,2025-12-10T07:00:00,2025-12-13,0.75,kg,ZN_COLD,0.5,0.913,60.0,whole
B00485,SITE_KIT_01,ING_CURRYLEAF,LOT-B00485,2025-12-10T07:00:00,2025-12-13,0.5,kg,ZN_COLD,0.5,0.955,80.0,whole
B00486,SITE_KIT_01,ING_BATTER,LOT-B00486,2025-12-10T07:00:00,2025-12-12,15.0,kg,ZN_COLD,0.5,0.909,70.0,whole
B00487,SITE_KIT_01,ING_TOMATO,LOT-B00487,2025-12-11T07:00:00,2025-12-18,30.0,kg,ZN_COLD,0.5,0.888,32.0,whole
B00488,SITE_KIT_01,ING_CAULI,LOT-B00488,2025-12-11T07:00:00,2025-12-21,18.0,kg,ZN_COLD,0.5,1.0,40.0,whole
B00489,SITE_KIT_01,ING_SPINACH,LOT-B00489,2025-12-11T07:00:00,2025-12-15,8.0,kg,ZN_COLD,0.5,0.92,30.0,whole
B00490,SITE_KIT_01,ING_CORIANDER,LOT-B00490,2025-12-11T07:00:00,2025-12-14,1.5,kg,ZN_COLD,0.5,0.881,60.0,whole
B00491,SITE_KIT_01,ING_GCHILLI,LOT-B00491,2025-12-11T07:00:00,2025-12-18,2.0,kg,ZN_COLD,0.5,0.884,70.0,whole
B00492,SITE_KIT_01,ING_CARROT,LOT-B00492,2025-12-11T07:00:00,2025-12-21,9.0,kg,ZN_COLD,0.5,0.96,45.0,whole
B00493,SITE_KIT_01,ING_CAPSICUM,LOT-B00493,2025-12-11T07:00:00,2025-12-18,6.0,kg,ZN_COLD,0.5,0.885,80.0,whole
B00494,SITE_KIT_01,ING_CABBAGE,LOT-B00494,2025-12-11T07:00:00,2025-12-21,5.0,kg,ZN_COLD,0.5,0.879,25.0,whole
B00495,SITE_KIT_01,ING_BRINJAL,LOT-B00495,2025-12-11T07:00:00,2025-12-18,6.0,kg,ZN_COLD,0.5,0.926,40.0,whole
B00496,SITE_KIT_01,ING_OKRA,LOT-B00496,2025-12-11T07:00:00,2025-12-18,6.24,kg,ZN_COLD,0.5,0.941,55.0,whole
B00497,SITE_KIT_01,ING_PEAS,LOT-B00497,2025-12-11T07:00:00,2025-12-18,5.0,kg,ZN_COLD,0.5,0.927,90.0,whole
B00498,SITE_KIT_01,ING_MINT,LOT-B00498,2025-12-11T07:00:00,2025-12-14,0.75,kg,ZN_COLD,0.5,0.938,60.0,whole
B00499,SITE_KIT_01,ING_CURRYLEAF,LOT-B00499,2025-12-11T07:00:00,2025-12-14,0.5,kg,ZN_COLD,0.5,1.0,80.0,whole
B00500,SITE_KIT_01,ING_LEMON,LOT-B00500,2025-12-11T07:00:00,2025-12-17,4.0,kg,ZN_COLD,0.5,0.958,90.0,whole
B00501,SITE_KIT_01,ING_BEANS,LOT-B00501,2025-12-11T07:00:00,2025-12-18,3.0,kg,ZN_COLD,0.5,0.948,60.0,whole
B00502,SITE_KIT_01,ING_MUSHROOM,LOT-B00502,2025-12-11T07:00:00,2025-12-18,2.0,kg,ZN_COLD,0.5,0.904,220.0,whole
B00503,SITE_KIT_01,ING_CUCUMBER,LOT-B00503,2025-12-11T07:00:00,2025-12-18,5.635,kg,ZN_COLD,0.5,0.941,35.0,whole
B00504,SITE_KIT_01,ING_BANANA,LOT-B00504,2025-12-11T07:00:00,2025-12-17,8.0,kg,ZN_COLD,0.5,0.91,55.0,whole
B00505,SITE_KIT_01,ING_CHICKEN,LOT-B00505,2025-12-11T07:00:00,2025-12-14,19.0,kg,ZN_FREEZE,0.5,0.901,210.0,whole
B00506,SITE_KIT_01,ING_MUTTON,LOT-B00506,2025-12-11T07:00:00,2025-12-14,8.0,kg,ZN_FREEZE,0.5,0.938,720.0,whole
B00507,SITE_KIT_01,ING_FISH,LOT-B00507,2025-12-11T07:00:00,2025-12-14,8.0,kg,ZN_FREEZE,0.5,0.93,480.0,whole
B00508,SITE_KIT_01,ING_EGG,LOT-B00508,2025-12-11T07:00:00,2025-12-17,4.0,kg,ZN_COLD,0.5,0.967,140.0,whole
B00509,SITE_KIT_01,ING_PANEER,LOT-B00509,2025-12-11T07:00:00,2025-12-17,18.0,kg,ZN_COLD,0.5,0.914,380.0,whole
B00510,SITE_KIT_01,ING_CURD,LOT-B00510,2025-12-11T07:00:00,2025-12-17,16.0,kg,ZN_COLD,0.5,1.0,70.0,whole
B00511,SITE_KIT_01,ING_MILK,LOT-B00511,2025-12-11T07:00:00,2025-12-17,3.0,kg,ZN_COLD,0.5,1.0,58.0,whole
B00512,SITE_KIT_01,ING_CREAM,LOT-B00512,2025-12-11T07:00:00,2025-12-17,3.0,kg,ZN_COLD,0.5,0.906,220.0,whole
B00513,SITE_KIT_01,ING_BUTTER,LOT-B00513,2025-12-11T07:00:00,2025-12-17,4.0,kg,ZN_COLD,0.5,1.0,520.0,whole
B00514,SITE_KIT_01,ING_BATTER,LOT-B00514,2025-12-11T07:00:00,2025-12-13,15.0,kg,ZN_COLD,0.5,0.838,70.0,whole
B00515,SITE_KIT_01,ING_SPINACH,LOT-B00515,2025-12-12T07:00:00,2025-12-16,9.0,kg,ZN_COLD,0.5,0.989,30.0,whole
B00516,SITE_KIT_01,ING_CORIANDER,LOT-B00516,2025-12-12T07:00:00,2025-12-15,2.0,kg,ZN_COLD,0.5,0.95,60.0,whole
B00517,SITE_KIT_01,ING_MINT,LOT-B00517,2025-12-12T07:00:00,2025-12-15,0.75,kg,ZN_COLD,0.5,0.983,60.0,whole
B00518,SITE_KIT_01,ING_CURRYLEAF,LOT-B00518,2025-12-12T07:00:00,2025-12-15,0.5,kg,ZN_COLD,0.5,0.905,80.0,whole
B00519,SITE_KIT_01,ING_BATTER,LOT-B00519,2025-12-12T07:00:00,2025-12-14,13.0,kg,ZN_COLD,0.5,0.972,70.0,whole
B00520,SITE_KIT_01,ING_TOMATO,LOT-B00520,2025-12-13T07:00:00,2025-12-20,38.0,kg,ZN_COLD,0.5,0.864,32.0,whole
B00521,SITE_KIT_01,ING_ONION,LOT-B00521,2025-12-13T07:00:00,2026-01-12,72.0,kg,ZN_DRY,0.5,0.829,38.0,whole
B00522,SITE_KIT_01,ING_POTATO,LOT-B00522,2025-12-13T07:00:00,2026-01-12,46.0,kg,ZN_DRY,0.5,0.982,28.0,whole
B00523,SITE_KIT_01,ING_CAULI,LOT-B00523,2025-12-13T07:00:00,2025-12-23,42.0,kg,ZN_COLD,0.5,0.981,40.0,whole
B00524,SITE_KIT_01,ING_SPINACH,LOT-B00524,2025-12-13T07:00:00,2025-12-17,8.0,kg,ZN_COLD,0.5,0.9,30.0,whole
B00525,SITE_KIT_01,ING_CORIANDER,LOT-B00525,2025-12-13T07:00:00,2025-12-16,1.25,kg,ZN_COLD,0.5,0.973,60.0,whole
B00526,SITE_KIT_01,ING_GCHILLI,LOT-B00526,2025-12-13T07:00:00,2025-12-20,2.0,kg,ZN_COLD,0.5,0.983,70.0,whole
B00527,SITE_KIT_01,ING_GINGER,LOT-B00527,2025-12-13T07:00:00,2026-01-12,4.0,kg,ZN_DRY,0.5,0.956,120.0,whole
B00528,SITE_KIT_01,ING_GARLIC,LOT-B00528,2025-12-13T07:00:00,2026-01-12,6.0,kg,ZN_DRY,0.5,0.956,180.0,whole
B00529,SITE_KIT_01,ING_CARROT,LOT-B00529,2025-12-13T07:00:00,2025-12-23,11.0,kg,ZN_COLD,0.5,0.837,45.0,whole
B00530,SITE_KIT_01,ING_CAPSICUM,LOT-B00530,2025-12-13T07:00:00,2025-12-20,11.0,kg,ZN_COLD,0.5,0.946,80.0,whole
B00531,SITE_KIT_01,ING_CABBAGE,LOT-B00531,2025-12-13T07:00:00,2025-12-23,5.0,kg,ZN_COLD,0.5,0.916,25.0,whole
B00532,SITE_KIT_01,ING_BRINJAL,LOT-B00532,2025-12-13T07:00:00,2025-12-20,7.0,kg,ZN_COLD,0.5,0.974,40.0,whole
B00533,SITE_KIT_01,ING_OKRA,LOT-B00533,2025-12-13T07:00:00,2025-12-20,10.0,kg,ZN_COLD,0.5,0.915,55.0,whole
B00534,SITE_KIT_01,ING_PEAS,LOT-B00534,2025-12-13T07:00:00,2025-12-20,5.0,kg,ZN_COLD,0.5,1.0,90.0,whole
B00535,SITE_KIT_01,ING_MINT,LOT-B00535,2025-12-13T07:00:00,2025-12-16,0.75,kg,ZN_COLD,0.5,0.913,60.0,whole
B00536,SITE_KIT_01,ING_CURRYLEAF,LOT-B00536,2025-12-13T07:00:00,2025-12-16,0.75,kg,ZN_COLD,0.5,0.985,80.0,whole
B00537,SITE_KIT_01,ING_LEMON,LOT-B00537,2025-12-13T07:00:00,2025-12-19,4.0,kg,ZN_COLD,0.5,0.941,90.0,whole
B00538,SITE_KIT_01,ING_BEANS,LOT-B00538,2025-12-13T07:00:00,2025-12-20,6.0,kg,ZN_COLD,0.5,0.96,60.0,whole
B00539,SITE_KIT_01,ING_MUSHROOM,LOT-B00539,2025-12-13T07:00:00,2025-12-20,2.0,kg,ZN_COLD,0.5,0.963,220.0,whole
B00540,SITE_KIT_01,ING_CUCUMBER,LOT-B00540,2025-12-13T07:00:00,2025-12-20,9.0,kg,ZN_COLD,0.5,1.0,35.0,whole
B00541,SITE_KIT_01,ING_BANANA,LOT-B00541,2025-12-13T07:00:00,2025-12-19,9.0,kg,ZN_COLD,0.5,1.0,55.0,whole
B00542,SITE_KIT_01,ING_CHICKEN,LOT-B00542,2025-12-13T07:00:00,2025-12-16,32.0,kg,ZN_FREEZE,0.5,0.988,210.0,whole
B00543,SITE_KIT_01,ING_MUTTON,LOT-B00543,2025-12-13T07:00:00,2025-12-16,14.0,kg,ZN_FREEZE,0.5,0.972,720.0,whole
B00544,SITE_KIT_01,ING_FISH,LOT-B00544,2025-12-13T07:00:00,2025-12-16,12.0,kg,ZN_FREEZE,0.5,0.982,480.0,whole
B00545,SITE_KIT_01,ING_EGG,LOT-B00545,2025-12-13T07:00:00,2025-12-19,5.0,kg,ZN_COLD,0.5,0.924,140.0,whole
B00546,SITE_KIT_01,ING_PANEER,LOT-B00546,2025-12-13T07:00:00,2025-12-19,23.0,kg,ZN_COLD,0.5,0.937,380.0,whole
B00547,SITE_KIT_01,ING_CURD,LOT-B00547,2025-12-13T07:00:00,2025-12-19,20.0,kg,ZN_COLD,0.5,0.982,70.0,whole
B00548,SITE_KIT_01,ING_MILK,LOT-B00548,2025-12-13T07:00:00,2025-12-19,4.0,kg,ZN_COLD,0.5,1.0,58.0,whole
B00549,SITE_KIT_01,ING_CREAM,LOT-B00549,2025-12-13T07:00:00,2025-12-19,5.0,kg,ZN_COLD,0.5,0.956,220.0,whole
B00550,SITE_KIT_01,ING_BUTTER,LOT-B00550,2025-12-13T07:00:00,2025-12-19,5.0,kg,ZN_COLD,0.5,1.0,520.0,whole
B00551,SITE_KIT_01,ING_GHEE,LOT-B00551,2025-12-13T07:00:00,2026-06-11,20.0,kg,ZN_DRY,0.5,0.991,640.0,whole
B00552,SITE_KIT_01,ING_RICE,LOT-B00552,2025-12-13T07:00:00,2026-06-11,170.0,kg,ZN_DRY,0.5,1.0,120.0,whole
B00553,SITE_KIT_01,ING_ATTA,LOT-B00553,2025-12-13T07:00:00,2026-06-11,135.0,kg,ZN_DRY,0.5,0.938,48.0,whole
B00554,SITE_KIT_01,ING_BESAN,LOT-B00554,2025-12-13T07:00:00,2026-06-11,5.0,kg,ZN_DRY,0.5,0.9,90.0,whole
B00555,SITE_KIT_01,ING_OIL,LOT-B00555,2025-12-13T07:00:00,2026-06-11,15.0,kg,ZN_DRY,0.5,0.889,145.0,whole
B00556,SITE_KIT_01,ING_CASHEW,LOT-B00556,2025-12-13T07:00:00,2026-06-11,5.0,kg,ZN_DRY,0.5,0.889,850.0,whole
B00557,SITE_KIT_01,ING_COCONUT,LOT-B00557,2025-12-13T07:00:00,2026-06-11,10.0,kg,ZN_DRY,0.5,0.949,45.0,whole
B00558,SITE_KIT_01,ING_TOORDAL,LOT-B00558,2025-12-13T07:00:00,2026-06-11,30.0,kg,ZN_DRY,0.5,0.903,165.0,whole
B00559,SITE_KIT_01,ING_BATTER,LOT-B00559,2025-12-13T07:00:00,2025-12-15,14.0,kg,ZN_COLD,0.5,0.872,70.0,whole
B00560,SITE_KIT_01,ING_SPINACH,LOT-B00560,2025-12-14T07:00:00,2025-12-18,8.542,kg,ZN_COLD,0.5,0.919,30.0,whole
B00561,SITE_KIT_01,ING_CORIANDER,LOT-B00561,2025-12-14T07:00:00,2025-12-17,1.25,kg,ZN_COLD,0.5,0.963,60.0,whole
B00562,SITE_KIT_01,ING_MINT,LOT-B00562,2025-12-14T07:00:00,2025-12-17,0.75,kg,ZN_COLD,0.5,0.982,60.0,whole
B00563,SITE_KIT_01,ING_CURRYLEAF,LOT-B00563,2025-12-14T07:00:00,2025-12-17,0.456,kg,ZN_COLD,0.5,0.939,80.0,whole
B00564,SITE_KIT_01,ING_BATTER,LOT-B00564,2025-12-14T07:00:00,2025-12-16,13.0,kg,ZN_COLD,0.5,0.899,70.0,whole
B00565,SITE_KIT_01,ING_TOMATO,LOT-B00565,2025-12-15T07:00:00,2025-12-22,79.0,kg,ZN_COLD,0.5,0.995,32.0,whole
B00566,SITE_KIT_01,ING_CAULI,LOT-B00566,2025-12-15T07:00:00,2025-12-25,60.0,kg,ZN_COLD,0.5,0.948,40.0,whole
B00567,SITE_KIT_01,ING_SPINACH,LOT-B00567,2025-12-15T07:00:00,2025-12-19,9.0,kg,ZN_COLD,0.5,0.958,30.0,whole
B00568,SITE_KIT_01,ING_CORIANDER,LOT-B00568,2025-12-15T07:00:00,2025-12-18,1.5,kg,ZN_COLD,0.5,0.948,60.0,whole
B00569,SITE_KIT_01,ING_GCHILLI,LOT-B00569,2025-12-15T07:00:00,2025-12-22,3.0,kg,ZN_COLD,0.5,0.956,70.0,whole
B00570,SITE_KIT_01,ING_CARROT,LOT-B00570,2025-12-15T07:00:00,2025-12-25,15.0,kg,ZN_COLD,0.5,1.0,45.0,whole
B00571,SITE_KIT_01,ING_CAPSICUM,LOT-B00571,2025-12-15T07:00:00,2025-12-22,8.171,kg,ZN_COLD,0.5,0.998,80.0,whole
B00572,SITE_KIT_01,ING_CABBAGE,LOT-B00572,2025-12-15T07:00:00,2025-12-25,10.0,kg,ZN_COLD,0.5,0.931,25.0,whole
B00573,SITE_KIT_01,ING_BRINJAL,LOT-B00573,2025-12-15T07:00:00,2025-12-22,8.0,kg,ZN_COLD,0.5,0.989,40.0,whole
B00574,SITE_KIT_01,ING_OKRA,LOT-B00574,2025-12-15T07:00:00,2025-12-22,10.0,kg,ZN_COLD,0.5,0.978,55.0,whole
B00575,SITE_KIT_01,ING_PEAS,LOT-B00575,2025-12-15T07:00:00,2025-12-22,7.0,kg,ZN_COLD,0.5,0.937,90.0,whole
B00576,SITE_KIT_01,ING_MINT,LOT-B00576,2025-12-15T07:00:00,2025-12-18,0.75,kg,ZN_COLD,0.5,0.968,60.0,whole
B00577,SITE_KIT_01,ING_CURRYLEAF,LOT-B00577,2025-12-15T07:00:00,2025-12-18,0.5,kg,ZN_COLD,0.5,0.969,80.0,whole
B00578,SITE_KIT_01,ING_LEMON,LOT-B00578,2025-12-15T07:00:00,2025-12-21,4.0,kg,ZN_COLD,0.5,0.905,90.0,whole
B00579,SITE_KIT_01,ING_BEANS,LOT-B00579,2025-12-15T07:00:00,2025-12-22,9.0,kg,ZN_COLD,0.5,0.807,60.0,whole
B00580,SITE_KIT_01,ING_MUSHROOM,LOT-B00580,2025-12-15T07:00:00,2025-12-22,5.0,kg,ZN_COLD,0.5,0.955,220.0,whole
B00581,SITE_KIT_01,ING_CUCUMBER,LOT-B00581,2025-12-15T07:00:00,2025-12-22,10.0,kg,ZN_COLD,0.5,0.974,35.0,whole
B00582,SITE_KIT_01,ING_BANANA,LOT-B00582,2025-12-15T07:00:00,2025-12-21,9.0,kg,ZN_COLD,0.5,0.94,55.0,whole
B00583,SITE_KIT_01,ING_CHICKEN,LOT-B00583,2025-12-15T07:00:00,2025-12-18,33.0,kg,ZN_FREEZE,0.5,0.913,210.0,whole
B00584,SITE_KIT_01,ING_MUTTON,LOT-B00584,2025-12-15T07:00:00,2025-12-18,14.0,kg,ZN_FREEZE,0.5,0.945,720.0,whole
B00585,SITE_KIT_01,ING_FISH,LOT-B00585,2025-12-15T07:00:00,2025-12-18,13.0,kg,ZN_FREEZE,0.5,0.975,480.0,whole
B00586,SITE_KIT_01,ING_EGG,LOT-B00586,2025-12-15T07:00:00,2025-12-21,6.0,kg,ZN_COLD,0.5,0.844,140.0,whole
B00587,SITE_KIT_01,ING_PANEER,LOT-B00587,2025-12-15T07:00:00,2025-12-21,26.0,kg,ZN_COLD,0.5,0.944,380.0,whole
B00588,SITE_KIT_01,ING_CURD,LOT-B00588,2025-12-15T07:00:00,2025-12-21,21.0,kg,ZN_COLD,0.5,0.83,70.0,whole
B00589,SITE_KIT_01,ING_MILK,LOT-B00589,2025-12-15T07:00:00,2025-12-21,5.0,kg,ZN_COLD,0.5,0.951,58.0,whole
B00590,SITE_KIT_01,ING_CREAM,LOT-B00590,2025-12-15T07:00:00,2025-12-21,6.0,kg,ZN_COLD,0.5,0.911,220.0,whole
B00591,SITE_KIT_01,ING_BUTTER,LOT-B00591,2025-12-15T07:00:00,2025-12-21,10.0,kg,ZN_COLD,0.5,0.859,520.0,whole
B00592,SITE_KIT_01,ING_BATTER,LOT-B00592,2025-12-15T07:00:00,2025-12-17,14.0,kg,ZN_COLD,0.5,0.945,70.0,whole
B00593,SITE_KIT_01,ING_SPINACH,LOT-B00593,2025-12-16T07:00:00,2025-12-20,7.54,kg,ZN_COLD,0.5,0.978,30.0,whole
B00594,SITE_KIT_01,ING_CORIANDER,LOT-B00594,2025-12-16T07:00:00,2025-12-19,1.5,kg,ZN_COLD,0.5,0.958,60.0,whole
B00595,SITE_KIT_01,ING_MINT,LOT-B00595,2025-12-16T07:00:00,2025-12-19,0.75,kg,ZN_COLD,0.5,0.944,60.0,whole
B00596,SITE_KIT_01,ING_CURRYLEAF,LOT-B00596,2025-12-16T07:00:00,2025-12-19,0.5,kg,ZN_COLD,0.5,0.874,80.0,whole
B00597,SITE_KIT_01,ING_BATTER,LOT-B00597,2025-12-16T07:00:00,2025-12-18,12.0,kg,ZN_COLD,0.5,0.958,70.0,whole
B00598,SITE_KIT_01,ING_TOMATO,LOT-B00598,2025-12-17T07:00:00,2025-12-24,11.501,kg,ZN_COLD,0.5,0.966,32.0,whole
B00599,SITE_KIT_01,ING_ONION,LOT-B00599,2025-12-17T07:00:00,2026-01-16,78.0,kg,ZN_DRY,0.5,0.869,38.0,whole
B00600,SITE_KIT_01,ING_POTATO,LOT-B00600,2025-12-17T07:00:00,2026-01-16,56.0,kg,ZN_DRY,0.5,0.944,28.0,whole
B00601,SITE_KIT_01,ING_CAULI,LOT-B00601,2025-12-17T07:00:00,2025-12-27,43.0,kg,ZN_COLD,0.5,0.973,40.0,whole
B00602,SITE_KIT_01,ING_SPINACH,LOT-B00602,2025-12-17T07:00:00,2025-12-21,9.0,kg,ZN_COLD,0.5,0.9,30.0,whole
B00603,SITE_KIT_01,ING_CORIANDER,LOT-B00603,2025-12-17T07:00:00,2025-12-20,1.25,kg,ZN_COLD,0.5,0.967,60.0,whole
B00604,SITE_KIT_01,ING_GCHILLI,LOT-B00604,2025-12-17T07:00:00,2025-12-24,3.0,kg,ZN_COLD,0.5,0.947,70.0,whole
B00605,SITE_KIT_01,ING_GINGER,LOT-B00605,2025-12-17T07:00:00,2026-01-16,5.749,kg,ZN_DRY,0.5,0.894,120.0,whole
B00606,SITE_KIT_01,ING_GARLIC,LOT-B00606,2025-12-17T07:00:00,2026-01-16,8.0,kg,ZN_DRY,0.5,0.906,180.0,whole
B00607,SITE_KIT_01,ING_CARROT,LOT-B00607,2025-12-17T07:00:00,2025-12-27,10.0,kg,ZN_COLD,0.5,0.922,45.0,whole
B00608,SITE_KIT_01,ING_CAPSICUM,LOT-B00608,2025-12-17T07:00:00,2025-12-24,3.0,kg,ZN_COLD,0.5,0.899,80.0,whole
B00609,SITE_KIT_01,ING_CABBAGE,LOT-B00609,2025-12-17T07:00:00,2025-12-27,2.0,kg,ZN_COLD,0.5,0.964,25.0,whole
B00610,SITE_KIT_01,ING_BRINJAL,LOT-B00610,2025-12-17T07:00:00,2025-12-24,6.0,kg,ZN_COLD,0.5,0.868,40.0,whole
B00611,SITE_KIT_01,ING_OKRA,LOT-B00611,2025-12-17T07:00:00,2025-12-24,7.0,kg,ZN_COLD,0.5,0.906,55.0,whole
B00612,SITE_KIT_01,ING_PEAS,LOT-B00612,2025-12-17T07:00:00,2025-12-24,5.0,kg,ZN_COLD,0.5,0.855,90.0,whole
B00613,SITE_KIT_01,ING_MINT,LOT-B00613,2025-12-17T07:00:00,2025-12-20,0.75,kg,ZN_COLD,0.5,0.994,60.0,whole
B00614,SITE_KIT_01,ING_CURRYLEAF,LOT-B00614,2025-12-17T07:00:00,2025-12-20,0.449,kg,ZN_COLD,0.5,0.932,80.0,whole
B00615,SITE_KIT_01,ING_LEMON,LOT-B00615,2025-12-17T07:00:00,2025-12-23,4.0,kg,ZN_COLD,0.5,1.0,90.0,whole
B00616,SITE_KIT_01,ING_BEANS,LOT-B00616,2025-12-17T07:00:00,2025-12-24,7.0,kg,ZN_COLD,0.5,0.988,60.0,whole
B00617,SITE_KIT_01,ING_MUSHROOM,LOT-B00617,2025-12-17T07:00:00,2025-12-24,1.0,kg,ZN_COLD,0.5,0.857,220.0,whole
B00618,SITE_KIT_01,ING_CUCUMBER,LOT-B00618,2025-12-17T07:00:00,2025-12-24,6.0,kg,ZN_COLD,0.5,0.878,35.0,whole
B00619,SITE_KIT_01,ING_BANANA,LOT-B00619,2025-12-17T07:00:00,2025-12-23,8.0,kg,ZN_COLD,0.5,0.936,55.0,whole
B00620,SITE_KIT_01,ING_CHICKEN,LOT-B00620,2025-12-17T07:00:00,2025-12-20,17.0,kg,ZN_FREEZE,0.5,1.0,210.0,whole
B00621,SITE_KIT_01,ING_MUTTON,LOT-B00621,2025-12-17T07:00:00,2025-12-20,10.0,kg,ZN_FREEZE,0.5,0.803,720.0,whole
B00622,SITE_KIT_01,ING_FISH,LOT-B00622,2025-12-17T07:00:00,2025-12-20,9.0,kg,ZN_FREEZE,0.5,0.976,480.0,whole
B00623,SITE_KIT_01,ING_EGG,LOT-B00623,2025-12-17T07:00:00,2025-12-23,5.0,kg,ZN_COLD,0.5,0.885,140.0,whole
B00624,SITE_KIT_01,ING_PANEER,LOT-B00624,2025-12-17T07:00:00,2025-12-23,22.0,kg,ZN_COLD,0.5,0.851,380.0,whole
B00625,SITE_KIT_01,ING_CURD,LOT-B00625,2025-12-17T07:00:00,2025-12-23,20.0,kg,ZN_COLD,0.5,1.0,70.0,whole
B00626,SITE_KIT_01,ING_MILK,LOT-B00626,2025-12-17T07:00:00,2025-12-23,3.0,kg,ZN_COLD,0.5,0.941,58.0,whole
B00627,SITE_KIT_01,ING_CREAM,LOT-B00627,2025-12-17T07:00:00,2025-12-23,4.0,kg,ZN_COLD,0.5,1.0,220.0,whole
B00628,SITE_KIT_01,ING_BUTTER,LOT-B00628,2025-12-17T07:00:00,2025-12-23,2.0,kg,ZN_COLD,0.5,0.956,520.0,whole
B00629,SITE_KIT_01,ING_BATTER,LOT-B00629,2025-12-17T07:00:00,2025-12-19,22.0,kg,ZN_COLD,0.5,0.916,70.0,whole
B00630,SITE_KIT_01,ING_SPINACH,LOT-B00630,2025-12-18T07:00:00,2025-12-22,9.0,kg,ZN_COLD,0.5,0.965,30.0,whole
B00631,SITE_KIT_01,ING_CORIANDER,LOT-B00631,2025-12-18T07:00:00,2025-12-21,1.25,kg,ZN_COLD,0.5,0.937,60.0,whole
B00632,SITE_KIT_01,ING_MINT,LOT-B00632,2025-12-18T07:00:00,2025-12-21,0.75,kg,ZN_COLD,0.5,1.0,60.0,whole
B00633,SITE_KIT_01,ING_CURRYLEAF,LOT-B00633,2025-12-18T07:00:00,2025-12-21,0.5,kg,ZN_COLD,0.5,0.848,80.0,whole
B00634,SITE_KIT_01,ING_BATTER,LOT-B00634,2025-12-18T07:00:00,2025-12-20,13.0,kg,ZN_COLD,0.5,0.933,70.0,whole
B00635,SITE_KIT_01,ING_TOMATO,LOT-B00635,2025-12-19T07:00:00,2025-12-26,33.0,kg,ZN_COLD,0.5,1.0,32.0,whole
B00636,SITE_KIT_01,ING_CAULI,LOT-B00636,2025-12-19T07:00:00,2025-12-29,42.0,kg,ZN_COLD,0.5,0.98,40.0,whole
B00637,SITE_KIT_01,ING_SPINACH,LOT-B00637,2025-12-19T07:00:00,2025-12-23,7.173,kg,ZN_COLD,0.5,0.885,30.0,whole
B00638,SITE_KIT_01,ING_CORIANDER,LOT-B00638,2025-12-19T07:00:00,2025-12-22,1.25,kg,ZN_COLD,0.5,0.972,60.0,whole
B00639,SITE_KIT_01,ING_GCHILLI,LOT-B00639,2025-12-19T07:00:00,2025-12-26,2.0,kg,ZN_COLD,0.5,1.0,70.0,whole
B00640,SITE_KIT_01,ING_CARROT,LOT-B00640,2025-12-19T07:00:00,2025-12-29,11.0,kg,ZN_COLD,0.5,0.875,45.0,whole
B00641,SITE_KIT_01,ING_CAPSICUM,LOT-B00641,2025-12-19T07:00:00,2025-12-26,6.0,kg,ZN_COLD,0.5,1.0,80.0,whole
B00642,SITE_KIT_01,ING_CABBAGE,LOT-B00642,2025-12-19T07:00:00,2025-12-29,4.0,kg,ZN_COLD,0.5,0.913,25.0,whole
B00643,SITE_KIT_01,ING_BRINJAL,LOT-B00643,2025-12-19T07:00:00,2025-12-26,6.0,kg,ZN_COLD,0.5,0.993,40.0,whole
B00644,SITE_KIT_01,ING_OKRA,LOT-B00644,2025-12-19T07:00:00,2025-12-26,7.0,kg,ZN_COLD,0.5,0.869,55.0,whole
B00645,SITE_KIT_01,ING_PEAS,LOT-B00645,2025-12-19T07:00:00,2025-12-26,5.0,kg,ZN_COLD,0.5,0.961,90.0,whole
B00646,SITE_KIT_01,ING_MINT,LOT-B00646,2025-12-19T07:00:00,2025-12-22,0.75,kg,ZN_COLD,0.5,0.931,60.0,whole
B00647,SITE_KIT_01,ING_CURRYLEAF,LOT-B00647,2025-12-19T07:00:00,2025-12-22,0.5,kg,ZN_COLD,0.5,0.916,80.0,whole
B00648,SITE_KIT_01,ING_LEMON,LOT-B00648,2025-12-19T07:00:00,2025-12-25,5.0,kg,ZN_COLD,0.5,0.977,90.0,whole
B00649,SITE_KIT_01,ING_BEANS,LOT-B00649,2025-12-19T07:00:00,2025-12-26,6.0,kg,ZN_COLD,0.5,0.975,60.0,whole
B00650,SITE_KIT_01,ING_MUSHROOM,LOT-B00650,2025-12-19T07:00:00,2025-12-26,2.0,kg,ZN_COLD,0.5,0.908,220.0,whole
B00651,SITE_KIT_01,ING_CUCUMBER,LOT-B00651,2025-12-19T07:00:00,2025-12-26,8.0,kg,ZN_COLD,0.5,0.956,35.0,whole
B00652,SITE_KIT_01,ING_BANANA,LOT-B00652,2025-12-19T07:00:00,2025-12-25,13.083,kg,ZN_COLD,0.5,0.977,55.0,whole
B00653,SITE_KIT_01,ING_CHICKEN,LOT-B00653,2025-12-19T07:00:00,2025-12-22,20.0,kg,ZN_FREEZE,0.5,1.0,210.0,whole
B00654,SITE_KIT_01,ING_MUTTON,LOT-B00654,2025-12-19T07:00:00,2025-12-22,10.0,kg,ZN_FREEZE,0.5,0.966,720.0,whole
B00655,SITE_KIT_01,ING_FISH,LOT-B00655,2025-12-19T07:00:00,2025-12-22,8.0,kg,ZN_FREEZE,0.5,0.948,480.0,whole
B00656,SITE_KIT_01,ING_EGG,LOT-B00656,2025-12-19T07:00:00,2025-12-25,4.0,kg,ZN_COLD,0.5,0.93,140.0,whole
B00657,SITE_KIT_01,ING_PANEER,LOT-B00657,2025-12-19T07:00:00,2025-12-25,23.0,kg,ZN_COLD,0.5,0.957,380.0,whole
B00658,SITE_KIT_01,ING_CURD,LOT-B00658,2025-12-19T07:00:00,2025-12-25,16.0,kg,ZN_COLD,0.5,1.0,70.0,whole
B00659,SITE_KIT_01,ING_MILK,LOT-B00659,2025-12-19T07:00:00,2025-12-25,3.0,kg,ZN_COLD,0.5,0.906,58.0,whole
B00660,SITE_KIT_01,ING_CREAM,LOT-B00660,2025-12-19T07:00:00,2025-12-25,7.0,kg,ZN_COLD,0.5,0.954,220.0,whole
B00661,SITE_KIT_01,ING_BUTTER,LOT-B00661,2025-12-19T07:00:00,2025-12-25,4.0,kg,ZN_COLD,0.5,0.947,520.0,whole
B00662,SITE_KIT_01,ING_BATTER,LOT-B00662,2025-12-19T07:00:00,2025-12-21,15.0,kg,ZN_COLD,0.5,1.0,70.0,whole
B00663,SITE_KIT_01,ING_SPINACH,LOT-B00663,2025-12-20T07:00:00,2025-12-24,8.0,kg,ZN_COLD,0.5,0.903,30.0,whole
B00664,SITE_KIT_01,ING_CORIANDER,LOT-B00664,2025-12-20T07:00:00,2025-12-23,1.25,kg,ZN_COLD,0.5,0.938,60.0,whole
B00665,SITE_KIT_01,ING_MINT,LOT-B00665,2025-12-20T07:00:00,2025-12-23,0.75,kg,ZN_COLD,0.5,0.927,60.0,whole
B00666,SITE_KIT_01,ING_CURRYLEAF,LOT-B00666,2025-12-20T07:00:00,2025-12-23,0.5,kg,ZN_COLD,0.5,0.965,80.0,whole
B00667,SITE_KIT_01,ING_GHEE,LOT-B00667,2025-12-20T07:00:00,2026-06-18,40.0,kg,ZN_DRY,0.5,0.903,640.0,whole
B00668,SITE_KIT_01,ING_RICE,LOT-B00668,2025-12-20T07:00:00,2026-06-18,200.0,kg,ZN_DRY,0.5,0.91,120.0,whole
B00669,SITE_KIT_01,ING_ATTA,LOT-B00669,2025-12-20T07:00:00,2026-06-18,155.0,kg,ZN_DRY,0.5,0.952,48.0,whole
B00670,SITE_KIT_01,ING_BESAN,LOT-B00670,2025-12-20T07:00:00,2026-06-18,5.0,kg,ZN_DRY,0.5,0.965,90.0,whole
B00671,SITE_KIT_01,ING_OIL,LOT-B00671,2025-12-20T07:00:00,2026-06-18,20.0,kg,ZN_DRY,0.5,0.884,145.0,whole
B00672,SITE_KIT_01,ING_CASHEW,LOT-B00672,2025-12-20T07:00:00,2026-06-18,5.0,kg,ZN_DRY,0.5,0.895,850.0,whole
B00673,SITE_KIT_01,ING_COCONUT,LOT-B00673,2025-12-20T07:00:00,2026-06-18,10.0,kg,ZN_DRY,0.5,0.981,45.0,whole
B00674,SITE_KIT_01,ING_TOORDAL,LOT-B00674,2025-12-20T07:00:00,2026-06-18,40.0,kg,ZN_DRY,0.5,0.862,165.0,whole
B00675,SITE_KIT_01,ING_BATTER,LOT-B00675,2025-12-20T07:00:00,2025-12-22,24.0,kg,ZN_COLD,0.5,0.966,70.0,whole
B00676,SITE_KIT_01,ING_TOMATO,LOT-B00676,2025-12-21T07:00:00,2025-12-28,52.0,kg,ZN_COLD,0.5,0.905,32.0,whole
B00677,SITE_KIT_01,ING_ONION,LOT-B00677,2025-12-21T07:00:00,2026-01-20,182.0,kg,ZN_DRY,0.5,0.949,38.0,whole
B00678,SITE_KIT_01,ING_POTATO,LOT-B00678,2025-12-21T07:00:00,2026-01-20,52.835,kg,ZN_DRY,0.5,0.972,28.0,whole
B00679,SITE_KIT_01,ING_CAULI,LOT-B00679,2025-12-21T07:00:00,2025-12-31,57.0,kg,ZN_COLD,0.5,0.902,40.0,whole
B00680,SITE_KIT_01,ING_SPINACH,LOT-B00680,2025-12-21T07:00:00,2025-12-25,8.635,kg,ZN_COLD,0.5,0.925,30.0,whole
B00681,SITE_KIT_01,ING_CORIANDER,LOT-B00681,2025-12-21T07:00:00,2025-12-24,1.25,kg,ZN_COLD,0.5,0.91,60.0,whole
B00682,SITE_KIT_01,ING_GCHILLI,LOT-B00682,2025-12-21T07:00:00,2025-12-28,3.0,kg,ZN_COLD,0.5,0.933,70.0,whole
B00683,SITE_KIT_01,ING_GINGER,LOT-B00683,2025-12-21T07:00:00,2026-01-20,2.0,kg,ZN_DRY,0.5,0.967,120.0,whole
B00684,SITE_KIT_01,ING_GARLIC,LOT-B00684,2025-12-21T07:00:00,2026-01-20,4.0,kg,ZN_DRY,0.5,0.906,180.0,whole
B00685,SITE_KIT_01,ING_CARROT,LOT-B00685,2025-12-21T07:00:00,2025-12-31,13.0,kg,ZN_COLD,0.5,0.984,45.0,whole
B00686,SITE_KIT_01,ING_CAPSICUM,LOT-B00686,2025-12-21T07:00:00,2025-12-28,12.0,kg,ZN_COLD,0.5,0.843,80.0,whole
B00687,SITE_KIT_01,ING_CABBAGE,LOT-B00687,2025-12-21T07:00:00,2025-12-31,6.0,kg,ZN_COLD,0.5,0.847,25.0,whole
B00688,SITE_KIT_01,ING_BRINJAL,LOT-B00688,2025-12-21T07:00:00,2025-12-28,9.0,kg,ZN_COLD,0.5,0.973,40.0,whole
B00689,SITE_KIT_01,ING_OKRA,LOT-B00689,2025-12-21T07:00:00,2025-12-28,10.0,kg,ZN_COLD,0.5,1.0,55.0,whole
B00690,SITE_KIT_01,ING_PEAS,LOT-B00690,2025-12-21T07:00:00,2025-12-28,6.0,kg,ZN_COLD,0.5,0.955,90.0,whole
B00691,SITE_KIT_01,ING_MINT,LOT-B00691,2025-12-21T07:00:00,2025-12-24,1.0,kg,ZN_COLD,0.5,0.89,60.0,whole
B00692,SITE_KIT_01,ING_CURRYLEAF,LOT-B00692,2025-12-21T07:00:00,2025-12-24,1.0,kg,ZN_COLD,0.5,0.823,80.0,whole
B00693,SITE_KIT_01,ING_LEMON,LOT-B00693,2025-12-21T07:00:00,2025-12-27,7.0,kg,ZN_COLD,0.5,0.948,90.0,whole
B00694,SITE_KIT_01,ING_BEANS,LOT-B00694,2025-12-21T07:00:00,2025-12-28,9.0,kg,ZN_COLD,0.5,0.893,60.0,whole
B00695,SITE_KIT_01,ING_MUSHROOM,LOT-B00695,2025-12-21T07:00:00,2025-12-28,3.0,kg,ZN_COLD,0.5,0.958,220.0,whole
B00696,SITE_KIT_01,ING_CUCUMBER,LOT-B00696,2025-12-21T07:00:00,2025-12-28,9.0,kg,ZN_COLD,0.5,0.969,35.0,whole
B00697,SITE_KIT_01,ING_BANANA,LOT-B00697,2025-12-21T07:00:00,2025-12-27,8.149,kg,ZN_COLD,0.5,0.892,55.0,whole
B00698,SITE_KIT_01,ING_CHICKEN,LOT-B00698,2025-12-21T07:00:00,2025-12-24,29.0,kg,ZN_FREEZE,0.5,0.982,210.0,whole
B00699,SITE_KIT_01,ING_MUTTON,LOT-B00699,2025-12-21T07:00:00,2025-12-24,15.0,kg,ZN_FREEZE,0.5,0.92,720.0,whole
B00700,SITE_KIT_01,ING_FISH,LOT-B00700,2025-12-21T07:00:00,2025-12-24,12.0,kg,ZN_FREEZE,0.5,0.973,480.0,whole
B00701,SITE_KIT_01,ING_EGG,LOT-B00701,2025-12-21T07:00:00,2025-12-27,7.0,kg,ZN_COLD,0.5,0.847,140.0,whole
B00702,SITE_KIT_01,ING_PANEER,LOT-B00702,2025-12-21T07:00:00,2025-12-27,25.0,kg,ZN_COLD,0.5,1.0,380.0,whole
B00703,SITE_KIT_01,ING_CURD,LOT-B00703,2025-12-21T07:00:00,2025-12-27,22.0,kg,ZN_COLD,0.5,0.985,70.0,whole
B00704,SITE_KIT_01,ING_MILK,LOT-B00704,2025-12-21T07:00:00,2025-12-27,5.0,kg,ZN_COLD,0.5,0.909,58.0,whole
B00705,SITE_KIT_01,ING_CREAM,LOT-B00705,2025-12-21T07:00:00,2025-12-27,4.0,kg,ZN_COLD,0.5,0.894,220.0,whole
B00706,SITE_KIT_01,ING_BUTTER,LOT-B00706,2025-12-21T07:00:00,2025-12-27,6.0,kg,ZN_COLD,0.5,1.0,520.0,whole
B00707,SITE_KIT_01,ING_BATTER,LOT-B00707,2025-12-21T07:00:00,2025-12-23,14.0,kg,ZN_COLD,0.5,0.967,70.0,whole
B00708,SITE_KIT_01,ING_SPINACH,LOT-B00708,2025-12-22T07:00:00,2025-12-26,8.237,kg,ZN_COLD,0.5,0.941,30.0,whole
B00709,SITE_KIT_01,ING_CORIANDER,LOT-B00709,2025-12-22T07:00:00,2025-12-25,2.25,kg,ZN_COLD,0.5,0.896,60.0,whole
B00710,SITE_KIT_01,ING_MINT,LOT-B00710,2025-12-22T07:00:00,2025-12-25,0.75,kg,ZN_COLD,0.5,0.904,60.0,whole
B00711,SITE_KIT_01,ING_CURRYLEAF,LOT-B00711,2025-12-22T07:00:00,2025-12-25,0.5,kg,ZN_COLD,0.5,0.905,80.0,whole
B00712,SITE_KIT_01,ING_BATTER,LOT-B00712,2025-12-22T07:00:00,2025-12-24,15.0,kg,ZN_COLD,0.5,0.949,70.0,whole
B00713,SITE_KIT_01,ING_TOMATO,LOT-B00713,2025-12-23T07:00:00,2025-12-30,45.0,kg,ZN_COLD,0.5,0.992,32.0,whole
B00714,SITE_KIT_01,ING_CAULI,LOT-B00714,2025-12-23T07:00:00,2026-01-02,46.0,kg,ZN_COLD,0.5,0.938,40.0,whole
B00715,SITE_KIT_01,ING_SPINACH,LOT-B00715,2025-12-23T07:00:00,2025-12-27,7.679,kg,ZN_COLD,0.5,0.943,30.0,whole
B00716,SITE_KIT_01,ING_CORIANDER,LOT-B00716,2025-12-23T07:00:00,2025-12-26,1.25,kg,ZN_COLD,0.5,1.0,60.0,whole
B00717,SITE_KIT_01,ING_GCHILLI,LOT-B00717,2025-12-23T07:00:00,2025-12-30,3.0,kg,ZN_COLD,0.5,0.939,70.0,whole
B00718,SITE_KIT_01,ING_CARROT,LOT-B00718,2025-12-23T07:00:00,2026-01-02,12.0,kg,ZN_COLD,0.5,0.885,45.0,whole
B00719,SITE_KIT_01,ING_CAPSICUM,LOT-B00719,2025-12-23T07:00:00,2025-12-30,4.0,kg,ZN_COLD,0.5,0.916,80.0,whole
B00720,SITE_KIT_01,ING_CABBAGE,LOT-B00720,2025-12-23T07:00:00,2026-01-02,5.0,kg,ZN_COLD,0.5,0.939,25.0,whole
B00721,SITE_KIT_01,ING_BRINJAL,LOT-B00721,2025-12-23T07:00:00,2025-12-30,7.0,kg,ZN_COLD,0.5,0.911,40.0,whole
B00722,SITE_KIT_01,ING_OKRA,LOT-B00722,2025-12-23T07:00:00,2025-12-30,8.0,kg,ZN_COLD,0.5,0.895,55.0,whole
B00723,SITE_KIT_01,ING_PEAS,LOT-B00723,2025-12-23T07:00:00,2025-12-30,6.0,kg,ZN_COLD,0.5,0.91,90.0,whole
B00724,SITE_KIT_01,ING_MINT,LOT-B00724,2025-12-23T07:00:00,2025-12-26,0.75,kg,ZN_COLD,0.5,0.842,60.0,whole
B00725,SITE_KIT_01,ING_CURRYLEAF,LOT-B00725,2025-12-23T07:00:00,2025-12-26,0.437,kg,ZN_COLD,0.5,0.906,80.0,whole
B00726,SITE_KIT_01,ING_LEMON,LOT-B00726,2025-12-23T07:00:00,2025-12-29,3.712,kg,ZN_COLD,0.5,0.921,90.0,whole
B00727,SITE_KIT_01,ING_BEANS,LOT-B00727,2025-12-23T07:00:00,2025-12-30,7.0,kg,ZN_COLD,0.5,0.922,60.0,whole
B00728,SITE_KIT_01,ING_MUSHROOM,LOT-B00728,2025-12-23T07:00:00,2025-12-30,2.0,kg,ZN_COLD,0.5,0.878,220.0,whole
B00729,SITE_KIT_01,ING_CUCUMBER,LOT-B00729,2025-12-23T07:00:00,2025-12-30,9.0,kg,ZN_COLD,0.5,0.928,35.0,whole
B00730,SITE_KIT_01,ING_BANANA,LOT-B00730,2025-12-23T07:00:00,2025-12-29,9.0,kg,ZN_COLD,0.5,0.938,55.0,whole
B00731,SITE_KIT_01,ING_CHICKEN,LOT-B00731,2025-12-23T07:00:00,2025-12-26,27.0,kg,ZN_FREEZE,0.5,0.941,210.0,whole
B00732,SITE_KIT_01,ING_MUTTON,LOT-B00732,2025-12-23T07:00:00,2025-12-26,14.0,kg,ZN_FREEZE,0.5,0.944,720.0,whole
B00733,SITE_KIT_01,ING_FISH,LOT-B00733,2025-12-23T07:00:00,2025-12-26,12.0,kg,ZN_FREEZE,0.5,0.923,480.0,whole
B00734,SITE_KIT_01,ING_EGG,LOT-B00734,2025-12-23T07:00:00,2025-12-29,5.0,kg,ZN_COLD,0.5,1.0,140.0,whole
B00735,SITE_KIT_01,ING_PANEER,LOT-B00735,2025-12-23T07:00:00,2025-12-29,25.0,kg,ZN_COLD,0.5,0.983,380.0,whole
B00736,SITE_KIT_01,ING_CURD,LOT-B00736,2025-12-23T07:00:00,2025-12-29,23.0,kg,ZN_COLD,0.5,0.93,70.0,whole
B00737,SITE_KIT_01,ING_MILK,LOT-B00737,2025-12-23T07:00:00,2025-12-29,4.0,kg,ZN_COLD,0.5,1.0,58.0,whole
B00738,SITE_KIT_01,ING_CREAM,LOT-B00738,2025-12-23T07:00:00,2025-12-29,5.0,kg,ZN_COLD,0.5,0.9,220.0,whole
B00739,SITE_KIT_01,ING_BUTTER,LOT-B00739,2025-12-23T07:00:00,2025-12-29,6.0,kg,ZN_COLD,0.5,0.997,520.0,whole
B00740,SITE_KIT_01,ING_BATTER,LOT-B00740,2025-12-23T07:00:00,2025-12-25,16.0,kg,ZN_COLD,0.5,0.901,70.0,whole
B00741,SITE_KIT_01,ING_SPINACH,LOT-B00741,2025-12-24T07:00:00,2025-12-28,8.113,kg,ZN_COLD,0.5,0.988,30.0,whole
B00742,SITE_KIT_01,ING_CORIANDER,LOT-B00742,2025-12-24T07:00:00,2025-12-27,1.25,kg,ZN_COLD,0.5,0.943,60.0,whole
B00743,SITE_KIT_01,ING_MINT,LOT-B00743,2025-12-24T07:00:00,2025-12-27,0.75,kg,ZN_COLD,0.5,0.999,60.0,whole
B00744,SITE_KIT_01,ING_CURRYLEAF,LOT-B00744,2025-12-24T07:00:00,2025-12-27,0.5,kg,ZN_COLD,0.5,0.937,80.0,whole
B00745,SITE_KIT_01,ING_BATTER,LOT-B00745,2025-12-24T07:00:00,2025-12-26,16.0,kg,ZN_COLD,0.5,0.886,70.0,whole
B00746,SITE_KIT_01,ING_TOMATO,LOT-B00746,2025-12-25T07:00:00,2026-01-01,61.0,kg,ZN_COLD,0.5,0.955,32.0,whole
B00747,SITE_KIT_01,ING_ONION,LOT-B00747,2025-12-25T07:00:00,2026-01-24,72.0,kg,ZN_DRY,0.5,0.873,38.0,whole
B00748,SITE_KIT_01,ING_POTATO,LOT-B00748,2025-12-25T07:00:00,2026-01-24,62.0,kg,ZN_DRY,0.5,0.879,28.0,whole
B00749,SITE_KIT_01,ING_CAULI,LOT-B00749,2025-12-25T07:00:00,2026-01-04,56.0,kg,ZN_COLD,0.5,0.921,40.0,whole
B00750,SITE_KIT_01,ING_SPINACH,LOT-B00750,2025-12-25T07:00:00,2025-12-29,9.0,kg,ZN_COLD,0.5,0.922,30.0,whole
B00751,SITE_KIT_01,ING_CORIANDER,LOT-B00751,2025-12-25T07:00:00,2025-12-28,1.25,kg,ZN_COLD,0.5,1.0,60.0,whole
B00752,SITE_KIT_01,ING_GCHILLI,LOT-B00752,2025-12-25T07:00:00,2026-01-01,3.0,kg,ZN_COLD,0.5,0.927,70.0,whole
B00753,SITE_KIT_01,ING_GINGER,LOT-B00753,2025-12-25T07:00:00,2026-01-24,4.0,kg,ZN_DRY,0.5,0.928,120.0,whole
B00754,SITE_KIT_01,ING_GARLIC,LOT-B00754,2025-12-25T07:00:00,2026-01-24,10.0,kg,ZN_DRY,0.5,0.926,180.0,whole
B00755,SITE_KIT_01,ING_CARROT,LOT-B00755,2025-12-25T07:00:00,2026-01-04,13.0,kg,ZN_COLD,0.5,0.935,45.0,whole
B00756,SITE_KIT_01,ING_CAPSICUM,LOT-B00756,2025-12-25T07:00:00,2026-01-01,9.0,kg,ZN_COLD,0.5,0.964,80.0,whole
B00757,SITE_KIT_01,ING_CABBAGE,LOT-B00757,2025-12-25T07:00:00,2026-01-04,4.0,kg,ZN_COLD,0.5,0.966,25.0,whole
B00758,SITE_KIT_01,ING_BRINJAL,LOT-B00758,2025-12-25T07:00:00,2026-01-01,7.0,kg,ZN_COLD,0.5,0.983,40.0,whole
B00759,SITE_KIT_01,ING_OKRA,LOT-B00759,2025-12-25T07:00:00,2026-01-01,8.0,kg,ZN_COLD,0.5,1.0,55.0,whole
B00760,SITE_KIT_01,ING_PEAS,LOT-B00760,2025-12-25T07:00:00,2026-01-01,8.0,kg,ZN_COLD,0.5,0.988,90.0,whole
B00761,SITE_KIT_01,ING_MINT,LOT-B00761,2025-12-25T07:00:00,2025-12-28,0.75,kg,ZN_COLD,0.5,0.89,60.0,whole
B00762,SITE_KIT_01,ING_CURRYLEAF,LOT-B00762,2025-12-25T07:00:00,2025-12-28,0.75,kg,ZN_COLD,0.5,0.817,80.0,whole
B00763,SITE_KIT_01,ING_LEMON,LOT-B00763,2025-12-25T07:00:00,2025-12-31,4.0,kg,ZN_COLD,0.5,0.902,90.0,whole
B00764,SITE_KIT_01,ING_BEANS,LOT-B00764,2025-12-25T07:00:00,2026-01-01,7.0,kg,ZN_COLD,0.5,1.0,60.0,whole
B00765,SITE_KIT_01,ING_MUSHROOM,LOT-B00765,2025-12-25T07:00:00,2026-01-01,2.0,kg,ZN_COLD,0.5,0.938,220.0,whole
B00766,SITE_KIT_01,ING_CUCUMBER,LOT-B00766,2025-12-25T07:00:00,2026-01-01,7.0,kg,ZN_COLD,0.5,0.895,35.0,whole
B00767,SITE_KIT_01,ING_BANANA,LOT-B00767,2025-12-25T07:00:00,2025-12-31,9.083,kg,ZN_COLD,0.5,0.929,55.0,whole
B00768,SITE_KIT_01,ING_CHICKEN,LOT-B00768,2025-12-25T07:00:00,2025-12-28,21.0,kg,ZN_FREEZE,0.5,0.954,210.0,whole
B00769,SITE_KIT_01,ING_MUTTON,LOT-B00769,2025-12-25T07:00:00,2025-12-28,12.0,kg,ZN_FREEZE,0.5,0.943,720.0,whole
B00770,SITE_KIT_01,ING_FISH,LOT-B00770,2025-12-25T07:00:00,2025-12-28,10.0,kg,ZN_FREEZE,0.5,0.919,480.0,whole
B00771,SITE_KIT_01,ING_EGG,LOT-B00771,2025-12-25T07:00:00,2025-12-31,4.0,kg,ZN_COLD,0.5,0.932,140.0,whole
B00772,SITE_KIT_01,ING_PANEER,LOT-B00772,2025-12-25T07:00:00,2025-12-31,40.0,kg,ZN_COLD,0.5,0.943,380.0,whole
B00773,SITE_KIT_01,ING_CURD,LOT-B00773,2025-12-25T07:00:00,2025-12-31,19.0,kg,ZN_COLD,0.5,0.931,70.0,whole
B00774,SITE_KIT_01,ING_MILK,LOT-B00774,2025-12-25T07:00:00,2025-12-31,4.0,kg,ZN_COLD,0.5,0.939,58.0,whole
B00775,SITE_KIT_01,ING_CREAM,LOT-B00775,2025-12-25T07:00:00,2025-12-31,4.0,kg,ZN_COLD,0.5,0.906,220.0,whole
B00776,SITE_KIT_01,ING_BUTTER,LOT-B00776,2025-12-25T07:00:00,2025-12-31,5.0,kg,ZN_COLD,0.5,0.9,520.0,whole
B00777,SITE_KIT_01,ING_BATTER,LOT-B00777,2025-12-25T07:00:00,2025-12-27,16.0,kg,ZN_COLD,0.5,1.0,70.0,whole
B00778,SITE_KIT_01,ING_SPINACH,LOT-B00778,2025-12-26T07:00:00,2025-12-30,14.0,kg,ZN_COLD,0.5,0.901,30.0,whole
B00779,SITE_KIT_01,ING_CORIANDER,LOT-B00779,2025-12-26T07:00:00,2025-12-29,1.5,kg,ZN_COLD,0.5,0.947,60.0,whole
B00780,SITE_KIT_01,ING_MINT,LOT-B00780,2025-12-26T07:00:00,2025-12-29,0.75,kg,ZN_COLD,0.5,0.946,60.0,whole
B00781,SITE_KIT_01,ING_CURRYLEAF,LOT-B00781,2025-12-26T07:00:00,2025-12-29,0.75,kg,ZN_COLD,0.5,1.0,80.0,whole
B00782,SITE_KIT_01,ING_BATTER,LOT-B00782,2025-12-26T07:00:00,2025-12-28,17.0,kg,ZN_COLD,0.5,0.974,70.0,whole
B00783,SITE_KIT_01,ING_TOMATO,LOT-B00783,2025-12-27T07:00:00,2026-01-03,31.0,kg,ZN_COLD,0.5,1.0,32.0,whole
B00784,SITE_KIT_01,ING_CAULI,LOT-B00784,2025-12-27T07:00:00,2026-01-06,59.123,kg,ZN_COLD,0.5,0.894,40.0,whole
B00785,SITE_KIT_01,ING_SPINACH,LOT-B00785,2025-12-27T07:00:00,2025-12-31,10.0,kg,ZN_COLD,0.5,0.886,30.0,whole
B00786,SITE_KIT_01,ING_CORIANDER,LOT-B00786,2025-12-27T07:00:00,2025-12-30,1.25,kg,ZN_COLD,0.5,0.916,60.0,whole
B00787,SITE_KIT_01,ING_GCHILLI,LOT-B00787,2025-12-27T07:00:00,2026-01-03,4.0,kg,ZN_COLD,0.5,0.965,70.0,whole
B00788,SITE_KIT_01,ING_CARROT,LOT-B00788,2025-12-27T07:00:00,2026-01-06,14.0,kg,ZN_COLD,0.5,0.926,45.0,whole
B00789,SITE_KIT_01,ING_CAPSICUM,LOT-B00789,2025-12-27T07:00:00,2026-01-03,6.0,kg,ZN_COLD,0.5,0.959,80.0,whole
B00790,SITE_KIT_01,ING_CABBAGE,LOT-B00790,2025-12-27T07:00:00,2026-01-06,8.0,kg,ZN_COLD,0.5,0.959,25.0,whole
B00791,SITE_KIT_01,ING_BRINJAL,LOT-B00791,2025-12-27T07:00:00,2026-01-03,9.0,kg,ZN_COLD,0.5,0.955,40.0,whole
B00792,SITE_KIT_01,ING_OKRA,LOT-B00792,2025-12-27T07:00:00,2026-01-03,11.0,kg,ZN_COLD,0.5,1.0,55.0,whole
B00793,SITE_KIT_01,ING_PEAS,LOT-B00793,2025-12-27T07:00:00,2026-01-03,5.0,kg,ZN_COLD,0.5,0.86,90.0,whole
B00794,SITE_KIT_01,ING_MINT,LOT-B00794,2025-12-27T07:00:00,2025-12-30,0.75,kg,ZN_COLD,0.5,0.864,60.0,whole
B00795,SITE_KIT_01,ING_CURRYLEAF,LOT-B00795,2025-12-27T07:00:00,2025-12-30,0.75,kg,ZN_COLD,0.5,0.955,80.0,whole
B00796,SITE_KIT_01,ING_LEMON,LOT-B00796,2025-12-27T07:00:00,2026-01-02,5.0,kg,ZN_COLD,0.5,0.943,90.0,whole
B00797,SITE_KIT_01,ING_BEANS,LOT-B00797,2025-12-27T07:00:00,2026-01-03,10.0,kg,ZN_COLD,0.5,0.884,60.0,whole
B00798,SITE_KIT_01,ING_MUSHROOM,LOT-B00798,2025-12-27T07:00:00,2026-01-03,3.0,kg,ZN_COLD,0.5,1.0,220.0,whole
B00799,SITE_KIT_01,ING_CUCUMBER,LOT-B00799,2025-12-27T07:00:00,2026-01-03,11.0,kg,ZN_COLD,0.5,0.886,35.0,whole
B00800,SITE_KIT_01,ING_BANANA,LOT-B00800,2025-12-27T07:00:00,2026-01-02,9.0,kg,ZN_COLD,0.5,0.809,55.0,whole
B00801,SITE_KIT_01,ING_CHICKEN,LOT-B00801,2025-12-27T07:00:00,2025-12-30,34.0,kg,ZN_FREEZE,0.5,0.881,210.0,whole
B00802,SITE_KIT_01,ING_MUTTON,LOT-B00802,2025-12-27T07:00:00,2025-12-30,15.0,kg,ZN_FREEZE,0.5,0.885,720.0,whole
B00803,SITE_KIT_01,ING_FISH,LOT-B00803,2025-12-27T07:00:00,2025-12-30,14.0,kg,ZN_FREEZE,0.5,0.949,480.0,whole
B00804,SITE_KIT_01,ING_EGG,LOT-B00804,2025-12-27T07:00:00,2026-01-02,7.0,kg,ZN_COLD,0.5,0.938,140.0,whole
B00805,SITE_KIT_01,ING_PANEER,LOT-B00805,2025-12-27T07:00:00,2026-01-02,15.0,kg,ZN_COLD,0.5,0.929,380.0,whole
B00806,SITE_KIT_01,ING_CURD,LOT-B00806,2025-12-27T07:00:00,2026-01-02,27.0,kg,ZN_COLD,0.5,0.959,70.0,whole
B00807,SITE_KIT_01,ING_MILK,LOT-B00807,2025-12-27T07:00:00,2026-01-02,6.0,kg,ZN_COLD,0.5,1.0,58.0,whole
B00808,SITE_KIT_01,ING_CREAM,LOT-B00808,2025-12-27T07:00:00,2026-01-02,6.0,kg,ZN_COLD,0.5,0.894,220.0,whole
B00809,SITE_KIT_01,ING_BUTTER,LOT-B00809,2025-12-27T07:00:00,2026-01-02,7.0,kg,ZN_COLD,0.5,1.0,520.0,whole
B00810,SITE_KIT_01,ING_GHEE,LOT-B00810,2025-12-27T07:00:00,2026-06-25,15.0,kg,ZN_DRY,0.5,0.949,640.0,whole
B00811,SITE_KIT_01,ING_RICE,LOT-B00811,2025-12-27T07:00:00,2026-06-25,190.0,kg,ZN_DRY,0.5,1.0,120.0,whole
B00812,SITE_KIT_01,ING_ATTA,LOT-B00812,2025-12-27T07:00:00,2026-06-25,180.0,kg,ZN_DRY,0.5,0.953,48.0,whole
B00813,SITE_KIT_01,ING_BESAN,LOT-B00813,2025-12-27T07:00:00,2026-06-25,10.0,kg,ZN_DRY,0.5,0.875,90.0,whole
B00814,SITE_KIT_01,ING_OIL,LOT-B00814,2025-12-27T07:00:00,2026-06-25,25.0,kg,ZN_DRY,0.5,0.952,145.0,whole
B00815,SITE_KIT_01,ING_CASHEW,LOT-B00815,2025-12-27T07:00:00,2026-06-25,10.0,kg,ZN_DRY,0.5,0.848,850.0,whole
B00816,SITE_KIT_01,ING_COCONUT,LOT-B00816,2025-12-27T07:00:00,2026-06-25,10.0,kg,ZN_DRY,0.5,0.941,45.0,whole
B00817,SITE_KIT_01,ING_TOORDAL,LOT-B00817,2025-12-27T07:00:00,2026-06-25,35.0,kg,ZN_DRY,0.5,0.968,165.0,whole
B00818,SITE_KIT_01,ING_BATTER,LOT-B00818,2025-12-27T07:00:00,2025-12-29,16.0,kg,ZN_COLD,0.5,1.0,70.0,whole
B00819,SITE_KIT_01,ING_SPINACH,LOT-B00819,2025-12-28T07:00:00,2026-01-01,10.0,kg,ZN_COLD,0.5,1.0,30.0,whole
B00820,SITE_KIT_01,ING_CORIANDER,LOT-B00820,2025-12-28T07:00:00,2025-12-31,1.5,kg,ZN_COLD,0.5,0.994,60.0,whole
B00821,SITE_KIT_01,ING_MINT,LOT-B00821,2025-12-28T07:00:00,2025-12-31,0.75,kg,ZN_COLD,0.5,0.943,60.0,whole
B00822,SITE_KIT_01,ING_CURRYLEAF,LOT-B00822,2025-12-28T07:00:00,2025-12-31,0.75,kg,ZN_COLD,0.5,0.91,80.0,whole
B00823,SITE_KIT_01,ING_BATTER,LOT-B00823,2025-12-28T07:00:00,2025-12-30,15.0,kg,ZN_COLD,0.5,0.936,70.0,whole
B00824,SITE_KIT_01,ING_TOMATO,LOT-B00824,2025-12-29T07:00:00,2026-01-05,55.0,kg,ZN_COLD,0.5,0.902,32.0,whole
B00825,SITE_KIT_01,ING_ONION,LOT-B00825,2025-12-29T07:00:00,2026-01-28,130.0,kg,ZN_DRY,0.5,0.978,38.0,whole
B00826,SITE_KIT_01,ING_POTATO,LOT-B00826,2025-12-29T07:00:00,2026-01-28,68.0,kg,ZN_DRY,0.5,0.939,28.0,whole
B00827,SITE_KIT_01,ING_CAULI,LOT-B00827,2025-12-29T07:00:00,2026-01-08,67.0,kg,ZN_COLD,0.5,0.982,40.0,whole
B00828,SITE_KIT_01,ING_SPINACH,LOT-B00828,2025-12-29T07:00:00,2026-01-02,9.11,kg,ZN_COLD,0.5,0.977,30.0,whole
B00829,SITE_KIT_01,ING_CORIANDER,LOT-B00829,2025-12-29T07:00:00,2026-01-01,1.5,kg,ZN_COLD,0.5,0.938,60.0,whole
B00830,SITE_KIT_01,ING_GCHILLI,LOT-B00830,2025-12-29T07:00:00,2026-01-05,3.0,kg,ZN_COLD,0.5,0.894,70.0,whole
B00831,SITE_KIT_01,ING_GINGER,LOT-B00831,2025-12-29T07:00:00,2026-01-28,6.0,kg,ZN_DRY,0.5,0.933,120.0,whole
B00832,SITE_KIT_01,ING_GARLIC,LOT-B00832,2025-12-29T07:00:00,2026-01-28,4.0,kg,ZN_DRY,0.5,0.953,180.0,whole
B00833,SITE_KIT_01,ING_CARROT,LOT-B00833,2025-12-29T07:00:00,2026-01-08,14.0,kg,ZN_COLD,0.5,0.884,45.0,whole
B00834,SITE_KIT_01,ING_CAPSICUM,LOT-B00834,2025-12-29T07:00:00,2026-01-05,8.0,kg,ZN_COLD,0.5,0.924,80.0,whole
B00835,SITE_KIT_01,ING_CABBAGE,LOT-B00835,2025-12-29T07:00:00,2026-01-08,5.0,kg,ZN_COLD,0.5,0.839,25.0,whole
B00836,SITE_KIT_01,ING_BRINJAL,LOT-B00836,2025-12-29T07:00:00,2026-01-05,8.0,kg,ZN_COLD,0.5,1.0,40.0,whole
B00837,SITE_KIT_01,ING_OKRA,LOT-B00837,2025-12-29T07:00:00,2026-01-05,8.0,kg,ZN_COLD,0.5,0.874,55.0,whole
B00838,SITE_KIT_01,ING_PEAS,LOT-B00838,2025-12-29T07:00:00,2026-01-05,6.0,kg,ZN_COLD,0.5,0.933,90.0,whole
B00839,SITE_KIT_01,ING_MINT,LOT-B00839,2025-12-29T07:00:00,2026-01-01,0.75,kg,ZN_COLD,0.5,0.879,60.0,whole
B00840,SITE_KIT_01,ING_CURRYLEAF,LOT-B00840,2025-12-29T07:00:00,2026-01-01,0.5,kg,ZN_COLD,0.5,0.889,80.0,whole
B00841,SITE_KIT_01,ING_LEMON,LOT-B00841,2025-12-29T07:00:00,2026-01-04,5.0,kg,ZN_COLD,0.5,1.0,90.0,whole
B00842,SITE_KIT_01,ING_BEANS,LOT-B00842,2025-12-29T07:00:00,2026-01-05,15.0,kg,ZN_COLD,0.5,0.905,60.0,whole
B00843,SITE_KIT_01,ING_MUSHROOM,LOT-B00843,2025-12-29T07:00:00,2026-01-05,3.0,kg,ZN_COLD,0.5,0.833,220.0,whole
B00844,SITE_KIT_01,ING_CUCUMBER,LOT-B00844,2025-12-29T07:00:00,2026-01-05,8.0,kg,ZN_COLD,0.5,0.841,35.0,whole
B00845,SITE_KIT_01,ING_BANANA,LOT-B00845,2025-12-29T07:00:00,2026-01-04,15.0,kg,ZN_COLD,0.5,0.897,55.0,whole
B00846,SITE_KIT_01,ING_CHICKEN,LOT-B00846,2025-12-29T07:00:00,2026-01-01,32.0,kg,ZN_FREEZE,0.5,0.935,210.0,whole
B00847,SITE_KIT_01,ING_MUTTON,LOT-B00847,2025-12-29T07:00:00,2026-01-01,17.0,kg,ZN_FREEZE,0.5,0.894,720.0,whole
B00848,SITE_KIT_01,ING_FISH,LOT-B00848,2025-12-29T07:00:00,2026-01-01,14.0,kg,ZN_FREEZE,0.5,0.961,480.0,whole
B00849,SITE_KIT_01,ING_EGG,LOT-B00849,2025-12-29T07:00:00,2026-01-04,5.0,kg,ZN_COLD,0.5,0.924,140.0,whole
B00850,SITE_KIT_01,ING_PANEER,LOT-B00850,2025-12-29T07:00:00,2026-01-04,30.0,kg,ZN_COLD,0.5,0.921,380.0,whole
B00851,SITE_KIT_01,ING_CURD,LOT-B00851,2025-12-29T07:00:00,2026-01-04,26.0,kg,ZN_COLD,0.5,0.886,70.0,whole
B00852,SITE_KIT_01,ING_MILK,LOT-B00852,2025-12-29T07:00:00,2026-01-04,4.0,kg,ZN_COLD,0.5,0.92,58.0,whole
B00853,SITE_KIT_01,ING_CREAM,LOT-B00853,2025-12-29T07:00:00,2026-01-04,6.0,kg,ZN_COLD,0.5,0.951,220.0,whole
B00854,SITE_KIT_01,ING_BUTTER,LOT-B00854,2025-12-29T07:00:00,2026-01-04,7.0,kg,ZN_COLD,0.5,0.894,520.0,whole
B00855,SITE_KIT_01,ING_BATTER,LOT-B00855,2025-12-29T07:00:00,2025-12-31,17.0,kg,ZN_COLD,0.5,1.0,70.0,whole
B00856,SITE_KIT_01,ING_SPINACH,LOT-B00856,2025-12-30T07:00:00,2026-01-03,10.0,kg,ZN_COLD,0.5,0.915,30.0,whole
B00857,SITE_KIT_01,ING_CORIANDER,LOT-B00857,2025-12-30T07:00:00,2026-01-02,1.5,kg,ZN_COLD,0.5,0.948,60.0,whole
B00858,SITE_KIT_01,ING_MINT,LOT-B00858,2025-12-30T07:00:00,2026-01-02,0.75,kg,ZN_COLD,0.5,1.0,60.0,whole
B00859,SITE_KIT_01,ING_CURRYLEAF,LOT-B00859,2025-12-30T07:00:00,2026-01-02,0.75,kg,ZN_COLD,0.5,1.0,80.0,whole
B00860,SITE_KIT_01,ING_BATTER,LOT-B00860,2025-12-30T07:00:00,2026-01-01,16.0,kg,ZN_COLD,0.5,0.955,70.0,whole
B00861,SITE_KIT_01,ING_TOMATO,LOT-B00861,2025-12-31T07:00:00,2026-01-07,37.0,kg,ZN_COLD,0.5,0.919,32.0,whole
B00862,SITE_KIT_01,ING_CAULI,LOT-B00862,2025-12-31T07:00:00,2026-01-10,39.0,kg,ZN_COLD,0.5,0.937,40.0,whole
B00863,SITE_KIT_01,ING_SPINACH,LOT-B00863,2025-12-31T07:00:00,2026-01-04,9.0,kg,ZN_COLD,0.5,0.999,30.0,whole
B00864,SITE_KIT_01,ING_CORIANDER,LOT-B00864,2025-12-31T07:00:00,2026-01-03,1.5,kg,ZN_COLD,0.5,0.961,60.0,whole
B00865,SITE_KIT_01,ING_GCHILLI,LOT-B00865,2025-12-31T07:00:00,2026-01-07,2.0,kg,ZN_COLD,0.5,0.954,70.0,whole
B00866,SITE_KIT_01,ING_CARROT,LOT-B00866,2025-12-31T07:00:00,2026-01-10,11.0,kg,ZN_COLD,0.5,0.918,45.0,whole
B00867,SITE_KIT_01,ING_CAPSICUM,LOT-B00867,2025-12-31T07:00:00,2026-01-07,6.977,kg,ZN_COLD,0.5,0.87,80.0,whole
B00868,SITE_KIT_01,ING_CABBAGE,LOT-B00868,2025-12-31T07:00:00,2026-01-10,4.0,kg,ZN_COLD,0.5,0.959,25.0,whole
B00869,SITE_KIT_01,ING_BRINJAL,LOT-B00869,2025-12-31T07:00:00,2026-01-07,7.0,kg,ZN_COLD,0.5,0.94,40.0,whole
B00870,SITE_KIT_01,ING_OKRA,LOT-B00870,2025-12-31T07:00:00,2026-01-07,8.0,kg,ZN_COLD,0.5,0.946,55.0,whole
B00871,SITE_KIT_01,ING_PEAS,LOT-B00871,2025-12-31T07:00:00,2026-01-07,5.0,kg,ZN_COLD,0.5,0.923,90.0,whole
B00872,SITE_KIT_01,ING_MINT,LOT-B00872,2025-12-31T07:00:00,2026-01-03,1.25,kg,ZN_COLD,0.5,0.902,60.0,whole
B00873,SITE_KIT_01,ING_CURRYLEAF,LOT-B00873,2025-12-31T07:00:00,2026-01-03,0.75,kg,ZN_COLD,0.5,0.922,80.0,whole
B00874,SITE_KIT_01,ING_LEMON,LOT-B00874,2025-12-31T07:00:00,2026-01-06,7.0,kg,ZN_COLD,0.5,0.876,90.0,whole
B00875,SITE_KIT_01,ING_BEANS,LOT-B00875,2025-12-31T07:00:00,2026-01-07,2.0,kg,ZN_COLD,0.5,0.936,60.0,whole
B00876,SITE_KIT_01,ING_MUSHROOM,LOT-B00876,2025-12-31T07:00:00,2026-01-07,2.0,kg,ZN_COLD,0.5,0.878,220.0,whole
B00877,SITE_KIT_01,ING_CUCUMBER,LOT-B00877,2025-12-31T07:00:00,2026-01-07,8.0,kg,ZN_COLD,0.5,0.961,35.0,whole
B00878,SITE_KIT_01,ING_BANANA,LOT-B00878,2025-12-31T07:00:00,2026-01-06,10.0,kg,ZN_COLD,0.5,0.976,55.0,whole
B00879,SITE_KIT_01,ING_CHICKEN,LOT-B00879,2025-12-31T07:00:00,2026-01-03,19.0,kg,ZN_FREEZE,0.5,0.836,210.0,whole
B00880,SITE_KIT_01,ING_MUTTON,LOT-B00880,2025-12-31T07:00:00,2026-01-03,9.0,kg,ZN_FREEZE,0.5,0.945,720.0,whole
B00881,SITE_KIT_01,ING_FISH,LOT-B00881,2025-12-31T07:00:00,2026-01-03,8.0,kg,ZN_FREEZE,0.5,0.95,480.0,whole
B00882,SITE_KIT_01,ING_EGG,LOT-B00882,2025-12-31T07:00:00,2026-01-06,5.0,kg,ZN_COLD,0.5,0.953,140.0,whole
B00883,SITE_KIT_01,ING_PANEER,LOT-B00883,2025-12-31T07:00:00,2026-01-06,20.0,kg,ZN_COLD,0.5,0.919,380.0,whole
B00884,SITE_KIT_01,ING_CURD,LOT-B00884,2025-12-31T07:00:00,2026-01-06,14.0,kg,ZN_COLD,0.5,1.0,70.0,whole
B00885,SITE_KIT_01,ING_MILK,LOT-B00885,2025-12-31T07:00:00,2026-01-06,3.0,kg,ZN_COLD,0.5,0.993,58.0,whole
B00886,SITE_KIT_01,ING_CREAM,LOT-B00886,2025-12-31T07:00:00,2026-01-06,7.0,kg,ZN_COLD,0.5,0.931,220.0,whole
B00887,SITE_KIT_01,ING_BUTTER,LOT-B00887,2025-12-31T07:00:00,2026-01-06,4.0,kg,ZN_COLD,0.5,1.0,520.0,whole
B00888,SITE_KIT_01,ING_BATTER,LOT-B00888,2025-12-31T07:00:00,2026-01-02,15.0,kg,ZN_COLD,0.5,0.87,70.0,whole
B00889,SITE_KIT_01,ING_SPINACH,LOT-B00889,2026-01-01T07:00:00,2026-01-05,10.0,kg,ZN_COLD,0.5,0.92,30.0,whole
B00890,SITE_KIT_01,ING_CORIANDER,LOT-B00890,2026-01-01T07:00:00,2026-01-04,1.5,kg,ZN_COLD,0.5,0.899,60.0,whole
B00891,SITE_KIT_01,ING_MINT,LOT-B00891,2026-01-01T07:00:00,2026-01-04,0.75,kg,ZN_COLD,0.5,0.926,60.0,whole
B00892,SITE_KIT_01,ING_CURRYLEAF,LOT-B00892,2026-01-01T07:00:00,2026-01-04,0.75,kg,ZN_COLD,0.5,0.82,80.0,whole
B00893,SITE_KIT_01,ING_BATTER,LOT-B00893,2026-01-01T07:00:00,2026-01-03,26.0,kg,ZN_COLD,0.5,0.896,70.0,whole
B00894,SITE_KIT_01,ING_TOMATO,LOT-B00894,2026-01-02T07:00:00,2026-01-09,54.0,kg,ZN_COLD,0.5,0.884,32.0,whole
B00895,SITE_KIT_01,ING_ONION,LOT-B00895,2026-01-02T07:00:00,2026-02-01,105.655,kg,ZN_DRY,0.5,0.882,38.0,whole
B00896,SITE_KIT_01,ING_POTATO,LOT-B00896,2026-01-02T07:00:00,2026-02-01,62.0,kg,ZN_DRY,0.5,0.955,28.0,whole
B00897,SITE_KIT_01,ING_CAULI,LOT-B00897,2026-01-02T07:00:00,2026-01-12,66.0,kg,ZN_COLD,0.5,0.948,40.0,whole
B00898,SITE_KIT_01,ING_SPINACH,LOT-B00898,2026-01-02T07:00:00,2026-01-06,9.234,kg,ZN_COLD,0.5,0.954,30.0,whole
B00899,SITE_KIT_01,ING_CORIANDER,LOT-B00899,2026-01-02T07:00:00,2026-01-05,1.5,kg,ZN_COLD,0.5,0.941,60.0,whole
B00900,SITE_KIT_01,ING_GCHILLI,LOT-B00900,2026-01-02T07:00:00,2026-01-09,4.0,kg,ZN_COLD,0.5,0.956,70.0,whole
B00901,SITE_KIT_01,ING_GINGER,LOT-B00901,2026-01-02T07:00:00,2026-02-01,4.0,kg,ZN_DRY,0.5,0.981,120.0,whole
B00902,SITE_KIT_01,ING_GARLIC,LOT-B00902,2026-01-02T07:00:00,2026-02-01,10.0,kg,ZN_DRY,0.5,0.989,180.0,whole
B00903,SITE_KIT_01,ING_CARROT,LOT-B00903,2026-01-02T07:00:00,2026-01-12,14.0,kg,ZN_COLD,0.5,0.908,45.0,whole
B00904,SITE_KIT_01,ING_CAPSICUM,LOT-B00904,2026-01-02T07:00:00,2026-01-09,10.0,kg,ZN_COLD,0.5,0.948,80.0,whole
B00905,SITE_KIT_01,ING_CABBAGE,LOT-B00905,2026-01-02T07:00:00,2026-01-12,6.0,kg,ZN_COLD,0.5,0.989,25.0,whole
B00906,SITE_KIT_01,ING_BRINJAL,LOT-B00906,2026-01-02T07:00:00,2026-01-09,9.0,kg,ZN_COLD,0.5,0.904,40.0,whole
B00907,SITE_KIT_01,ING_OKRA,LOT-B00907,2026-01-02T07:00:00,2026-01-09,9.0,kg,ZN_COLD,0.5,0.989,55.0,whole
B00908,SITE_KIT_01,ING_PEAS,LOT-B00908,2026-01-02T07:00:00,2026-01-09,6.603,kg,ZN_COLD,0.5,0.883,90.0,whole
B00909,SITE_KIT_01,ING_MINT,LOT-B00909,2026-01-02T07:00:00,2026-01-05,0.697,kg,ZN_COLD,0.5,0.892,60.0,whole
B00910,SITE_KIT_01,ING_CURRYLEAF,LOT-B00910,2026-01-02T07:00:00,2026-01-05,0.5,kg,ZN_COLD,0.5,0.852,80.0,whole
B00911,SITE_KIT_01,ING_LEMON,LOT-B00911,2026-01-02T07:00:00,2026-01-08,5.0,kg,ZN_COLD,0.5,0.908,90.0,whole
B00912,SITE_KIT_01,ING_BEANS,LOT-B00912,2026-01-02T07:00:00,2026-01-09,8.0,kg,ZN_COLD,0.5,0.933,60.0,whole
B00913,SITE_KIT_01,ING_MUSHROOM,LOT-B00913,2026-01-02T07:00:00,2026-01-09,3.0,kg,ZN_COLD,0.5,0.9,220.0,whole
B00914,SITE_KIT_01,ING_CUCUMBER,LOT-B00914,2026-01-02T07:00:00,2026-01-09,9.358,kg,ZN_COLD,0.5,0.932,35.0,whole
B00915,SITE_KIT_01,ING_BANANA,LOT-B00915,2026-01-02T07:00:00,2026-01-08,7.948,kg,ZN_COLD,0.5,0.866,55.0,whole
B00916,SITE_KIT_01,ING_CHICKEN,LOT-B00916,2026-01-02T07:00:00,2026-01-05,31.0,kg,ZN_FREEZE,0.5,0.917,210.0,whole
B00917,SITE_KIT_01,ING_MUTTON,LOT-B00917,2026-01-02T07:00:00,2026-01-05,23.0,kg,ZN_FREEZE,0.5,0.917,720.0,whole
B00918,SITE_KIT_01,ING_FISH,LOT-B00918,2026-01-02T07:00:00,2026-01-05,13.0,kg,ZN_FREEZE,0.5,0.888,480.0,whole
B00919,SITE_KIT_01,ING_EGG,LOT-B00919,2026-01-02T07:00:00,2026-01-08,6.0,kg,ZN_COLD,0.5,0.885,140.0,whole
B00920,SITE_KIT_01,ING_PANEER,LOT-B00920,2026-01-02T07:00:00,2026-01-08,28.0,kg,ZN_COLD,0.5,0.933,380.0,whole
B00921,SITE_KIT_01,ING_CURD,LOT-B00921,2026-01-02T07:00:00,2026-01-08,25.0,kg,ZN_COLD,0.5,0.923,70.0,whole
B00922,SITE_KIT_01,ING_MILK,LOT-B00922,2026-01-02T07:00:00,2026-01-08,4.0,kg,ZN_COLD,0.5,0.985,58.0,whole
B00923,SITE_KIT_01,ING_CREAM,LOT-B00923,2026-01-02T07:00:00,2026-01-08,6.0,kg,ZN_COLD,0.5,0.951,220.0,whole
B00924,SITE_KIT_01,ING_BUTTER,LOT-B00924,2026-01-02T07:00:00,2026-01-08,7.0,kg,ZN_COLD,0.5,0.97,520.0,whole
B00925,SITE_KIT_01,ING_BATTER,LOT-B00925,2026-01-02T07:00:00,2026-01-04,17.0,kg,ZN_COLD,0.5,1.0,70.0,whole
B00926,SITE_KIT_01,ING_SPINACH,LOT-B00926,2026-01-03T07:00:00,2026-01-07,10.0,kg,ZN_COLD,0.5,0.948,30.0,whole
B00927,SITE_KIT_01,ING_CORIANDER,LOT-B00927,2026-01-03T07:00:00,2026-01-06,1.5,kg,ZN_COLD,0.5,0.975,60.0,whole
B00928,SITE_KIT_01,ING_MINT,LOT-B00928,2026-01-03T07:00:00,2026-01-06,0.75,kg,ZN_COLD,0.5,0.993,60.0,whole
B00929,SITE_KIT_01,ING_CURRYLEAF,LOT-B00929,2026-01-03T07:00:00,2026-01-06,0.75,kg,ZN_COLD,0.5,0.959,80.0,whole
B00930,SITE_KIT_01,ING_GHEE,LOT-B00930,2026-01-03T07:00:00,2026-07-02,25.0,kg,ZN_DRY,0.5,0.961,640.0,whole
B00931,SITE_KIT_01,ING_RICE,LOT-B00931,2026-01-03T07:00:00,2026-07-02,210.0,kg,ZN_DRY,0.5,0.848,120.0,whole
B00932,SITE_KIT_01,ING_ATTA,LOT-B00932,2026-01-03T07:00:00,2026-07-02,160.0,kg,ZN_DRY,0.5,0.995,48.0,whole
B00933,SITE_KIT_01,ING_BESAN,LOT-B00933,2026-01-03T07:00:00,2026-07-02,10.0,kg,ZN_DRY,0.5,0.989,90.0,whole
B00934,SITE_KIT_01,ING_OIL,LOT-B00934,2026-01-03T07:00:00,2026-07-02,20.0,kg,ZN_DRY,0.5,0.982,145.0,whole
B00935,SITE_KIT_01,ING_CASHEW,LOT-B00935,2026-01-03T07:00:00,2026-07-02,10.0,kg,ZN_DRY,0.5,0.985,850.0,whole
B00936,SITE_KIT_01,ING_COCONUT,LOT-B00936,2026-01-03T07:00:00,2026-07-02,10.0,kg,ZN_DRY,0.5,0.944,45.0,whole
B00937,SITE_KIT_01,ING_TOORDAL,LOT-B00937,2026-01-03T07:00:00,2026-07-02,40.0,kg,ZN_DRY,0.5,0.94,165.0,whole
B00938,SITE_KIT_01,ING_BATTER,LOT-B00938,2026-01-03T07:00:00,2026-01-05,16.0,kg,ZN_COLD,0.5,1.0,70.0,whole
B00939,SITE_KIT_01,ING_TOMATO,LOT-B00939,2026-01-04T07:00:00,2026-01-11,91.0,kg,ZN_COLD,0.5,0.906,32.0,whole
B00940,SITE_KIT_01,ING_CAULI,LOT-B00940,2026-01-04T07:00:00,2026-01-14,64.0,kg,ZN_COLD,0.5,0.912,40.0,whole
B00941,SITE_KIT_01,ING_SPINACH,LOT-B00941,2026-01-04T07:00:00,2026-01-08,11.0,kg,ZN_COLD,0.5,0.987,30.0,whole
B00942,SITE_KIT_01,ING_CORIANDER,LOT-B00942,2026-01-04T07:00:00,2026-01-07,1.5,kg,ZN_COLD,0.5,0.935,60.0,whole
B00943,SITE_KIT_01,ING_GCHILLI,LOT-B00943,2026-01-04T07:00:00,2026-01-11,3.0,kg,ZN_COLD,0.5,0.946,70.0,whole
B00944,SITE_KIT_01,ING_CARROT,LOT-B00944,2026-01-04T07:00:00,2026-01-14,15.0,kg,ZN_COLD,0.5,0.981,45.0,whole
B00945,SITE_KIT_01,ING_CAPSICUM,LOT-B00945,2026-01-04T07:00:00,2026-01-11,8.57,kg,ZN_COLD,0.5,0.869,80.0,whole
B00946,SITE_KIT_01,ING_CABBAGE,LOT-B00946,2026-01-04T07:00:00,2026-01-14,7.0,kg,ZN_COLD,0.5,0.937,25.0,whole
B00947,SITE_KIT_01,ING_BRINJAL,LOT-B00947,2026-01-04T07:00:00,2026-01-11,8.0,kg,ZN_COLD,0.5,0.797,40.0,whole
B00948,SITE_KIT_01,ING_OKRA,LOT-B00948,2026-01-04T07:00:00,2026-01-11,9.019,kg,ZN_COLD,0.5,0.891,55.0,whole
B00949,SITE_KIT_01,ING_PEAS,LOT-B00949,2026-01-04T07:00:00,2026-01-11,7.0,kg,ZN_COLD,0.5,0.908,90.0,whole
B00950,SITE_KIT_01,ING_MINT,LOT-B00950,2026-01-04T07:00:00,2026-01-07,0.75,kg,ZN_COLD,0.5,0.845,60.0,whole
B00951,SITE_KIT_01,ING_CURRYLEAF,LOT-B00951,2026-01-04T07:00:00,2026-01-07,0.75,kg,ZN_COLD,0.5,0.931,80.0,whole
B00952,SITE_KIT_01,ING_LEMON,LOT-B00952,2026-01-04T07:00:00,2026-01-10,5.0,kg,ZN_COLD,0.5,0.969,90.0,whole
B00953,SITE_KIT_01,ING_BEANS,LOT-B00953,2026-01-04T07:00:00,2026-01-11,9.0,kg,ZN_COLD,0.5,0.9,60.0,whole
B00954,SITE_KIT_01,ING_MUSHROOM,LOT-B00954,2026-01-04T07:00:00,2026-01-11,3.0,kg,ZN_COLD,0.5,0.869,220.0,whole
B00955,SITE_KIT_01,ING_CUCUMBER,LOT-B00955,2026-01-04T07:00:00,2026-01-11,11.0,kg,ZN_COLD,0.5,0.909,35.0,whole
B00956,SITE_KIT_01,ING_BANANA,LOT-B00956,2026-01-04T07:00:00,2026-01-10,10.0,kg,ZN_COLD,0.5,0.912,55.0,whole
B00957,SITE_KIT_01,ING_CHICKEN,LOT-B00957,2026-01-04T07:00:00,2026-01-07,34.0,kg,ZN_FREEZE,0.5,1.0,210.0,whole
B00958,SITE_KIT_01,ING_MUTTON,LOT-B00958,2026-01-04T07:00:00,2026-01-07,11.0,kg,ZN_FREEZE,0.5,1.0,720.0,whole
B00959,SITE_KIT_01,ING_FISH,LOT-B00959,2026-01-04T07:00:00,2026-01-07,15.0,kg,ZN_FREEZE,0.5,0.905,480.0,whole
B00960,SITE_KIT_01,ING_EGG,LOT-B00960,2026-01-04T07:00:00,2026-01-10,6.0,kg,ZN_COLD,0.5,0.929,140.0,whole
B00961,SITE_KIT_01,ING_PANEER,LOT-B00961,2026-01-04T07:00:00,2026-01-10,32.0,kg,ZN_COLD,0.5,1.0,380.0,whole
B00962,SITE_KIT_01,ING_CURD,LOT-B00962,2026-01-04T07:00:00,2026-01-10,24.0,kg,ZN_COLD,0.5,0.83,70.0,whole
B00963,SITE_KIT_01,ING_MILK,LOT-B00963,2026-01-04T07:00:00,2026-01-10,4.0,kg,ZN_COLD,0.5,0.835,58.0,whole
B00964,SITE_KIT_01,ING_CREAM,LOT-B00964,2026-01-04T07:00:00,2026-01-10,5.0,kg,ZN_COLD,0.5,0.922,220.0,whole
B00965,SITE_KIT_01,ING_BUTTER,LOT-B00965,2026-01-04T07:00:00,2026-01-10,7.0,kg,ZN_COLD,0.5,0.959,520.0,whole
B00966,SITE_KIT_01,ING_BATTER,LOT-B00966,2026-01-04T07:00:00,2026-01-06,16.0,kg,ZN_COLD,0.5,0.957,70.0,whole
B00967,SITE_KIT_01,ING_SPINACH,LOT-B00967,2026-01-05T07:00:00,2026-01-09,15.0,kg,ZN_COLD,0.5,0.984,30.0,whole
B00968,SITE_KIT_01,ING_CORIANDER,LOT-B00968,2026-01-05T07:00:00,2026-01-08,1.5,kg,ZN_COLD,0.5,0.965,60.0,whole
B00969,SITE_KIT_01,ING_MINT,LOT-B00969,2026-01-05T07:00:00,2026-01-08,1.0,kg,ZN_COLD,0.5,0.828,60.0,whole
B00970,SITE_KIT_01,ING_CURRYLEAF,LOT-B00970,2026-01-05T07:00:00,2026-01-08,0.712,kg,ZN_COLD,0.5,0.92,80.0,whole
B00971,SITE_KIT_01,ING_BATTER,LOT-B00971,2026-01-05T07:00:00,2026-01-07,16.0,kg,ZN_COLD,0.5,0.987,70.0,whole
B00972,SITE_KIT_01,ING_TOMATO,LOT-B00972,2026-01-06T07:00:00,2026-01-13,16.0,kg,ZN_COLD,0.5,0.93,32.0,whole
B00973,SITE_KIT_01,ING_ONION,LOT-B00973,2026-01-06T07:00:00,2026-02-05,140.0,kg,ZN_DRY,0.5,0.985,38.0,whole
B00974,SITE_KIT_01,ING_POTATO,LOT-B00974,2026-01-06T07:00:00,2026-02-05,52.0,kg,ZN_DRY,0.5,0.998,28.0,whole
B00975,SITE_KIT_01,ING_CAULI,LOT-B00975,2026-01-06T07:00:00,2026-01-16,49.0,kg,ZN_COLD,0.5,0.952,40.0,whole
B00976,SITE_KIT_01,ING_SPINACH,LOT-B00976,2026-01-06T07:00:00,2026-01-10,11.0,kg,ZN_COLD,0.5,0.935,30.0,whole
B00977,SITE_KIT_01,ING_CORIANDER,LOT-B00977,2026-01-06T07:00:00,2026-01-09,1.981,kg,ZN_COLD,0.5,0.946,60.0,whole
B00978,SITE_KIT_01,ING_GCHILLI,LOT-B00978,2026-01-06T07:00:00,2026-01-13,3.0,kg,ZN_COLD,0.5,0.913,70.0,whole
B00979,SITE_KIT_01,ING_GINGER,LOT-B00979,2026-01-06T07:00:00,2026-02-05,4.0,kg,ZN_DRY,0.5,0.949,120.0,whole
B00980,SITE_KIT_01,ING_GARLIC,LOT-B00980,2026-01-06T07:00:00,2026-02-05,3.735,kg,ZN_DRY,0.5,0.846,180.0,whole
B00981,SITE_KIT_01,ING_CARROT,LOT-B00981,2026-01-06T07:00:00,2026-01-16,13.0,kg,ZN_COLD,0.5,1.0,45.0,whole
B00982,SITE_KIT_01,ING_CAPSICUM,LOT-B00982,2026-01-06T07:00:00,2026-01-13,7.0,kg,ZN_COLD,0.5,1.0,80.0,whole
B00983,SITE_KIT_01,ING_CABBAGE,LOT-B00983,2026-01-06T07:00:00,2026-01-16,5.0,kg,ZN_COLD,0.5,0.937,25.0,whole
B00984,SITE_KIT_01,ING_BRINJAL,LOT-B00984,2026-01-06T07:00:00,2026-01-13,7.0,kg,ZN_COLD,0.5,0.962,40.0,whole
B00985,SITE_KIT_01,ING_OKRA,LOT-B00985,2026-01-06T07:00:00,2026-01-13,9.0,kg,ZN_COLD,0.5,1.0,55.0,whole
B00986,SITE_KIT_01,ING_PEAS,LOT-B00986,2026-01-06T07:00:00,2026-01-13,5.758,kg,ZN_COLD,0.5,1.0,90.0,whole
B00987,SITE_KIT_01,ING_MINT,LOT-B00987,2026-01-06T07:00:00,2026-01-09,0.665,kg,ZN_COLD,0.5,1.0,60.0,whole
B00988,SITE_KIT_01,ING_CURRYLEAF,LOT-B00988,2026-01-06T07:00:00,2026-01-09,0.75,kg,ZN_COLD,0.5,0.814,80.0,whole
B00989,SITE_KIT_01,ING_LEMON,LOT-B00989,2026-01-06T07:00:00,2026-01-12,5.0,kg,ZN_COLD,0.5,0.928,90.0,whole
B00990,SITE_KIT_01,ING_BEANS,LOT-B00990,2026-01-06T07:00:00,2026-01-13,7.0,kg,ZN_COLD,0.5,0.991,60.0,whole
B00991,SITE_KIT_01,ING_MUSHROOM,LOT-B00991,2026-01-06T07:00:00,2026-01-13,2.0,kg,ZN_COLD,0.5,1.0,220.0,whole
B00992,SITE_KIT_01,ING_CUCUMBER,LOT-B00992,2026-01-06T07:00:00,2026-01-13,9.0,kg,ZN_COLD,0.5,1.0,35.0,whole
B00993,SITE_KIT_01,ING_BANANA,LOT-B00993,2026-01-06T07:00:00,2026-01-12,10.0,kg,ZN_COLD,0.5,0.931,55.0,whole
B00994,SITE_KIT_01,ING_CHICKEN,LOT-B00994,2026-01-06T07:00:00,2026-01-09,27.0,kg,ZN_FREEZE,0.5,1.0,210.0,whole
B00995,SITE_KIT_01,ING_MUTTON,LOT-B00995,2026-01-06T07:00:00,2026-01-09,13.0,kg,ZN_FREEZE,0.5,0.902,720.0,whole
B00996,SITE_KIT_01,ING_FISH,LOT-B00996,2026-01-06T07:00:00,2026-01-09,11.0,kg,ZN_FREEZE,0.5,0.904,480.0,whole
B00997,SITE_KIT_01,ING_EGG,LOT-B00997,2026-01-06T07:00:00,2026-01-12,6.0,kg,ZN_COLD,0.5,1.0,140.0,whole
B00998,SITE_KIT_01,ING_PANEER,LOT-B00998,2026-01-06T07:00:00,2026-01-12,23.0,kg,ZN_COLD,0.5,0.845,380.0,whole
B00999,SITE_KIT_01,ING_CURD,LOT-B00999,2026-01-06T07:00:00,2026-01-12,37.0,kg,ZN_COLD,0.5,0.999,70.0,whole
B01000,SITE_KIT_01,ING_MILK,LOT-B01000,2026-01-06T07:00:00,2026-01-12,5.0,kg,ZN_COLD,0.5,0.947,58.0,whole
B01001,SITE_KIT_01,ING_CREAM,LOT-B01001,2026-01-06T07:00:00,2026-01-12,4.0,kg,ZN_COLD,0.5,0.99,220.0,whole
B01002,SITE_KIT_01,ING_BUTTER,LOT-B01002,2026-01-06T07:00:00,2026-01-12,5.0,kg,ZN_COLD,0.5,0.975,520.0,whole
B01003,SITE_KIT_01,ING_BATTER,LOT-B01003,2026-01-06T07:00:00,2026-01-08,15.0,kg,ZN_COLD,0.5,1.0,70.0,whole
B01004,SITE_KIT_01,ING_SPINACH,LOT-B01004,2026-01-07T07:00:00,2026-01-11,14.586,kg,ZN_COLD,0.5,0.942,30.0,whole
B01005,SITE_KIT_01,ING_CORIANDER,LOT-B01005,2026-01-07T07:00:00,2026-01-10,2.25,kg,ZN_COLD,0.5,0.945,60.0,whole
B01006,SITE_KIT_01,ING_MINT,LOT-B01006,2026-01-07T07:00:00,2026-01-10,0.75,kg,ZN_COLD,0.5,0.945,60.0,whole
B01007,SITE_KIT_01,ING_CURRYLEAF,LOT-B01007,2026-01-07T07:00:00,2026-01-10,0.5,kg,ZN_COLD,0.5,0.898,80.0,whole
B01008,SITE_KIT_01,ING_BATTER,LOT-B01008,2026-01-07T07:00:00,2026-01-09,17.0,kg,ZN_COLD,0.5,0.943,70.0,whole
B01009,SITE_KIT_01,ING_TOMATO,LOT-B01009,2026-01-08T07:00:00,2026-01-15,46.0,kg,ZN_COLD,0.5,0.966,32.0,whole
B01010,SITE_KIT_01,ING_CAULI,LOT-B01010,2026-01-08T07:00:00,2026-01-18,38.0,kg,ZN_COLD,0.5,0.832,40.0,whole
B01011,SITE_KIT_01,ING_SPINACH,LOT-B01011,2026-01-08T07:00:00,2026-01-12,10.0,kg,ZN_COLD,0.5,0.952,30.0,whole
B01012,SITE_KIT_01,ING_CORIANDER,LOT-B01012,2026-01-08T07:00:00,2026-01-11,1.5,kg,ZN_COLD,0.5,0.961,60.0,whole
B01013,SITE_KIT_01,ING_GCHILLI,LOT-B01013,2026-01-08T07:00:00,2026-01-15,2.0,kg,ZN_COLD,0.5,0.961,70.0,whole
B01014,SITE_KIT_01,ING_CARROT,LOT-B01014,2026-01-08T07:00:00,2026-01-18,8.159,kg,ZN_COLD,0.5,0.954,45.0,whole
B01015,SITE_KIT_01,ING_CAPSICUM,LOT-B01015,2026-01-08T07:00:00,2026-01-15,6.0,kg,ZN_COLD,0.5,0.932,80.0,whole
B01016,SITE_KIT_01,ING_CABBAGE,LOT-B01016,2026-01-08T07:00:00,2026-01-18,5.0,kg,ZN_COLD,0.5,0.955,25.0,whole
B01017,SITE_KIT_01,ING_BRINJAL,LOT-B01017,2026-01-08T07:00:00,2026-01-15,8.0,kg,ZN_COLD,0.5,0.965,40.0,whole
B01018,SITE_KIT_01,ING_OKRA,LOT-B01018,2026-01-08T07:00:00,2026-01-15,7.0,kg,ZN_COLD,0.5,0.954,55.0,whole
B01019,SITE_KIT_01,ING_PEAS,LOT-B01019,2026-01-08T07:00:00,2026-01-15,7.0,kg,ZN_COLD,0.5,0.903,90.0,whole
B01020,SITE_KIT_01,ING_MINT,LOT-B01020,2026-01-08T07:00:00,2026-01-11,0.75,kg,ZN_COLD,0.5,0.993,60.0,whole
B01021,SITE_KIT_01,ING_CURRYLEAF,LOT-B01021,2026-01-08T07:00:00,2026-01-11,0.5,kg,ZN_COLD,0.5,0.961,80.0,whole
B01022,SITE_KIT_01,ING_LEMON,LOT-B01022,2026-01-08T07:00:00,2026-01-14,5.0,kg,ZN_COLD,0.5,0.951,90.0,whole
B01023,SITE_KIT_01,ING_BEANS,LOT-B01023,2026-01-08T07:00:00,2026-01-15,6.0,kg,ZN_COLD,0.5,0.965,60.0,whole
B01024,SITE_KIT_01,ING_MUSHROOM,LOT-B01024,2026-01-08T07:00:00,2026-01-15,2.0,kg,ZN_COLD,0.5,0.868,220.0,whole
B01025,SITE_KIT_01,ING_CUCUMBER,LOT-B01025,2026-01-08T07:00:00,2026-01-15,5.0,kg,ZN_COLD,0.5,0.978,35.0,whole
B01026,SITE_KIT_01,ING_BANANA,LOT-B01026,2026-01-08T07:00:00,2026-01-14,9.446,kg,ZN_COLD,0.5,0.928,55.0,whole
B01027,SITE_KIT_01,ING_CHICKEN,LOT-B01027,2026-01-08T07:00:00,2026-01-11,17.0,kg,ZN_FREEZE,0.5,0.95,210.0,whole
B01028,SITE_KIT_01,ING_MUTTON,LOT-B01028,2026-01-08T07:00:00,2026-01-11,8.0,kg,ZN_FREEZE,0.5,0.961,720.0,whole
B01029,SITE_KIT_01,ING_FISH,LOT-B01029,2026-01-08T07:00:00,2026-01-11,8.0,kg,ZN_FREEZE,0.5,1.0,480.0,whole
B01030,SITE_KIT_01,ING_EGG,LOT-B01030,2026-01-08T07:00:00,2026-01-14,4.0,kg,ZN_COLD,0.5,1.0,140.0,whole
B01031,SITE_KIT_01,ING_PANEER,LOT-B01031,2026-01-08T07:00:00,2026-01-14,22.0,kg,ZN_COLD,0.5,0.845,380.0,whole
B01032,SITE_KIT_01,ING_CURD,LOT-B01032,2026-01-08T07:00:00,2026-01-14,4.0,kg,ZN_COLD,0.5,1.0,70.0,whole
B01033,SITE_KIT_01,ING_MILK,LOT-B01033,2026-01-08T07:00:00,2026-01-14,3.0,kg,ZN_COLD,0.5,0.826,58.0,whole
B01034,SITE_KIT_01,ING_CREAM,LOT-B01034,2026-01-08T07:00:00,2026-01-14,7.0,kg,ZN_COLD,0.5,0.88,220.0,whole
B01035,SITE_KIT_01,ING_BUTTER,LOT-B01035,2026-01-08T07:00:00,2026-01-14,5.0,kg,ZN_COLD,0.5,0.914,520.0,whole
B01036,SITE_KIT_01,ING_BATTER,LOT-B01036,2026-01-08T07:00:00,2026-01-10,15.0,kg,ZN_COLD,0.5,0.915,70.0,whole
B01037,SITE_KIT_01,ING_SPINACH,LOT-B01037,2026-01-09T07:00:00,2026-01-13,9.0,kg,ZN_COLD,0.5,0.943,30.0,whole
B01038,SITE_KIT_01,ING_CORIANDER,LOT-B01038,2026-01-09T07:00:00,2026-01-12,1.5,kg,ZN_COLD,0.5,0.953,60.0,whole
B01039,SITE_KIT_01,ING_MINT,LOT-B01039,2026-01-09T07:00:00,2026-01-12,0.75,kg,ZN_COLD,0.5,0.863,60.0,whole
B01040,SITE_KIT_01,ING_CURRYLEAF,LOT-B01040,2026-01-09T07:00:00,2026-01-12,0.5,kg,ZN_COLD,0.5,0.841,80.0,whole
B01041,SITE_KIT_01,ING_BATTER,LOT-B01041,2026-01-09T07:00:00,2026-01-11,13.0,kg,ZN_COLD,0.5,0.976,70.0,whole
B01042,SITE_KIT_01,ING_TOMATO,LOT-B01042,2026-01-10T07:00:00,2026-01-17,22.0,kg,ZN_COLD,0.5,0.859,32.0,whole
B01043,SITE_KIT_01,ING_ONION,LOT-B01043,2026-01-10T07:00:00,2026-02-09,94.0,kg,ZN_DRY,0.5,0.902,38.0,whole
B01044,SITE_KIT_01,ING_POTATO,LOT-B01044,2026-01-10T07:00:00,2026-02-09,46.0,kg,ZN_DRY,0.5,0.834,28.0,whole
B01045,SITE_KIT_01,ING_CAULI,LOT-B01045,2026-01-10T07:00:00,2026-01-20,46.0,kg,ZN_COLD,0.5,0.958,40.0,whole
B01046,SITE_KIT_01,ING_SPINACH,LOT-B01046,2026-01-10T07:00:00,2026-01-14,9.0,kg,ZN_COLD,0.5,0.944,30.0,whole
B01047,SITE_KIT_01,ING_CORIANDER,LOT-B01047,2026-01-10T07:00:00,2026-01-13,1.5,kg,ZN_COLD,0.5,0.808,60.0,whole
B01048,SITE_KIT_01,ING_GCHILLI,LOT-B01048,2026-01-10T07:00:00,2026-01-17,3.0,kg,ZN_COLD,0.5,0.984,70.0,whole
B01049,SITE_KIT_01,ING_GINGER,LOT-B01049,2026-01-10T07:00:00,2026-02-09,4.0,kg,ZN_DRY,0.5,0.858,120.0,whole
B01050,SITE_KIT_01,ING_GARLIC,LOT-B01050,2026-01-10T07:00:00,2026-02-09,4.0,kg,ZN_DRY,0.5,0.832,180.0,whole
B01051,SITE_KIT_01,ING_CARROT,LOT-B01051,2026-01-10T07:00:00,2026-01-20,21.0,kg,ZN_COLD,0.5,0.985,45.0,whole
B01052,SITE_KIT_01,ING_CAPSICUM,LOT-B01052,2026-01-10T07:00:00,2026-01-17,7.0,kg,ZN_COLD,0.5,1.0,80.0,whole
B01053,SITE_KIT_01,ING_CABBAGE,LOT-B01053,2026-01-10T07:00:00,2026-01-20,5.0,kg,ZN_COLD,0.5,0.948,25.0,whole
B01054,SITE_KIT_01,ING_BRINJAL,LOT-B01054,2026-01-10T07:00:00,2026-01-17,7.0,kg,ZN_COLD,0.5,0.968,40.0,whole
B01055,SITE_KIT_01,ING_OKRA,LOT-B01055,2026-01-10T07:00:00,2026-01-17,8.0,kg,ZN_COLD,0.5,1.0,55.0,whole
B01056,SITE_KIT_01,ING_PEAS,LOT-B01056,2026-01-10T07:00:00,2026-01-17,3.0,kg,ZN_COLD,0.5,0.945,90.0,whole
B01057,SITE_KIT_01,ING_MINT,LOT-B01057,2026-01-10T07:00:00,2026-01-13,0.75,kg,ZN_COLD,0.5,0.862,60.0,whole
B01058,SITE_KIT_01,ING_CURRYLEAF,LOT-B01058,2026-01-10T07:00:00,2026-01-13,0.5,kg,ZN_COLD,0.5,0.922,80.0,whole
B01059,SITE_KIT_01,ING_LEMON,LOT-B01059,2026-01-10T07:00:00,2026-01-16,4.0,kg,ZN_COLD,0.5,0.831,90.0,whole
B01060,SITE_KIT_01,ING_BEANS,LOT-B01060,2026-01-10T07:00:00,2026-01-17,7.0,kg,ZN_COLD,0.5,1.0,60.0,whole
B01061,SITE_KIT_01,ING_MUSHROOM,LOT-B01061,2026-01-10T07:00:00,2026-01-17,2.0,kg,ZN_COLD,0.5,0.974,220.0,whole
B01062,SITE_KIT_01,ING_CUCUMBER,LOT-B01062,2026-01-10T07:00:00,2026-01-17,7.0,kg,ZN_COLD,0.5,0.871,35.0,whole
B01063,SITE_KIT_01,ING_BANANA,LOT-B01063,2026-01-10T07:00:00,2026-01-16,9.0,kg,ZN_COLD,0.5,0.891,55.0,whole
B01064,SITE_KIT_01,ING_CHICKEN,LOT-B01064,2026-01-10T07:00:00,2026-01-13,28.0,kg,ZN_FREEZE,0.5,1.0,210.0,whole
B01065,SITE_KIT_01,ING_MUTTON,LOT-B01065,2026-01-10T07:00:00,2026-01-13,14.0,kg,ZN_FREEZE,0.5,0.917,720.0,whole
B01066,SITE_KIT_01,ING_FISH,LOT-B01066,2026-01-10T07:00:00,2026-01-13,11.0,kg,ZN_FREEZE,0.5,0.878,480.0,whole
B01067,SITE_KIT_01,ING_EGG,LOT-B01067,2026-01-10T07:00:00,2026-01-16,5.0,kg,ZN_COLD,0.5,0.912,140.0,whole
B01068,SITE_KIT_01,ING_PANEER,LOT-B01068,2026-01-10T07:00:00,2026-01-16,21.0,kg,ZN_COLD,0.5,0.903,380.0,whole
B01069,SITE_KIT_01,ING_CURD,LOT-B01069,2026-01-10T07:00:00,2026-01-16,21.0,kg,ZN_COLD,0.5,0.984,70.0,whole
B01070,SITE_KIT_01,ING_MILK,LOT-B01070,2026-01-10T07:00:00,2026-01-16,4.0,kg,ZN_COLD,0.5,0.905,58.0,whole
B01071,SITE_KIT_01,ING_CREAM,LOT-B01071,2026-01-10T07:00:00,2026-01-16,2.0,kg,ZN_COLD,0.5,0.843,220.0,whole
B01072,SITE_KIT_01,ING_BUTTER,LOT-B01072,2026-01-10T07:00:00,2026-01-16,6.0,kg,ZN_COLD,0.5,1.0,520.0,whole
B01073,SITE_KIT_01,ING_GHEE,LOT-B01073,2026-01-10T07:00:00,2026-07-09,25.0,kg,ZN_DRY,0.5,1.0,640.0,whole
B01074,SITE_KIT_01,ING_RICE,LOT-B01074,2026-01-10T07:00:00,2026-07-09,190.0,kg,ZN_DRY,0.5,0.988,120.0,whole
B01075,SITE_KIT_01,ING_ATTA,LOT-B01075,2026-01-10T07:00:00,2026-07-09,170.0,kg,ZN_DRY,0.5,0.973,48.0,whole
B01076,SITE_KIT_01,ING_BESAN,LOT-B01076,2026-01-10T07:00:00,2026-07-09,10.0,kg,ZN_DRY,0.5,0.929,90.0,whole
B01077,SITE_KIT_01,ING_OIL,LOT-B01077,2026-01-10T07:00:00,2026-07-09,20.0,kg,ZN_DRY,0.5,0.815,145.0,whole
B01078,SITE_KIT_01,ING_CASHEW,LOT-B01078,2026-01-10T07:00:00,2026-07-09,5.0,kg,ZN_DRY,0.5,1.0,850.0,whole
B01079,SITE_KIT_01,ING_COCONUT,LOT-B01079,2026-01-10T07:00:00,2026-07-09,10.0,kg,ZN_DRY,0.5,0.898,45.0,whole
B01080,SITE_KIT_01,ING_TOORDAL,LOT-B01080,2026-01-10T07:00:00,2026-07-09,30.0,kg,ZN_DRY,0.5,0.966,165.0,whole
B01081,SITE_KIT_01,ING_BATTER,LOT-B01081,2026-01-10T07:00:00,2026-01-12,14.0,kg,ZN_COLD,0.5,0.99,70.0,whole
B01082,SITE_KIT_01,ING_SPINACH,LOT-B01082,2026-01-11T07:00:00,2026-01-15,9.0,kg,ZN_COLD,0.5,0.995,30.0,whole
B01083,SITE_KIT_01,ING_CORIANDER,LOT-B01083,2026-01-11T07:00:00,2026-01-14,1.25,kg,ZN_COLD,0.5,0.917,60.0,whole
B01084,SITE_KIT_01,ING_MINT,LOT-B01084,2026-01-11T07:00:00,2026-01-14,0.75,kg,ZN_COLD,0.5,0.907,60.0,whole
B01085,SITE_KIT_01,ING_CURRYLEAF,LOT-B01085,2026-01-11T07:00:00,2026-01-14,0.5,kg,ZN_COLD,0.5,0.962,80.0,whole
B01086,SITE_KIT_01,ING_BATTER,LOT-B01086,2026-01-11T07:00:00,2026-01-13,16.0,kg,ZN_COLD,0.5,0.996,70.0,whole
B01087,SITE_KIT_01,ING_TOMATO,LOT-B01087,2026-01-12T07:00:00,2026-01-19,47.0,kg,ZN_COLD,0.5,0.874,32.0,whole
B01088,SITE_KIT_01,ING_CAULI,LOT-B01088,2026-01-12T07:00:00,2026-01-22,63.0,kg,ZN_COLD,0.5,0.993,40.0,whole
B01089,SITE_KIT_01,ING_SPINACH,LOT-B01089,2026-01-12T07:00:00,2026-01-16,9.0,kg,ZN_COLD,0.5,1.0,30.0,whole
B01090,SITE_KIT_01,ING_CORIANDER,LOT-B01090,2026-01-12T07:00:00,2026-01-15,1.306,kg,ZN_COLD,0.5,0.983,60.0,whole
B01091,SITE_KIT_01,ING_GCHILLI,LOT-B01091,2026-01-12T07:00:00,2026-01-19,3.0,kg,ZN_COLD,0.5,1.0,70.0,whole
B01092,SITE_KIT_01,ING_CARROT,LOT-B01092,2026-01-12T07:00:00,2026-01-22,7.0,kg,ZN_COLD,0.5,0.922,45.0,whole
B01093,SITE_KIT_01,ING_CAPSICUM,LOT-B01093,2026-01-12T07:00:00,2026-01-19,9.0,kg,ZN_COLD,0.5,1.0,80.0,whole
B01094,SITE_KIT_01,ING_CABBAGE,LOT-B01094,2026-01-12T07:00:00,2026-01-22,10.0,kg,ZN_COLD,0.5,0.951,25.0,whole
B01095,SITE_KIT_01,ING_BRINJAL,LOT-B01095,2026-01-12T07:00:00,2026-01-19,9.0,kg,ZN_COLD,0.5,0.907,40.0,whole
B01096,SITE_KIT_01,ING_OKRA,LOT-B01096,2026-01-12T07:00:00,2026-01-19,8.118,kg,ZN_COLD,0.5,0.926,55.0,whole
B01097,SITE_KIT_01,ING_PEAS,LOT-B01097,2026-01-12T07:00:00,2026-01-19,7.0,kg,ZN_COLD,0.5,1.0,90.0,whole
B01098,SITE_KIT_01,ING_MINT,LOT-B01098,2026-01-12T07:00:00,2026-01-15,0.75,kg,ZN_COLD,0.5,1.0,60.0,whole
B01099,SITE_KIT_01,ING_CURRYLEAF,LOT-B01099,2026-01-12T07:00:00,2026-01-15,0.5,kg,ZN_COLD,0.5,0.916,80.0,whole
B01100,SITE_KIT_01,ING_LEMON,LOT-B01100,2026-01-12T07:00:00,2026-01-18,4.0,kg,ZN_COLD,0.5,0.93,90.0,whole
B01101,SITE_KIT_01,ING_BEANS,LOT-B01101,2026-01-12T07:00:00,2026-01-19,9.0,kg,ZN_COLD,0.5,0.972,60.0,whole
B01102,SITE_KIT_01,ING_MUSHROOM,LOT-B01102,2026-01-12T07:00:00,2026-01-19,3.0,kg,ZN_COLD,0.5,0.869,220.0,whole
B01103,SITE_KIT_01,ING_CUCUMBER,LOT-B01103,2026-01-12T07:00:00,2026-01-19,11.0,kg,ZN_COLD,0.5,0.884,35.0,whole
B01104,SITE_KIT_01,ING_BANANA,LOT-B01104,2026-01-12T07:00:00,2026-01-18,9.0,kg,ZN_COLD,0.5,0.918,55.0,whole
B01105,SITE_KIT_01,ING_CHICKEN,LOT-B01105,2026-01-12T07:00:00,2026-01-15,30.0,kg,ZN_FREEZE,0.5,0.936,210.0,whole
B01106,SITE_KIT_01,ING_MUTTON,LOT-B01106,2026-01-12T07:00:00,2026-01-15,16.0,kg,ZN_FREEZE,0.5,0.937,720.0,whole
B01107,SITE_KIT_01,ING_FISH,LOT-B01107,2026-01-12T07:00:00,2026-01-15,21.0,kg,ZN_FREEZE,0.5,0.938,480.0,whole
B01108,SITE_KIT_01,ING_EGG,LOT-B01108,2026-01-12T07:00:00,2026-01-18,6.0,kg,ZN_COLD,0.5,0.977,140.0,whole
B01109,SITE_KIT_01,ING_PANEER,LOT-B01109,2026-01-12T07:00:00,2026-01-18,29.0,kg,ZN_COLD,0.5,0.966,380.0,whole
B01110,SITE_KIT_01,ING_CURD,LOT-B01110,2026-01-12T07:00:00,2026-01-18,23.0,kg,ZN_COLD,0.5,0.979,70.0,whole
B01111,SITE_KIT_01,ING_MILK,LOT-B01111,2026-01-12T07:00:00,2026-01-18,4.0,kg,ZN_COLD,0.5,0.939,58.0,whole
B01112,SITE_KIT_01,ING_CREAM,LOT-B01112,2026-01-12T07:00:00,2026-01-18,6.0,kg,ZN_COLD,0.5,0.937,220.0,whole
B01113,SITE_KIT_01,ING_BUTTER,LOT-B01113,2026-01-12T07:00:00,2026-01-18,7.0,kg,ZN_COLD,0.5,0.958,520.0,whole
B01114,SITE_KIT_01,ING_BATTER,LOT-B01114,2026-01-12T07:00:00,2026-01-14,28.0,kg,ZN_COLD,0.5,0.935,70.0,whole
B01115,SITE_KIT_01,ING_SPINACH,LOT-B01115,2026-01-13T07:00:00,2026-01-17,9.0,kg,ZN_COLD,0.5,1.0,30.0,whole
B01116,SITE_KIT_01,ING_CORIANDER,LOT-B01116,2026-01-13T07:00:00,2026-01-16,1.25,kg,ZN_COLD,0.5,0.876,60.0,whole
B01117,SITE_KIT_01,ING_MINT,LOT-B01117,2026-01-13T07:00:00,2026-01-16,0.75,kg,ZN_COLD,0.5,0.9,60.0,whole
B01118,SITE_KIT_01,ING_CURRYLEAF,LOT-B01118,2026-01-13T07:00:00,2026-01-16,0.444,kg,ZN_COLD,0.5,1.0,80.0,whole
B01119,SITE_KIT_01,ING_BATTER,LOT-B01119,2026-01-13T07:00:00,2026-01-15,16.0,kg,ZN_COLD,0.5,0.91,70.0,whole
B01120,SITE_KIT_01,ING_TOMATO,LOT-B01120,2026-01-14T07:00:00,2026-01-21,37.0,kg,ZN_COLD,0.5,0.984,32.0,whole
B01121,SITE_KIT_01,ING_ONION,LOT-B01121,2026-01-14T07:00:00,2026-02-13,126.0,kg,ZN_DRY,0.5,0.901,38.0,whole
B01122,SITE_KIT_01,ING_POTATO,LOT-B01122,2026-01-14T07:00:00,2026-02-13,52.0,kg,ZN_DRY,0.5,0.876,28.0,whole
B01123,SITE_KIT_01,ING_CAULI,LOT-B01123,2026-01-14T07:00:00,2026-01-24,41.685,kg,ZN_COLD,0.5,0.965,40.0,whole
B01124,SITE_KIT_01,ING_SPINACH,LOT-B01124,2026-01-14T07:00:00,2026-01-18,9.0,kg,ZN_COLD,0.5,0.932,30.0,whole
B01125,SITE_KIT_01,ING_CORIANDER,LOT-B01125,2026-01-14T07:00:00,2026-01-17,1.5,kg,ZN_COLD,0.5,0.895,60.0,whole
B01126,SITE_KIT_01,ING_GCHILLI,LOT-B01126,2026-01-14T07:00:00,2026-01-21,2.0,kg,ZN_COLD,0.5,0.987,70.0,whole
B01127,SITE_KIT_01,ING_GINGER,LOT-B01127,2026-01-14T07:00:00,2026-02-13,4.0,kg,ZN_DRY,0.5,0.924,120.0,whole
B01128,SITE_KIT_01,ING_GARLIC,LOT-B01128,2026-01-14T07:00:00,2026-02-13,6.0,kg,ZN_DRY,0.5,0.973,180.0,whole
B01129,SITE_KIT_01,ING_CARROT,LOT-B01129,2026-01-14T07:00:00,2026-01-24,8.798,kg,ZN_COLD,0.5,0.923,45.0,whole
B01130,SITE_KIT_01,ING_CAPSICUM,LOT-B01130,2026-01-14T07:00:00,2026-01-21,6.0,kg,ZN_COLD,0.5,0.905,80.0,whole
B01131,SITE_KIT_01,ING_CABBAGE,LOT-B01131,2026-01-14T07:00:00,2026-01-24,1.0,kg,ZN_COLD,0.5,0.946,25.0,whole
B01132,SITE_KIT_01,ING_BRINJAL,LOT-B01132,2026-01-14T07:00:00,2026-01-21,6.0,kg,ZN_COLD,0.5,1.0,40.0,whole
B01133,SITE_KIT_01,ING_OKRA,LOT-B01133,2026-01-14T07:00:00,2026-01-21,8.0,kg,ZN_COLD,0.5,1.0,55.0,whole
B01134,SITE_KIT_01,ING_PEAS,LOT-B01134,2026-01-14T07:00:00,2026-01-21,5.0,kg,ZN_COLD,0.5,0.938,90.0,whole
B01135,SITE_KIT_01,ING_MINT,LOT-B01135,2026-01-14T07:00:00,2026-01-17,0.75,kg,ZN_COLD,0.5,0.926,60.0,whole
B01136,SITE_KIT_01,ING_CURRYLEAF,LOT-B01136,2026-01-14T07:00:00,2026-01-17,0.5,kg,ZN_COLD,0.5,0.945,80.0,whole
B01137,SITE_KIT_01,ING_LEMON,LOT-B01137,2026-01-14T07:00:00,2026-01-20,4.0,kg,ZN_COLD,0.5,0.935,90.0,whole
B01138,SITE_KIT_01,ING_BEANS,LOT-B01138,2026-01-14T07:00:00,2026-01-21,5.702,kg,ZN_COLD,0.5,0.935,60.0,whole
B01139,SITE_KIT_01,ING_MUSHROOM,LOT-B01139,2026-01-14T07:00:00,2026-01-21,2.0,kg,ZN_COLD,0.5,0.93,220.0,whole
B01140,SITE_KIT_01,ING_CUCUMBER,LOT-B01140,2026-01-14T07:00:00,2026-01-21,6.0,kg,ZN_COLD,0.5,0.938,35.0,whole
B01141,SITE_KIT_01,ING_BANANA,LOT-B01141,2026-01-14T07:00:00,2026-01-20,9.0,kg,ZN_COLD,0.5,0.918,55.0,whole
B01142,SITE_KIT_01,ING_CHICKEN,LOT-B01142,2026-01-14T07:00:00,2026-01-17,23.0,kg,ZN_FREEZE,0.5,0.971,210.0,whole
B01143,SITE_KIT_01,ING_MUTTON,LOT-B01143,2026-01-14T07:00:00,2026-01-17,8.0,kg,ZN_FREEZE,0.5,0.893,720.0,whole
B01144,SITE_KIT_01,ING_FISH,LOT-B01144,2026-01-14T07:00:00,2026-01-17,4.0,kg,ZN_FREEZE,0.5,0.923,480.0,whole
B01145,SITE_KIT_01,ING_EGG,LOT-B01145,2026-01-14T07:00:00,2026-01-20,5.0,kg,ZN_COLD,0.5,1.0,140.0,whole
B01146,SITE_KIT_01,ING_PANEER,LOT-B01146,2026-01-14T07:00:00,2026-01-20,21.0,kg,ZN_COLD,0.5,1.0,380.0,whole
B01147,SITE_KIT_01,ING_CURD,LOT-B01147,2026-01-14T07:00:00,2026-01-20,18.0,kg,ZN_COLD,0.5,0.89,70.0,whole
B01148,SITE_KIT_01,ING_MILK,LOT-B01148,2026-01-14T07:00:00,2026-01-20,4.0,kg,ZN_COLD,0.5,0.954,58.0,whole
B01149,SITE_KIT_01,ING_CREAM,LOT-B01149,2026-01-14T07:00:00,2026-01-20,4.0,kg,ZN_COLD,0.5,0.927,220.0,whole
B01150,SITE_KIT_01,ING_BUTTER,LOT-B01150,2026-01-14T07:00:00,2026-01-20,5.0,kg,ZN_COLD,0.5,0.967,520.0,whole
B01151,SITE_KIT_01,ING_BATTER,LOT-B01151,2026-01-14T07:00:00,2026-01-16,14.0,kg,ZN_COLD,0.5,0.918,70.0,whole
B01152,SITE_KIT_01,ING_SPINACH,LOT-B01152,2026-01-15T07:00:00,2026-01-19,9.0,kg,ZN_COLD,0.5,0.933,30.0,whole
B01153,SITE_KIT_01,ING_CORIANDER,LOT-B01153,2026-01-15T07:00:00,2026-01-18,1.117,kg,ZN_COLD,0.5,0.977,60.0,whole
B01154,SITE_KIT_01,ING_MINT,LOT-B01154,2026-01-15T07:00:00,2026-01-18,0.914,kg,ZN_COLD,0.5,0.91,60.0,whole
B01155,SITE_KIT_01,ING_CURRYLEAF,LOT-B01155,2026-01-15T07:00:00,2026-01-18,0.5,kg,ZN_COLD,0.5,0.949,80.0,whole
B01156,SITE_KIT_01,ING_BATTER,LOT-B01156,2026-01-15T07:00:00,2026-01-17,16.0,kg,ZN_COLD,0.5,0.943,70.0,whole
B01157,SITE_KIT_01,ING_TOMATO,LOT-B01157,2026-01-16T07:00:00,2026-01-23,51.0,kg,ZN_COLD,0.5,1.0,32.0,whole
B01158,SITE_KIT_01,ING_CAULI,LOT-B01158,2026-01-16T07:00:00,2026-01-26,57.0,kg,ZN_COLD,0.5,0.887,40.0,whole
B01159,SITE_KIT_01,ING_SPINACH,LOT-B01159,2026-01-16T07:00:00,2026-01-20,9.0,kg,ZN_COLD,0.5,0.927,30.0,whole
B01160,SITE_KIT_01,ING_CORIANDER,LOT-B01160,2026-01-16T07:00:00,2026-01-19,1.5,kg,ZN_COLD,0.5,0.897,60.0,whole
B01161,SITE_KIT_01,ING_GCHILLI,LOT-B01161,2026-01-16T07:00:00,2026-01-23,3.0,kg,ZN_COLD,0.5,0.989,70.0,whole
B01162,SITE_KIT_01,ING_CARROT,LOT-B01162,2026-01-16T07:00:00,2026-01-26,13.936,kg,ZN_COLD,0.5,0.826,45.0,whole
B01163,SITE_KIT_01,ING_CAPSICUM,LOT-B01163,2026-01-16T07:00:00,2026-01-23,6.115,kg,ZN_COLD,0.5,0.942,80.0,whole
B01164,SITE_KIT_01,ING_CABBAGE,LOT-B01164,2026-01-16T07:00:00,2026-01-26,5.0,kg,ZN_COLD,0.5,0.904,25.0,whole
B01165,SITE_KIT_01,ING_BRINJAL,LOT-B01165,2026-01-16T07:00:00,2026-01-23,7.29,kg,ZN_COLD,0.5,0.905,40.0,whole
B01166,SITE_KIT_01,ING_OKRA,LOT-B01166,2026-01-16T07:00:00,2026-01-23,9.0,kg,ZN_COLD,0.5,0.971,55.0,whole
B01167,SITE_KIT_01,ING_PEAS,LOT-B01167,2026-01-16T07:00:00,2026-01-23,4.487,kg,ZN_COLD,0.5,0.952,90.0,whole
B01168,SITE_KIT_01,ING_MINT,LOT-B01168,2026-01-16T07:00:00,2026-01-19,0.75,kg,ZN_COLD,0.5,0.949,60.0,whole
B01169,SITE_KIT_01,ING_CURRYLEAF,LOT-B01169,2026-01-16T07:00:00,2026-01-19,1.0,kg,ZN_COLD,0.5,0.912,80.0,whole
B01170,SITE_KIT_01,ING_LEMON,LOT-B01170,2026-01-16T07:00:00,2026-01-22,8.0,kg,ZN_COLD,0.5,0.918,90.0,whole
B01171,SITE_KIT_01,ING_BEANS,LOT-B01171,2026-01-16T07:00:00,2026-01-23,8.0,kg,ZN_COLD,0.5,0.949,60.0,whole
B01172,SITE_KIT_01,ING_MUSHROOM,LOT-B01172,2026-01-16T07:00:00,2026-01-23,3.0,kg,ZN_COLD,0.5,0.989,220.0,whole
B01173,SITE_KIT_01,ING_CUCUMBER,LOT-B01173,2026-01-16T07:00:00,2026-01-23,9.0,kg,ZN_COLD,0.5,0.999,35.0,whole
B01174,SITE_KIT_01,ING_BANANA,LOT-B01174,2026-01-16T07:00:00,2026-01-22,10.0,kg,ZN_COLD,0.5,0.884,55.0,whole
B01175,SITE_KIT_01,ING_CHICKEN,LOT-B01175,2026-01-16T07:00:00,2026-01-19,41.0,kg,ZN_FREEZE,0.5,0.911,210.0,whole
B01176,SITE_KIT_01,ING_MUTTON,LOT-B01176,2026-01-16T07:00:00,2026-01-19,14.0,kg,ZN_FREEZE,0.5,0.927,720.0,whole
B01177,SITE_KIT_01,ING_FISH,LOT-B01177,2026-01-16T07:00:00,2026-01-19,9.0,kg,ZN_FREEZE,0.5,0.874,480.0,whole
B01178,SITE_KIT_01,ING_EGG,LOT-B01178,2026-01-16T07:00:00,2026-01-22,5.0,kg,ZN_COLD,0.5,0.923,140.0,whole
B01179,SITE_KIT_01,ING_PANEER,LOT-B01179,2026-01-16T07:00:00,2026-01-22,26.0,kg,ZN_COLD,0.5,0.978,380.0,whole
B01180,SITE_KIT_01,ING_CURD,LOT-B01180,2026-01-16T07:00:00,2026-01-22,23.0,kg,ZN_COLD,0.5,0.903,70.0,whole
B01181,SITE_KIT_01,ING_MILK,LOT-B01181,2026-01-16T07:00:00,2026-01-22,5.0,kg,ZN_COLD,0.5,0.951,58.0,whole
B01182,SITE_KIT_01,ING_CREAM,LOT-B01182,2026-01-16T07:00:00,2026-01-22,6.0,kg,ZN_COLD,0.5,0.955,220.0,whole
B01183,SITE_KIT_01,ING_BUTTER,LOT-B01183,2026-01-16T07:00:00,2026-01-22,6.0,kg,ZN_COLD,0.5,0.874,520.0,whole
B01184,SITE_KIT_01,ING_BATTER,LOT-B01184,2026-01-16T07:00:00,2026-01-18,16.0,kg,ZN_COLD,0.5,0.927,70.0,whole
B01185,SITE_KIT_01,ING_SPINACH,LOT-B01185,2026-01-17T07:00:00,2026-01-21,10.0,kg,ZN_COLD,0.5,0.94,30.0,whole
B01186,SITE_KIT_01,ING_CORIANDER,LOT-B01186,2026-01-17T07:00:00,2026-01-20,1.5,kg,ZN_COLD,0.5,0.948,60.0,whole
B01187,SITE_KIT_01,ING_MINT,LOT-B01187,2026-01-17T07:00:00,2026-01-20,0.75,kg,ZN_COLD,0.5,0.855,60.0,whole
B01188,SITE_KIT_01,ING_CURRYLEAF,LOT-B01188,2026-01-17T07:00:00,2026-01-20,0.445,kg,ZN_COLD,0.5,0.976,80.0,whole
B01189,SITE_KIT_01,ING_GHEE,LOT-B01189,2026-01-17T07:00:00,2026-07-16,25.0,kg,ZN_DRY,0.5,0.993,640.0,whole
B01190,SITE_KIT_01,ING_RICE,LOT-B01190,2026-01-17T07:00:00,2026-07-16,190.0,kg,ZN_DRY,0.5,1.0,120.0,whole
B01191,SITE_KIT_01,ING_ATTA,LOT-B01191,2026-01-17T07:00:00,2026-07-16,165.0,kg,ZN_DRY,0.5,0.951,48.0,whole
B01192,SITE_KIT_01,ING_BESAN,LOT-B01192,2026-01-17T07:00:00,2026-07-16,5.0,kg,ZN_DRY,0.5,0.975,90.0,whole
B01193,SITE_KIT_01,ING_OIL,LOT-B01193,2026-01-17T07:00:00,2026-07-16,20.0,kg,ZN_DRY,0.5,0.927,145.0,whole
B01194,SITE_KIT_01,ING_CASHEW,LOT-B01194,2026-01-17T07:00:00,2026-07-16,10.0,kg,ZN_DRY,0.5,0.981,850.0,whole
B01195,SITE_KIT_01,ING_COCONUT,LOT-B01195,2026-01-17T07:00:00,2026-07-16,10.0,kg,ZN_DRY,0.5,0.925,45.0,whole
B01196,SITE_KIT_01,ING_TOORDAL,LOT-B01196,2026-01-17T07:00:00,2026-07-16,40.0,kg,ZN_DRY,0.5,0.905,165.0,whole
B01197,SITE_KIT_01,ING_BATTER,LOT-B01197,2026-01-17T07:00:00,2026-01-19,15.0,kg,ZN_COLD,0.5,1.0,70.0,whole
B01198,SITE_KIT_01,ING_TOMATO,LOT-B01198,2026-01-18T07:00:00,2026-01-25,47.0,kg,ZN_COLD,0.5,0.882,32.0,whole
B01199,SITE_KIT_01,ING_ONION,LOT-B01199,2026-01-18T07:00:00,2026-02-17,146.0,kg,ZN_DRY,0.5,0.953,38.0,whole
B01200,SITE_KIT_01,ING_POTATO,LOT-B01200,2026-01-18T07:00:00,2026-02-17,58.59,kg,ZN_DRY,0.5,0.933,28.0,whole
B01201,SITE_KIT_01,ING_CAULI,LOT-B01201,2026-01-18T07:00:00,2026-01-28,68.0,kg,ZN_COLD,0.5,0.923,40.0,whole
B01202,SITE_KIT_01,ING_SPINACH,LOT-B01202,2026-01-18T07:00:00,2026-01-22,12.69,kg,ZN_COLD,0.5,0.911,30.0,whole
B01203,SITE_KIT_01,ING_CORIANDER,LOT-B01203,2026-01-18T07:00:00,2026-01-21,1.5,kg,ZN_COLD,0.5,0.932,60.0,whole
B01204,SITE_KIT_01,ING_GCHILLI,LOT-B01204,2026-01-18T07:00:00,2026-01-25,3.0,kg,ZN_COLD,0.5,0.979,70.0,whole
B01205,SITE_KIT_01,ING_GINGER,LOT-B01205,2026-01-18T07:00:00,2026-02-17,4.0,kg,ZN_DRY,0.5,0.991,120.0,whole
B01206,SITE_KIT_01,ING_GARLIC,LOT-B01206,2026-01-18T07:00:00,2026-02-17,8.0,kg,ZN_DRY,0.5,0.949,180.0,whole
B01207,SITE_KIT_01,ING_CARROT,LOT-B01207,2026-01-18T07:00:00,2026-01-28,14.078,kg,ZN_COLD,0.5,0.93,45.0,whole
B01208,SITE_KIT_01,ING_CAPSICUM,LOT-B01208,2026-01-18T07:00:00,2026-01-25,10.0,kg,ZN_COLD,0.5,0.925,80.0,whole
B01209,SITE_KIT_01,ING_CABBAGE,LOT-B01209,2026-01-18T07:00:00,2026-01-28,6.0,kg,ZN_COLD,0.5,0.955,25.0,whole
B01210,SITE_KIT_01,ING_BRINJAL,LOT-B01210,2026-01-18T07:00:00,2026-01-25,10.0,kg,ZN_COLD,0.5,0.941,40.0,whole
B01211,SITE_KIT_01,ING_OKRA,LOT-B01211,2026-01-18T07:00:00,2026-01-25,11.0,kg,ZN_COLD,0.5,0.9,55.0,whole
B01212,SITE_KIT_01,ING_PEAS,LOT-B01212,2026-01-18T07:00:00,2026-01-25,6.998,kg,ZN_COLD,0.5,0.921,90.0,whole
B01213,SITE_KIT_01,ING_MINT,LOT-B01213,2026-01-18T07:00:00,2026-01-21,0.75,kg,ZN_COLD,0.5,0.964,60.0,whole
B01214,SITE_KIT_01,ING_CURRYLEAF,LOT-B01214,2026-01-18T07:00:00,2026-01-21,0.5,kg,ZN_COLD,0.5,1.0,80.0,whole
B01215,SITE_KIT_01,ING_LEMON,LOT-B01215,2026-01-18T07:00:00,2026-01-24,4.0,kg,ZN_COLD,0.5,0.885,90.0,whole
B01216,SITE_KIT_01,ING_BEANS,LOT-B01216,2026-01-18T07:00:00,2026-01-25,10.0,kg,ZN_COLD,0.5,0.868,60.0,whole
B01217,SITE_KIT_01,ING_MUSHROOM,LOT-B01217,2026-01-18T07:00:00,2026-01-25,3.0,kg,ZN_COLD,0.5,0.921,220.0,whole
B01218,SITE_KIT_01,ING_CUCUMBER,LOT-B01218,2026-01-18T07:00:00,2026-01-25,10.0,kg,ZN_COLD,0.5,0.942,35.0,whole
B01219,SITE_KIT_01,ING_BANANA,LOT-B01219,2026-01-18T07:00:00,2026-01-24,9.0,kg,ZN_COLD,0.5,0.836,55.0,whole
B01220,SITE_KIT_01,ING_CHICKEN,LOT-B01220,2026-01-18T07:00:00,2026-01-21,23.0,kg,ZN_FREEZE,0.5,1.0,210.0,whole
B01221,SITE_KIT_01,ING_MUTTON,LOT-B01221,2026-01-18T07:00:00,2026-01-21,16.0,kg,ZN_FREEZE,0.5,0.893,720.0,whole
B01222,SITE_KIT_01,ING_FISH,LOT-B01222,2026-01-18T07:00:00,2026-01-21,15.0,kg,ZN_FREEZE,0.5,1.0,480.0,whole
B01223,SITE_KIT_01,ING_EGG,LOT-B01223,2026-01-18T07:00:00,2026-01-24,7.0,kg,ZN_COLD,0.5,0.906,140.0,whole
B01224,SITE_KIT_01,ING_PANEER,LOT-B01224,2026-01-18T07:00:00,2026-01-24,30.0,kg,ZN_COLD,0.5,0.952,380.0,whole
B01225,SITE_KIT_01,ING_CURD,LOT-B01225,2026-01-18T07:00:00,2026-01-24,24.0,kg,ZN_COLD,0.5,0.945,70.0,whole
B01226,SITE_KIT_01,ING_MILK,LOT-B01226,2026-01-18T07:00:00,2026-01-24,5.0,kg,ZN_COLD,0.5,0.932,58.0,whole
B01227,SITE_KIT_01,ING_CREAM,LOT-B01227,2026-01-18T07:00:00,2026-01-24,6.0,kg,ZN_COLD,0.5,0.902,220.0,whole
B01228,SITE_KIT_01,ING_BUTTER,LOT-B01228,2026-01-18T07:00:00,2026-01-24,10.0,kg,ZN_COLD,0.5,1.0,520.0,whole
B01229,SITE_KIT_01,ING_BATTER,LOT-B01229,2026-01-18T07:00:00,2026-01-20,17.0,kg,ZN_COLD,0.5,0.951,70.0,whole
B01230,SITE_KIT_01,ING_SPINACH,LOT-B01230,2026-01-19T07:00:00,2026-01-23,8.926,kg,ZN_COLD,0.5,0.944,30.0,whole
B01231,SITE_KIT_01,ING_CORIANDER,LOT-B01231,2026-01-19T07:00:00,2026-01-22,1.5,kg,ZN_COLD,0.5,0.883,60.0,whole
B01232,SITE_KIT_01,ING_MINT,LOT-B01232,2026-01-19T07:00:00,2026-01-22,0.75,kg,ZN_COLD,0.5,0.961,60.0,whole
B01233,SITE_KIT_01,ING_CURRYLEAF,LOT-B01233,2026-01-19T07:00:00,2026-01-22,0.75,kg,ZN_COLD,0.5,0.859,80.0,whole
B01234,SITE_KIT_01,ING_BATTER,LOT-B01234,2026-01-19T07:00:00,2026-01-21,15.0,kg,ZN_COLD,0.5,0.867,70.0,whole
B01235,SITE_KIT_01,ING_TOMATO,LOT-B01235,2026-01-20T07:00:00,2026-01-27,40.0,kg,ZN_COLD,0.5,0.904,32.0,whole
B01236,SITE_KIT_01,ING_CAULI,LOT-B01236,2026-01-20T07:00:00,2026-01-30,53.0,kg,ZN_COLD,0.5,0.945,40.0,whole
B01237,SITE_KIT_01,ING_SPINACH,LOT-B01237,2026-01-20T07:00:00,2026-01-24,7.964,kg,ZN_COLD,0.5,0.951,30.0,whole
B01238,SITE_KIT_01,ING_CORIANDER,LOT-B01238,2026-01-20T07:00:00,2026-01-23,1.5,kg,ZN_COLD,0.5,0.86,60.0,whole
B01239,SITE_KIT_01,ING_GCHILLI,LOT-B01239,2026-01-20T07:00:00,2026-01-27,3.0,kg,ZN_COLD,0.5,0.968,70.0,whole
B01240,SITE_KIT_01,ING_CARROT,LOT-B01240,2026-01-20T07:00:00,2026-01-30,14.0,kg,ZN_COLD,0.5,0.893,45.0,whole
B01241,SITE_KIT_01,ING_CAPSICUM,LOT-B01241,2026-01-20T07:00:00,2026-01-27,7.0,kg,ZN_COLD,0.5,1.0,80.0,whole
B01242,SITE_KIT_01,ING_CABBAGE,LOT-B01242,2026-01-20T07:00:00,2026-01-30,5.0,kg,ZN_COLD,0.5,0.979,25.0,whole
B01243,SITE_KIT_01,ING_BRINJAL,LOT-B01243,2026-01-20T07:00:00,2026-01-27,8.0,kg,ZN_COLD,0.5,0.9,40.0,whole
B01244,SITE_KIT_01,ING_OKRA,LOT-B01244,2026-01-20T07:00:00,2026-01-27,7.887,kg,ZN_COLD,0.5,1.0,55.0,whole
B01245,SITE_KIT_01,ING_PEAS,LOT-B01245,2026-01-20T07:00:00,2026-01-27,10.0,kg,ZN_COLD,0.5,1.0,90.0,whole
B01246,SITE_KIT_01,ING_MINT,LOT-B01246,2026-01-20T07:00:00,2026-01-23,0.75,kg,ZN_COLD,0.5,0.896,60.0,whole
B01247,SITE_KIT_01,ING_CURRYLEAF,LOT-B01247,2026-01-20T07:00:00,2026-01-23,0.5,kg,ZN_COLD,0.5,0.988,80.0,whole
B01248,SITE_KIT_01,ING_LEMON,LOT-B01248,2026-01-20T07:00:00,2026-01-26,5.0,kg,ZN_COLD,0.5,0.991,90.0,whole
B01249,SITE_KIT_01,ING_BEANS,LOT-B01249,2026-01-20T07:00:00,2026-01-27,7.0,kg,ZN_COLD,0.5,0.881,60.0,whole
B01250,SITE_KIT_01,ING_MUSHROOM,LOT-B01250,2026-01-20T07:00:00,2026-01-27,3.0,kg,ZN_COLD,0.5,1.0,220.0,whole
B01251,SITE_KIT_01,ING_CUCUMBER,LOT-B01251,2026-01-20T07:00:00,2026-01-27,9.0,kg,ZN_COLD,0.5,0.86,35.0,whole
B01252,SITE_KIT_01,ING_BANANA,LOT-B01252,2026-01-20T07:00:00,2026-01-26,8.438,kg,ZN_COLD,0.5,0.935,55.0,whole
B01253,SITE_KIT_01,ING_CHICKEN,LOT-B01253,2026-01-20T07:00:00,2026-01-23,24.0,kg,ZN_FREEZE,0.5,0.918,210.0,whole
B01254,SITE_KIT_01,ING_MUTTON,LOT-B01254,2026-01-20T07:00:00,2026-01-23,21.0,kg,ZN_FREEZE,0.5,0.92,720.0,whole
B01255,SITE_KIT_01,ING_FISH,LOT-B01255,2026-01-20T07:00:00,2026-01-23,11.0,kg,ZN_FREEZE,0.5,0.962,480.0,whole
B01256,SITE_KIT_01,ING_EGG,LOT-B01256,2026-01-20T07:00:00,2026-01-26,8.0,kg,ZN_COLD,0.5,0.897,140.0,whole
B01257,SITE_KIT_01,ING_PANEER,LOT-B01257,2026-01-20T07:00:00,2026-01-26,24.0,kg,ZN_COLD,0.5,0.93,380.0,whole
B01258,SITE_KIT_01,ING_CURD,LOT-B01258,2026-01-20T07:00:00,2026-01-26,22.0,kg,ZN_COLD,0.5,0.897,70.0,whole
B01259,SITE_KIT_01,ING_MILK,LOT-B01259,2026-01-20T07:00:00,2026-01-26,4.0,kg,ZN_COLD,0.5,0.928,58.0,whole
B01260,SITE_KIT_01,ING_CREAM,LOT-B01260,2026-01-20T07:00:00,2026-01-26,5.0,kg,ZN_COLD,0.5,0.934,220.0,whole
B01261,SITE_KIT_01,ING_BUTTER,LOT-B01261,2026-01-20T07:00:00,2026-01-26,3.0,kg,ZN_COLD,0.5,0.876,520.0,whole
B01262,SITE_KIT_01,ING_BATTER,LOT-B01262,2026-01-20T07:00:00,2026-01-22,17.0,kg,ZN_COLD,0.5,0.931,70.0,whole
B01263,SITE_KIT_01,ING_SPINACH,LOT-B01263,2026-01-21T07:00:00,2026-01-25,10.0,kg,ZN_COLD,0.5,0.98,30.0,whole
B01264,SITE_KIT_01,ING_CORIANDER,LOT-B01264,2026-01-21T07:00:00,2026-01-24,1.5,kg,ZN_COLD,0.5,1.0,60.0,whole
B01265,SITE_KIT_01,ING_MINT,LOT-B01265,2026-01-21T07:00:00,2026-01-24,0.75,kg,ZN_COLD,0.5,1.0,60.0,whole
B01266,SITE_KIT_01,ING_CURRYLEAF,LOT-B01266,2026-01-21T07:00:00,2026-01-24,0.885,kg,ZN_COLD,0.5,0.872,80.0,whole
B01267,SITE_KIT_01,ING_BATTER,LOT-B01267,2026-01-21T07:00:00,2026-01-23,16.0,kg,ZN_COLD,0.5,0.935,70.0,whole
B01268,SITE_KIT_01,ING_TOMATO,LOT-B01268,2026-01-22T07:00:00,2026-01-29,35.025,kg,ZN_COLD,0.5,0.984,32.0,whole
B01269,SITE_KIT_01,ING_ONION,LOT-B01269,2026-01-22T07:00:00,2026-02-21,96.0,kg,ZN_DRY,0.5,0.885,38.0,whole
B01270,SITE_KIT_01,ING_POTATO,LOT-B01270,2026-01-22T07:00:00,2026-02-21,52.0,kg,ZN_DRY,0.5,0.899,28.0,whole
B01271,SITE_KIT_01,ING_CAULI,LOT-B01271,2026-01-22T07:00:00,2026-02-01,39.0,kg,ZN_COLD,0.5,0.916,40.0,whole
B01272,SITE_KIT_01,ING_SPINACH,LOT-B01272,2026-01-22T07:00:00,2026-01-26,8.0,kg,ZN_COLD,0.5,0.924,30.0,whole
B01273,SITE_KIT_01,ING_CORIANDER,LOT-B01273,2026-01-22T07:00:00,2026-01-25,1.25,kg,ZN_COLD,0.5,0.949,60.0,whole
B01274,SITE_KIT_01,ING_GCHILLI,LOT-B01274,2026-01-22T07:00:00,2026-01-29,2.0,kg,ZN_COLD,0.5,1.0,70.0,whole
B01275,SITE_KIT_01,ING_GINGER,LOT-B01275,2026-01-22T07:00:00,2026-02-21,2.0,kg,ZN_DRY,0.5,0.935,120.0,whole
B01276,SITE_KIT_01,ING_GARLIC,LOT-B01276,2026-01-22T07:00:00,2026-02-21,4.0,kg,ZN_DRY,0.5,0.941,180.0,whole
B01277,SITE_KIT_01,ING_CARROT,LOT-B01277,2026-01-22T07:00:00,2026-02-01,10.0,kg,ZN_COLD,0.5,0.995,45.0,whole
B01278,SITE_KIT_01,ING_CAPSICUM,LOT-B01278,2026-01-22T07:00:00,2026-01-29,6.0,kg,ZN_COLD,0.5,0.84,80.0,whole
B01279,SITE_KIT_01,ING_CABBAGE,LOT-B01279,2026-01-22T07:00:00,2026-02-01,4.0,kg,ZN_COLD,0.5,0.991,25.0,whole
B01280,SITE_KIT_01,ING_BRINJAL,LOT-B01280,2026-01-22T07:00:00,2026-01-29,5.0,kg,ZN_COLD,0.5,0.982,40.0,whole
B01281,SITE_KIT_01,ING_OKRA,LOT-B01281,2026-01-22T07:00:00,2026-01-29,5.364,kg,ZN_COLD,0.5,0.911,55.0,whole
B01282,SITE_KIT_01,ING_PEAS,LOT-B01282,2026-01-22T07:00:00,2026-01-29,2.0,kg,ZN_COLD,0.5,1.0,90.0,whole
B01283,SITE_KIT_01,ING_MINT,LOT-B01283,2026-01-22T07:00:00,2026-01-25,0.75,kg,ZN_COLD,0.5,0.856,60.0,whole
B01284,SITE_KIT_01,ING_CURRYLEAF,LOT-B01284,2026-01-22T07:00:00,2026-01-25,0.5,kg,ZN_COLD,0.5,0.96,80.0,whole
B01285,SITE_KIT_01,ING_LEMON,LOT-B01285,2026-01-22T07:00:00,2026-01-28,4.794,kg,ZN_COLD,0.5,0.849,90.0,whole
B01286,SITE_KIT_01,ING_BEANS,LOT-B01286,2026-01-22T07:00:00,2026-01-29,5.431,kg,ZN_COLD,0.5,0.923,60.0,whole
B01287,SITE_KIT_01,ING_MUSHROOM,LOT-B01287,2026-01-22T07:00:00,2026-01-29,2.0,kg,ZN_COLD,0.5,0.952,220.0,whole
B01288,SITE_KIT_01,ING_CUCUMBER,LOT-B01288,2026-01-22T07:00:00,2026-01-29,6.0,kg,ZN_COLD,0.5,0.871,35.0,whole
B01289,SITE_KIT_01,ING_BANANA,LOT-B01289,2026-01-22T07:00:00,2026-01-28,7.076,kg,ZN_COLD,0.5,0.977,55.0,whole
B01290,SITE_KIT_01,ING_CHICKEN,LOT-B01290,2026-01-22T07:00:00,2026-01-25,18.0,kg,ZN_FREEZE,0.5,0.89,210.0,whole
B01291,SITE_KIT_01,ING_MUTTON,LOT-B01291,2026-01-22T07:00:00,2026-01-25,3.0,kg,ZN_FREEZE,0.5,0.985,720.0,whole
B01292,SITE_KIT_01,ING_FISH,LOT-B01292,2026-01-22T07:00:00,2026-01-25,13.0,kg,ZN_FREEZE,0.5,0.939,480.0,whole
B01293,SITE_KIT_01,ING_EGG,LOT-B01293,2026-01-22T07:00:00,2026-01-28,2.0,kg,ZN_COLD,0.5,0.911,140.0,whole
B01294,SITE_KIT_01,ING_PANEER,LOT-B01294,2026-01-22T07:00:00,2026-01-28,19.0,kg,ZN_COLD,0.5,0.945,380.0,whole
B01295,SITE_KIT_01,ING_CURD,LOT-B01295,2026-01-22T07:00:00,2026-01-28,17.0,kg,ZN_COLD,0.5,0.986,70.0,whole
B01296,SITE_KIT_01,ING_MILK,LOT-B01296,2026-01-22T07:00:00,2026-01-28,3.0,kg,ZN_COLD,0.5,0.997,58.0,whole
B01297,SITE_KIT_01,ING_CREAM,LOT-B01297,2026-01-22T07:00:00,2026-01-28,4.0,kg,ZN_COLD,0.5,1.0,220.0,whole
B01298,SITE_KIT_01,ING_BUTTER,LOT-B01298,2026-01-22T07:00:00,2026-01-28,4.0,kg,ZN_COLD,0.5,0.874,520.0,whole
B01299,SITE_KIT_01,ING_BATTER,LOT-B01299,2026-01-22T07:00:00,2026-01-24,14.0,kg,ZN_COLD,0.5,0.944,70.0,whole
B01300,SITE_KIT_01,ING_SPINACH,LOT-B01300,2026-01-23T07:00:00,2026-01-27,9.0,kg,ZN_COLD,0.5,0.964,30.0,whole
B01301,SITE_KIT_01,ING_CORIANDER,LOT-B01301,2026-01-23T07:00:00,2026-01-26,1.347,kg,ZN_COLD,0.5,0.998,60.0,whole
B01302,SITE_KIT_01,ING_MINT,LOT-B01302,2026-01-23T07:00:00,2026-01-26,1.0,kg,ZN_COLD,0.5,0.916,60.0,whole
B01303,SITE_KIT_01,ING_CURRYLEAF,LOT-B01303,2026-01-23T07:00:00,2026-01-26,0.5,kg,ZN_COLD,0.5,1.0,80.0,whole
B01304,SITE_KIT_01,ING_BATTER,LOT-B01304,2026-01-23T07:00:00,2026-01-25,16.0,kg,ZN_COLD,0.5,0.937,70.0,whole
B01305,SITE_KIT_01,ING_TOMATO,LOT-B01305,2026-01-24T07:00:00,2026-01-31,45.0,kg,ZN_COLD,0.5,0.879,32.0,whole
B01306,SITE_KIT_01,ING_CAULI,LOT-B01306,2026-01-24T07:00:00,2026-02-03,50.0,kg,ZN_COLD,0.5,0.995,40.0,whole
B01307,SITE_KIT_01,ING_SPINACH,LOT-B01307,2026-01-24T07:00:00,2026-01-28,14.0,kg,ZN_COLD,0.5,0.858,30.0,whole
B01308,SITE_KIT_01,ING_CORIANDER,LOT-B01308,2026-01-24T07:00:00,2026-01-27,2.0,kg,ZN_COLD,0.5,0.963,60.0,whole
B01309,SITE_KIT_01,ING_GCHILLI,LOT-B01309,2026-01-24T07:00:00,2026-01-31,2.741,kg,ZN_COLD,0.5,0.921,70.0,whole
B01310,SITE_KIT_01,ING_CARROT,LOT-B01310,2026-01-24T07:00:00,2026-02-03,10.817,kg,ZN_COLD,0.5,0.954,45.0,whole
B01311,SITE_KIT_01,ING_CAPSICUM,LOT-B01311,2026-01-24T07:00:00,2026-01-31,7.0,kg,ZN_COLD,0.5,0.839,80.0,whole
B01312,SITE_KIT_01,ING_CABBAGE,LOT-B01312,2026-01-24T07:00:00,2026-02-03,10.0,kg,ZN_COLD,0.5,0.945,25.0,whole
B01313,SITE_KIT_01,ING_BRINJAL,LOT-B01313,2026-01-24T07:00:00,2026-01-31,7.0,kg,ZN_COLD,0.5,0.966,40.0,whole
B01314,SITE_KIT_01,ING_OKRA,LOT-B01314,2026-01-24T07:00:00,2026-01-31,10.0,kg,ZN_COLD,0.5,0.956,55.0,whole
B01315,SITE_KIT_01,ING_PEAS,LOT-B01315,2026-01-24T07:00:00,2026-01-31,5.0,kg,ZN_COLD,0.5,0.991,90.0,whole
B01316,SITE_KIT_01,ING_MINT,LOT-B01316,2026-01-24T07:00:00,2026-01-27,0.75,kg,ZN_COLD,0.5,0.913,60.0,whole
B01317,SITE_KIT_01,ING_CURRYLEAF,LOT-B01317,2026-01-24T07:00:00,2026-01-27,0.5,kg,ZN_COLD,0.5,0.835,80.0,whole
B01318,SITE_KIT_01,ING_LEMON,LOT-B01318,2026-01-24T07:00:00,2026-01-30,5.0,kg,ZN_COLD,0.5,0.973,90.0,whole
B01319,SITE_KIT_01,ING_BEANS,LOT-B01319,2026-01-24T07:00:00,2026-01-31,7.259,kg,ZN_COLD,0.5,0.899,60.0,whole
B01320,SITE_KIT_01,ING_MUSHROOM,LOT-B01320,2026-01-24T07:00:00,2026-01-31,2.0,kg,ZN_COLD,0.5,0.97,220.0,whole
B01321,SITE_KIT_01,ING_CUCUMBER,LOT-B01321,2026-01-24T07:00:00,2026-01-31,9.0,kg,ZN_COLD,0.5,0.966,35.0,whole
B01322,SITE_KIT_01,ING_BANANA,LOT-B01322,2026-01-24T07:00:00,2026-01-30,9.0,kg,ZN_COLD,0.5,0.993,55.0,whole
B01323,SITE_KIT_01,ING_CHICKEN,LOT-B01323,2026-01-24T07:00:00,2026-01-27,27.0,kg,ZN_FREEZE,0.5,0.947,210.0,whole
B01324,SITE_KIT_01,ING_MUTTON,LOT-B01324,2026-01-24T07:00:00,2026-01-27,12.0,kg,ZN_FREEZE,0.5,0.917,720.0,whole
B01325,SITE_KIT_01,ING_FISH,LOT-B01325,2026-01-24T07:00:00,2026-01-27,7.0,kg,ZN_FREEZE,0.5,0.972,480.0,whole
B01326,SITE_KIT_01,ING_EGG,LOT-B01326,2026-01-24T07:00:00,2026-01-30,5.0,kg,ZN_COLD,0.5,0.966,140.0,whole
B01327,SITE_KIT_01,ING_PANEER,LOT-B01327,2026-01-24T07:00:00,2026-01-30,23.0,kg,ZN_COLD,0.5,0.994,380.0,whole
B01328,SITE_KIT_01,ING_CURD,LOT-B01328,2026-01-24T07:00:00,2026-01-30,20.0,kg,ZN_COLD,0.5,0.923,70.0,whole
B01329,SITE_KIT_01,ING_MILK,LOT-B01329,2026-01-24T07:00:00,2026-01-30,4.0,kg,ZN_COLD,0.5,0.977,58.0,whole
B01330,SITE_KIT_01,ING_CREAM,LOT-B01330,2026-01-24T07:00:00,2026-01-30,5.0,kg,ZN_COLD,0.5,0.957,220.0,whole
B01331,SITE_KIT_01,ING_BUTTER,LOT-B01331,2026-01-24T07:00:00,2026-01-30,6.0,kg,ZN_COLD,0.5,0.844,520.0,whole
B01332,SITE_KIT_01,ING_GHEE,LOT-B01332,2026-01-24T07:00:00,2026-07-23,25.0,kg,ZN_DRY,0.5,0.842,640.0,whole
B01333,SITE_KIT_01,ING_RICE,LOT-B01333,2026-01-24T07:00:00,2026-07-23,190.0,kg,ZN_DRY,0.5,0.854,120.0,whole
B01334,SITE_KIT_01,ING_ATTA,LOT-B01334,2026-01-24T07:00:00,2026-07-23,145.0,kg,ZN_DRY,0.5,0.935,48.0,whole
B01335,SITE_KIT_01,ING_BESAN,LOT-B01335,2026-01-24T07:00:00,2026-07-23,10.0,kg,ZN_DRY,0.5,0.973,90.0,whole
B01336,SITE_KIT_01,ING_OIL,LOT-B01336,2026-01-24T07:00:00,2026-07-23,20.0,kg,ZN_DRY,0.5,0.98,145.0,whole
B01337,SITE_KIT_01,ING_CASHEW,LOT-B01337,2026-01-24T07:00:00,2026-07-23,10.0,kg,ZN_DRY,0.5,0.933,850.0,whole
B01338,SITE_KIT_01,ING_COCONUT,LOT-B01338,2026-01-24T07:00:00,2026-07-23,10.0,kg,ZN_DRY,0.5,0.93,45.0,whole
B01339,SITE_KIT_01,ING_TOORDAL,LOT-B01339,2026-01-24T07:00:00,2026-07-23,35.0,kg,ZN_DRY,0.5,0.941,165.0,whole
B01340,SITE_KIT_01,ING_BATTER,LOT-B01340,2026-01-24T07:00:00,2026-01-26,15.0,kg,ZN_COLD,0.5,0.884,70.0,whole
B01341,SITE_KIT_01,ING_SPINACH,LOT-B01341,2026-01-25T07:00:00,2026-01-29,9.0,kg,ZN_COLD,0.5,0.882,30.0,whole
B01342,SITE_KIT_01,ING_CORIANDER,LOT-B01342,2026-01-25T07:00:00,2026-01-28,1.25,kg,ZN_COLD,0.5,0.922,60.0,whole
B01343,SITE_KIT_01,ING_MINT,LOT-B01343,2026-01-25T07:00:00,2026-01-28,0.75,kg,ZN_COLD,0.5,1.0,60.0,whole
B01344,SITE_KIT_01,ING_CURRYLEAF,LOT-B01344,2026-01-25T07:00:00,2026-01-28,1.0,kg,ZN_COLD,0.5,0.96,80.0,whole
B01345,SITE_KIT_01,ING_BATTER,LOT-B01345,2026-01-25T07:00:00,2026-01-27,17.0,kg,ZN_COLD,0.5,0.942,70.0,whole
B01346,SITE_KIT_01,ING_TOMATO,LOT-B01346,2026-01-26T07:00:00,2026-02-02,53.0,kg,ZN_COLD,0.5,0.912,32.0,whole
B01347,SITE_KIT_01,ING_ONION,LOT-B01347,2026-01-26T07:00:00,2026-02-25,132.0,kg,ZN_DRY,0.5,0.93,38.0,whole
B01348,SITE_KIT_01,ING_POTATO,LOT-B01348,2026-01-26T07:00:00,2026-02-25,66.0,kg,ZN_DRY,0.5,0.969,28.0,whole
B01349,SITE_KIT_01,ING_CAULI,LOT-B01349,2026-01-26T07:00:00,2026-02-05,63.0,kg,ZN_COLD,0.5,0.879,40.0,whole
B01350,SITE_KIT_01,ING_SPINACH,LOT-B01350,2026-01-26T07:00:00,2026-01-30,10.0,kg,ZN_COLD,0.5,0.993,30.0,whole
B01351,SITE_KIT_01,ING_CORIANDER,LOT-B01351,2026-01-26T07:00:00,2026-01-29,1.428,kg,ZN_COLD,0.5,0.914,60.0,whole
B01352,SITE_KIT_01,ING_GCHILLI,LOT-B01352,2026-01-26T07:00:00,2026-02-02,3.0,kg,ZN_COLD,0.5,0.978,70.0,whole
B01353,SITE_KIT_01,ING_GINGER,LOT-B01353,2026-01-26T07:00:00,2026-02-25,4.0,kg,ZN_DRY,0.5,0.973,120.0,whole
B01354,SITE_KIT_01,ING_GARLIC,LOT-B01354,2026-01-26T07:00:00,2026-02-25,8.0,kg,ZN_DRY,0.5,1.0,180.0,whole
B01355,SITE_KIT_01,ING_CARROT,LOT-B01355,2026-01-26T07:00:00,2026-02-05,15.0,kg,ZN_COLD,0.5,0.986,45.0,whole
B01356,SITE_KIT_01,ING_CAPSICUM,LOT-B01356,2026-01-26T07:00:00,2026-02-02,10.0,kg,ZN_COLD,0.5,0.976,80.0,whole
B01357,SITE_KIT_01,ING_CABBAGE,LOT-B01357,2026-01-26T07:00:00,2026-02-05,2.721,kg,ZN_COLD,0.5,0.84,25.0,whole
B01358,SITE_KIT_01,ING_BRINJAL,LOT-B01358,2026-01-26T07:00:00,2026-02-02,9.0,kg,ZN_COLD,0.5,0.959,40.0,whole
B01359,SITE_KIT_01,ING_OKRA,LOT-B01359,2026-01-26T07:00:00,2026-02-02,10.0,kg,ZN_COLD,0.5,0.939,55.0,whole
B01360,SITE_KIT_01,ING_PEAS,LOT-B01360,2026-01-26T07:00:00,2026-02-02,6.0,kg,ZN_COLD,0.5,0.88,90.0,whole
B01361,SITE_KIT_01,ING_MINT,LOT-B01361,2026-01-26T07:00:00,2026-01-29,0.75,kg,ZN_COLD,0.5,0.912,60.0,whole
B01362,SITE_KIT_01,ING_CURRYLEAF,LOT-B01362,2026-01-26T07:00:00,2026-01-29,0.479,kg,ZN_COLD,0.5,1.0,80.0,whole
B01363,SITE_KIT_01,ING_LEMON,LOT-B01363,2026-01-26T07:00:00,2026-02-01,4.0,kg,ZN_COLD,0.5,0.942,90.0,whole
B01364,SITE_KIT_01,ING_BEANS,LOT-B01364,2026-01-26T07:00:00,2026-02-02,9.0,kg,ZN_COLD,0.5,0.968,60.0,whole
B01365,SITE_KIT_01,ING_MUSHROOM,LOT-B01365,2026-01-26T07:00:00,2026-02-02,3.0,kg,ZN_COLD,0.5,0.867,220.0,whole
B01366,SITE_KIT_01,ING_CUCUMBER,LOT-B01366,2026-01-26T07:00:00,2026-02-02,8.142,kg,ZN_COLD,0.5,0.938,35.0,whole
B01367,SITE_KIT_01,ING_BANANA,LOT-B01367,2026-01-26T07:00:00,2026-02-01,10.154,kg,ZN_COLD,0.5,0.904,55.0,whole
B01368,SITE_KIT_01,ING_CHICKEN,LOT-B01368,2026-01-26T07:00:00,2026-01-29,29.0,kg,ZN_FREEZE,0.5,0.981,210.0,whole
B01369,SITE_KIT_01,ING_MUTTON,LOT-B01369,2026-01-26T07:00:00,2026-01-29,15.0,kg,ZN_FREEZE,0.5,0.878,720.0,whole
B01370,SITE_KIT_01,ING_FISH,LOT-B01370,2026-01-26T07:00:00,2026-01-29,12.0,kg,ZN_FREEZE,0.5,1.0,480.0,whole
B01371,SITE_KIT_01,ING_EGG,LOT-B01371,2026-01-26T07:00:00,2026-02-01,6.0,kg,ZN_COLD,0.5,0.841,140.0,whole
B01372,SITE_KIT_01,ING_PANEER,LOT-B01372,2026-01-26T07:00:00,2026-02-01,29.0,kg,ZN_COLD,0.5,0.914,380.0,whole
B01373,SITE_KIT_01,ING_CURD,LOT-B01373,2026-01-26T07:00:00,2026-02-01,25.0,kg,ZN_COLD,0.5,0.974,70.0,whole
B01374,SITE_KIT_01,ING_MILK,LOT-B01374,2026-01-26T07:00:00,2026-02-01,4.0,kg,ZN_COLD,0.5,0.937,58.0,whole
B01375,SITE_KIT_01,ING_CREAM,LOT-B01375,2026-01-26T07:00:00,2026-02-01,6.0,kg,ZN_COLD,0.5,0.889,220.0,whole
B01376,SITE_KIT_01,ING_BUTTER,LOT-B01376,2026-01-26T07:00:00,2026-02-01,7.0,kg,ZN_COLD,0.5,0.958,520.0,whole
B01377,SITE_KIT_01,ING_BATTER,LOT-B01377,2026-01-26T07:00:00,2026-01-28,16.0,kg,ZN_COLD,0.5,0.927,70.0,whole
B01378,SITE_KIT_01,ING_SPINACH,LOT-B01378,2026-01-27T07:00:00,2026-01-31,9.0,kg,ZN_COLD,0.5,0.891,30.0,whole
B01379,SITE_KIT_01,ING_CORIANDER,LOT-B01379,2026-01-27T07:00:00,2026-01-30,1.5,kg,ZN_COLD,0.5,1.0,60.0,whole
B01380,SITE_KIT_01,ING_MINT,LOT-B01380,2026-01-27T07:00:00,2026-01-30,0.669,kg,ZN_COLD,0.5,0.911,60.0,whole
B01381,SITE_KIT_01,ING_CURRYLEAF,LOT-B01381,2026-01-27T07:00:00,2026-01-30,0.5,kg,ZN_COLD,0.5,0.995,80.0,whole
B01382,SITE_KIT_01,ING_BATTER,LOT-B01382,2026-01-27T07:00:00,2026-01-29,18.0,kg,ZN_COLD,0.5,0.943,70.0,whole
B01383,SITE_KIT_01,ING_TOMATO,LOT-B01383,2026-01-28T07:00:00,2026-02-04,43.0,kg,ZN_COLD,0.5,1.0,32.0,whole
B01384,SITE_KIT_01,ING_CAULI,LOT-B01384,2026-01-28T07:00:00,2026-02-07,49.0,kg,ZN_COLD,0.5,0.959,40.0,whole
B01385,SITE_KIT_01,ING_SPINACH,LOT-B01385,2026-01-28T07:00:00,2026-02-01,10.0,kg,ZN_COLD,0.5,0.802,30.0,whole
B01386,SITE_KIT_01,ING_CORIANDER,LOT-B01386,2026-01-28T07:00:00,2026-01-31,1.148,kg,ZN_COLD,0.5,0.956,60.0,whole
B01387,SITE_KIT_01,ING_GCHILLI,LOT-B01387,2026-01-28T07:00:00,2026-02-04,2.704,kg,ZN_COLD,0.5,0.994,70.0,whole
B01388,SITE_KIT_01,ING_CARROT,LOT-B01388,2026-01-28T07:00:00,2026-02-07,13.0,kg,ZN_COLD,0.5,0.93,45.0,whole
B01389,SITE_KIT_01,ING_CAPSICUM,LOT-B01389,2026-01-28T07:00:00,2026-02-04,6.0,kg,ZN_COLD,0.5,0.847,80.0,whole
B01390,SITE_KIT_01,ING_CABBAGE,LOT-B01390,2026-01-28T07:00:00,2026-02-07,5.0,kg,ZN_COLD,0.5,0.897,25.0,whole
B01391,SITE_KIT_01,ING_BRINJAL,LOT-B01391,2026-01-28T07:00:00,2026-02-04,8.0,kg,ZN_COLD,0.5,0.921,40.0,whole
B01392,SITE_KIT_01,ING_OKRA,LOT-B01392,2026-01-28T07:00:00,2026-02-04,9.0,kg,ZN_COLD,0.5,0.949,55.0,whole
B01393,SITE_KIT_01,ING_PEAS,LOT-B01393,2026-01-28T07:00:00,2026-02-04,6.0,kg,ZN_COLD,0.5,0.97,90.0,whole
B01394,SITE_KIT_01,ING_MINT,LOT-B01394,2026-01-28T07:00:00,2026-01-31,0.75,kg,ZN_COLD,0.5,0.977,60.0,whole
B01395,SITE_KIT_01,ING_CURRYLEAF,LOT-B01395,2026-01-28T07:00:00,2026-01-31,0.5,kg,ZN_COLD,0.5,0.905,80.0,whole
B01396,SITE_KIT_01,ING_LEMON,LOT-B01396,2026-01-28T07:00:00,2026-02-03,5.0,kg,ZN_COLD,0.5,0.906,90.0,whole
B01397,SITE_KIT_01,ING_BEANS,LOT-B01397,2026-01-28T07:00:00,2026-02-04,8.0,kg,ZN_COLD,0.5,0.923,60.0,whole
B01398,SITE_KIT_01,ING_MUSHROOM,LOT-B01398,2026-01-28T07:00:00,2026-02-04,3.0,kg,ZN_COLD,0.5,0.96,220.0,whole
B01399,SITE_KIT_01,ING_CUCUMBER,LOT-B01399,2026-01-28T07:00:00,2026-02-04,10.0,kg,ZN_COLD,0.5,0.947,35.0,whole
B01400,SITE_KIT_01,ING_BANANA,LOT-B01400,2026-01-28T07:00:00,2026-02-03,10.0,kg,ZN_COLD,0.5,0.847,55.0,whole
B01401,SITE_KIT_01,ING_CHICKEN,LOT-B01401,2026-01-28T07:00:00,2026-01-31,26.0,kg,ZN_FREEZE,0.5,0.901,210.0,whole
B01402,SITE_KIT_01,ING_MUTTON,LOT-B01402,2026-01-28T07:00:00,2026-01-31,12.0,kg,ZN_FREEZE,0.5,0.913,720.0,whole
B01403,SITE_KIT_01,ING_FISH,LOT-B01403,2026-01-28T07:00:00,2026-01-31,12.0,kg,ZN_FREEZE,0.5,0.967,480.0,whole
B01404,SITE_KIT_01,ING_EGG,LOT-B01404,2026-01-28T07:00:00,2026-02-03,5.0,kg,ZN_COLD,0.5,0.986,140.0,whole
B01405,SITE_KIT_01,ING_PANEER,LOT-B01405,2026-01-28T07:00:00,2026-02-03,25.0,kg,ZN_COLD,0.5,0.926,380.0,whole
B01406,SITE_KIT_01,ING_CURD,LOT-B01406,2026-01-28T07:00:00,2026-02-03,20.0,kg,ZN_COLD,0.5,0.887,70.0,whole
B01407,SITE_KIT_01,ING_MILK,LOT-B01407,2026-01-28T07:00:00,2026-02-03,4.0,kg,ZN_COLD,0.5,0.971,58.0,whole
B01408,SITE_KIT_01,ING_CREAM,LOT-B01408,2026-01-28T07:00:00,2026-02-03,6.0,kg,ZN_COLD,0.5,0.909,220.0,whole
B01409,SITE_KIT_01,ING_BUTTER,LOT-B01409,2026-01-28T07:00:00,2026-02-03,5.0,kg,ZN_COLD,0.5,0.985,520.0,whole
B01410,SITE_KIT_01,ING_BATTER,LOT-B01410,2026-01-28T07:00:00,2026-01-30,16.0,kg,ZN_COLD,0.5,0.857,70.0,whole
B01411,SITE_KIT_01,ING_SPINACH,LOT-B01411,2026-01-29T07:00:00,2026-02-02,9.0,kg,ZN_COLD,0.5,0.965,30.0,whole
B01412,SITE_KIT_01,ING_CORIANDER,LOT-B01412,2026-01-29T07:00:00,2026-02-01,1.5,kg,ZN_COLD,0.5,0.921,60.0,whole
B01413,SITE_KIT_01,ING_MINT,LOT-B01413,2026-01-29T07:00:00,2026-02-01,0.682,kg,ZN_COLD,0.5,1.0,60.0,whole
B01414,SITE_KIT_01,ING_CURRYLEAF,LOT-B01414,2026-01-29T07:00:00,2026-02-01,0.75,kg,ZN_COLD,0.5,0.883,80.0,whole
B01415,SITE_KIT_01,ING_BATTER,LOT-B01415,2026-01-29T07:00:00,2026-01-31,18.0,kg,ZN_COLD,0.5,0.91,70.0,whole
B01416,SITE_KIT_01,ING_TOMATO,LOT-B01416,2026-01-30T07:00:00,2026-02-06,35.0,kg,ZN_COLD,0.5,0.965,32.0,whole
B01417,SITE_KIT_01,ING_ONION,LOT-B01417,2026-01-30T07:00:00,2026-03-01,108.0,kg,ZN_DRY,0.5,0.872,38.0,whole
B01418,SITE_KIT_01,ING_POTATO,LOT-B01418,2026-01-30T07:00:00,2026-03-01,52.0,kg,ZN_DRY,0.5,0.834,28.0,whole
B01419,SITE_KIT_01,ING_CAULI,LOT-B01419,2026-01-30T07:00:00,2026-02-09,45.0,kg,ZN_COLD,0.5,1.0,40.0,whole
B01420,SITE_KIT_01,ING_SPINACH,LOT-B01420,2026-01-30T07:00:00,2026-02-03,9.0,kg,ZN_COLD,0.5,0.904,30.0,whole
B01421,SITE_KIT_01,ING_CORIANDER,LOT-B01421,2026-01-30T07:00:00,2026-02-02,1.5,kg,ZN_COLD,0.5,0.966,60.0,whole
B01422,SITE_KIT_01,ING_GCHILLI,LOT-B01422,2026-01-30T07:00:00,2026-02-06,2.0,kg,ZN_COLD,0.5,0.938,70.0,whole
B01423,SITE_KIT_01,ING_GINGER,LOT-B01423,2026-01-30T07:00:00,2026-03-01,3.728,kg,ZN_DRY,0.5,0.94,120.0,whole
B01424,SITE_KIT_01,ING_GARLIC,LOT-B01424,2026-01-30T07:00:00,2026-03-01,6.0,kg,ZN_DRY,0.5,0.933,180.0,whole
B01425,SITE_KIT_01,ING_CARROT,LOT-B01425,2026-01-30T07:00:00,2026-02-09,10.199,kg,ZN_COLD,0.5,0.997,45.0,whole
B01426,SITE_KIT_01,ING_CAPSICUM,LOT-B01426,2026-01-30T07:00:00,2026-02-06,6.0,kg,ZN_COLD,0.5,0.926,80.0,whole
B01427,SITE_KIT_01,ING_CABBAGE,LOT-B01427,2026-01-30T07:00:00,2026-02-09,5.0,kg,ZN_COLD,0.5,1.0,25.0,whole
B01428,SITE_KIT_01,ING_BRINJAL,LOT-B01428,2026-01-30T07:00:00,2026-02-06,6.0,kg,ZN_COLD,0.5,0.939,40.0,whole
B01429,SITE_KIT_01,ING_OKRA,LOT-B01429,2026-01-30T07:00:00,2026-02-06,8.0,kg,ZN_COLD,0.5,1.0,55.0,whole
B01430,SITE_KIT_01,ING_PEAS,LOT-B01430,2026-01-30T07:00:00,2026-02-06,5.0,kg,ZN_COLD,0.5,0.905,90.0,whole
B01431,SITE_KIT_01,ING_MINT,LOT-B01431,2026-01-30T07:00:00,2026-02-02,0.75,kg,ZN_COLD,0.5,0.922,60.0,whole
B01432,SITE_KIT_01,ING_CURRYLEAF,LOT-B01432,2026-01-30T07:00:00,2026-02-02,0.75,kg,ZN_COLD,0.5,0.906,80.0,whole
B01433,SITE_KIT_01,ING_LEMON,LOT-B01433,2026-01-30T07:00:00,2026-02-05,4.0,kg,ZN_COLD,0.5,0.923,90.0,whole
B01434,SITE_KIT_01,ING_BEANS,LOT-B01434,2026-01-30T07:00:00,2026-02-06,7.0,kg,ZN_COLD,0.5,0.92,60.0,whole
B01435,SITE_KIT_01,ING_MUSHROOM,LOT-B01435,2026-01-30T07:00:00,2026-02-06,1.78,kg,ZN_COLD,0.5,0.983,220.0,whole
B01436,SITE_KIT_01,ING_CUCUMBER,LOT-B01436,2026-01-30T07:00:00,2026-02-06,8.0,kg,ZN_COLD,0.5,1.0,35.0,whole
B01437,SITE_KIT_01,ING_BANANA,LOT-B01437,2026-01-30T07:00:00,2026-02-05,10.0,kg,ZN_COLD,0.5,0.989,55.0,whole
B01438,SITE_KIT_01,ING_CHICKEN,LOT-B01438,2026-01-30T07:00:00,2026-02-02,20.0,kg,ZN_FREEZE,0.5,0.936,210.0,whole
B01439,SITE_KIT_01,ING_MUTTON,LOT-B01439,2026-01-30T07:00:00,2026-02-02,10.0,kg,ZN_FREEZE,0.5,1.0,720.0,whole
B01440,SITE_KIT_01,ING_FISH,LOT-B01440,2026-01-30T07:00:00,2026-02-02,10.0,kg,ZN_FREEZE,0.5,0.968,480.0,whole
B01441,SITE_KIT_01,ING_EGG,LOT-B01441,2026-01-30T07:00:00,2026-02-05,7.0,kg,ZN_COLD,0.5,0.955,140.0,whole
B01442,SITE_KIT_01,ING_PANEER,LOT-B01442,2026-01-30T07:00:00,2026-02-05,33.0,kg,ZN_COLD,0.5,0.957,380.0,whole
B01443,SITE_KIT_01,ING_CURD,LOT-B01443,2026-01-30T07:00:00,2026-02-05,16.0,kg,ZN_COLD,0.5,0.976,70.0,whole
B01444,SITE_KIT_01,ING_MILK,LOT-B01444,2026-01-30T07:00:00,2026-02-05,3.0,kg,ZN_COLD,0.5,0.912,58.0,whole
B01445,SITE_KIT_01,ING_CREAM,LOT-B01445,2026-01-30T07:00:00,2026-02-05,4.0,kg,ZN_COLD,0.5,0.912,220.0,whole
B01446,SITE_KIT_01,ING_BUTTER,LOT-B01446,2026-01-30T07:00:00,2026-02-05,5.0,kg,ZN_COLD,0.5,1.0,520.0,whole
B01447,SITE_KIT_01,ING_BATTER,LOT-B01447,2026-01-30T07:00:00,2026-02-01,16.0,kg,ZN_COLD,0.5,0.946,70.0,whole
B01448,SITE_KIT_01,ING_SPINACH,LOT-B01448,2026-01-31T07:00:00,2026-02-04,9.0,kg,ZN_COLD,0.5,0.931,30.0,whole
B01449,SITE_KIT_01,ING_CORIANDER,LOT-B01449,2026-01-31T07:00:00,2026-02-03,1.5,kg,ZN_COLD,0.5,0.884,60.0,whole
B01450,SITE_KIT_01,ING_MINT,LOT-B01450,2026-01-31T07:00:00,2026-02-03,0.75,kg,ZN_COLD,0.5,0.919,60.0,whole
B01451,SITE_KIT_01,ING_CURRYLEAF,LOT-B01451,2026-01-31T07:00:00,2026-02-03,0.75,kg,ZN_COLD,0.5,0.911,80.0,whole
B01452,SITE_KIT_01,ING_GHEE,LOT-B01452,2026-01-31T07:00:00,2026-07-30,25.0,kg,ZN_DRY,0.5,0.942,640.0,whole
B01453,SITE_KIT_01,ING_RICE,LOT-B01453,2026-01-31T07:00:00,2026-07-30,190.0,kg,ZN_DRY,0.5,0.889,120.0,whole
B01454,SITE_KIT_01,ING_ATTA,LOT-B01454,2026-01-31T07:00:00,2026-07-30,165.0,kg,ZN_DRY,0.5,0.888,48.0,whole
B01455,SITE_KIT_01,ING_BESAN,LOT-B01455,2026-01-31T07:00:00,2026-07-30,10.0,kg,ZN_DRY,0.5,0.939,90.0,whole
B01456,SITE_KIT_01,ING_OIL,LOT-B01456,2026-01-31T07:00:00,2026-07-30,20.0,kg,ZN_DRY,0.5,0.891,145.0,whole
B01457,SITE_KIT_01,ING_CASHEW,LOT-B01457,2026-01-31T07:00:00,2026-07-30,5.0,kg,ZN_DRY,0.5,0.936,850.0,whole
B01458,SITE_KIT_01,ING_COCONUT,LOT-B01458,2026-01-31T07:00:00,2026-07-30,10.0,kg,ZN_DRY,0.5,1.0,45.0,whole
B01459,SITE_KIT_01,ING_TOORDAL,LOT-B01459,2026-01-31T07:00:00,2026-07-30,35.0,kg,ZN_DRY,0.5,0.894,165.0,whole
B01460,SITE_KIT_01,ING_BATTER,LOT-B01460,2026-01-31T07:00:00,2026-02-02,16.0,kg,ZN_COLD,0.5,0.961,70.0,whole
B01461,SITE_KIT_01,ING_TOMATO,LOT-B01461,2026-02-01T07:00:00,2026-02-08,78.684,kg,ZN_COLD,0.5,0.941,32.0,whole
B01462,SITE_KIT_01,ING_CAULI,LOT-B01462,2026-02-01T07:00:00,2026-02-11,93.121,kg,ZN_COLD,0.5,1.0,40.0,whole
B01463,SITE_KIT_01,ING_SPINACH,LOT-B01463,2026-02-01T07:00:00,2026-02-05,12.0,kg,ZN_COLD,0.5,0.87,30.0,whole
B01464,SITE_KIT_01,ING_CORIANDER,LOT-B01464,2026-02-01T07:00:00,2026-02-04,1.25,kg,ZN_COLD,0.5,0.953,60.0,whole
B01465,SITE_KIT_01,ING_GCHILLI,LOT-B01465,2026-02-01T07:00:00,2026-02-08,4.0,kg,ZN_COLD,0.5,1.0,70.0,whole
B01466,SITE_KIT_01,ING_CARROT,LOT-B01466,2026-02-01T07:00:00,2026-02-11,16.0,kg,ZN_COLD,0.5,1.0,45.0,whole
B01467,SITE_KIT_01,ING_CAPSICUM,LOT-B01467,2026-02-01T07:00:00,2026-02-08,9.0,kg,ZN_COLD,0.5,1.0,80.0,whole
B01468,SITE_KIT_01,ING_CABBAGE,LOT-B01468,2026-02-01T07:00:00,2026-02-11,6.0,kg,ZN_COLD,0.5,0.896,25.0,whole
B01469,SITE_KIT_01,ING_BRINJAL,LOT-B01469,2026-02-01T07:00:00,2026-02-08,7.062,kg,ZN_COLD,0.5,0.916,40.0,whole
B01470,SITE_KIT_01,ING_OKRA,LOT-B01470,2026-02-01T07:00:00,2026-02-08,9.0,kg,ZN_COLD,0.5,1.0,55.0,whole
B01471,SITE_KIT_01,ING_PEAS,LOT-B01471,2026-02-01T07:00:00,2026-02-08,7.0,kg,ZN_COLD,0.5,0.997,90.0,whole
B01472,SITE_KIT_01,ING_MINT,LOT-B01472,2026-02-01T07:00:00,2026-02-04,0.75,kg,ZN_COLD,0.5,0.957,60.0,whole
B01473,SITE_KIT_01,ING_CURRYLEAF,LOT-B01473,2026-02-01T07:00:00,2026-02-04,0.5,kg,ZN_COLD,0.5,0.919,80.0,whole
B01474,SITE_KIT_01,ING_LEMON,LOT-B01474,2026-02-01T07:00:00,2026-02-07,4.0,kg,ZN_COLD,0.5,0.954,90.0,whole
B01475,SITE_KIT_01,ING_BEANS,LOT-B01475,2026-02-01T07:00:00,2026-02-08,8.589,kg,ZN_COLD,0.5,0.883,60.0,whole
B01476,SITE_KIT_01,ING_MUSHROOM,LOT-B01476,2026-02-01T07:00:00,2026-02-08,4.0,kg,ZN_COLD,0.5,0.969,220.0,whole
B01477,SITE_KIT_01,ING_CUCUMBER,LOT-B01477,2026-02-01T07:00:00,2026-02-08,10.0,kg,ZN_COLD,0.5,0.971,35.0,whole
B01478,SITE_KIT_01,ING_BANANA,LOT-B01478,2026-02-01T07:00:00,2026-02-07,16.0,kg,ZN_COLD,0.5,1.0,55.0,whole
B01479,SITE_KIT_01,ING_CHICKEN,LOT-B01479,2026-02-01T07:00:00,2026-02-04,32.0,kg,ZN_FREEZE,0.5,0.986,210.0,whole
B01480,SITE_KIT_01,ING_MUTTON,LOT-B01480,2026-02-01T07:00:00,2026-02-04,15.0,kg,ZN_FREEZE,0.5,0.949,720.0,whole
B01481,SITE_KIT_01,ING_FISH,LOT-B01481,2026-02-01T07:00:00,2026-02-04,15.0,kg,ZN_FREEZE,0.5,0.834,480.0,whole
B01482,SITE_KIT_01,ING_EGG,LOT-B01482,2026-02-01T07:00:00,2026-02-07,7.0,kg,ZN_COLD,0.5,0.891,140.0,whole
B01483,SITE_KIT_01,ING_PANEER,LOT-B01483,2026-02-01T07:00:00,2026-02-07,20.0,kg,ZN_COLD,0.5,0.922,380.0,whole
B01484,SITE_KIT_01,ING_CURD,LOT-B01484,2026-02-01T07:00:00,2026-02-07,24.0,kg,ZN_COLD,0.5,0.989,70.0,whole
B01485,SITE_KIT_01,ING_MILK,LOT-B01485,2026-02-01T07:00:00,2026-02-07,8.0,kg,ZN_COLD,0.5,0.942,58.0,whole
B01486,SITE_KIT_01,ING_CREAM,LOT-B01486,2026-02-01T07:00:00,2026-02-07,6.0,kg,ZN_COLD,0.5,0.911,220.0,whole
B01487,SITE_KIT_01,ING_BUTTER,LOT-B01487,2026-02-01T07:00:00,2026-02-07,7.0,kg,ZN_COLD,0.5,0.959,520.0,whole
B01488,SITE_KIT_01,ING_BATTER,LOT-B01488,2026-02-01T07:00:00,2026-02-03,13.0,kg,ZN_COLD,0.5,0.954,70.0,whole
B01489,SITE_KIT_01,ING_SPINACH,LOT-B01489,2026-02-02T07:00:00,2026-02-06,11.0,kg,ZN_COLD,0.5,1.0,30.0,whole
B01490,SITE_KIT_01,ING_CORIANDER,LOT-B01490,2026-02-02T07:00:00,2026-02-05,1.5,kg,ZN_COLD,0.5,0.931,60.0,whole
B01491,SITE_KIT_01,ING_MINT,LOT-B01491,2026-02-02T07:00:00,2026-02-05,0.75,kg,ZN_COLD,0.5,0.93,60.0,whole
B01492,SITE_KIT_01,ING_CURRYLEAF,LOT-B01492,2026-02-02T07:00:00,2026-02-05,0.75,kg,ZN_COLD,0.5,0.934,80.0,whole
B01493,SITE_KIT_01,ING_BATTER,LOT-B01493,2026-02-02T07:00:00,2026-02-04,15.0,kg,ZN_COLD,0.5,0.944,70.0,whole
B01494,SITE_KIT_01,ING_TOMATO,LOT-B01494,2026-02-03T07:00:00,2026-02-10,21.0,kg,ZN_COLD,0.5,0.93,32.0,whole
B01495,SITE_KIT_01,ING_ONION,LOT-B01495,2026-02-03T07:00:00,2026-03-05,105.559,kg,ZN_DRY,0.5,0.96,38.0,whole
B01496,SITE_KIT_01,ING_POTATO,LOT-B01496,2026-02-03T07:00:00,2026-03-05,78.0,kg,ZN_DRY,0.5,1.0,28.0,whole
B01497,SITE_KIT_01,ING_CAULI,LOT-B01497,2026-02-03T07:00:00,2026-02-13,27.0,kg,ZN_COLD,0.5,0.942,40.0,whole
B01498,SITE_KIT_01,ING_SPINACH,LOT-B01498,2026-02-03T07:00:00,2026-02-07,8.0,kg,ZN_COLD,0.5,0.907,30.0,whole
B01499,SITE_KIT_01,ING_CORIANDER,LOT-B01499,2026-02-03T07:00:00,2026-02-06,1.25,kg,ZN_COLD,0.5,0.969,60.0,whole
B01500,SITE_KIT_01,ING_GCHILLI,LOT-B01500,2026-02-03T07:00:00,2026-02-10,3.0,kg,ZN_COLD,0.5,0.945,70.0,whole
B01501,SITE_KIT_01,ING_GINGER,LOT-B01501,2026-02-03T07:00:00,2026-03-05,3.578,kg,ZN_DRY,0.5,0.901,120.0,whole
B01502,SITE_KIT_01,ING_GARLIC,LOT-B01502,2026-02-03T07:00:00,2026-03-05,5.294,kg,ZN_DRY,0.5,0.877,180.0,whole
B01503,SITE_KIT_01,ING_CARROT,LOT-B01503,2026-02-03T07:00:00,2026-02-13,11.0,kg,ZN_COLD,0.5,0.88,45.0,whole
B01504,SITE_KIT_01,ING_CAPSICUM,LOT-B01504,2026-02-03T07:00:00,2026-02-10,7.0,kg,ZN_COLD,0.5,0.918,80.0,whole
B01505,SITE_KIT_01,ING_CABBAGE,LOT-B01505,2026-02-03T07:00:00,2026-02-13,4.502,kg,ZN_COLD,0.5,0.891,25.0,whole
B01506,SITE_KIT_01,ING_BRINJAL,LOT-B01506,2026-02-03T07:00:00,2026-02-10,7.862,kg,ZN_COLD,0.5,0.868,40.0,whole
B01507,SITE_KIT_01,ING_OKRA,LOT-B01507,2026-02-03T07:00:00,2026-02-10,9.0,kg,ZN_COLD,0.5,0.916,55.0,whole
B01508,SITE_KIT_01,ING_PEAS,LOT-B01508,2026-02-03T07:00:00,2026-02-10,4.75,kg,ZN_COLD,0.5,0.933,90.0,whole
B01509,SITE_KIT_01,ING_MINT,LOT-B01509,2026-02-03T07:00:00,2026-02-06,0.75,kg,ZN_COLD,0.5,0.878,60.0,whole
B01510,SITE_KIT_01,ING_CURRYLEAF,LOT-B01510,2026-02-03T07:00:00,2026-02-06,0.463,kg,ZN_COLD,0.5,0.922,80.0,whole
B01511,SITE_KIT_01,ING_LEMON,LOT-B01511,2026-02-03T07:00:00,2026-02-09,5.0,kg,ZN_COLD,0.5,0.944,90.0,whole
B01512,SITE_KIT_01,ING_BEANS,LOT-B01512,2026-02-03T07:00:00,2026-02-10,8.0,kg,ZN_COLD,0.5,1.0,60.0,whole
B01513,SITE_KIT_01,ING_MUSHROOM,LOT-B01513,2026-02-03T07:00:00,2026-02-10,2.0,kg,ZN_COLD,0.5,0.968,220.0,whole
B01514,SITE_KIT_01,ING_CUCUMBER,LOT-B01514,2026-02-03T07:00:00,2026-02-10,8.0,kg,ZN_COLD,0.5,0.965,35.0,whole
B01515,SITE_KIT_01,ING_BANANA,LOT-B01515,2026-02-03T07:00:00,2026-02-09,10.0,kg,ZN_COLD,0.5,0.948,55.0,whole
B01516,SITE_KIT_01,ING_CHICKEN,LOT-B01516,2026-02-03T07:00:00,2026-02-06,24.0,kg,ZN_FREEZE,0.5,1.0,210.0,whole
B01517,SITE_KIT_01,ING_MUTTON,LOT-B01517,2026-02-03T07:00:00,2026-02-06,22.0,kg,ZN_FREEZE,0.5,0.916,720.0,whole
B01518,SITE_KIT_01,ING_FISH,LOT-B01518,2026-02-03T07:00:00,2026-02-06,10.0,kg,ZN_FREEZE,0.5,0.932,480.0,whole
B01519,SITE_KIT_01,ING_EGG,LOT-B01519,2026-02-03T07:00:00,2026-02-09,3.0,kg,ZN_COLD,0.5,0.928,140.0,whole
B01520,SITE_KIT_01,ING_PANEER,LOT-B01520,2026-02-03T07:00:00,2026-02-09,35.0,kg,ZN_COLD,0.5,0.967,380.0,whole
B01521,SITE_KIT_01,ING_CURD,LOT-B01521,2026-02-03T07:00:00,2026-02-09,24.0,kg,ZN_COLD,0.5,0.935,70.0,whole
B01522,SITE_KIT_01,ING_MILK,LOT-B01522,2026-02-03T07:00:00,2026-02-09,2.0,kg,ZN_COLD,0.5,0.88,58.0,whole
B01523,SITE_KIT_01,ING_CREAM,LOT-B01523,2026-02-03T07:00:00,2026-02-09,5.0,kg,ZN_COLD,0.5,0.899,220.0,whole
B01524,SITE_KIT_01,ING_BUTTER,LOT-B01524,2026-02-03T07:00:00,2026-02-09,5.0,kg,ZN_COLD,0.5,0.963,520.0,whole
B01525,SITE_KIT_01,ING_BATTER,LOT-B01525,2026-02-03T07:00:00,2026-02-05,13.0,kg,ZN_COLD,0.5,0.978,70.0,whole
B01526,SITE_KIT_01,ING_SPINACH,LOT-B01526,2026-02-04T07:00:00,2026-02-08,9.0,kg,ZN_COLD,0.5,1.0,30.0,whole
B01527,SITE_KIT_01,ING_CORIANDER,LOT-B01527,2026-02-04T07:00:00,2026-02-07,2.0,kg,ZN_COLD,0.5,0.926,60.0,whole
B01528,SITE_KIT_01,ING_MINT,LOT-B01528,2026-02-04T07:00:00,2026-02-07,0.75,kg,ZN_COLD,0.5,1.0,60.0,whole
B01529,SITE_KIT_01,ING_CURRYLEAF,LOT-B01529,2026-02-04T07:00:00,2026-02-07,0.5,kg,ZN_COLD,0.5,0.991,80.0,whole
B01530,SITE_KIT_01,ING_BATTER,LOT-B01530,2026-02-04T07:00:00,2026-02-06,14.0,kg,ZN_COLD,0.5,0.871,70.0,whole
B01531,SITE_KIT_01,ING_TOMATO,LOT-B01531,2026-02-05T07:00:00,2026-02-12,34.0,kg,ZN_COLD,0.5,0.929,32.0,whole
B01532,SITE_KIT_01,ING_CAULI,LOT-B01532,2026-02-05T07:00:00,2026-02-15,45.0,kg,ZN_COLD,0.5,1.0,40.0,whole
B01533,SITE_KIT_01,ING_SPINACH,LOT-B01533,2026-02-05T07:00:00,2026-02-09,9.0,kg,ZN_COLD,0.5,0.925,30.0,whole
B01534,SITE_KIT_01,ING_CORIANDER,LOT-B01534,2026-02-05T07:00:00,2026-02-08,1.399,kg,ZN_COLD,0.5,0.951,60.0,whole
B01535,SITE_KIT_01,ING_GCHILLI,LOT-B01535,2026-02-05T07:00:00,2026-02-12,2.0,kg,ZN_COLD,0.5,0.895,70.0,whole
B01536,SITE_KIT_01,ING_CARROT,LOT-B01536,2026-02-05T07:00:00,2026-02-15,11.0,kg,ZN_COLD,0.5,0.836,45.0,whole
B01537,SITE_KIT_01,ING_CAPSICUM,LOT-B01537,2026-02-05T07:00:00,2026-02-12,6.0,kg,ZN_COLD,0.5,1.0,80.0,whole
B01538,SITE_KIT_01,ING_CABBAGE,LOT-B01538,2026-02-05T07:00:00,2026-02-15,6.0,kg,ZN_COLD,0.5,0.983,25.0,whole
B01539,SITE_KIT_01,ING_BRINJAL,LOT-B01539,2026-02-05T07:00:00,2026-02-12,7.0,kg,ZN_COLD,0.5,0.898,40.0,whole
B01540,SITE_KIT_01,ING_OKRA,LOT-B01540,2026-02-05T07:00:00,2026-02-12,7.0,kg,ZN_COLD,0.5,0.853,55.0,whole
B01541,SITE_KIT_01,ING_PEAS,LOT-B01541,2026-02-05T07:00:00,2026-02-12,6.0,kg,ZN_COLD,0.5,1.0,90.0,whole
B01542,SITE_KIT_01,ING_MINT,LOT-B01542,2026-02-05T07:00:00,2026-02-08,1.0,kg,ZN_COLD,0.5,1.0,60.0,whole
B01543,SITE_KIT_01,ING_CURRYLEAF,LOT-B01543,2026-02-05T07:00:00,2026-02-08,0.75,kg,ZN_COLD,0.5,0.908,80.0,whole
B01544,SITE_KIT_01,ING_LEMON,LOT-B01544,2026-02-05T07:00:00,2026-02-11,4.0,kg,ZN_COLD,0.5,1.0,90.0,whole
B01545,SITE_KIT_01,ING_BEANS,LOT-B01545,2026-02-05T07:00:00,2026-02-12,7.0,kg,ZN_COLD,0.5,0.982,60.0,whole
B01546,SITE_KIT_01,ING_MUSHROOM,LOT-B01546,2026-02-05T07:00:00,2026-02-12,2.0,kg,ZN_COLD,0.5,1.0,220.0,whole
B01547,SITE_KIT_01,ING_CUCUMBER,LOT-B01547,2026-02-05T07:00:00,2026-02-12,11.949,kg,ZN_COLD,0.5,0.989,35.0,whole
B01548,SITE_KIT_01,ING_BANANA,LOT-B01548,2026-02-05T07:00:00,2026-02-11,9.0,kg,ZN_COLD,0.5,0.974,55.0,whole
B01549,SITE_KIT_01,ING_CHICKEN,LOT-B01549,2026-02-05T07:00:00,2026-02-08,22.0,kg,ZN_FREEZE,0.5,0.903,210.0,whole
B01550,SITE_KIT_01,ING_MUTTON,LOT-B01550,2026-02-05T07:00:00,2026-02-08,3.0,kg,ZN_FREEZE,0.5,0.903,720.0,whole
B01551,SITE_KIT_01,ING_FISH,LOT-B01551,2026-02-05T07:00:00,2026-02-08,9.0,kg,ZN_FREEZE,0.5,0.968,480.0,whole
B01552,SITE_KIT_01,ING_EGG,LOT-B01552,2026-02-05T07:00:00,2026-02-11,6.0,kg,ZN_COLD,0.5,0.903,140.0,whole
B01553,SITE_KIT_01,ING_PANEER,LOT-B01553,2026-02-05T07:00:00,2026-02-11,9.0,kg,ZN_COLD,0.5,0.891,380.0,whole
B01554,SITE_KIT_01,ING_CURD,LOT-B01554,2026-02-05T07:00:00,2026-02-11,17.0,kg,ZN_COLD,0.5,0.818,70.0,whole
B01555,SITE_KIT_01,ING_MILK,LOT-B01555,2026-02-05T07:00:00,2026-02-11,3.0,kg,ZN_COLD,0.5,0.972,58.0,whole
B01556,SITE_KIT_01,ING_CREAM,LOT-B01556,2026-02-05T07:00:00,2026-02-11,4.0,kg,ZN_COLD,0.5,1.0,220.0,whole
B01557,SITE_KIT_01,ING_BUTTER,LOT-B01557,2026-02-05T07:00:00,2026-02-11,5.0,kg,ZN_COLD,0.5,0.9,520.0,whole
B01558,SITE_KIT_01,ING_BATTER,LOT-B01558,2026-02-05T07:00:00,2026-02-07,17.0,kg,ZN_COLD,0.5,0.966,70.0,whole
B01559,SITE_KIT_01,ING_SPINACH,LOT-B01559,2026-02-06T07:00:00,2026-02-10,9.0,kg,ZN_COLD,0.5,0.958,30.0,whole
B01560,SITE_KIT_01,ING_CORIANDER,LOT-B01560,2026-02-06T07:00:00,2026-02-09,1.5,kg,ZN_COLD,0.5,0.921,60.0,whole
B01561,SITE_KIT_01,ING_MINT,LOT-B01561,2026-02-06T07:00:00,2026-02-09,0.75,kg,ZN_COLD,0.5,1.0,60.0,whole
B01562,SITE_KIT_01,ING_CURRYLEAF,LOT-B01562,2026-02-06T07:00:00,2026-02-09,0.5,kg,ZN_COLD,0.5,0.862,80.0,whole
B01563,SITE_KIT_01,ING_BATTER,LOT-B01563,2026-02-06T07:00:00,2026-02-08,15.0,kg,ZN_COLD,0.5,0.903,70.0,whole
B01564,SITE_KIT_01,ING_TOMATO,LOT-B01564,2026-02-07T07:00:00,2026-02-14,43.0,kg,ZN_COLD,0.5,0.907,32.0,whole
B01565,SITE_KIT_01,ING_ONION,LOT-B01565,2026-02-07T07:00:00,2026-03-09,134.0,kg,ZN_DRY,0.5,0.878,38.0,whole
B01566,SITE_KIT_01,ING_POTATO,LOT-B01566,2026-02-07T07:00:00,2026-03-09,36.0,kg,ZN_DRY,0.5,0.917,28.0,whole
B01567,SITE_KIT_01,ING_CAULI,LOT-B01567,2026-02-07T07:00:00,2026-02-17,47.319,kg,ZN_COLD,0.5,0.929,40.0,whole
B01568,SITE_KIT_01,ING_SPINACH,LOT-B01568,2026-02-07T07:00:00,2026-02-11,14.0,kg,ZN_COLD,0.5,0.937,30.0,whole
B01569,SITE_KIT_01,ING_CORIANDER,LOT-B01569,2026-02-07T07:00:00,2026-02-10,1.399,kg,ZN_COLD,0.5,0.875,60.0,whole
B01570,SITE_KIT_01,ING_GCHILLI,LOT-B01570,2026-02-07T07:00:00,2026-02-14,3.0,kg,ZN_COLD,0.5,0.894,70.0,whole
B01571,SITE_KIT_01,ING_GINGER,LOT-B01571,2026-02-07T07:00:00,2026-03-09,3.483,kg,ZN_DRY,0.5,0.886,120.0,whole
B01572,SITE_KIT_01,ING_GARLIC,LOT-B01572,2026-02-07T07:00:00,2026-03-09,6.0,kg,ZN_DRY,0.5,0.925,180.0,whole
B01573,SITE_KIT_01,ING_CARROT,LOT-B01573,2026-02-07T07:00:00,2026-02-17,11.389,kg,ZN_COLD,0.5,0.957,45.0,whole
B01574,SITE_KIT_01,ING_CAPSICUM,LOT-B01574,2026-02-07T07:00:00,2026-02-14,8.151,kg,ZN_COLD,0.5,0.913,80.0,whole
B01575,SITE_KIT_01,ING_CABBAGE,LOT-B01575,2026-02-07T07:00:00,2026-02-17,5.0,kg,ZN_COLD,0.5,0.976,25.0,whole
B01576,SITE_KIT_01,ING_BRINJAL,LOT-B01576,2026-02-07T07:00:00,2026-02-14,8.0,kg,ZN_COLD,0.5,0.872,40.0,whole
B01577,SITE_KIT_01,ING_OKRA,LOT-B01577,2026-02-07T07:00:00,2026-02-14,9.0,kg,ZN_COLD,0.5,0.906,55.0,whole
B01578,SITE_KIT_01,ING_PEAS,LOT-B01578,2026-02-07T07:00:00,2026-02-14,5.0,kg,ZN_COLD,0.5,0.959,90.0,whole
B01579,SITE_KIT_01,ING_MINT,LOT-B01579,2026-02-07T07:00:00,2026-02-10,0.75,kg,ZN_COLD,0.5,0.977,60.0,whole
B01580,SITE_KIT_01,ING_CURRYLEAF,LOT-B01580,2026-02-07T07:00:00,2026-02-10,0.5,kg,ZN_COLD,0.5,0.985,80.0,whole
B01581,SITE_KIT_01,ING_LEMON,LOT-B01581,2026-02-07T07:00:00,2026-02-13,5.0,kg,ZN_COLD,0.5,1.0,90.0,whole
B01582,SITE_KIT_01,ING_BEANS,LOT-B01582,2026-02-07T07:00:00,2026-02-14,7.0,kg,ZN_COLD,0.5,0.913,60.0,whole
B01583,SITE_KIT_01,ING_MUSHROOM,LOT-B01583,2026-02-07T07:00:00,2026-02-14,3.0,kg,ZN_COLD,0.5,0.854,220.0,whole
B01584,SITE_KIT_01,ING_CUCUMBER,LOT-B01584,2026-02-07T07:00:00,2026-02-14,5.0,kg,ZN_COLD,0.5,0.973,35.0,whole
B01585,SITE_KIT_01,ING_BANANA,LOT-B01585,2026-02-07T07:00:00,2026-02-13,9.0,kg,ZN_COLD,0.5,0.827,55.0,whole
B01586,SITE_KIT_01,ING_CHICKEN,LOT-B01586,2026-02-07T07:00:00,2026-02-10,27.0,kg,ZN_FREEZE,0.5,0.884,210.0,whole
B01587,SITE_KIT_01,ING_MUTTON,LOT-B01587,2026-02-07T07:00:00,2026-02-10,22.0,kg,ZN_FREEZE,0.5,1.0,720.0,whole
B01588,SITE_KIT_01,ING_FISH,LOT-B01588,2026-02-07T07:00:00,2026-02-10,11.0,kg,ZN_FREEZE,0.5,0.976,480.0,whole
B01589,SITE_KIT_01,ING_EGG,LOT-B01589,2026-02-07T07:00:00,2026-02-13,6.0,kg,ZN_COLD,0.5,0.902,140.0,whole
B01590,SITE_KIT_01,ING_PANEER,LOT-B01590,2026-02-07T07:00:00,2026-02-13,22.0,kg,ZN_COLD,0.5,0.89,380.0,whole
B01591,SITE_KIT_01,ING_CURD,LOT-B01591,2026-02-07T07:00:00,2026-02-13,33.0,kg,ZN_COLD,0.5,0.985,70.0,whole
B01592,SITE_KIT_01,ING_MILK,LOT-B01592,2026-02-07T07:00:00,2026-02-13,5.0,kg,ZN_COLD,0.5,0.934,58.0,whole
B01593,SITE_KIT_01,ING_CREAM,LOT-B01593,2026-02-07T07:00:00,2026-02-13,5.0,kg,ZN_COLD,0.5,1.0,220.0,whole
B01594,SITE_KIT_01,ING_BUTTER,LOT-B01594,2026-02-07T07:00:00,2026-02-13,6.0,kg,ZN_COLD,0.5,0.897,520.0,whole
B01595,SITE_KIT_01,ING_GHEE,LOT-B01595,2026-02-07T07:00:00,2026-08-06,40.0,kg,ZN_DRY,0.5,0.999,640.0,whole
B01596,SITE_KIT_01,ING_RICE,LOT-B01596,2026-02-07T07:00:00,2026-08-06,185.0,kg,ZN_DRY,0.5,0.995,120.0,whole
B01597,SITE_KIT_01,ING_ATTA,LOT-B01597,2026-02-07T07:00:00,2026-08-06,180.0,kg,ZN_DRY,0.5,0.973,48.0,whole
B01598,SITE_KIT_01,ING_BESAN,LOT-B01598,2026-02-07T07:00:00,2026-08-06,5.0,kg,ZN_DRY,0.5,0.984,90.0,whole
B01599,SITE_KIT_01,ING_OIL,LOT-B01599,2026-02-07T07:00:00,2026-08-06,20.0,kg,ZN_DRY,0.5,0.922,145.0,whole
B01600,SITE_KIT_01,ING_CASHEW,LOT-B01600,2026-02-07T07:00:00,2026-08-06,10.0,kg,ZN_DRY,0.5,0.952,850.0,whole
B01601,SITE_KIT_01,ING_COCONUT,LOT-B01601,2026-02-07T07:00:00,2026-08-06,10.0,kg,ZN_DRY,0.5,0.956,45.0,whole
B01602,SITE_KIT_01,ING_TOORDAL,LOT-B01602,2026-02-07T07:00:00,2026-08-06,40.0,kg,ZN_DRY,0.5,0.904,165.0,whole
B01603,SITE_KIT_01,ING_BATTER,LOT-B01603,2026-02-07T07:00:00,2026-02-09,24.0,kg,ZN_COLD,0.5,0.96,70.0,whole
B01604,SITE_KIT_01,ING_SPINACH,LOT-B01604,2026-02-08T07:00:00,2026-02-12,9.0,kg,ZN_COLD,0.5,0.977,30.0,whole
B01605,SITE_KIT_01,ING_CORIANDER,LOT-B01605,2026-02-08T07:00:00,2026-02-11,1.307,kg,ZN_COLD,0.5,0.927,60.0,whole
B01606,SITE_KIT_01,ING_MINT,LOT-B01606,2026-02-08T07:00:00,2026-02-11,0.75,kg,ZN_COLD,0.5,0.892,60.0,whole
B01607,SITE_KIT_01,ING_CURRYLEAF,LOT-B01607,2026-02-08T07:00:00,2026-02-11,0.5,kg,ZN_COLD,0.5,0.951,80.0,whole
B01608,SITE_KIT_01,ING_BATTER,LOT-B01608,2026-02-08T07:00:00,2026-02-10,16.0,kg,ZN_COLD,0.5,0.994,70.0,whole
B01609,SITE_KIT_01,ING_TOMATO,LOT-B01609,2026-02-09T07:00:00,2026-02-16,54.0,kg,ZN_COLD,0.5,0.913,32.0,whole
B01610,SITE_KIT_01,ING_CAULI,LOT-B01610,2026-02-09T07:00:00,2026-02-19,106.0,kg,ZN_COLD,0.5,0.849,40.0,whole
B01611,SITE_KIT_01,ING_SPINACH,LOT-B01611,2026-02-09T07:00:00,2026-02-13,10.0,kg,ZN_COLD,0.5,0.998,30.0,whole
B01612,SITE_KIT_01,ING_CORIANDER,LOT-B01612,2026-02-09T07:00:00,2026-02-12,1.32,kg,ZN_COLD,0.5,0.924,60.0,whole
B01613,SITE_KIT_01,ING_GCHILLI,LOT-B01613,2026-02-09T07:00:00,2026-02-16,4.0,kg,ZN_COLD,0.5,0.895,70.0,whole
B01614,SITE_KIT_01,ING_CARROT,LOT-B01614,2026-02-09T07:00:00,2026-02-19,16.0,kg,ZN_COLD,0.5,0.984,45.0,whole
B01615,SITE_KIT_01,ING_CAPSICUM,LOT-B01615,2026-02-09T07:00:00,2026-02-16,10.0,kg,ZN_COLD,0.5,1.0,80.0,whole
B01616,SITE_KIT_01,ING_CABBAGE,LOT-B01616,2026-02-09T07:00:00,2026-02-19,7.0,kg,ZN_COLD,0.5,0.943,25.0,whole
B01617,SITE_KIT_01,ING_BRINJAL,LOT-B01617,2026-02-09T07:00:00,2026-02-16,7.033,kg,ZN_COLD,0.5,0.955,40.0,whole
B01618,SITE_KIT_01,ING_OKRA,LOT-B01618,2026-02-09T07:00:00,2026-02-16,11.0,kg,ZN_COLD,0.5,0.983,55.0,whole
B01619,SITE_KIT_01,ING_PEAS,LOT-B01619,2026-02-09T07:00:00,2026-02-16,7.0,kg,ZN_COLD,0.5,0.952,90.0,whole
B01620,SITE_KIT_01,ING_MINT,LOT-B01620,2026-02-09T07:00:00,2026-02-12,1.0,kg,ZN_COLD,0.5,0.929,60.0,whole
B01621,SITE_KIT_01,ING_CURRYLEAF,LOT-B01621,2026-02-09T07:00:00,2026-02-12,0.5,kg,ZN_COLD,0.5,1.0,80.0,whole
B01622,SITE_KIT_01,ING_LEMON,LOT-B01622,2026-02-09T07:00:00,2026-02-15,5.0,kg,ZN_COLD,0.5,0.997,90.0,whole
B01623,SITE_KIT_01,ING_BEANS,LOT-B01623,2026-02-09T07:00:00,2026-02-16,8.413,kg,ZN_COLD,0.5,0.847,60.0,whole
B01624,SITE_KIT_01,ING_MUSHROOM,LOT-B01624,2026-02-09T07:00:00,2026-02-16,3.0,kg,ZN_COLD,0.5,0.956,220.0,whole
B01625,SITE_KIT_01,ING_CUCUMBER,LOT-B01625,2026-02-09T07:00:00,2026-02-16,9.602,kg,ZN_COLD,0.5,1.0,35.0,whole
B01626,SITE_KIT_01,ING_BANANA,LOT-B01626,2026-02-09T07:00:00,2026-02-15,10.0,kg,ZN_COLD,0.5,0.954,55.0,whole
B01627,SITE_KIT_01,ING_CHICKEN,LOT-B01627,2026-02-09T07:00:00,2026-02-12,30.0,kg,ZN_FREEZE,0.5,1.0,210.0,whole
B01628,SITE_KIT_01,ING_MUTTON,LOT-B01628,2026-02-09T07:00:00,2026-02-12,12.0,kg,ZN_FREEZE,0.5,1.0,720.0,whole
B01629,SITE_KIT_01,ING_FISH,LOT-B01629,2026-02-09T07:00:00,2026-02-12,15.0,kg,ZN_FREEZE,0.5,1.0,480.0,whole
B01630,SITE_KIT_01,ING_EGG,LOT-B01630,2026-02-09T07:00:00,2026-02-15,7.0,kg,ZN_COLD,0.5,0.91,140.0,whole
B01631,SITE_KIT_01,ING_PANEER,LOT-B01631,2026-02-09T07:00:00,2026-02-15,26.0,kg,ZN_COLD,0.5,0.906,380.0,whole
B01632,SITE_KIT_01,ING_CURD,LOT-B01632,2026-02-09T07:00:00,2026-02-15,18.0,kg,ZN_COLD,0.5,0.913,70.0,whole
B01633,SITE_KIT_01,ING_MILK,LOT-B01633,2026-02-09T07:00:00,2026-02-15,5.0,kg,ZN_COLD,0.5,0.965,58.0,whole
B01634,SITE_KIT_01,ING_CREAM,LOT-B01634,2026-02-09T07:00:00,2026-02-15,6.0,kg,ZN_COLD,0.5,0.92,220.0,whole
B01635,SITE_KIT_01,ING_BUTTER,LOT-B01635,2026-02-09T07:00:00,2026-02-15,7.0,kg,ZN_COLD,0.5,0.942,520.0,whole
B01636,SITE_KIT_01,ING_BATTER,LOT-B01636,2026-02-09T07:00:00,2026-02-11,17.0,kg,ZN_COLD,0.5,0.898,70.0,whole
B01637,SITE_KIT_01,ING_SPINACH,LOT-B01637,2026-02-10T07:00:00,2026-02-14,10.0,kg,ZN_COLD,0.5,0.914,30.0,whole
B01638,SITE_KIT_01,ING_CORIANDER,LOT-B01638,2026-02-10T07:00:00,2026-02-13,1.5,kg,ZN_COLD,0.5,0.844,60.0,whole
B01639,SITE_KIT_01,ING_MINT,LOT-B01639,2026-02-10T07:00:00,2026-02-13,0.75,kg,ZN_COLD,0.5,0.96,60.0,whole
B01640,SITE_KIT_01,ING_CURRYLEAF,LOT-B01640,2026-02-10T07:00:00,2026-02-13,0.455,kg,ZN_COLD,0.5,0.881,80.0,whole
B01641,SITE_KIT_01,ING_BATTER,LOT-B01641,2026-02-10T07:00:00,2026-02-12,17.0,kg,ZN_COLD,0.5,0.9,70.0,whole
B01642,SITE_KIT_01,ING_TOMATO,LOT-B01642,2026-02-11T07:00:00,2026-02-18,40.0,kg,ZN_COLD,0.5,0.959,32.0,whole
B01643,SITE_KIT_01,ING_ONION,LOT-B01643,2026-02-11T07:00:00,2026-03-13,138.0,kg,ZN_DRY,0.5,0.889,38.0,whole
B01644,SITE_KIT_01,ING_POTATO,LOT-B01644,2026-02-11T07:00:00,2026-03-13,58.0,kg,ZN_DRY,0.5,0.936,28.0,whole
B01645,SITE_KIT_01,ING_CAULI,LOT-B01645,2026-02-11T07:00:00,2026-02-21,13.925,kg,ZN_COLD,0.5,0.879,40.0,whole
B01646,SITE_KIT_01,ING_SPINACH,LOT-B01646,2026-02-11T07:00:00,2026-02-15,9.0,kg,ZN_COLD,0.5,0.876,30.0,whole
B01647,SITE_KIT_01,ING_CORIANDER,LOT-B01647,2026-02-11T07:00:00,2026-02-14,1.5,kg,ZN_COLD,0.5,0.956,60.0,whole
B01648,SITE_KIT_01,ING_GCHILLI,LOT-B01648,2026-02-11T07:00:00,2026-02-18,3.0,kg,ZN_COLD,0.5,0.966,70.0,whole
B01649,SITE_KIT_01,ING_GINGER,LOT-B01649,2026-02-11T07:00:00,2026-03-13,6.0,kg,ZN_DRY,0.5,0.963,120.0,whole
B01650,SITE_KIT_01,ING_GARLIC,LOT-B01650,2026-02-11T07:00:00,2026-03-13,7.386,kg,ZN_DRY,0.5,0.991,180.0,whole
B01651,SITE_KIT_01,ING_CARROT,LOT-B01651,2026-02-11T07:00:00,2026-02-21,12.0,kg,ZN_COLD,0.5,0.962,45.0,whole
B01652,SITE_KIT_01,ING_CAPSICUM,LOT-B01652,2026-02-11T07:00:00,2026-02-18,6.0,kg,ZN_COLD,0.5,1.0,80.0,whole
B01653,SITE_KIT_01,ING_CABBAGE,LOT-B01653,2026-02-11T07:00:00,2026-02-21,4.456,kg,ZN_COLD,0.5,0.963,25.0,whole
B01654,SITE_KIT_01,ING_BRINJAL,LOT-B01654,2026-02-11T07:00:00,2026-02-18,12.0,kg,ZN_COLD,0.5,0.893,40.0,whole
B01655,SITE_KIT_01,ING_OKRA,LOT-B01655,2026-02-11T07:00:00,2026-02-18,8.0,kg,ZN_COLD,0.5,0.871,55.0,whole
B01656,SITE_KIT_01,ING_PEAS,LOT-B01656,2026-02-11T07:00:00,2026-02-18,5.0,kg,ZN_COLD,0.5,0.952,90.0,whole
B01657,SITE_KIT_01,ING_MINT,LOT-B01657,2026-02-11T07:00:00,2026-02-14,0.887,kg,ZN_COLD,0.5,0.937,60.0,whole
B01658,SITE_KIT_01,ING_CURRYLEAF,LOT-B01658,2026-02-11T07:00:00,2026-02-14,0.75,kg,ZN_COLD,0.5,0.881,80.0,whole
B01659,SITE_KIT_01,ING_LEMON,LOT-B01659,2026-02-11T07:00:00,2026-02-17,5.0,kg,ZN_COLD,0.5,0.907,90.0,whole
B01660,SITE_KIT_01,ING_BEANS,LOT-B01660,2026-02-11T07:00:00,2026-02-18,7.322,kg,ZN_COLD,0.5,0.964,60.0,whole
B01661,SITE_KIT_01,ING_MUSHROOM,LOT-B01661,2026-02-11T07:00:00,2026-02-18,2.0,kg,ZN_COLD,0.5,0.93,220.0,whole
B01662,SITE_KIT_01,ING_CUCUMBER,LOT-B01662,2026-02-11T07:00:00,2026-02-18,7.0,kg,ZN_COLD,0.5,0.923,35.0,whole
B01663,SITE_KIT_01,ING_BANANA,LOT-B01663,2026-02-11T07:00:00,2026-02-17,9.0,kg,ZN_COLD,0.5,0.903,55.0,whole
B01664,SITE_KIT_01,ING_CHICKEN,LOT-B01664,2026-02-11T07:00:00,2026-02-14,23.0,kg,ZN_FREEZE,0.5,0.946,210.0,whole
B01665,SITE_KIT_01,ING_MUTTON,LOT-B01665,2026-02-11T07:00:00,2026-02-14,10.0,kg,ZN_FREEZE,0.5,0.954,720.0,whole
B01666,SITE_KIT_01,ING_FISH,LOT-B01666,2026-02-11T07:00:00,2026-02-14,8.0,kg,ZN_FREEZE,0.5,0.95,480.0,whole
B01667,SITE_KIT_01,ING_EGG,LOT-B01667,2026-02-11T07:00:00,2026-02-17,5.0,kg,ZN_COLD,0.5,0.905,140.0,whole
B01668,SITE_KIT_01,ING_PANEER,LOT-B01668,2026-02-11T07:00:00,2026-02-17,24.0,kg,ZN_COLD,0.5,0.922,380.0,whole
B01669,SITE_KIT_01,ING_CURD,LOT-B01669,2026-02-11T07:00:00,2026-02-17,19.0,kg,ZN_COLD,0.5,1.0,70.0,whole
B01670,SITE_KIT_01,ING_MILK,LOT-B01670,2026-02-11T07:00:00,2026-02-17,3.0,kg,ZN_COLD,0.5,0.846,58.0,whole
B01671,SITE_KIT_01,ING_CREAM,LOT-B01671,2026-02-11T07:00:00,2026-02-17,5.0,kg,ZN_COLD,0.5,0.896,220.0,whole
B01672,SITE_KIT_01,ING_BUTTER,LOT-B01672,2026-02-11T07:00:00,2026-02-17,5.0,kg,ZN_COLD,0.5,0.974,520.0,whole
B01673,SITE_KIT_01,ING_BATTER,LOT-B01673,2026-02-11T07:00:00,2026-02-13,16.0,kg,ZN_COLD,0.5,0.912,70.0,whole
B01674,SITE_KIT_01,ING_SPINACH,LOT-B01674,2026-02-12T07:00:00,2026-02-16,23.4,kg,ZN_COLD,4.0,0.842,30.0,whole
B01675,SITE_KIT_01,ING_CORIANDER,LOT-B01675,2026-02-12T07:00:00,2026-02-15,2.0,kg,ZN_COLD,0.5,0.953,60.0,whole
B01676,SITE_KIT_01,ING_MINT,LOT-B01676,2026-02-12T07:00:00,2026-02-15,0.75,kg,ZN_COLD,0.5,0.916,60.0,whole
B01677,SITE_KIT_01,ING_CURRYLEAF,LOT-B01677,2026-02-12T07:00:00,2026-02-15,0.75,kg,ZN_COLD,0.5,0.943,80.0,whole
B01678,SITE_KIT_01,ING_BATTER,LOT-B01678,2026-02-12T07:00:00,2026-02-14,17.0,kg,ZN_COLD,0.5,0.941,70.0,whole
