site_id,batch_id,product_id,ts,type,qty,uom,ref
SITE_KIT_01,B00001,ING_TOMATO,2025-11-15T07:00:00,receive,67.0,kg,LOT-B00001
SITE_KIT_01,B00002,ING_ONION,2025-11-15T07:00:00,receive,176.0,kg,LOT-B00002
SITE_KIT_01,B00003,ING_POTATO,2025-11-15T07:00:00,receive,72.0,kg,LOT-B00003
SITE_KIT_01,B00004,ING_CAULI,2025-11-15T07:00:00,receive,80.0,kg,LOT-B00004
SITE_KIT_01,B00005,ING_SPINACH,2025-11-15T07:00:00,receive,15.0,kg,LOT-B00005
SITE_KIT_01,B00006,ING_CORIANDER,2025-11-15T07:00:00,receive,2.0,kg,LOT-B00006
SITE_KIT_01,B00007,ING_GCHILLI,2025-11-15T07:00:00,receive,5.0,kg,LOT-B00007
SITE_KIT_01,B00008,ING_GINGER,2025-11-15T07:00:00,receive,6.0,kg,LOT-B00008
SITE_KIT_01,B00009,ING_GARLIC,2025-11-15T07:00:00,receive,10.0,kg,LOT-B00009
SITE_KIT_01,B00010,ING_CARROT,2025-11-15T07:00:00,receive,18.0,kg,LOT-B00010
SITE_KIT_01,B00011,ING_CAPSICUM,2025-11-15T07:00:00,receive,13.0,kg,LOT-B00011
SITE_KIT_01,B00012,ING_CABBAGE,2025-11-15T07:00:00,receive,9.0,kg,LOT-B00012
SITE_KIT_01,B00013,ING_BRINJAL,2025-11-15T07:00:00,receive,11.0,kg,LOT-B00013
SITE_KIT_01,B00014,ING_OKRA,2025-11-15T07:00:00,receive,20.0,kg,LOT-B00014
SITE_KIT_01,B00015,ING_PEAS,2025-11-15T07:00:00,receive,8.969,kg,LOT-B00015
SITE_KIT_01,B00016,ING_MINT,2025-11-15T07:00:00,receive,1.106,kg,LOT-B00016
SITE_KIT_01,B00017,ING_CURRYLEAF,2025-11-15T07:00:00,receive,0.75,kg,LOT-B00017
SITE_KIT_01,B00018,ING_LEMON,2025-11-15T07:00:00,receive,7.0,kg,LOT-B00018
SITE_KIT_01,B00019,ING_BEANS,2025-11-15T07:00:00,receive,14.0,kg,LOT-B00019
SITE_KIT_01,B00020,ING_MUSHROOM,2025-11-15T07:00:00,receive,4.0,kg,LOT-B00020
SITE_KIT_01,B00021,ING_CUCUMBER,2025-11-15T07:00:00,receive,13.0,kg,LOT-B00021
SITE_KIT_01,B00022,ING_BANANA,2025-11-15T07:00:00,receive,10.866,kg,LOT-B00022
SITE_KIT_01,B00023,ING_CHICKEN,2025-11-15T07:00:00,receive,38.0,kg,LOT-B00023
SITE_KIT_01,B00024,ING_MUTTON,2025-11-15T07:00:00,receive,23.0,kg,LOT-B00024
SITE_KIT_01,B00025,ING_FISH,2025-11-15T07:00:00,receive,17.0,kg,LOT-B00025
SITE_KIT_01,B00026,ING_EGG,2025-11-15T07:00:00,receive,7.0,kg,LOT-B00026
SITE_KIT_01,B00027,ING_PANEER,2025-11-15T07:00:00,receive,35.0,kg,LOT-B00027
SITE_KIT_01,B00028,ING_CURD,2025-11-15T07:00:00,receive,33.0,kg,LOT-B00028
SITE_KIT_01,B00029,ING_MILK,2025-11-15T07:00:00,receive,7.0,kg,LOT-B00029
SITE_KIT_01,B00030,ING_CREAM,2025-11-15T07:00:00,receive,8.0,kg,LOT-B00030
SITE_KIT_01,B00031,ING_BUTTER,2025-11-15T07:00:00,receive,8.0,kg,LOT-B00031
SITE_KIT_01,B00032,ING_GHEE,2025-11-15T07:00:00,receive,40.0,kg,LOT-B00032
SITE_KIT_01,B00033,ING_RICE,2025-11-15T07:00:00,receive,295.0,kg,LOT-B00033
SITE_KIT_01,B00034,ING_ATTA,2025-11-15T07:00:00,receive,200.0,kg,LOT-B00034
SITE_KIT_01,B00035,ING_BESAN,2025-11-15T07:00:00,receive,15.0,kg,LOT-B00035
SITE_KIT_01,B00036,ING_OIL,2025-11-15T07:00:00,receive,25.0,kg,LOT-B00036
SITE_KIT_01,B00037,ING_CASHEW,2025-11-15T07:00:00,receive,15.0,kg,LOT-B00037
SITE_KIT_01,B00038,ING_COCONUT,2025-11-15T07:00:00,receive,15.0,kg,LOT-B00038
SITE_KIT_01,B00039,ING_TOORDAL,2025-11-15T07:00:00,receive,80.0,kg,LOT-B00039
SITE_KIT_01,B00040,ING_BATTER,2025-11-15T07:00:00,receive,19.0,kg,LOT-B00040
SITE_KIT_01,B00023,ING_CHICKEN,2025-11-15T09:00:00,consume,17.55,kg,prep
SITE_KIT_01,B00033,ING_RICE,2025-11-15T09:00:00,consume,34.775,kg,prep
SITE_KIT_01,B00002,ING_ONION,2025-11-15T09:00:00,consume,36.661,kg,prep
SITE_KIT_01,B00001,ING_TOMATO,2025-11-15T09:00:00,consume,27.7741,kg,prep
SITE_KIT_01,B00028,ING_CURD,2025-11-15T09:00:00,consume,13.273,kg,prep
SITE_KIT_01,B00008,ING_GINGER,2025-11-15T09:00:00,consume,1.2498,kg,prep
SITE_KIT_01,B00009,ING_GARLIC,2025-11-15T09:00:00,consume,1.9729,kg,prep
SITE_KIT_01,B00007,ING_GCHILLI,2025-11-15T09:00:00,consume,1.6601,kg,prep
SITE_KIT_01,B00016,ING_MINT,2025-11-15T09:00:00,consume,0.7378,kg,prep
SITE_KIT_01,B00006,ING_CORIANDER,2025-11-15T09:00:00,consume,1.5637,kg,prep
SITE_KIT_01,B00032,ING_GHEE,2025-11-15T09:00:00,consume,4.5825,kg,prep
SITE_KIT_01,B00037,ING_CASHEW,2025-11-15T09:00:00,consume,1.4274,kg,prep
SITE_KIT_01,B00010,ING_CARROT,2025-11-15T09:00:00,consume,7.82,kg,prep
SITE_KIT_01,B00019,ING_BEANS,2025-11-15T09:00:00,consume,4.6782,kg,prep
SITE_KIT_01,B00015,ING_PEAS,2025-11-15T09:00:00,consume,3.588,kg,prep
SITE_KIT_01,B00004,ING_CAULI,2025-11-15T09:00:00,consume,32.9221,kg,prep
SITE_KIT_01,B00003,ING_POTATO,2025-11-15T09:00:00,consume,15.2839,kg,prep
SITE_KIT_01,B00027,ING_PANEER,2025-11-15T09:00:00,consume,15.86,kg,prep
SITE_KIT_01,B00031,ING_BUTTER,2025-11-15T09:00:00,consume,3.6283,kg,prep
SITE_KIT_01,B00030,ING_CREAM,2025-11-15T09:00:00,consume,3.2474,kg,prep
SITE_KIT_01,B00011,ING_CAPSICUM,2025-11-15T09:00:00,consume,4.622,kg,prep
SITE_KIT_01,B00035,ING_BESAN,2025-11-15T09:00:00,consume,1.508,kg,prep
SITE_KIT_01,B00036,ING_OIL,2025-11-15T09:00:00,consume,3.328,kg,prep
SITE_KIT_01,B00005,ING_SPINACH,2025-11-15T09:00:00,consume,11.0939,kg,prep
SITE_KIT_01,B00034,ING_ATTA,2025-11-15T09:00:00,consume,26.546,kg,prep
SITE_KIT_01,B00029,ING_MILK,2025-11-15T09:00:00,consume,2.6,kg,prep
SITE_KIT_01,B00039,ING_TOORDAL,2025-11-15T09:00:00,consume,6.24,kg,prep
SITE_KIT_01,B00017,ING_CURRYLEAF,2025-11-15T09:00:00,consume,0.5469,kg,prep
SITE_KIT_01,B00024,ING_MUTTON,2025-11-15T09:00:00,consume,9.62,kg,prep
SITE_KIT_01,B00040,ING_BATTER,2025-11-15T09:00:00,consume,15.392,kg,prep
SITE_KIT_01,B00025,ING_FISH,2025-11-15T09:00:00,consume,7.488,kg,prep
SITE_KIT_01,B00038,ING_COCONUT,2025-11-15T09:00:00,consume,1.872,kg,prep
SITE_KIT_01,B00018,ING_LEMON,2025-11-15T09:00:00,consume,2.3043,kg,prep
SITE_KIT_01,B00021,ING_CUCUMBER,2025-11-15T09:00:00,consume,4.9429,kg,prep
SITE_KIT_01,B00012,ING_CABBAGE,2025-11-15T09:00:00,consume,3.2253,kg,prep
SITE_KIT_01,B00022,ING_BANANA,2025-11-15T09:00:00,consume,5.138,kg,prep
SITE_KIT_01,B00026,ING_EGG,2025-11-15T09:00:00,consume,3.159,kg,prep
SITE_KIT_01,B00013,ING_BRINJAL,2025-11-15T09:00:00,consume,4.3662,kg,prep
SITE_KIT_01,B00014,ING_OKRA,2025-11-15T09:00:00,consume,5.0149,kg,prep
SITE_KIT_01,B00020,ING_MUSHROOM,2025-11-15T09:00:00,consume,1.4645,kg,prep
SITE_KIT_01,B00041,ING_SPINACH,2025-11-16T07:00:00,receive,11.0,kg,LOT-B00041
SITE_KIT_01,B00042,ING_CORIANDER,2025-11-16T07:00:00,receive,1.75,kg,LOT-B00042
SITE_KIT_01,B00043,ING_MINT,2025-11-16T07:00:00,receive,0.75,kg,LOT-B00043
SITE_KIT_01,B00044,ING_CURRYLEAF,2025-11-16T07:00:00,receive,0.75,kg,LOT-B00044
SITE_KIT_01,B00045,ING_BATTER,2025-11-16T07:00:00,receive,16.0,kg,LOT-B00045
SITE_KIT_01,B00023,ING_CHICKEN,2025-11-16T09:00:00,consume,14.508,kg,prep
SITE_KIT_01,B00033,ING_RICE,2025-11-16T09:00:00,consume,29.367,kg,prep
SITE_KIT_01,B00002,ING_ONION,2025-11-16T09:00:00,consume,31.7358,kg,prep
SITE_KIT_01,B00001,ING_TOMATO,2025-11-16T09:00:00,consume,23.7637,kg,prep
SITE_KIT_01,B00028,ING_CURD,2025-11-16T09:00:00,consume,11.7221,kg,prep
SITE_KIT_01,B00008,ING_GINGER,2025-11-16T09:00:00,consume,1.061,kg,prep
SITE_KIT_01,B00009,ING_GARLIC,2025-11-16T09:00:00,consume,1.6923,kg,prep
SITE_KIT_01,B00007,ING_GCHILLI,2025-11-16T09:00:00,consume,1.4324,kg,prep
SITE_KIT_01,B00016,ING_MINT,2025-11-16T09:00:00,consume,0.3682,kg,prep
SITE_KIT_01,B00043,ING_MINT,2025-11-16T09:00:00,consume,0.2575,kg,prep
SITE_KIT_01,B00006,ING_CORIANDER,2025-11-16T09:00:00,consume,0.4363,kg,prep
SITE_KIT_01,B00042,ING_CORIANDER,2025-11-16T09:00:00,consume,0.8675,kg,prep
SITE_KIT_01,B00032,ING_GHEE,2025-11-16T09:00:00,consume,3.874,kg,prep
SITE_KIT_01,B00037,ING_CASHEW,2025-11-16T09:00:00,consume,1.2012,kg,prep
SITE_KIT_01,B00010,ING_CARROT,2025-11-16T09:00:00,consume,6.7211,kg,prep
SITE_KIT_01,B00019,ING_BEANS,2025-11-16T09:00:00,consume,4.0952,kg,prep
SITE_KIT_01,B00015,ING_PEAS,2025-11-16T09:00:00,consume,3.068,kg,prep
SITE_KIT_01,B00004,ING_CAULI,2025-11-16T09:00:00,consume,28.0086,kg,prep
SITE_KIT_01,B00003,ING_POTATO,2025-11-16T09:00:00,consume,13.7845,kg,prep
SITE_KIT_01,B00027,ING_PANEER,2025-11-16T09:00:00,consume,13.416,kg,prep
SITE_KIT_01,B00031,ING_BUTTER,2025-11-16T09:00:00,consume,3.1083,kg,prep
SITE_KIT_01,B00030,ING_CREAM,2025-11-16T09:00:00,consume,2.7586,kg,prep
SITE_KIT_01,B00011,ING_CAPSICUM,2025-11-16T09:00:00,consume,3.8409,kg,prep
SITE_KIT_01,B00035,ING_BESAN,2025-11-16T09:00:00,consume,1.326,kg,prep
SITE_KIT_01,B00036,ING_OIL,2025-11-16T09:00:00,consume,2.9445,kg,prep
SITE_KIT_01,B00005,ING_SPINACH,2025-11-16T09:00:00,consume,3.9061,kg,prep
SITE_KIT_01,B00041,ING_SPINACH,2025-11-16T09:00:00,consume,5.1561,kg,prep
SITE_KIT_01,B00034,ING_ATTA,2025-11-16T09:00:00,consume,25.194,kg,prep
SITE_KIT_01,B00029,ING_MILK,2025-11-16T09:00:00,consume,2.262,kg,prep
SITE_KIT_01,B00039,ING_TOORDAL,2025-11-16T09:00:00,consume,5.226,kg,prep
SITE_KIT_01,B00017,ING_CURRYLEAF,2025-11-16T09:00:00,consume,0.2031,kg,prep
SITE_KIT_01,B00044,ING_CURRYLEAF,2025-11-16T09:00:00,consume,0.2755,kg,prep
SITE_KIT_01,B00024,ING_MUTTON,2025-11-16T09:00:00,consume,8.32,kg,prep
SITE_KIT_01,B00040,ING_BATTER,2025-11-16T09:00:00,consume,3.608,kg,prep
SITE_KIT_01,B00045,ING_BATTER,2025-11-16T09:00:00,consume,10.12,kg,prep
SITE_KIT_01,B00025,ING_FISH,2025-11-16T09:00:00,consume,6.656,kg,prep
SITE_KIT_01,B00038,ING_COCONUT,2025-11-16T09:00:00,consume,1.664,kg,prep
SITE_KIT_01,B00018,ING_LEMON,2025-11-16T09:00:00,consume,2.1265,kg,prep
SITE_KIT_01,B00021,ING_CUCUMBER,2025-11-16T09:00:00,consume,4.5324,kg,prep
SITE_KIT_01,B00012,ING_CABBAGE,2025-11-16T09:00:00,consume,2.9186,kg,prep
SITE_KIT_01,B00022,ING_BANANA,2025-11-16T09:00:00,consume,4.7932,kg,prep
SITE_KIT_01,B00026,ING_EGG,2025-11-16T09:00:00,consume,2.9484,kg,prep
SITE_KIT_01,B00013,ING_BRINJAL,2025-11-16T09:00:00,consume,4.0369,kg,prep
SITE_KIT_01,B00014,ING_OKRA,2025-11-16T09:00:00,consume,4.6888,kg,prep
SITE_KIT_01,B00020,ING_MUSHROOM,2025-11-16T09:00:00,consume,1.378,kg,prep
SITE_KIT_01,B00046,ING_TOMATO,2025-11-17T07:00:00,receive,52.0,kg,LOT-B00046
SITE_KIT_01,B00047,ING_CAULI,2025-11-17T07:00:00,receive,63.0,kg,LOT-B00047
SITE_KIT_01,B00048,ING_SPINACH,2025-11-17T07:00:00,receive,11.0,kg,LOT-B00048
SITE_KIT_01,B00049,ING_CORIANDER,2025-11-17T07:00:00,receive,1.665,kg,LOT-B00049
SITE_KIT_01,B00050,ING_GCHILLI,2025-11-17T07:00:00,receive,4.0,kg,LOT-B00050
SITE_KIT_01,B00051,ING_CARROT,2025-11-17T07:00:00,receive,15.0,kg,LOT-B00051
SITE_KIT_01,B00052,ING_CAPSICUM,2025-11-17T07:00:00,receive,12.0,kg,LOT-B00052
SITE_KIT_01,B00053,ING_CABBAGE,2025-11-17T07:00:00,receive,5.305,kg,LOT-B00053
SITE_KIT_01,B00054,ING_BRINJAL,2025-11-17T07:00:00,receive,9.0,kg,LOT-B00054
SITE_KIT_01,B00055,ING_OKRA,2025-11-17T07:00:00,receive,4.0,kg,LOT-B00055
SITE_KIT_01,B00056,ING_PEAS,2025-11-17T07:00:00,receive,7.0,kg,LOT-B00056
SITE_KIT_01,B00057,ING_MINT,2025-11-17T07:00:00,receive,0.75,kg,LOT-B00057
SITE_KIT_01,B00058,ING_CURRYLEAF,2025-11-17T07:00:00,receive,1.0,kg,LOT-B00058
SITE_KIT_01,B00059,ING_LEMON,2025-11-17T07:00:00,receive,5.0,kg,LOT-B00059
SITE_KIT_01,B00060,ING_BEANS,2025-11-17T07:00:00,receive,8.0,kg,LOT-B00060
SITE_KIT_01,B00061,ING_MUSHROOM,2025-11-17T07:00:00,receive,3.0,kg,LOT-B00061
SITE_KIT_01,B00062,ING_CUCUMBER,2025-11-17T07:00:00,receive,10.0,kg,LOT-B00062
SITE_KIT_01,B00063,ING_BANANA,2025-11-17T07:00:00,receive,13.0,kg,LOT-B00063
SITE_KIT_01,B00064,ING_CHICKEN,2025-11-17T07:00:00,receive,31.0,kg,LOT-B00064
SITE_KIT_01,B00065,ING_MUTTON,2025-11-17T07:00:00,receive,15.0,kg,LOT-B00065
SITE_KIT_01,B00066,ING_FISH,2025-11-17T07:00:00,receive,14.0,kg,LOT-B00066
SITE_KIT_01,B00067,ING_EGG,2025-11-17T07:00:00,receive,7.0,kg,LOT-B00067
SITE_KIT_01,B00068,ING_PANEER,2025-11-17T07:00:00,receive,30.0,kg,LOT-B00068
SITE_KIT_01,B00069,ING_CURD,2025-11-17T07:00:00,receive,24.0,kg,LOT-B00069
SITE_KIT_01,B00070,ING_MILK,2025-11-17T07:00:00,receive,4.0,kg,LOT-B00070
SITE_KIT_01,B00071,ING_CREAM,2025-11-17T07:00:00,receive,8.0,kg,LOT-B00071
SITE_KIT_01,B00072,ING_BUTTER,2025-11-17T07:00:00,receive,7.0,kg,LOT-B00072
SITE_KIT_01,B00073,ING_BATTER,2025-11-17T07:00:00,receive,14.0,kg,LOT-B00073
SITE_KIT_01,B00023,ING_CHICKEN,2025-11-17T09:00:00,consume,5.942,kg,prep
SITE_KIT_01,B00064,ING_CHICKEN,2025-11-17T09:00:00,consume,2.482,kg,prep
SITE_KIT_01,B00033,ING_RICE,2025-11-17T09:00:00,consume,18.252,kg,prep
SITE_KIT_01,B00002,ING_ONION,2025-11-17T09:00:00,consume,20.6681,kg,prep
SITE_KIT_01,B00001,ING_TOMATO,2025-11-17T09:00:00,consume,15.4621,kg,prep
SITE_KIT_01,B00046,ING_TOMATO,2025-11-17T09:00:00,consume,0.0681,kg,prep
SITE_KIT_01,B00028,ING_CURD,2025-11-17T09:00:00,consume,7.0577,kg,prep
SITE_KIT_01,B00008,ING_GINGER,2025-11-17T09:00:00,consume,0.6457,kg,prep
SITE_KIT_01,B00009,ING_GARLIC,2025-11-17T09:00:00,consume,1.0623,kg,prep
SITE_KIT_01,B00007,ING_GCHILLI,2025-11-17T09:00:00,consume,0.9367,kg,prep
SITE_KIT_01,B00057,ING_MINT,2025-11-17T09:00:00,consume,0.3683,kg,prep
SITE_KIT_01,B00042,ING_CORIANDER,2025-11-17T09:00:00,consume,0.8475,kg,prep
SITE_KIT_01,B00032,ING_GHEE,2025-11-17T09:00:00,consume,2.3595,kg,prep
SITE_KIT_01,B00037,ING_CASHEW,2025-11-17T09:00:00,consume,0.8112,kg,prep
SITE_KIT_01,B00010,ING_CARROT,2025-11-17T09:00:00,consume,3.4589,kg,prep
SITE_KIT_01,B00051,ING_CARROT,2025-11-17T09:00:00,consume,0.7828,kg,prep
SITE_KIT_01,B00019,ING_BEANS,2025-11-17T09:00:00,consume,2.5642,kg,prep
SITE_KIT_01,B00015,ING_PEAS,2025-11-17T09:00:00,consume,1.95,kg,prep
SITE_KIT_01,B00004,ING_CAULI,2025-11-17T09:00:00,consume,16.8321,kg,prep
SITE_KIT_01,B00003,ING_POTATO,2025-11-17T09:00:00,consume,10.6542,kg,prep
SITE_KIT_01,B00027,ING_PANEER,2025-11-17T09:00:00,consume,5.724,kg,prep
SITE_KIT_01,B00068,ING_PANEER,2025-11-17T09:00:00,consume,3.844,kg,prep
SITE_KIT_01,B00031,ING_BUTTER,2025-11-17T09:00:00,consume,1.2634,kg,prep
SITE_KIT_01,B00072,ING_BUTTER,2025-11-17T09:00:00,consume,0.7165,kg,prep
SITE_KIT_01,B00030,ING_CREAM,2025-11-17T09:00:00,consume,1.9422,kg,prep
SITE_KIT_01,B00011,ING_CAPSICUM,2025-11-17T09:00:00,consume,2.4722,kg,prep
SITE_KIT_01,B00035,ING_BESAN,2025-11-17T09:00:00,consume,0.806,kg,prep
SITE_KIT_01,B00036,ING_OIL,2025-11-17T09:00:00,consume,2.119,kg,prep
SITE_KIT_01,B00041,ING_SPINACH,2025-11-17T09:00:00,consume,5.8439,kg,prep
SITE_KIT_01,B00048,ING_SPINACH,2025-11-17T09:00:00,consume,0.0374,kg,prep
SITE_KIT_01,B00034,ING_ATTA,2025-11-17T09:00:00,consume,15.327,kg,prep
SITE_KIT_01,B00029,ING_MILK,2025-11-17T09:00:00,consume,1.209,kg,prep
SITE_KIT_01,B00039,ING_TOORDAL,2025-11-17T09:00:00,consume,3.666,kg,prep
SITE_KIT_01,B00058,ING_CURRYLEAF,2025-11-17T09:00:00,consume,0.3589,kg,prep
SITE_KIT_01,B00024,ING_MUTTON,2025-11-17T09:00:00,consume,3.9,kg,prep
SITE_KIT_01,B00045,ING_BATTER,2025-11-17T09:00:00,consume,5.88,kg,prep
SITE_KIT_01,B00073,ING_BATTER,2025-11-17T09:00:00,consume,5.976,kg,prep
SITE_KIT_01,B00025,ING_FISH,2025-11-17T09:00:00,consume,2.856,kg,prep
SITE_KIT_01,B00066,ING_FISH,2025-11-17T09:00:00,consume,0.888,kg,prep
SITE_KIT_01,B00038,ING_COCONUT,2025-11-17T09:00:00,consume,0.936,kg,prep
SITE_KIT_01,B00018,ING_LEMON,2025-11-17T09:00:00,consume,1.3901,kg,prep
SITE_KIT_01,B00021,ING_CUCUMBER,2025-11-17T09:00:00,consume,3.0244,kg,prep
SITE_KIT_01,B00012,ING_CABBAGE,2025-11-17T09:00:00,consume,1.9544,kg,prep
SITE_KIT_01,B00022,ING_BANANA,2025-11-17T09:00:00,consume,0.9348,kg,prep
SITE_KIT_01,B00063,ING_BANANA,2025-11-17T09:00:00,consume,2.2151,kg,prep
SITE_KIT_01,B00026,ING_EGG,2025-11-17T09:00:00,consume,0.8926,kg,prep
SITE_KIT_01,B00067,ING_EGG,2025-11-17T09:00:00,consume,1.0613,kg,prep
SITE_KIT_01,B00013,ING_BRINJAL,2025-11-17T09:00:00,consume,2.5969,kg,prep
SITE_KIT_01,B00054,ING_BRINJAL,2025-11-17T09:00:00,consume,0.1091,kg,prep
SITE_KIT_01,B00014,ING_OKRA,2025-11-17T09:00:00,consume,3.1068,kg,prep
SITE_KIT_01,B00020,ING_MUSHROOM,2025-11-17T09:00:00,consume,0.9239,kg,prep
SITE_KIT_01,B00074,ING_SPINACH,2025-11-18T07:00:00,receive,9.0,kg,LOT-B00074
SITE_KIT_01,B00075,ING_CORIANDER,2025-11-18T07:00:00,receive,1.5,kg,LOT-B00075
SITE_KIT_01,B00076,ING_MINT,2025-11-18T07:00:00,receive,0.75,kg,LOT-B00076
SITE_KIT_01,B00077,ING_CURRYLEAF,2025-11-18T07:00:00,receive,0.5,kg,LOT-B00077
SITE_KIT_01,B00078,ING_BATTER,2025-11-18T07:00:00,receive,14.0,kg,LOT-B00078
SITE_KIT_01,B00064,ING_CHICKEN,2025-11-18T09:00:00,consume,9.126,kg,prep
SITE_KIT_01,B00033,ING_RICE,2025-11-18T09:00:00,consume,20.709,kg,prep
SITE_KIT_01,B00002,ING_ONION,2025-11-18T09:00:00,consume,21.5621,kg,prep
SITE_KIT_01,B00046,ING_TOMATO,2025-11-18T09:00:00,consume,15.9026,kg,prep
SITE_KIT_01,B00028,ING_CURD,2025-11-18T09:00:00,consume,0.9472,kg,prep
SITE_KIT_01,B00069,ING_CURD,2025-11-18T09:00:00,consume,6.4784,kg,prep
SITE_KIT_01,B00008,ING_GINGER,2025-11-18T09:00:00,consume,0.6673,kg,prep
SITE_KIT_01,B00009,ING_GARLIC,2025-11-18T09:00:00,consume,1.0974,kg,prep
SITE_KIT_01,B00007,ING_GCHILLI,2025-11-18T09:00:00,consume,0.9708,kg,prep
SITE_KIT_01,B00050,ING_GCHILLI,2025-11-18T09:00:00,consume,0.0147,kg,prep
SITE_KIT_01,B00057,ING_MINT,2025-11-18T09:00:00,consume,0.3817,kg,prep
SITE_KIT_01,B00076,ING_MINT,2025-11-18T09:00:00,consume,0.0651,kg,prep
SITE_KIT_01,B00042,ING_CORIANDER,2025-11-18T09:00:00,consume,0.035,kg,prep
SITE_KIT_01,B00049,ING_CORIANDER,2025-11-18T09:00:00,consume,0.8818,kg,prep
SITE_KIT_01,B00032,ING_GHEE,2025-11-18T09:00:00,consume,2.5688,kg,prep
SITE_KIT_01,B00037,ING_CASHEW,2025-11-18T09:00:00,consume,0.7826,kg,prep
SITE_KIT_01,B00051,ING_CARROT,2025-11-18T09:00:00,consume,4.8133,kg,prep
SITE_KIT_01,B00019,ING_BEANS,2025-11-18T09:00:00,consume,2.6624,kg,prep
SITE_KIT_01,B00060,ING_BEANS,2025-11-18T09:00:00,consume,0.2976,kg,prep
SITE_KIT_01,B00015,ING_PEAS,2025-11-18T09:00:00,consume,0.363,kg,prep
SITE_KIT_01,B00056,ING_PEAS,2025-11-18T09:00:00,consume,1.925,kg,prep
SITE_KIT_01,B00004,ING_CAULI,2025-11-18T09:00:00,consume,2.2372,kg,prep
SITE_KIT_01,B00047,ING_CAULI,2025-11-18T09:00:00,consume,18.3451,kg,prep
SITE_KIT_01,B00003,ING_POTATO,2025-11-18T09:00:00,consume,11.1999,kg,prep
SITE_KIT_01,B00068,ING_PANEER,2025-11-18T09:00:00,consume,8.944,kg,prep
SITE_KIT_01,B00072,ING_BUTTER,2025-11-18T09:00:00,consume,1.9396,kg,prep
SITE_KIT_01,B00030,ING_CREAM,2025-11-18T09:00:00,consume,0.0518,kg,prep
SITE_KIT_01,B00071,ING_CREAM,2025-11-18T09:00:00,consume,1.7942,kg,prep
SITE_KIT_01,B00011,ING_CAPSICUM,2025-11-18T09:00:00,consume,2.0649,kg,prep
SITE_KIT_01,B00052,ING_CAPSICUM,2025-11-18T09:00:00,consume,0.675,kg,prep
SITE_KIT_01,B00035,ING_BESAN,2025-11-18T09:00:00,consume,0.884,kg,prep
SITE_KIT_01,B00036,ING_OIL,2025-11-18T09:00:00,consume,2.158,kg,prep
SITE_KIT_01,B00074,ING_SPINACH,2025-11-18T09:00:00,consume,6.06,kg,prep
SITE_KIT_01,B00034,ING_ATTA,2025-11-18T09:00:00,consume,14.937,kg,prep
SITE_KIT_01,B00029,ING_MILK,2025-11-18T09:00:00,consume,0.929,kg,prep
SITE_KIT_01,B00070,ING_MILK,2025-11-18T09:00:00,consume,0.358,kg,prep
SITE_KIT_01,B00039,ING_TOORDAL,2025-11-18T09:00:00,consume,3.51,kg,prep
SITE_KIT_01,B00058,ING_CURRYLEAF,2025-11-18T09:00:00,consume,0.3517,kg,prep
SITE_KIT_01,B00024,ING_MUTTON,2025-11-18T09:00:00,consume,1.16,kg,prep
SITE_KIT_01,B00065,ING_MUTTON,2025-11-18T09:00:00,consume,3.0,kg,prep
SITE_KIT_01,B00073,ING_BATTER,2025-11-18T09:00:00,consume,8.024,kg,prep
SITE_KIT_01,B00078,ING_BATTER,2025-11-18T09:00:00,consume,3.208,kg,prep
SITE_KIT_01,B00066,ING_FISH,2025-11-18T09:00:00,consume,4.16,kg,prep
SITE_KIT_01,B00038,ING_COCONUT,2025-11-18T09:00:00,consume,1.04,kg,prep
SITE_KIT_01,B00018,ING_LEMON,2025-11-18T09:00:00,consume,1.1791,kg,prep
SITE_KIT_01,B00059,ING_LEMON,2025-11-18T09:00:00,consume,0.1953,kg,prep
SITE_KIT_01,B00021,ING_CUCUMBER,2025-11-18T09:00:00,consume,0.5003,kg,prep
SITE_KIT_01,B00062,ING_CUCUMBER,2025-11-18T09:00:00,consume,2.3436,kg,prep
SITE_KIT_01,B00012,ING_CABBAGE,2025-11-18T09:00:00,consume,0.9017,kg,prep
SITE_KIT_01,B00053,ING_CABBAGE,2025-11-18T09:00:00,consume,0.94,kg,prep
SITE_KIT_01,B00063,ING_BANANA,2025-11-18T09:00:00,consume,2.9389,kg,prep
SITE_KIT_01,B00067,ING_EGG,2025-11-18T09:00:00,consume,1.8486,kg,prep
SITE_KIT_01,B00054,ING_BRINJAL,2025-11-18T09:00:00,consume,2.5876,kg,prep
SITE_KIT_01,B00014,ING_OKRA,2025-11-18T09:00:00,consume,3.0086,kg,prep
SITE_KIT_01,B00020,ING_MUSHROOM,2025-11-18T09:00:00,consume,0.2335,kg,prep
SITE_KIT_01,B00061,ING_MUSHROOM,2025-11-18T09:00:00,consume,0.6283,kg,prep
SITE_KIT_01,B00079,ING_TOMATO,2025-11-19T07:00:00,receive,23.0,kg,LOT-B00079
SITE_KIT_01,B00080,ING_ONION,2025-11-19T07:00:00,receive,67.945,kg,LOT-B00080
SITE_KIT_01,B00081,ING_POTATO,2025-11-19T07:00:00,receive,40.0,kg,LOT-B00081
SITE_KIT_01,B00082,ING_CAULI,2025-11-19T07:00:00,receive,27.0,kg,LOT-B00082
SITE_KIT_01,B00083,ING_SPINACH,2025-11-19T07:00:00,receive,9.0,kg,LOT-B00083
SITE_KIT_01,B00084,ING_CORIANDER,2025-11-19T07:00:00,receive,1.25,kg,LOT-B00084
SITE_KIT_01,B00085,ING_GINGER,2025-11-19T07:00:00,receive,4.0,kg,LOT-B00085
SITE_KIT_01,B00086,ING_GARLIC,2025-11-19T07:00:00,receive,6.0,kg,LOT-B00086
SITE_KIT_01,B00087,ING_CARROT,2025-11-19T07:00:00,receive,8.0,kg,LOT-B00087
SITE_KIT_01,B00088,ING_CABBAGE,2025-11-19T07:00:00,receive,3.0,kg,LOT-B00088
SITE_KIT_01,B00089,ING_BRINJAL,2025-11-19T07:00:00,receive,5.684,kg,LOT-B00089
SITE_KIT_01,B00090,ING_OKRA,2025-11-19T07:00:00,receive,4.0,kg,LOT-B00090
SITE_KIT_01,B00091,ING_PEAS,2025-11-19T07:00:00,receive,2.649,kg,LOT-B00091
SITE_KIT_01,B00092,ING_MINT,2025-11-19T07:00:00,receive,0.704,kg,LOT-B00092
SITE_KIT_01,B00093,ING_CURRYLEAF,2025-11-19T07:00:00,receive,0.5,kg,LOT-B00093
SITE_KIT_01,B00094,ING_LEMON,2025-11-19T07:00:00,receive,4.0,kg,LOT-B00094
SITE_KIT_01,B00095,ING_BEANS,2025-11-19T07:00:00,receive,2.652,kg,LOT-B00095
SITE_KIT_01,B00096,ING_MUSHROOM,2025-11-19T07:00:00,receive,0.915,kg,LOT-B00096
SITE_KIT_01,B00097,ING_CUCUMBER,2025-11-19T07:00:00,receive,3.751,kg,LOT-B00097
SITE_KIT_01,B00098,ING_BANANA,2025-11-19T07:00:00,receive,7.951,kg,LOT-B00098
SITE_KIT_01,B00099,ING_CHICKEN,2025-11-19T07:00:00,receive,13.0,kg,LOT-B00099
SITE_KIT_01,B00100,ING_MUTTON,2025-11-19T07:00:00,receive,6.0,kg,LOT-B00100
SITE_KIT_01,B00101,ING_FISH,2025-11-19T07:00:00,receive,6.0,kg,LOT-B00101
SITE_KIT_01,B00102,ING_EGG,2025-11-19T07:00:00,receive,3.0,kg,LOT-B00102
SITE_KIT_01,B00103,ING_PANEER,2025-11-19T07:00:00,receive,14.0,kg,LOT-B00103
SITE_KIT_01,B00104,ING_CURD,2025-11-19T07:00:00,receive,9.0,kg,LOT-B00104
SITE_KIT_01,B00105,ING_MILK,2025-11-19T07:00:00,receive,2.0,kg,LOT-B00105
SITE_KIT_01,B00106,ING_CREAM,2025-11-19T07:00:00,receive,1.0,kg,LOT-B00106
SITE_KIT_01,B00107,ING_BUTTER,2025-11-19T07:00:00,receive,3.0,kg,LOT-B00107
SITE_KIT_01,B00108,ING_BATTER,2025-11-19T07:00:00,receive,21.0,kg,LOT-B00108
SITE_KIT_01,B00099,ING_CHICKEN,2025-11-19T09:00:00,consume,10.062,kg,prep
SITE_KIT_01,B00033,ING_RICE,2025-11-19T09:00:00,consume,20.67,kg,prep
SITE_KIT_01,B00002,ING_ONION,2025-11-19T09:00:00,consume,22.5128,kg,prep
SITE_KIT_01,B00079,ING_TOMATO,2025-11-19T09:00:00,consume,16.5322,kg,prep
SITE_KIT_01,B00069,ING_CURD,2025-11-19T09:00:00,consume,7.5283,kg,prep
SITE_KIT_01,B00008,ING_GINGER,2025-11-19T09:00:00,consume,0.7102,kg,prep
SITE_KIT_01,B00009,ING_GARLIC,2025-11-19T09:00:00,consume,1.1829,kg,prep
SITE_KIT_01,B00050,ING_GCHILLI,2025-11-19T09:00:00,consume,1.1094,kg,prep
SITE_KIT_01,B00076,ING_MINT,2025-11-19T09:00:00,consume,0.4238,kg,prep
SITE_KIT_01,B00049,ING_CORIANDER,2025-11-19T09:00:00,consume,0.7832,kg,prep
SITE_KIT_01,B00075,ING_CORIANDER,2025-11-19T09:00:00,consume,0.1476,kg,prep
SITE_KIT_01,B00032,ING_GHEE,2025-11-19T09:00:00,consume,2.6858,kg,prep
SITE_KIT_01,B00037,ING_CASHEW,2025-11-19T09:00:00,consume,0.8346,kg,prep
SITE_KIT_01,B00051,ING_CARROT,2025-11-19T09:00:00,consume,4.5623,kg,prep
SITE_KIT_01,B00060,ING_BEANS,2025-11-19T09:00:00,consume,2.9304,kg,prep
SITE_KIT_01,B00091,ING_PEAS,2025-11-19T09:00:00,consume,2.158,kg,prep
SITE_KIT_01,B00082,ING_CAULI,2025-11-19T09:00:00,consume,19.8,kg,prep
SITE_KIT_01,B00003,ING_POTATO,2025-11-19T09:00:00,consume,12.4965,kg,prep
SITE_KIT_01,B00103,ING_PANEER,2025-11-19T09:00:00,consume,9.412,kg,prep
SITE_KIT_01,B00072,ING_BUTTER,2025-11-19T09:00:00,consume,1.9838,kg,prep
SITE_KIT_01,B00071,ING_CREAM,2025-11-19T09:00:00,consume,1.9344,kg,prep
SITE_KIT_01,B00052,ING_CAPSICUM,2025-11-19T09:00:00,consume,2.7947,kg,prep
SITE_KIT_01,B00035,ING_BESAN,2025-11-19T09:00:00,consume,0.936,kg,prep
SITE_KIT_01,B00036,ING_OIL,2025-11-19T09:00:00,consume,2.496,kg,prep
SITE_KIT_01,B00074,ING_SPINACH,2025-11-19T09:00:00,consume,2.94,kg,prep
SITE_KIT_01,B00083,ING_SPINACH,2025-11-19T09:00:00,consume,3.585,kg,prep
SITE_KIT_01,B00034,ING_ATTA,2025-11-19T09:00:00,consume,15.223,kg,prep
SITE_KIT_01,B00070,ING_MILK,2025-11-19T09:00:00,consume,1.261,kg,prep
SITE_KIT_01,B00039,ING_TOORDAL,2025-11-19T09:00:00,consume,4.056,kg,prep
SITE_KIT_01,B00058,ING_CURRYLEAF,2025-11-19T09:00:00,consume,0.2894,kg,prep
SITE_KIT_01,B00077,ING_CURRYLEAF,2025-11-19T09:00:00,consume,0.1213,kg,prep
SITE_KIT_01,B00100,ING_MUTTON,2025-11-19T09:00:00,consume,4.68,kg,prep
SITE_KIT_01,B00108,ING_BATTER,2025-11-19T09:00:00,consume,14.144,kg,prep
SITE_KIT_01,B00101,ING_FISH,2025-11-19T09:00:00,consume,4.368,kg,prep
SITE_KIT_01,B00038,ING_COCONUT,2025-11-19T09:00:00,consume,1.092,kg,prep
SITE_KIT_01,B00094,ING_LEMON,2025-11-19T09:00:00,consume,1.3873,kg,prep
SITE_KIT_01,B00062,ING_CUCUMBER,2025-11-19T09:00:00,consume,3.0156,kg,prep
SITE_KIT_01,B00088,ING_CABBAGE,2025-11-19T09:00:00,consume,1.9366,kg,prep
SITE_KIT_01,B00063,ING_BANANA,2025-11-19T09:00:00,consume,3.1655,kg,prep
SITE_KIT_01,B00067,ING_EGG,2025-11-19T09:00:00,consume,1.9188,kg,prep
SITE_KIT_01,B00089,ING_BRINJAL,2025-11-19T09:00:00,consume,2.6702,kg,prep
SITE_KIT_01,B00014,ING_OKRA,2025-11-19T09:00:00,consume,3.0552,kg,prep
SITE_KIT_01,B00061,ING_MUSHROOM,2025-11-19T09:00:00,consume,0.8877,kg,prep
SITE_KIT_01,B00043,ING_MINT,2025-11-19T23:00:00,waste,0.4925,kg,spoilage
SITE_KIT_01,B00044,ING_CURRYLEAF,2025-11-19T23:00:00,waste,0.4745,kg,spoilage
SITE_KIT_01,B00109,ING_SPINACH,2025-11-20T07:00:00,receive,8.0,kg,LOT-B00109
SITE_KIT_01,B00110,ING_CORIANDER,2025-11-20T07:00:00,receive,1.25,kg,LOT-B00110
SITE_KIT_01,B00111,ING_MINT,2025-11-20T07:00:00,receive,0.75,kg,LOT-B00111
SITE_KIT_01,B00112,ING_CURRYLEAF,2025-11-20T07:00:00,receive,0.75,kg,LOT-B00112
SITE_KIT_01,B00113,ING_BATTER,2025-11-20T07:00:00,receive,15.0,kg,LOT-B00113
SITE_KIT_01,B00099,ING_CHICKEN,2025-11-20T09:00:00,consume,2.938,kg,prep
SITE_KIT_01,B00064,ING_CHICKEN,2025-11-20T09:00:00,consume,8.06,kg,prep
SITE_KIT_01,B00033,ING_RICE,2025-11-20T09:00:00,consume,22.763,kg,prep
SITE_KIT_01,B00002,ING_ONION,2025-11-20T09:00:00,consume,23.6619,kg,prep
SITE_KIT_01,B00079,ING_TOMATO,2025-11-20T09:00:00,consume,6.4678,kg,prep
SITE_KIT_01,B00046,ING_TOMATO,2025-11-20T09:00:00,consume,11.128,kg,prep
SITE_KIT_01,B00069,ING_CURD,2025-11-20T09:00:00,consume,8.7542,kg,prep
SITE_KIT_01,B00008,ING_GINGER,2025-11-20T09:00:00,consume,0.746,kg,prep
SITE_KIT_01,B00009,ING_GARLIC,2025-11-20T09:00:00,consume,1.28,kg,prep
SITE_KIT_01,B00050,ING_GCHILLI,2025-11-20T09:00:00,consume,1.0892,kg,prep
SITE_KIT_01,B00076,ING_MINT,2025-11-20T09:00:00,consume,0.2611,kg,prep
SITE_KIT_01,B00092,ING_MINT,2025-11-20T09:00:00,consume,0.2124,kg,prep
SITE_KIT_01,B00075,ING_CORIANDER,2025-11-20T09:00:00,consume,1.0255,kg,prep
SITE_KIT_01,B00032,ING_GHEE,2025-11-20T09:00:00,consume,2.925,kg,prep
SITE_KIT_01,B00037,ING_CASHEW,2025-11-20T09:00:00,consume,0.897,kg,prep
SITE_KIT_01,B00051,ING_CARROT,2025-11-20T09:00:00,consume,4.8416,kg,prep
SITE_KIT_01,B00087,ING_CARROT,2025-11-20T09:00:00,consume,0.315,kg,prep
SITE_KIT_01,B00060,ING_BEANS,2025-11-20T09:00:00,consume,3.0776,kg,prep
SITE_KIT_01,B00091,ING_PEAS,2025-11-20T09:00:00,consume,0.491,kg,prep
SITE_KIT_01,B00056,ING_PEAS,2025-11-20T09:00:00,consume,1.875,kg,prep
SITE_KIT_01,B00082,ING_CAULI,2025-11-20T09:00:00,consume,7.2,kg,prep
SITE_KIT_01,B00047,ING_CAULI,2025-11-20T09:00:00,consume,15.0619,kg,prep
SITE_KIT_01,B00003,ING_POTATO,2025-11-20T09:00:00,consume,8.581,kg,prep
SITE_KIT_01,B00081,ING_POTATO,2025-11-20T09:00:00,consume,1.701,kg,prep
SITE_KIT_01,B00103,ING_PANEER,2025-11-20T09:00:00,consume,4.588,kg,prep
SITE_KIT_01,B00068,ING_PANEER,2025-11-20T09:00:00,consume,5.435,kg,prep
SITE_KIT_01,B00072,ING_BUTTER,2025-11-20T09:00:00,consume,2.3601,kg,prep
SITE_KIT_01,B00107,ING_BUTTER,2025-11-20T09:00:00,consume,0.0228,kg,prep
SITE_KIT_01,B00071,ING_CREAM,2025-11-20T09:00:00,consume,2.0696,kg,prep
SITE_KIT_01,B00052,ING_CAPSICUM,2025-11-20T09:00:00,consume,3.0744,kg,prep
SITE_KIT_01,B00035,ING_BESAN,2025-11-20T09:00:00,consume,1.014,kg,prep
SITE_KIT_01,B00036,ING_OIL,2025-11-20T09:00:00,consume,2.223,kg,prep
SITE_KIT_01,B00083,ING_SPINACH,2025-11-20T09:00:00,consume,5.415,kg,prep
SITE_KIT_01,B00109,ING_SPINACH,2025-11-20T09:00:00,consume,1.3465,kg,prep
SITE_KIT_01,B00034,ING_ATTA,2025-11-20T09:00:00,consume,18.252,kg,prep
SITE_KIT_01,B00070,ING_MILK,2025-11-20T09:00:00,consume,1.794,kg,prep
SITE_KIT_01,B00039,ING_TOORDAL,2025-11-20T09:00:00,consume,4.212,kg,prep
SITE_KIT_01,B00077,ING_CURRYLEAF,2025-11-20T09:00:00,consume,0.357,kg,prep
SITE_KIT_01,B00100,ING_MUTTON,2025-11-20T09:00:00,consume,1.32,kg,prep
SITE_KIT_01,B00065,ING_MUTTON,2025-11-20T09:00:00,consume,3.88,kg,prep
SITE_KIT_01,B00108,ING_BATTER,2025-11-20T09:00:00,consume,6.856,kg,prep
SITE_KIT_01,B00078,ING_BATTER,2025-11-20T09:00:00,consume,3.336,kg,prep
SITE_KIT_01,B00101,ING_FISH,2025-11-20T09:00:00,consume,1.632,kg,prep
SITE_KIT_01,B00066,ING_FISH,2025-11-20T09:00:00,consume,2.944,kg,prep
SITE_KIT_01,B00038,ING_COCONUT,2025-11-20T09:00:00,consume,1.144,kg,prep
SITE_KIT_01,B00094,ING_LEMON,2025-11-20T09:00:00,consume,1.6148,kg,prep
SITE_KIT_01,B00062,ING_CUCUMBER,2025-11-20T09:00:00,consume,3.4114,kg,prep
SITE_KIT_01,B00088,ING_CABBAGE,2025-11-20T09:00:00,consume,1.0634,kg,prep
SITE_KIT_01,B00053,ING_CABBAGE,2025-11-20T09:00:00,consume,1.1883,kg,prep
SITE_KIT_01,B00063,ING_BANANA,2025-11-20T09:00:00,consume,3.5634,kg,prep
SITE_KIT_01,B00067,ING_EGG,2025-11-20T09:00:00,consume,2.1713,kg,prep
SITE_KIT_01,B00102,ING_EGG,2025-11-20T09:00:00,consume,0.0283,kg,prep
SITE_KIT_01,B00089,ING_BRINJAL,2025-11-20T09:00:00,consume,3.0138,kg,prep
SITE_KIT_01,B00054,ING_BRINJAL,2025-11-20T09:00:00,consume,0.107,kg,prep
SITE_KIT_01,B00014,ING_OKRA,2025-11-20T09:00:00,consume,1.1258,kg,prep
SITE_KIT_01,B00090,ING_OKRA,2025-11-20T09:00:00,consume,2.3675,kg,prep
SITE_KIT_01,B00061,ING_MUSHROOM,2025-11-20T09:00:00,consume,1.0301,kg,prep
SITE_KIT_01,B00078,ING_BATTER,2025-11-20T23:00:00,waste,7.456,kg,spoilage
SITE_KIT_01,B00114,ING_TOMATO,2025-11-21T07:00:00,receive,30.0,kg,LOT-B00114
SITE_KIT_01,B00115,ING_CAULI,2025-11-21T07:00:00,receive,34.0,kg,LOT-B00115
SITE_KIT_01,B00116,ING_SPINACH,2025-11-21T07:00:00,receive,14.0,kg,LOT-B00116
SITE_KIT_01,B00117,ING_CORIANDER,2025-11-21T07:00:00,receive,1.25,kg,LOT-B00117
SITE_KIT_01,B00118,ING_GCHILLI,2025-11-21T07:00:00,receive,2.0,kg,LOT-B00118
SITE_KIT_01,B00119,ING_CARROT,2025-11-21T07:00:00,receive,9.0,kg,LOT-B00119
SITE_KIT_01,B00120,ING_CAPSICUM,2025-11-21T07:00:00,receive,4.0,kg,LOT-B00120
SITE_KIT_01,B00121,ING_CABBAGE,2025-11-21T07:00:00,receive,4.0,kg,LOT-B00121
SITE_KIT_01,B00122,ING_BRINJAL,2025-11-21T07:00:00,receive,4.0,kg,LOT-B00122
SITE_KIT_01,B00123,ING_OKRA,2025-11-21T07:00:00,receive,4.413,kg,LOT-B00123
SITE_KIT_01,B00124,ING_PEAS,2025-11-21T07:00:00,receive,5.0,kg,LOT-B00124
SITE_KIT_01,B00125,ING_MINT,2025-11-21T07:00:00,receive,0.448,kg,LOT-B00125
SITE_KIT_01,B00126,ING_CURRYLEAF,2025-11-21T07:00:00,receive,0.5,kg,LOT-B00126
SITE_KIT_01,B00127,ING_LEMON,2025-11-21T07:00:00,receive,4.0,kg,LOT-B00127
SITE_KIT_01,B00128,ING_BEANS,2025-11-21T07:00:00,receive,5.0,kg,LOT-B00128
SITE_KIT_01,B00129,ING_MUSHROOM,2025-11-21T07:00:00,receive,2.0,kg,LOT-B00129
SITE_KIT_01,B00130,ING_CUCUMBER,2025-11-21T07:00:00,receive,6.0,kg,LOT-B00130
SITE_KIT_01,B00131,ING_BANANA,2025-11-21T07:00:00,receive,8.49,kg,LOT-B00131
SITE_KIT_01,B00132,ING_CHICKEN,2025-11-21T07:00:00,receive,17.0,kg,LOT-B00132
SITE_KIT_01,B00133,ING_MUTTON,2025-11-21T07:00:00,receive,7.0,kg,LOT-B00133
SITE_KIT_01,B00134,ING_FISH,2025-11-21T07:00:00,receive,7.0,kg,LOT-B00134
SITE_KIT_01,B00135,ING_EGG,2025-11-21T07:00:00,receive,3.0,kg,LOT-B00135
SITE_KIT_01,B00136,ING_PANEER,2025-11-21T07:00:00,receive,16.0,kg,LOT-B00136
SITE_KIT_01,B00137,ING_CURD,2025-11-21T07:00:00,receive,13.0,kg,LOT-B00137
SITE_KIT_01,B00138,ING_MILK,2025-11-21T07:00:00,receive,2.0,kg,LOT-B00138
SITE_KIT_01,B00139,ING_CREAM,2025-11-21T07:00:00,receive,3.0,kg,LOT-B00139
SITE_KIT_01,B00140,ING_BUTTER,2025-11-21T07:00:00,receive,4.0,kg,LOT-B00140
SITE_KIT_01,B00141,ING_BATTER,2025-11-21T07:00:00,receive,13.0,kg,LOT-B00141
SITE_KIT_01,B00132,ING_CHICKEN,2025-11-21T09:00:00,consume,17.0,kg,prep
SITE_KIT_01,B00064,ING_CHICKEN,2025-11-21T09:00:00,consume,1.018,kg,prep
SITE_KIT_01,B00033,ING_RICE,2025-11-21T09:00:00,consume,31.59,kg,prep
SITE_KIT_01,B00002,ING_ONION,2025-11-21T09:00:00,consume,19.1983,kg,prep
SITE_KIT_01,B00080,ING_ONION,2025-11-21T09:00:00,consume,14.6272,kg,prep
SITE_KIT_01,B00114,ING_TOMATO,2025-11-21T09:00:00,consume,24.4479,kg,prep
SITE_KIT_01,B00069,ING_CURD,2025-11-21T09:00:00,consume,1.2391,kg,prep
SITE_KIT_01,B00137,ING_CURD,2025-11-21T09:00:00,consume,11.3683,kg,prep
SITE_KIT_01,B00008,ING_GINGER,2025-11-21T09:00:00,consume,0.92,kg,prep
SITE_KIT_01,B00085,ING_GINGER,2025-11-21T09:00:00,consume,0.2158,kg,prep
SITE_KIT_01,B00009,ING_GARLIC,2025-11-21T09:00:00,consume,1.7123,kg,prep
SITE_KIT_01,B00086,ING_GARLIC,2025-11-21T09:00:00,consume,0.1336,kg,prep
SITE_KIT_01,B00050,ING_GCHILLI,2025-11-21T09:00:00,consume,1.5194,kg,prep
SITE_KIT_01,B00125,ING_MINT,2025-11-21T09:00:00,consume,0.448,kg,prep
SITE_KIT_01,B00092,ING_MINT,2025-11-21T09:00:00,consume,0.2648,kg,prep
SITE_KIT_01,B00075,ING_CORIANDER,2025-11-21T09:00:00,consume,0.327,kg,prep
SITE_KIT_01,B00084,ING_CORIANDER,2025-11-21T09:00:00,consume,1.1402,kg,prep
SITE_KIT_01,B00032,ING_GHEE,2025-11-21T09:00:00,consume,4.1938,kg,prep
SITE_KIT_01,B00037,ING_CASHEW,2025-11-21T09:00:00,consume,1.2974,kg,prep
SITE_KIT_01,B00087,ING_CARROT,2025-11-21T09:00:00,consume,6.6751,kg,prep
SITE_KIT_01,B00060,ING_BEANS,2025-11-21T09:00:00,consume,1.6944,kg,prep
SITE_KIT_01,B00095,ING_BEANS,2025-11-21T09:00:00,consume,2.3376,kg,prep
SITE_KIT_01,B00056,ING_PEAS,2025-11-21T09:00:00,consume,3.068,kg,prep
SITE_KIT_01,B00115,ING_CAULI,2025-11-21T09:00:00,consume,28.7058,kg,prep
SITE_KIT_01,B00081,ING_POTATO,2025-11-21T09:00:00,consume,13.3719,kg,prep
SITE_KIT_01,B00068,ING_PANEER,2025-11-21T09:00:00,consume,11.777,kg,prep
SITE_KIT_01,B00136,ING_PANEER,2025-11-21T09:00:00,consume,1.444,kg,prep
SITE_KIT_01,B00107,ING_BUTTER,2025-11-21T09:00:00,consume,2.9772,kg,prep
SITE_KIT_01,B00140,ING_BUTTER,2025-11-21T09:00:00,consume,0.2351,kg,prep
SITE_KIT_01,B00071,ING_CREAM,2025-11-21T09:00:00,consume,2.2018,kg,prep
SITE_KIT_01,B00106,ING_CREAM,2025-11-21T09:00:00,consume,0.5074,kg,prep
SITE_KIT_01,B00052,ING_CAPSICUM,2025-11-21T09:00:00,consume,3.9246,kg,prep
SITE_KIT_01,B00035,ING_BESAN,2025-11-21T09:00:00,consume,1.3,kg,prep
SITE_KIT_01,B00036,ING_OIL,2025-11-21T09:00:00,consume,2.8535,kg,prep
SITE_KIT_01,B00109,ING_SPINACH,2025-11-21T09:00:00,consume,6.6535,kg,prep
SITE_KIT_01,B00116,ING_SPINACH,2025-11-21T09:00:00,consume,2.6346,kg,prep
SITE_KIT_01,B00034,ING_ATTA,2025-11-21T09:00:00,consume,28.691,kg,prep
SITE_KIT_01,B00070,ING_MILK,2025-11-21T09:00:00,consume,0.587,kg,prep
SITE_KIT_01,B00138,ING_MILK,2025-11-21T09:00:00,consume,1.896,kg,prep
SITE_KIT_01,B00039,ING_TOORDAL,2025-11-21T09:00:00,consume,5.928,kg,prep
SITE_KIT_01,B00077,ING_CURRYLEAF,2025-11-21T09:00:00,consume,0.0217,kg,prep
SITE_KIT_01,B00093,ING_CURRYLEAF,2025-11-21T09:00:00,consume,0.4638,kg,prep
SITE_KIT_01,B00065,ING_MUTTON,2025-11-21T09:00:00,consume,8.12,kg,prep
SITE_KIT_01,B00133,ING_MUTTON,2025-11-21T09:00:00,consume,0.2,kg,prep
SITE_KIT_01,B00113,ING_BATTER,2025-11-21T09:00:00,consume,13.104,kg,prep
SITE_KIT_01,B00066,ING_FISH,2025-11-21T09:00:00,consume,6.008,kg,prep
SITE_KIT_01,B00134,ING_FISH,2025-11-21T09:00:00,consume,0.024,kg,prep
SITE_KIT_01,B00038,ING_COCONUT,2025-11-21T09:00:00,consume,1.508,kg,prep
SITE_KIT_01,B00094,ING_LEMON,2025-11-21T09:00:00,consume,0.9979,kg,prep
SITE_KIT_01,B00059,ING_LEMON,2025-11-21T09:00:00,consume,1.1359,kg,prep
SITE_KIT_01,B00062,ING_CUCUMBER,2025-11-21T09:00:00,consume,1.2294,kg,prep
SITE_KIT_01,B00097,ING_CUCUMBER,2025-11-21T09:00:00,consume,3.531,kg,prep
SITE_KIT_01,B00053,ING_CABBAGE,2025-11-21T09:00:00,consume,3.0402,kg,prep
SITE_KIT_01,B00063,ING_BANANA,2025-11-21T09:00:00,consume,1.1171,kg,prep
SITE_KIT_01,B00098,ING_BANANA,2025-11-21T09:00:00,consume,3.7355,kg,prep
SITE_KIT_01,B00102,ING_EGG,2025-11-21T09:00:00,consume,2.9717,kg,prep
SITE_KIT_01,B00135,ING_EGG,2025-11-21T09:00:00,consume,0.0118,kg,prep
SITE_KIT_01,B00054,ING_BRINJAL,2025-11-21T09:00:00,consume,4.0861,kg,prep
SITE_KIT_01,B00090,ING_OKRA,2025-11-21T09:00:00,consume,1.6325,kg,prep
SITE_KIT_01,B00055,ING_OKRA,2025-11-21T09:00:00,consume,3.2531,kg,prep
SITE_KIT_01,B00061,ING_MUSHROOM,2025-11-21T09:00:00,consume,0.4539,kg,prep
SITE_KIT_01,B00096,ING_MUSHROOM,2025-11-21T09:00:00,consume,0.915,kg,prep
SITE_KIT_01,B00129,ING_MUSHROOM,2025-11-21T09:00:00,consume,0.0195,kg,prep
SITE_KIT_01,B00048,ING_SPINACH,2025-11-21T23:00:00,waste,10.9626,kg,spoilage
SITE_KIT_01,B00142,ING_SPINACH,2025-11-22T07:00:00,receive,9.0,kg,LOT-B00142
SITE_KIT_01,B00143,ING_CORIANDER,2025-11-22T07:00:00,receive,1.103,kg,LOT-B00143
SITE_KIT_01,B00144,ING_MINT,2025-11-22T07:00:00,receive,0.75,kg,LOT-B00144
SITE_KIT_01,B00145,ING_CURRYLEAF,2025-11-22T07:00:00,receive,0.5,kg,LOT-B00145
SITE_KIT_01,B00146,ING_GHEE,2025-11-22T07:00:00,receive,15.0,kg,LOT-B00146
SITE_KIT_01,B00147,ING_RICE,2025-11-22T07:00:00,receive,100.0,kg,LOT-B00147
SITE_KIT_01,B00148,ING_ATTA,2025-11-22T07:00:00,receive,110.0,kg,LOT-B00148
SITE_KIT_01,B00149,ING_BESAN,2025-11-22T07:00:00,receive,5.0,kg,LOT-B00149
SITE_KIT_01,B00150,ING_OIL,2025-11-22T07:00:00,receive,15.0,kg,LOT-B00150
SITE_KIT_01,B00151,ING_CASHEW,2025-11-22T07:00:00,receive,5.0,kg,LOT-B00151
SITE_KIT_01,B00152,ING_COCONUT,2025-11-22T07:00:00,receive,10.0,kg,LOT-B00152
SITE_KIT_01,B00153,ING_BATTER,2025-11-22T07:00:00,receive,14.0,kg,LOT-B00153
SITE_KIT_01,B00064,ING_CHICKEN,2025-11-22T09:00:00,consume,10.314,kg,prep
SITE_KIT_01,B00033,ING_RICE,2025-11-22T09:00:00,consume,32.682,kg,prep
SITE_KIT_01,B00080,ING_ONION,2025-11-22T09:00:00,consume,35.8129,kg,prep
SITE_KIT_01,B00114,ING_TOMATO,2025-11-22T09:00:00,consume,5.5521,kg,prep
SITE_KIT_01,B00046,ING_TOMATO,2025-11-22T09:00:00,consume,20.6471,kg,prep
SITE_KIT_01,B00137,ING_CURD,2025-11-22T09:00:00,consume,1.6317,kg,prep
SITE_KIT_01,B00104,ING_CURD,2025-11-22T09:00:00,consume,9.0,kg,prep
SITE_KIT_01,B00085,ING_GINGER,2025-11-22T09:00:00,consume,1.1854,kg,prep
SITE_KIT_01,B00086,ING_GARLIC,2025-11-22T09:00:00,consume,1.9135,kg,prep
SITE_KIT_01,B00050,ING_GCHILLI,2025-11-22T09:00:00,consume,0.2673,kg,prep
SITE_KIT_01,B00118,ING_GCHILLI,2025-11-22T09:00:00,consume,1.2847,kg,prep
SITE_KIT_01,B00092,ING_MINT,2025-11-22T09:00:00,consume,0.2268,kg,prep
SITE_KIT_01,B00111,ING_MINT,2025-11-22T09:00:00,consume,0.4717,kg,prep
SITE_KIT_01,B00143,ING_CORIANDER,2025-11-22T09:00:00,consume,1.103,kg,prep
SITE_KIT_01,B00084,ING_CORIANDER,2025-11-22T09:00:00,consume,0.1098,kg,prep
SITE_KIT_01,B00110,ING_CORIANDER,2025-11-22T09:00:00,consume,0.2518,kg,prep
SITE_KIT_01,B00032,ING_GHEE,2025-11-22T09:00:00,consume,4.3615,kg,prep
SITE_KIT_01,B00037,ING_CASHEW,2025-11-22T09:00:00,consume,1.3442,kg,prep
SITE_KIT_01,B00087,ING_CARROT,2025-11-22T09:00:00,consume,1.0099,kg,prep
SITE_KIT_01,B00119,ING_CARROT,2025-11-22T09:00:00,consume,6.2334,kg,prep
SITE_KIT_01,B00095,ING_BEANS,2025-11-22T09:00:00,consume,0.3144,kg,prep
SITE_KIT_01,B00128,ING_BEANS,2025-11-22T09:00:00,consume,4.2111,kg,prep
SITE_KIT_01,B00056,ING_PEAS,2025-11-22T09:00:00,consume,0.132,kg,prep
SITE_KIT_01,B00124,ING_PEAS,2025-11-22T09:00:00,consume,3.248,kg,prep
SITE_KIT_01,B00115,ING_CAULI,2025-11-22T09:00:00,consume,5.2942,kg,prep
SITE_KIT_01,B00047,ING_CAULI,2025-11-22T09:00:00,consume,25.6709,kg,prep
SITE_KIT_01,B00081,ING_POTATO,2025-11-22T09:00:00,consume,14.2785,kg,prep
SITE_KIT_01,B00136,ING_PANEER,2025-11-22T09:00:00,consume,14.556,kg,prep
SITE_KIT_01,B00140,ING_BUTTER,2025-11-22T09:00:00,consume,3.3436,kg,prep
SITE_KIT_01,B00106,ING_CREAM,2025-11-22T09:00:00,consume,0.4926,kg,prep
SITE_KIT_01,B00139,ING_CREAM,2025-11-22T09:00:00,consume,2.565,kg,prep
SITE_KIT_01,B00052,ING_CAPSICUM,2025-11-22T09:00:00,consume,1.5313,kg,prep
SITE_KIT_01,B00120,ING_CAPSICUM,2025-11-22T09:00:00,consume,2.9853,kg,prep
SITE_KIT_01,B00035,ING_BESAN,2025-11-22T09:00:00,consume,1.456,kg,prep
SITE_KIT_01,B00036,ING_OIL,2025-11-22T09:00:00,consume,3.1655,kg,prep
SITE_KIT_01,B00116,ING_SPINACH,2025-11-22T09:00:00,consume,10.3914,kg,prep
SITE_KIT_01,B00034,ING_ATTA,2025-11-22T09:00:00,consume,26.832,kg,prep
SITE_KIT_01,B00138,ING_MILK,2025-11-22T09:00:00,consume,0.104,kg,prep
SITE_KIT_01,B00105,ING_MILK,2025-11-22T09:00:00,consume,2.0,kg,prep
SITE_KIT_01,B00039,ING_TOORDAL,2025-11-22T09:00:00,consume,6.24,kg,prep
SITE_KIT_01,B00093,ING_CURRYLEAF,2025-11-22T09:00:00,consume,0.0362,kg,prep
SITE_KIT_01,B00112,ING_CURRYLEAF,2025-11-22T09:00:00,consume,0.4664,kg,prep
SITE_KIT_01,B00133,ING_MUTTON,2025-11-22T09:00:00,consume,6.8,kg,prep
SITE_KIT_01,B00113,ING_BATTER,2025-11-22T09:00:00,consume,1.896,kg,prep
SITE_KIT_01,B00141,ING_BATTER,2025-11-22T09:00:00,consume,12.456,kg,prep
SITE_KIT_01,B00134,ING_FISH,2025-11-22T09:00:00,consume,6.864,kg,prep
SITE_KIT_01,B00038,ING_COCONUT,2025-11-22T09:00:00,consume,1.716,kg,prep
SITE_KIT_01,B00059,ING_LEMON,2025-11-22T09:00:00,consume,2.2914,kg,prep
SITE_KIT_01,B00097,ING_CUCUMBER,2025-11-22T09:00:00,consume,0.22,kg,prep
SITE_KIT_01,B00130,ING_CUCUMBER,2025-11-22T09:00:00,consume,4.7454,kg,prep
SITE_KIT_01,B00053,ING_CABBAGE,2025-11-22T09:00:00,consume,0.1365,kg,prep
SITE_KIT_01,B00121,ING_CABBAGE,2025-11-22T09:00:00,consume,3.0396,kg,prep
SITE_KIT_01,B00098,ING_BANANA,2025-11-22T09:00:00,consume,4.2155,kg,prep
SITE_KIT_01,B00131,ING_BANANA,2025-11-22T09:00:00,consume,1.0023,kg,prep
SITE_KIT_01,B00135,ING_EGG,2025-11-22T09:00:00,consume,2.9882,kg,prep
SITE_KIT_01,B00054,ING_BRINJAL,2025-11-22T09:00:00,consume,2.1103,kg,prep
SITE_KIT_01,B00122,ING_BRINJAL,2025-11-22T09:00:00,consume,2.2524,kg,prep
SITE_KIT_01,B00055,ING_OKRA,2025-11-22T09:00:00,consume,0.7469,kg,prep
SITE_KIT_01,B00123,ING_OKRA,2025-11-22T09:00:00,consume,4.2867,kg,prep
SITE_KIT_01,B00129,ING_MUSHROOM,2025-11-22T09:00:00,consume,1.477,kg,prep
SITE_KIT_01,B00154,ING_TOMATO,2025-11-23T07:00:00,receive,43.0,kg,LOT-B00154
SITE_KIT_01,B00155,ING_ONION,2025-11-23T07:00:00,receive,108.0,kg,LOT-B00155
SITE_KIT_01,B00156,ING_POTATO,2025-11-23T07:00:00,receive,46.0,kg,LOT-B00156
SITE_KIT_01,B00157,ING_CAULI,2025-11-23T07:00:00,receive,56.0,kg,LOT-B00157
SITE_KIT_01,B00158,ING_SPINACH,2025-11-23T07:00:00,receive,9.0,kg,LOT-B00158
SITE_KIT_01,B00159,ING_CORIANDER,2025-11-23T07:00:00,receive,1.25,kg,LOT-B00159
SITE_KIT_01,B00160,ING_GCHILLI,2025-11-23T07:00:00,receive,3.0,kg,LOT-B00160
SITE_KIT_01,B00161,ING_GINGER,2025-11-23T07:00:00,receive,4.0,kg,LOT-B00161
SITE_KIT_01,B00162,ING_GARLIC,2025-11-23T07:00:00,receive,4.0,kg,LOT-B00162
SITE_KIT_01,B00163,ING_CARROT,2025-11-23T07:00:00,receive,11.451,kg,LOT-B00163
SITE_KIT_01,B00164,ING_CAPSICUM,2025-11-23T07:00:00,receive,8.0,kg,LOT-B00164
SITE_KIT_01,B00165,ING_CABBAGE,2025-11-23T07:00:00,receive,6.0,kg,LOT-B00165
SITE_KIT_01,B00166,ING_BRINJAL,2025-11-23T07:00:00,receive,7.0,kg,LOT-B00166
SITE_KIT_01,B00167,ING_OKRA,2025-11-23T07:00:00,receive,10.0,kg,LOT-B00167
SITE_KIT_01,B00168,ING_PEAS,2025-11-23T07:00:00,receive,5.0,kg,LOT-B00168
SITE_KIT_01,B00169,ING_MINT,2025-11-23T07:00:00,receive,1.0,kg,LOT-B00169
SITE_KIT_01,B00170,ING_CURRYLEAF,2025-11-23T07:00:00,receive,0.5,kg,LOT-B00170
SITE_KIT_01,B00171,ING_LEMON,2025-11-23T07:00:00,receive,4.0,kg,LOT-B00171
SITE_KIT_01,B00172,ING_BEANS,2025-11-23T07:00:00,receive,8.0,kg,LOT-B00172
SITE_KIT_01,B00173,ING_MUSHROOM,2025-11-23T07:00:00,receive,3.0,kg,LOT-B00173
SITE_KIT_01,B00174,ING_CUCUMBER,2025-11-23T07:00:00,receive,9.0,kg,LOT-B00174
SITE_KIT_01,B00175,ING_BANANA,2025-11-23T07:00:00,receive,13.0,kg,LOT-B00175
SITE_KIT_01,B00176,ING_CHICKEN,2025-11-23T07:00:00,receive,28.0,kg,LOT-B00176
SITE_KIT_01,B00177,ING_MUTTON,2025-11-23T07:00:00,receive,23.0,kg,LOT-B00177
SITE_KIT_01,B00178,ING_FISH,2025-11-23T07:00:00,receive,12.0,kg,LOT-B00178
SITE_KIT_01,B00179,ING_EGG,2025-11-23T07:00:00,receive,6.0,kg,LOT-B00179
SITE_KIT_01,B00180,ING_PANEER,2025-11-23T07:00:00,receive,41.0,kg,LOT-B00180
SITE_KIT_01,B00181,ING_CURD,2025-11-23T07:00:00,receive,24.0,kg,LOT-B00181
SITE_KIT_01,B00182,ING_MILK,2025-11-23T07:00:00,receive,5.0,kg,LOT-B00182
SITE_KIT_01,B00183,ING_CREAM,2025-11-23T07:00:00,receive,5.0,kg,LOT-B00183
SITE_KIT_01,B00184,ING_BUTTER,2025-11-23T07:00:00,receive,7.0,kg,LOT-B00184
SITE_KIT_01,B00185,ING_BATTER,2025-11-23T07:00:00,receive,14.0,kg,LOT-B00185
SITE_KIT_01,B00176,ING_CHICKEN,2025-11-23T09:00:00,consume,13.338,kg,prep
SITE_KIT_01,B00033,ING_RICE,2025-11-23T09:00:00,consume,26.52,kg,prep
SITE_KIT_01,B00155,ING_ONION,2025-11-23T09:00:00,consume,29.3999,kg,prep
SITE_KIT_01,B00046,ING_TOMATO,2025-11-23T09:00:00,consume,4.2543,kg,prep
SITE_KIT_01,B00154,ING_TOMATO,2025-11-23T09:00:00,consume,16.8348,kg,prep
SITE_KIT_01,B00181,ING_CURD,2025-11-23T09:00:00,consume,10.1049,kg,prep
SITE_KIT_01,B00085,ING_GINGER,2025-11-23T09:00:00,consume,0.9325,kg,prep
SITE_KIT_01,B00162,ING_GARLIC,2025-11-23T09:00:00,consume,1.5509,kg,prep
SITE_KIT_01,B00118,ING_GCHILLI,2025-11-23T09:00:00,consume,0.7153,kg,prep
SITE_KIT_01,B00160,ING_GCHILLI,2025-11-23T09:00:00,consume,0.5889,kg,prep
SITE_KIT_01,B00169,ING_MINT,2025-11-23T09:00:00,consume,0.5623,kg,prep
SITE_KIT_01,B00110,ING_CORIANDER,2025-11-23T09:00:00,consume,0.9982,kg,prep
SITE_KIT_01,B00117,ING_CORIANDER,2025-11-23T09:00:00,consume,0.2104,kg,prep
SITE_KIT_01,B00032,ING_GHEE,2025-11-23T09:00:00,consume,3.5113,kg,prep
SITE_KIT_01,B00037,ING_CASHEW,2025-11-23T09:00:00,consume,1.0998,kg,prep
SITE_KIT_01,B00163,ING_CARROT,2025-11-23T09:00:00,consume,5.9361,kg,prep
SITE_KIT_01,B00128,ING_BEANS,2025-11-23T09:00:00,consume,0.7889,kg,prep
SITE_KIT_01,B00172,ING_BEANS,2025-11-23T09:00:00,consume,2.8605,kg,prep
SITE_KIT_01,B00124,ING_PEAS,2025-11-23T09:00:00,consume,1.752,kg,prep
SITE_KIT_01,B00168,ING_PEAS,2025-11-23T09:00:00,consume,1.03,kg,prep
SITE_KIT_01,B00047,ING_CAULI,2025-11-23T09:00:00,consume,3.9221,kg,prep
SITE_KIT_01,B00157,ING_CAULI,2025-11-23T09:00:00,consume,21.8431,kg,prep
SITE_KIT_01,B00081,ING_POTATO,2025-11-23T09:00:00,consume,10.6486,kg,prep
SITE_KIT_01,B00156,ING_POTATO,2025-11-23T09:00:00,consume,0.7047,kg,prep
SITE_KIT_01,B00180,ING_PANEER,2025-11-23T09:00:00,consume,12.194,kg,prep
SITE_KIT_01,B00140,ING_BUTTER,2025-11-23T09:00:00,consume,0.4213,kg,prep
SITE_KIT_01,B00184,ING_BUTTER,2025-11-23T09:00:00,consume,2.271,kg,prep
SITE_KIT_01,B00139,ING_CREAM,2025-11-23T09:00:00,consume,0.435,kg,prep
SITE_KIT_01,B00183,ING_CREAM,2025-11-23T09:00:00,consume,2.0844,kg,prep
SITE_KIT_01,B00120,ING_CAPSICUM,2025-11-23T09:00:00,consume,1.0147,kg,prep
SITE_KIT_01,B00164,ING_CAPSICUM,2025-11-23T09:00:00,consume,2.6149,kg,prep
SITE_KIT_01,B00035,ING_BESAN,2025-11-23T09:00:00,consume,1.196,kg,prep
SITE_KIT_01,B00036,ING_OIL,2025-11-23T09:00:00,consume,2.548,kg,prep
SITE_KIT_01,B00116,ING_SPINACH,2025-11-23T09:00:00,consume,0.974,kg,prep
SITE_KIT_01,B00142,ING_SPINACH,2025-11-23T09:00:00,consume,7.1781,kg,prep
SITE_KIT_01,B00034,ING_ATTA,2025-11-23T09:00:00,consume,21.177,kg,prep
SITE_KIT_01,B00182,ING_MILK,2025-11-23T09:00:00,consume,1.833,kg,prep
SITE_KIT_01,B00039,ING_TOORDAL,2025-11-23T09:00:00,consume,5.07,kg,prep
SITE_KIT_01,B00170,ING_CURRYLEAF,2025-11-23T09:00:00,consume,0.4226,kg,prep
SITE_KIT_01,B00177,ING_MUTTON,2025-11-23T09:00:00,consume,7.02,kg,prep
SITE_KIT_01,B00185,ING_BATTER,2025-11-23T09:00:00,consume,11.232,kg,prep
SITE_KIT_01,B00178,ING_FISH,2025-11-23T09:00:00,consume,5.408,kg,prep
SITE_KIT_01,B00038,ING_COCONUT,2025-11-23T09:00:00,consume,1.352,kg,prep
SITE_KIT_01,B00171,ING_LEMON,2025-11-23T09:00:00,consume,1.8616,kg,prep
SITE_KIT_01,B00130,ING_CUCUMBER,2025-11-23T09:00:00,consume,1.2546,kg,prep
SITE_KIT_01,B00174,ING_CUCUMBER,2025-11-23T09:00:00,consume,2.7279,kg,prep
SITE_KIT_01,B00121,ING_CABBAGE,2025-11-23T09:00:00,consume,0.9604,kg,prep
SITE_KIT_01,B00165,ING_CABBAGE,2025-11-23T09:00:00,consume,1.6078,kg,prep
SITE_KIT_01,B00131,ING_BANANA,2025-11-23T09:00:00,consume,4.1355,kg,prep
SITE_KIT_01,B00179,ING_EGG,2025-11-23T09:00:00,consume,2.5155,kg,prep
SITE_KIT_01,B00166,ING_BRINJAL,2025-11-23T09:00:00,consume,3.4369,kg,prep
SITE_KIT_01,B00123,ING_OKRA,2025-11-23T09:00:00,consume,0.1263,kg,prep
SITE_KIT_01,B00167,ING_OKRA,2025-11-23T09:00:00,consume,3.9276,kg,prep
SITE_KIT_01,B00129,ING_MUSHROOM,2025-11-23T09:00:00,consume,0.5035,kg,prep
SITE_KIT_01,B00173,ING_MUSHROOM,2025-11-23T09:00:00,consume,0.6766,kg,prep
SITE_KIT_01,B00111,ING_MINT,2025-11-23T23:00:00,waste,0.2783,kg,spoilage
SITE_KIT_01,B00112,ING_CURRYLEAF,2025-11-23T23:00:00,waste,0.2836,kg,spoilage
SITE_KIT_01,B00059,ING_LEMON,2025-11-23T23:00:00,waste,1.3773,kg,spoilage
SITE_KIT_01,B00141,ING_BATTER,2025-11-23T23:00:00,waste,0.544,kg,spoilage
SITE_KIT_01,B00186,ING_SPINACH,2025-11-24T07:00:00,receive,7.867,kg,LOT-B00186
SITE_KIT_01,B00187,ING_CORIANDER,2025-11-24T07:00:00,receive,1.386,kg,LOT-B00187
SITE_KIT_01,B00188,ING_MINT,2025-11-24T07:00:00,receive,0.75,kg,LOT-B00188
SITE_KIT_01,B00189,ING_CURRYLEAF,2025-11-24T07:00:00,receive,0.5,kg,LOT-B00189
SITE_KIT_01,B00190,ING_BATTER,2025-11-24T07:00:00,receive,12.0,kg,LOT-B00190
SITE_KIT_01,B00176,ING_CHICKEN,2025-11-24T09:00:00,consume,8.658,kg,prep
SITE_KIT_01,B00033,ING_RICE,2025-11-24T09:00:00,consume,18.564,kg,prep
SITE_KIT_01,B00155,ING_ONION,2025-11-24T09:00:00,consume,20.8883,kg,prep
SITE_KIT_01,B00154,ING_TOMATO,2025-11-24T09:00:00,consume,15.7357,kg,prep
SITE_KIT_01,B00181,ING_CURD,2025-11-24T09:00:00,consume,7.1799,kg,prep
SITE_KIT_01,B00085,ING_GINGER,2025-11-24T09:00:00,consume,0.6554,kg,prep
SITE_KIT_01,B00162,ING_GARLIC,2025-11-24T09:00:00,consume,1.0645,kg,prep
SITE_KIT_01,B00160,ING_GCHILLI,2025-11-24T09:00:00,consume,0.9903,kg,prep
SITE_KIT_01,B00169,ING_MINT,2025-11-24T09:00:00,consume,0.3829,kg,prep
SITE_KIT_01,B00117,ING_CORIANDER,2025-11-24T09:00:00,consume,0.8352,kg,prep
SITE_KIT_01,B00032,ING_GHEE,2025-11-24T09:00:00,consume,2.3569,kg,prep
SITE_KIT_01,B00037,ING_CASHEW,2025-11-24T09:00:00,consume,0.8294,kg,prep
SITE_KIT_01,B00163,ING_CARROT,2025-11-24T09:00:00,consume,4.3352,kg,prep
SITE_KIT_01,B00172,ING_BEANS,2025-11-24T09:00:00,consume,2.6927,kg,prep
SITE_KIT_01,B00168,ING_PEAS,2025-11-24T09:00:00,consume,2.002,kg,prep
SITE_KIT_01,B00157,ING_CAULI,2025-11-24T09:00:00,consume,18.2722,kg,prep
SITE_KIT_01,B00156,ING_POTATO,2025-11-24T09:00:00,consume,11.4202,kg,prep
SITE_KIT_01,B00180,ING_PANEER,2025-11-24T09:00:00,consume,9.62,kg,prep
SITE_KIT_01,B00184,ING_BUTTER,2025-11-24T09:00:00,consume,2.0124,kg,prep
SITE_KIT_01,B00183,ING_CREAM,2025-11-24T09:00:00,consume,1.9656,kg,prep
SITE_KIT_01,B00164,ING_CAPSICUM,2025-11-24T09:00:00,consume,2.6452,kg,prep
SITE_KIT_01,B00035,ING_BESAN,2025-11-24T09:00:00,consume,0.858,kg,prep
SITE_KIT_01,B00036,ING_OIL,2025-11-24T09:00:00,consume,1.1645,kg,prep
SITE_KIT_01,B00150,ING_OIL,2025-11-24T09:00:00,consume,1.0975,kg,prep
SITE_KIT_01,B00142,ING_SPINACH,2025-11-24T09:00:00,consume,1.8219,kg,prep
SITE_KIT_01,B00158,ING_SPINACH,2025-11-24T09:00:00,consume,3.8478,kg,prep
SITE_KIT_01,B00034,ING_ATTA,2025-11-24T09:00:00,consume,7.821,kg,prep
SITE_KIT_01,B00148,ING_ATTA,2025-11-24T09:00:00,consume,7.467,kg,prep
SITE_KIT_01,B00182,ING_MILK,2025-11-24T09:00:00,consume,1.248,kg,prep
SITE_KIT_01,B00039,ING_TOORDAL,2025-11-24T09:00:00,consume,3.432,kg,prep
SITE_KIT_01,B00170,ING_CURRYLEAF,2025-11-24T09:00:00,consume,0.0774,kg,prep
SITE_KIT_01,B00126,ING_CURRYLEAF,2025-11-24T09:00:00,consume,0.2799,kg,prep
SITE_KIT_01,B00177,ING_MUTTON,2025-11-24T09:00:00,consume,3.9,kg,prep
SITE_KIT_01,B00185,ING_BATTER,2025-11-24T09:00:00,consume,2.768,kg,prep
SITE_KIT_01,B00153,ING_BATTER,2025-11-24T09:00:00,consume,9.92,kg,prep
SITE_KIT_01,B00178,ING_FISH,2025-11-24T09:00:00,consume,3.952,kg,prep
SITE_KIT_01,B00038,ING_COCONUT,2025-11-24T09:00:00,consume,0.988,kg,prep
SITE_KIT_01,B00171,ING_LEMON,2025-11-24T09:00:00,consume,1.3935,kg,prep
SITE_KIT_01,B00174,ING_CUCUMBER,2025-11-24T09:00:00,consume,3.0951,kg,prep
SITE_KIT_01,B00165,ING_CABBAGE,2025-11-24T09:00:00,consume,1.9863,kg,prep
SITE_KIT_01,B00131,ING_BANANA,2025-11-24T09:00:00,consume,3.2298,kg,prep
SITE_KIT_01,B00179,ING_EGG,2025-11-24T09:00:00,consume,1.9656,kg,prep
SITE_KIT_01,B00166,ING_BRINJAL,2025-11-24T09:00:00,consume,2.7432,kg,prep
SITE_KIT_01,B00167,ING_OKRA,2025-11-24T09:00:00,consume,3.0727,kg,prep
SITE_KIT_01,B00173,ING_MUSHROOM,2025-11-24T09:00:00,consume,0.9099,kg,prep
SITE_KIT_01,B00117,ING_CORIANDER,2025-11-24T23:00:00,waste,0.2044,kg,spoilage
SITE_KIT_01,B00126,ING_CURRYLEAF,2025-11-24T23:00:00,waste,0.2201,kg,spoilage
SITE_KIT_01,B00153,ING_BATTER,2025-11-24T23:00:00,waste,4.08,kg,spoilage
SITE_KIT_01,B00191,ING_TOMATO,2025-11-25T07:00:00,receive,38.188,kg,LOT-B00191
SITE_KIT_01,B00192,ING_CAULI,2025-11-25T07:00:00,receive,45.0,kg,LOT-B00192
SITE_KIT_01,B00193,ING_SPINACH,2025-11-25T07:00:00,receive,6.988,kg,LOT-B00193
SITE_KIT_01,B00194,ING_CORIANDER,2025-11-25T07:00:00,receive,1.25,kg,LOT-B00194
SITE_KIT_01,B00195,ING_GCHILLI,2025-11-25T07:00:00,receive,2.0,kg,LOT-B00195
SITE_KIT_01,B00196,ING_CARROT,2025-11-25T07:00:00,receive,11.0,kg,LOT-B00196
SITE_KIT_01,B00197,ING_CAPSICUM,2025-11-25T07:00:00,receive,7.0,kg,LOT-B00197
SITE_KIT_01,B00198,ING_CABBAGE,2025-11-25T07:00:00,receive,4.0,kg,LOT-B00198
SITE_KIT_01,B00199,ING_BRINJAL,2025-11-25T07:00:00,receive,6.38,kg,LOT-B00199
SITE_KIT_01,B00200,ING_OKRA,2025-11-25T07:00:00,receive,7.0,kg,LOT-B00200
SITE_KIT_01,B00201,ING_PEAS,2025-11-25T07:00:00,receive,5.0,kg,LOT-B00201
SITE_KIT_01,B00202,ING_MINT,2025-11-25T07:00:00,receive,0.75,kg,LOT-B00202
SITE_KIT_01,B00203,ING_CURRYLEAF,2025-11-25T07:00:00,receive,0.5,kg,LOT-B00203
SITE_KIT_01,B00204,ING_LEMON,2025-11-25T07:00:00,receive,4.0,kg,LOT-B00204
SITE_KIT_01,B00205,ING_BEANS,2025-11-25T07:00:00,receive,6.32,kg,LOT-B00205
SITE_KIT_01,B00206,ING_MUSHROOM,2025-11-25T07:00:00,receive,2.0,kg,LOT-B00206
SITE_KIT_01,B00207,ING_CUCUMBER,2025-11-25T07:00:00,receive,7.0,kg,LOT-B00207
SITE_KIT_01,B00208,ING_BANANA,2025-11-25T07:00:00,receive,9.0,kg,LOT-B00208
SITE_KIT_01,B00209,ING_CHICKEN,2025-11-25T07:00:00,receive,22.0,kg,LOT-B00209
SITE_KIT_01,B00210,ING_MUTTON,2025-11-25T07:00:00,receive,4.0,kg,LOT-B00210
SITE_KIT_01,B00211,ING_FISH,2025-11-25T07:00:00,receive,10.0,kg,LOT-B00211
SITE_KIT_01,B00212,ING_EGG,2025-11-25T07:00:00,receive,5.0,kg,LOT-B00212
SITE_KIT_01,B00213,ING_PANEER,2025-11-25T07:00:00,receive,11.0,kg,LOT-B00213
SITE_KIT_01,B00214,ING_CURD,2025-11-25T07:00:00,receive,16.0,kg,LOT-B00214
SITE_KIT_01,B00215,ING_MILK,2025-11-25T07:00:00,receive,3.0,kg,LOT-B00215
SITE_KIT_01,B00216,ING_CREAM,2025-11-25T07:00:00,receive,5.0,kg,LOT-B00216
SITE_KIT_01,B00217,ING_BUTTER,2025-11-25T07:00:00,receive,4.0,kg,LOT-B00217
SITE_KIT_01,B00218,ING_BATTER,2025-11-25T07:00:00,receive,13.0,kg,LOT-B00218
SITE_KIT_01,B00176,ING_CHICKEN,2025-11-25T09:00:00,consume,6.004,kg,prep
SITE_KIT_01,B00209,ING_CHICKEN,2025-11-25T09:00:00,consume,2.888,kg,prep
SITE_KIT_01,B00033,ING_RICE,2025-11-25T09:00:00,consume,20.852,kg,prep
SITE_KIT_01,B00155,ING_ONION,2025-11-25T09:00:00,consume,22.0148,kg,prep
SITE_KIT_01,B00191,ING_TOMATO,2025-11-25T09:00:00,consume,15.7187,kg,prep
SITE_KIT_01,B00181,ING_CURD,2025-11-25T09:00:00,consume,6.7152,kg,prep
SITE_KIT_01,B00214,ING_CURD,2025-11-25T09:00:00,consume,0.6636,kg,prep
SITE_KIT_01,B00085,ING_GINGER,2025-11-25T09:00:00,consume,0.6371,kg,prep
SITE_KIT_01,B00162,ING_GARLIC,2025-11-25T09:00:00,consume,1.0699,kg,prep
SITE_KIT_01,B00195,ING_GCHILLI,2025-11-25T09:00:00,consume,1.0198,kg,prep
SITE_KIT_01,B00169,ING_MINT,2025-11-25T09:00:00,consume,0.0548,kg,prep
SITE_KIT_01,B00202,ING_MINT,2025-11-25T09:00:00,consume,0.3983,kg,prep
SITE_KIT_01,B00194,ING_CORIANDER,2025-11-25T09:00:00,consume,0.9347,kg,prep
SITE_KIT_01,B00032,ING_GHEE,2025-11-25T09:00:00,consume,2.5909,kg,prep
SITE_KIT_01,B00037,ING_CASHEW,2025-11-25T09:00:00,consume,0.7644,kg,prep
SITE_KIT_01,B00163,ING_CARROT,2025-11-25T09:00:00,consume,1.1797,kg,prep
SITE_KIT_01,B00196,ING_CARROT,2025-11-25T09:00:00,consume,3.7212,kg,prep
SITE_KIT_01,B00205,ING_BEANS,2025-11-25T09:00:00,consume,3.0837,kg,prep
SITE_KIT_01,B00201,ING_PEAS,2025-11-25T09:00:00,consume,2.314,kg,prep
SITE_KIT_01,B00192,ING_CAULI,2025-11-25T09:00:00,consume,19.9566,kg,prep
SITE_KIT_01,B00156,ING_POTATO,2025-11-25T09:00:00,consume,11.8666,kg,prep
SITE_KIT_01,B00180,ING_PANEER,2025-11-25T09:00:00,consume,8.892,kg,prep
SITE_KIT_01,B00184,ING_BUTTER,2025-11-25T09:00:00,consume,1.9149,kg,prep
SITE_KIT_01,B00216,ING_CREAM,2025-11-25T09:00:00,consume,1.8226,kg,prep
SITE_KIT_01,B00197,ING_CAPSICUM,2025-11-25T09:00:00,consume,2.6858,kg,prep
SITE_KIT_01,B00035,ING_BESAN,2025-11-25T09:00:00,consume,0.884,kg,prep
SITE_KIT_01,B00150,ING_OIL,2025-11-25T09:00:00,consume,2.2945,kg,prep
SITE_KIT_01,B00158,ING_SPINACH,2025-11-25T09:00:00,consume,5.1522,kg,prep
SITE_KIT_01,B00186,ING_SPINACH,2025-11-25T09:00:00,consume,1.2546,kg,prep
SITE_KIT_01,B00148,ING_ATTA,2025-11-25T09:00:00,consume,14.443,kg,prep
SITE_KIT_01,B00182,ING_MILK,2025-11-25T09:00:00,consume,1.261,kg,prep
SITE_KIT_01,B00039,ING_TOORDAL,2025-11-25T09:00:00,consume,3.744,kg,prep
SITE_KIT_01,B00145,ING_CURRYLEAF,2025-11-25T09:00:00,consume,0.375,kg,prep
SITE_KIT_01,B00177,ING_MUTTON,2025-11-25T09:00:00,consume,3.9,kg,prep
SITE_KIT_01,B00218,ING_BATTER,2025-11-25T09:00:00,consume,12.688,kg,prep
SITE_KIT_01,B00178,ING_FISH,2025-11-25T09:00:00,consume,2.64,kg,prep
SITE_KIT_01,B00211,ING_FISH,2025-11-25T09:00:00,consume,1.52,kg,prep
SITE_KIT_01,B00038,ING_COCONUT,2025-11-25T09:00:00,consume,1.04,kg,prep
SITE_KIT_01,B00171,ING_LEMON,2025-11-25T09:00:00,consume,0.7449,kg,prep
SITE_KIT_01,B00127,ING_LEMON,2025-11-25T09:00:00,consume,0.5998,kg,prep
SITE_KIT_01,B00207,ING_CUCUMBER,2025-11-25T09:00:00,consume,2.9177,kg,prep
SITE_KIT_01,B00165,ING_CABBAGE,2025-11-25T09:00:00,consume,1.8989,kg,prep
SITE_KIT_01,B00131,ING_BANANA,2025-11-25T09:00:00,consume,0.1224,kg,prep
SITE_KIT_01,B00175,ING_BANANA,2025-11-25T09:00:00,consume,2.9794,kg,prep
SITE_KIT_01,B00179,ING_EGG,2025-11-25T09:00:00,consume,1.5189,kg,prep
SITE_KIT_01,B00212,ING_EGG,2025-11-25T09:00:00,consume,0.3414,kg,prep
SITE_KIT_01,B00166,ING_BRINJAL,2025-11-25T09:00:00,consume,0.8199,kg,prep
SITE_KIT_01,B00199,ING_BRINJAL,2025-11-25T09:00:00,consume,1.7583,kg,prep
SITE_KIT_01,B00200,ING_OKRA,2025-11-25T09:00:00,consume,2.9237,kg,prep
SITE_KIT_01,B00173,ING_MUSHROOM,2025-11-25T09:00:00,consume,0.8723,kg,prep
SITE_KIT_01,B00144,ING_MINT,2025-11-25T23:00:00,waste,0.75,kg,spoilage
SITE_KIT_01,B00145,ING_CURRYLEAF,2025-11-25T23:00:00,waste,0.125,kg,spoilage
SITE_KIT_01,B00219,ING_SPINACH,2025-11-26T07:00:00,receive,8.0,kg,LOT-B00219
SITE_KIT_01,B00220,ING_CORIANDER,2025-11-26T07:00:00,receive,1.25,kg,LOT-B00220
SITE_KIT_01,B00221,ING_MINT,2025-11-26T07:00:00,receive,0.75,kg,LOT-B00221
SITE_KIT_01,B00222,ING_CURRYLEAF,2025-11-26T07:00:00,receive,0.5,kg,LOT-B00222
SITE_KIT_01,B00223,ING_BATTER,2025-11-26T07:00:00,receive,21.0,kg,LOT-B00223
SITE_KIT_01,B00209,ING_CHICKEN,2025-11-26T09:00:00,consume,9.594,kg,prep
SITE_KIT_01,B00033,ING_RICE,2025-11-26T09:00:00,consume,18.256,kg,prep
SITE_KIT_01,B00147,ING_RICE,2025-11-26T09:00:00,consume,2.388,kg,prep
SITE_KIT_01,B00155,ING_ONION,2025-11-26T09:00:00,consume,23.4527,kg,prep
SITE_KIT_01,B00191,ING_TOMATO,2025-11-26T09:00:00,consume,16.2928,kg,prep
SITE_KIT_01,B00214,ING_CURD,2025-11-26T09:00:00,consume,7.9027,kg,prep
SITE_KIT_01,B00085,ING_GINGER,2025-11-26T09:00:00,consume,0.3739,kg,prep
SITE_KIT_01,B00161,ING_GINGER,2025-11-26T09:00:00,consume,0.3428,kg,prep
SITE_KIT_01,B00162,ING_GARLIC,2025-11-26T09:00:00,consume,0.3147,kg,prep
SITE_KIT_01,B00086,ING_GARLIC,2025-11-26T09:00:00,consume,0.8528,kg,prep
SITE_KIT_01,B00195,ING_GCHILLI,2025-11-26T09:00:00,consume,0.9802,kg,prep
SITE_KIT_01,B00160,ING_GCHILLI,2025-11-26T09:00:00,consume,0.1538,kg,prep
SITE_KIT_01,B00202,ING_MINT,2025-11-26T09:00:00,consume,0.3517,kg,prep
SITE_KIT_01,B00221,ING_MINT,2025-11-26T09:00:00,consume,0.0718,kg,prep
SITE_KIT_01,B00194,ING_CORIANDER,2025-11-26T09:00:00,consume,0.3153,kg,prep
SITE_KIT_01,B00220,ING_CORIANDER,2025-11-26T09:00:00,consume,0.5926,kg,prep
SITE_KIT_01,B00032,ING_GHEE,2025-11-26T09:00:00,consume,2.6468,kg,prep
SITE_KIT_01,B00037,ING_CASHEW,2025-11-26T09:00:00,consume,0.8398,kg,prep
SITE_KIT_01,B00196,ING_CARROT,2025-11-26T09:00:00,consume,4.7366,kg,prep
SITE_KIT_01,B00205,ING_BEANS,2025-11-26T09:00:00,consume,2.8654,kg,prep
SITE_KIT_01,B00201,ING_PEAS,2025-11-26T09:00:00,consume,2.184,kg,prep
SITE_KIT_01,B00192,ING_CAULI,2025-11-26T09:00:00,consume,20.0311,kg,prep
SITE_KIT_01,B00156,ING_POTATO,2025-11-26T09:00:00,consume,13.4541,kg,prep
SITE_KIT_01,B00180,ING_PANEER,2025-11-26T09:00:00,consume,9.789,kg,prep
SITE_KIT_01,B00184,ING_BUTTER,2025-11-26T09:00:00,consume,0.8017,kg,prep
SITE_KIT_01,B00217,ING_BUTTER,2025-11-26T09:00:00,consume,1.5123,kg,prep
SITE_KIT_01,B00216,ING_CREAM,2025-11-26T09:00:00,consume,1.9994,kg,prep
SITE_KIT_01,B00197,ING_CAPSICUM,2025-11-26T09:00:00,consume,2.8448,kg,prep
SITE_KIT_01,B00035,ING_BESAN,2025-11-26T09:00:00,consume,0.91,kg,prep
SITE_KIT_01,B00150,ING_OIL,2025-11-26T09:00:00,consume,2.6,kg,prep
SITE_KIT_01,B00186,ING_SPINACH,2025-11-26T09:00:00,consume,6.6124,kg,prep
SITE_KIT_01,B00193,ING_SPINACH,2025-11-26T09:00:00,consume,0.1123,kg,prep
SITE_KIT_01,B00148,ING_ATTA,2025-11-26T09:00:00,consume,18.343,kg,prep
SITE_KIT_01,B00182,ING_MILK,2025-11-26T09:00:00,consume,0.658,kg,prep
SITE_KIT_01,B00215,ING_MILK,2025-11-26T09:00:00,consume,1.071,kg,prep
SITE_KIT_01,B00039,ING_TOORDAL,2025-11-26T09:00:00,consume,3.822,kg,prep
SITE_KIT_01,B00222,ING_CURRYLEAF,2025-11-26T09:00:00,consume,0.4174,kg,prep
SITE_KIT_01,B00177,ING_MUTTON,2025-11-26T09:00:00,consume,4.68,kg,prep
SITE_KIT_01,B00218,ING_BATTER,2025-11-26T09:00:00,consume,0.312,kg,prep
SITE_KIT_01,B00223,ING_BATTER,2025-11-26T09:00:00,consume,15.288,kg,prep
SITE_KIT_01,B00211,ING_FISH,2025-11-26T09:00:00,consume,4.368,kg,prep
SITE_KIT_01,B00038,ING_COCONUT,2025-11-26T09:00:00,consume,0.648,kg,prep
SITE_KIT_01,B00152,ING_COCONUT,2025-11-26T09:00:00,consume,0.444,kg,prep
SITE_KIT_01,B00127,ING_LEMON,2025-11-26T09:00:00,consume,1.4407,kg,prep
SITE_KIT_01,B00207,ING_CUCUMBER,2025-11-26T09:00:00,consume,3.0749,kg,prep
SITE_KIT_01,B00165,ING_CABBAGE,2025-11-26T09:00:00,consume,0.507,kg,prep
SITE_KIT_01,B00198,ING_CABBAGE,2025-11-26T09:00:00,consume,1.4738,kg,prep
SITE_KIT_01,B00175,ING_BANANA,2025-11-26T09:00:00,consume,3.2253,kg,prep
SITE_KIT_01,B00212,ING_EGG,2025-11-26T09:00:00,consume,1.9656,kg,prep
SITE_KIT_01,B00199,ING_BRINJAL,2025-11-26T09:00:00,consume,2.7865,kg,prep
SITE_KIT_01,B00200,ING_OKRA,2025-11-26T09:00:00,consume,3.0952,kg,prep
SITE_KIT_01,B00173,ING_MUSHROOM,2025-11-26T09:00:00,consume,0.5413,kg,prep
SITE_KIT_01,B00206,ING_MUSHROOM,2025-11-26T09:00:00,consume,0.3551,kg,prep
SITE_KIT_01,B00159,ING_CORIANDER,2025-11-26T23:00:00,waste,1.25,kg,spoilage
SITE_KIT_01,B00190,ING_BATTER,2025-11-26T23:00:00,waste,12.0,kg,spoilage
SITE_KIT_01,B00224,ING_TOMATO,2025-11-27T07:00:00,receive,35.0,kg,LOT-B00224
SITE_KIT_01,B00225,ING_ONION,2025-11-27T07:00:00,receive,92.914,kg,LOT-B00225
SITE_KIT_01,B00226,ING_POTATO,2025-11-27T07:00:00,receive,50.0,kg,LOT-B00226
SITE_KIT_01,B00227,ING_CAULI,2025-11-27T07:00:00,receive,42.0,kg,LOT-B00227
SITE_KIT_01,B00228,ING_SPINACH,2025-11-27T07:00:00,receive,8.0,kg,LOT-B00228
SITE_KIT_01,B00229,ING_CORIANDER,2025-11-27T07:00:00,receive,1.25,kg,LOT-B00229
SITE_KIT_01,B00230,ING_GCHILLI,2025-11-27T07:00:00,receive,2.0,kg,LOT-B00230
SITE_KIT_01,B00231,ING_GINGER,2025-11-27T07:00:00,receive,2.0,kg,LOT-B00231
SITE_KIT_01,B00232,ING_GARLIC,2025-11-27T07:00:00,receive,6.0,kg,LOT-B00232
SITE_KIT_01,B00233,ING_CARROT,2025-11-27T07:00:00,receive,11.0,kg,LOT-B00233
SITE_KIT_01,B00234,ING_CAPSICUM,2025-11-27T07:00:00,receive,5.0,kg,LOT-B00234
SITE_KIT_01,B00235,ING_CABBAGE,2025-11-27T07:00:00,receive,4.0,kg,LOT-B00235
SITE_KIT_01,B00236,ING_BRINJAL,2025-11-27T07:00:00,receive,6.0,kg,LOT-B00236
SITE_KIT_01,B00237,ING_OKRA,2025-11-27T07:00:00,receive,7.0,kg,LOT-B00237
SITE_KIT_01,B00238,ING_PEAS,2025-11-27T07:00:00,receive,4.756,kg,LOT-B00238
SITE_KIT_01,B00239,ING_MINT,2025-11-27T07:00:00,receive,0.75,kg,LOT-B00239
SITE_KIT_01,B00240,ING_CURRYLEAF,2025-11-27T07:00:00,receive,0.454,kg,LOT-B00240
SITE_KIT_01,B00241,ING_LEMON,2025-11-27T07:00:00,receive,4.0,kg,LOT-B00241
SITE_KIT_01,B00242,ING_BEANS,2025-11-27T07:00:00,receive,7.0,kg,LOT-B00242
SITE_KIT_01,B00243,ING_MUSHROOM,2025-11-27T07:00:00,receive,2.0,kg,LOT-B00243
SITE_KIT_01,B00244,ING_CUCUMBER,2025-11-27T07:00:00,receive,7.0,kg,LOT-B00244
SITE_KIT_01,B00245,ING_BANANA,2025-11-27T07:00:00,receive,8.0,kg,LOT-B00245
SITE_KIT_01,B00246,ING_CHICKEN,2025-11-27T07:00:00,receive,22.0,kg,LOT-B00246
SITE_KIT_01,B00247,ING_MUTTON,2025-11-27T07:00:00,receive,13.0,kg,LOT-B00247
SITE_KIT_01,B00248,ING_FISH,2025-11-27T07:00:00,receive,13.0,kg,LOT-B00248
SITE_KIT_01,B00249,ING_EGG,2025-11-27T07:00:00,receive,4.0,kg,LOT-B00249
SITE_KIT_01,B00250,ING_PANEER,2025-11-27T07:00:00,receive,18.0,kg,LOT-B00250
SITE_KIT_01,B00251,ING_CURD,2025-11-27T07:00:00,receive,16.0,kg,LOT-B00251
SITE_KIT_01,B00252,ING_MILK,2025-11-27T07:00:00,receive,3.0,kg,LOT-B00252
SITE_KIT_01,B00253,ING_CREAM,2025-11-27T07:00:00,receive,4.0,kg,LOT-B00253
SITE_KIT_01,B00254,ING_BUTTER,2025-11-27T07:00:00,receive,4.0,kg,LOT-B00254
SITE_KIT_01,B00255,ING_BATTER,2025-11-27T07:00:00,receive,13.0,kg,LOT-B00255
SITE_KIT_01,B00209,ING_CHICKEN,2025-11-27T09:00:00,consume,9.518,kg,prep
SITE_KIT_01,B00246,ING_CHICKEN,2025-11-27T09:00:00,consume,0.778,kg,prep
SITE_KIT_01,B00147,ING_RICE,2025-11-27T09:00:00,consume,21.71,kg,prep
SITE_KIT_01,B00155,ING_ONION,2025-11-27T09:00:00,consume,12.2443,kg,prep
SITE_KIT_01,B00080,ING_ONION,2025-11-27T09:00:00,consume,11.7149,kg,prep
SITE_KIT_01,B00191,ING_TOMATO,2025-11-27T09:00:00,consume,6.1766,kg,prep
SITE_KIT_01,B00224,ING_TOMATO,2025-11-27T09:00:00,consume,11.3196,kg,prep
SITE_KIT_01,B00214,ING_CURD,2025-11-27T09:00:00,consume,7.4337,kg,prep
SITE_KIT_01,B00251,ING_CURD,2025-11-27T09:00:00,consume,0.7823,kg,prep
SITE_KIT_01,B00231,ING_GINGER,2025-11-27T09:00:00,consume,0.7629,kg,prep
SITE_KIT_01,B00232,ING_GARLIC,2025-11-27T09:00:00,consume,1.2577,kg,prep
SITE_KIT_01,B00230,ING_GCHILLI,2025-11-27T09:00:00,consume,1.1402,kg,prep
SITE_KIT_01,B00221,ING_MINT,2025-11-27T09:00:00,consume,0.4486,kg,prep
SITE_KIT_01,B00220,ING_CORIANDER,2025-11-27T09:00:00,consume,0.6574,kg,prep
SITE_KIT_01,B00187,ING_CORIANDER,2025-11-27T09:00:00,consume,0.3509,kg,prep
SITE_KIT_01,B00032,ING_GHEE,2025-11-27T09:00:00,consume,1.3432,kg,prep
SITE_KIT_01,B00146,ING_GHEE,2025-11-27T09:00:00,consume,1.4791,kg,prep
SITE_KIT_01,B00037,ING_CASHEW,2025-11-27T09:00:00,consume,0.8944,kg,prep
SITE_KIT_01,B00196,ING_CARROT,2025-11-27T09:00:00,consume,2.5422,kg,prep
SITE_KIT_01,B00119,ING_CARROT,2025-11-27T09:00:00,consume,2.4454,kg,prep
SITE_KIT_01,B00205,ING_BEANS,2025-11-27T09:00:00,consume,0.3709,kg,prep
SITE_KIT_01,B00172,ING_BEANS,2025-11-27T09:00:00,consume,2.4468,kg,prep
SITE_KIT_01,B00242,ING_BEANS,2025-11-27T09:00:00,consume,0.1791,kg,prep
SITE_KIT_01,B00201,ING_PEAS,2025-11-27T09:00:00,consume,0.502,kg,prep
SITE_KIT_01,B00238,ING_PEAS,2025-11-27T09:00:00,consume,1.786,kg,prep
SITE_KIT_01,B00192,ING_CAULI,2025-11-27T09:00:00,consume,5.0123,kg,prep
SITE_KIT_01,B00227,ING_CAULI,2025-11-27T09:00:00,consume,15.5756,kg,prep
SITE_KIT_01,B00226,ING_POTATO,2025-11-27T09:00:00,consume,12.4932,kg,prep
SITE_KIT_01,B00180,ING_PANEER,2025-11-27T09:00:00,consume,0.505,kg,prep
SITE_KIT_01,B00250,ING_PANEER,2025-11-27T09:00:00,consume,9.895,kg,prep
SITE_KIT_01,B00217,ING_BUTTER,2025-11-27T09:00:00,consume,2.2139,kg,prep
SITE_KIT_01,B00216,ING_CREAM,2025-11-27T09:00:00,consume,1.178,kg,prep
SITE_KIT_01,B00183,ING_CREAM,2025-11-27T09:00:00,consume,0.9462,kg,prep
SITE_KIT_01,B00197,ING_CAPSICUM,2025-11-27T09:00:00,consume,1.4693,kg,prep
SITE_KIT_01,B00164,ING_CAPSICUM,2025-11-27T09:00:00,consume,1.5725,kg,prep
SITE_KIT_01,B00035,ING_BESAN,2025-11-27T09:00:00,consume,1.04,kg,prep
SITE_KIT_01,B00150,ING_OIL,2025-11-27T09:00:00,consume,2.6065,kg,prep
SITE_KIT_01,B00193,ING_SPINACH,2025-11-27T09:00:00,consume,6.8757,kg,prep
SITE_KIT_01,B00219,ING_SPINACH,2025-11-27T09:00:00,consume,0.2209,kg,prep
SITE_KIT_01,B00148,ING_ATTA,2025-11-27T09:00:00,consume,17.342,kg,prep
SITE_KIT_01,B00215,ING_MILK,2025-11-27T09:00:00,consume,1.43,kg,prep
SITE_KIT_01,B00039,ING_TOORDAL,2025-11-27T09:00:00,consume,4.29,kg,prep
SITE_KIT_01,B00222,ING_CURRYLEAF,2025-11-27T09:00:00,consume,0.0826,kg,prep
SITE_KIT_01,B00189,ING_CURRYLEAF,2025-11-27T09:00:00,consume,0.3337,kg,prep
SITE_KIT_01,B00177,ING_MUTTON,2025-11-27T09:00:00,consume,3.5,kg,prep
SITE_KIT_01,B00247,ING_MUTTON,2025-11-27T09:00:00,consume,1.44,kg,prep
SITE_KIT_01,B00223,ING_BATTER,2025-11-27T09:00:00,consume,5.712,kg,prep
SITE_KIT_01,B00255,ING_BATTER,2025-11-27T09:00:00,consume,8.224,kg,prep
SITE_KIT_01,B00211,ING_FISH,2025-11-27T09:00:00,consume,4.112,kg,prep
SITE_KIT_01,B00248,ING_FISH,2025-11-27T09:00:00,consume,0.464,kg,prep
SITE_KIT_01,B00152,ING_COCONUT,2025-11-27T09:00:00,consume,1.144,kg,prep
SITE_KIT_01,B00241,ING_LEMON,2025-11-27T09:00:00,consume,1.5666,kg,prep
SITE_KIT_01,B00207,ING_CUCUMBER,2025-11-27T09:00:00,consume,1.0074,kg,prep
SITE_KIT_01,B00174,ING_CUCUMBER,2025-11-27T09:00:00,consume,2.3086,kg,prep
SITE_KIT_01,B00198,ING_CABBAGE,2025-11-27T09:00:00,consume,2.146,kg,prep
SITE_KIT_01,B00175,ING_BANANA,2025-11-27T09:00:00,consume,3.5077,kg,prep
SITE_KIT_01,B00212,ING_EGG,2025-11-27T09:00:00,consume,2.1645,kg,prep
SITE_KIT_01,B00199,ING_BRINJAL,2025-11-27T09:00:00,consume,1.8352,kg,prep
SITE_KIT_01,B00236,ING_BRINJAL,2025-11-27T09:00:00,consume,1.1934,kg,prep
SITE_KIT_01,B00200,ING_OKRA,2025-11-27T09:00:00,consume,0.9811,kg,prep
SITE_KIT_01,B00167,ING_OKRA,2025-11-27T09:00:00,consume,2.6206,kg,prep
SITE_KIT_01,B00206,ING_MUSHROOM,2025-11-27T09:00:00,consume,1.0091,kg,prep
SITE_KIT_01,B00187,ING_CORIANDER,2025-11-27T23:00:00,waste,1.0351,kg,spoilage
SITE_KIT_01,B00122,ING_BRINJAL,2025-11-27T23:00:00,waste,1.7476,kg,spoilage
SITE_KIT_01,B00188,ING_MINT,2025-11-27T23:00:00,waste,0.75,kg,spoilage
SITE_KIT_01,B00189,ING_CURRYLEAF,2025-11-27T23:00:00,waste,0.1663,kg,spoilage
SITE_KIT_01,B00127,ING_LEMON,2025-11-27T23:00:00,waste,1.9595,kg,spoilage
SITE_KIT_01,B00256,ING_SPINACH,2025-11-28T07:00:00,receive,14.0,kg,LOT-B00256
SITE_KIT_01,B00257,ING_CORIANDER,2025-11-28T07:00:00,receive,1.25,kg,LOT-B00257
SITE_KIT_01,B00258,ING_MINT,2025-11-28T07:00:00,receive,0.75,kg,LOT-B00258
SITE_KIT_01,B00259,ING_CURRYLEAF,2025-11-28T07:00:00,receive,0.5,kg,LOT-B00259
SITE_KIT_01,B00260,ING_BATTER,2025-11-28T07:00:00,receive,14.0,kg,LOT-B00260
SITE_KIT_01,B00246,ING_CHICKEN,2025-11-28T09:00:00,consume,16.146,kg,prep
SITE_KIT_01,B00147,ING_RICE,2025-11-28T09:00:00,consume,28.834,kg,prep
SITE_KIT_01,B00080,ING_ONION,2025-11-28T09:00:00,consume,5.7899,kg,prep
SITE_KIT_01,B00225,ING_ONION,2025-11-28T09:00:00,consume,24.447,kg,prep
SITE_KIT_01,B00224,ING_TOMATO,2025-11-28T09:00:00,consume,22.2224,kg,prep
SITE_KIT_01,B00251,ING_CURD,2025-11-28T09:00:00,consume,11.154,kg,prep
SITE_KIT_01,B00231,ING_GINGER,2025-11-28T09:00:00,consume,1.0243,kg,prep
SITE_KIT_01,B00232,ING_GARLIC,2025-11-28T09:00:00,consume,1.6237,kg,prep
SITE_KIT_01,B00230,ING_GCHILLI,2025-11-28T09:00:00,consume,0.8598,kg,prep
SITE_KIT_01,B00160,ING_GCHILLI,2025-11-28T09:00:00,consume,0.5295,kg,prep
SITE_KIT_01,B00221,ING_MINT,2025-11-28T09:00:00,consume,0.2296,kg,prep
SITE_KIT_01,B00239,ING_MINT,2025-11-28T09:00:00,consume,0.4083,kg,prep
SITE_KIT_01,B00257,ING_CORIANDER,2025-11-28T09:00:00,consume,1.25,kg,prep
SITE_KIT_01,B00229,ING_CORIANDER,2025-11-28T09:00:00,consume,0.0397,kg,prep
SITE_KIT_01,B00146,ING_GHEE,2025-11-28T09:00:00,consume,3.7778,kg,prep
SITE_KIT_01,B00037,ING_CASHEW,2025-11-28T09:00:00,consume,1.2038,kg,prep
SITE_KIT_01,B00119,ING_CARROT,2025-11-28T09:00:00,consume,0.3212,kg,prep
SITE_KIT_01,B00233,ING_CARROT,2025-11-28T09:00:00,consume,5.8213,kg,prep
SITE_KIT_01,B00242,ING_BEANS,2025-11-28T09:00:00,consume,3.6573,kg,prep
SITE_KIT_01,B00238,ING_PEAS,2025-11-28T09:00:00,consume,2.782,kg,prep
SITE_KIT_01,B00227,ING_CAULI,2025-11-28T09:00:00,consume,25.587,kg,prep
SITE_KIT_01,B00226,ING_POTATO,2025-11-28T09:00:00,consume,12.0914,kg,prep
SITE_KIT_01,B00250,ING_PANEER,2025-11-28T09:00:00,consume,8.105,kg,prep
SITE_KIT_01,B00213,ING_PANEER,2025-11-28T09:00:00,consume,4.141,kg,prep
SITE_KIT_01,B00217,ING_BUTTER,2025-11-28T09:00:00,consume,0.2738,kg,prep
SITE_KIT_01,B00254,ING_BUTTER,2025-11-28T09:00:00,consume,2.5758,kg,prep
SITE_KIT_01,B00183,ING_CREAM,2025-11-28T09:00:00,consume,0.0038,kg,prep
SITE_KIT_01,B00253,ING_CREAM,2025-11-28T09:00:00,consume,2.5286,kg,prep
SITE_KIT_01,B00164,ING_CAPSICUM,2025-11-28T09:00:00,consume,1.1675,kg,prep
SITE_KIT_01,B00234,ING_CAPSICUM,2025-11-28T09:00:00,consume,2.5264,kg,prep
SITE_KIT_01,B00035,ING_BESAN,2025-11-28T09:00:00,consume,0.882,kg,prep
SITE_KIT_01,B00149,ING_BESAN,2025-11-28T09:00:00,consume,0.288,kg,prep
SITE_KIT_01,B00150,ING_OIL,2025-11-28T09:00:00,consume,2.5935,kg,prep
SITE_KIT_01,B00256,ING_SPINACH,2025-11-28T09:00:00,consume,8.1166,kg,prep
SITE_KIT_01,B00148,ING_ATTA,2025-11-28T09:00:00,consume,23.53,kg,prep
SITE_KIT_01,B00215,ING_MILK,2025-11-28T09:00:00,consume,0.499,kg,prep
SITE_KIT_01,B00252,ING_MILK,2025-11-28T09:00:00,consume,1.581,kg,prep
SITE_KIT_01,B00039,ING_TOORDAL,2025-11-28T09:00:00,consume,4.992,kg,prep
SITE_KIT_01,B00259,ING_CURRYLEAF,2025-11-28T09:00:00,consume,0.4467,kg,prep
SITE_KIT_01,B00247,ING_MUTTON,2025-11-28T09:00:00,consume,7.8,kg,prep
SITE_KIT_01,B00260,ING_BATTER,2025-11-28T09:00:00,consume,12.064,kg,prep
SITE_KIT_01,B00248,ING_FISH,2025-11-28T09:00:00,consume,5.824,kg,prep
SITE_KIT_01,B00152,ING_COCONUT,2025-11-28T09:00:00,consume,1.456,kg,prep
SITE_KIT_01,B00241,ING_LEMON,2025-11-28T09:00:00,consume,1.9104,kg,prep
SITE_KIT_01,B00174,ING_CUCUMBER,2025-11-28T09:00:00,consume,0.8684,kg,prep
SITE_KIT_01,B00244,ING_CUCUMBER,2025-11-28T09:00:00,consume,3.3258,kg,prep
SITE_KIT_01,B00198,ING_CABBAGE,2025-11-28T09:00:00,consume,0.3802,kg,prep
SITE_KIT_01,B00235,ING_CABBAGE,2025-11-28T09:00:00,consume,2.3055,kg,prep
SITE_KIT_01,B00175,ING_BANANA,2025-11-28T09:00:00,consume,3.2875,kg,prep
SITE_KIT_01,B00208,ING_BANANA,2025-11-28T09:00:00,consume,1.2101,kg,prep
SITE_KIT_01,B00212,ING_EGG,2025-11-28T09:00:00,consume,0.5285,kg,prep
SITE_KIT_01,B00249,ING_EGG,2025-11-28T09:00:00,consume,2.1274,kg,prep
SITE_KIT_01,B00236,ING_BRINJAL,2025-11-28T09:00:00,consume,3.665,kg,prep
SITE_KIT_01,B00167,ING_OKRA,2025-11-28T09:00:00,consume,0.3791,kg,prep
SITE_KIT_01,B00237,ING_OKRA,2025-11-28T09:00:00,consume,3.8738,kg,prep
SITE_KIT_01,B00206,ING_MUSHROOM,2025-11-28T09:00:00,consume,0.6358,kg,prep
SITE_KIT_01,B00243,ING_MUSHROOM,2025-11-28T09:00:00,consume,0.5873,kg,prep
SITE_KIT_01,B00203,ING_CURRYLEAF,2025-11-28T23:00:00,waste,0.5,kg,spoilage
SITE_KIT_01,B00261,ING_TOMATO,2025-11-29T07:00:00,receive,42.0,kg,LOT-B00261
SITE_KIT_01,B00262,ING_CAULI,2025-11-29T07:00:00,receive,36.67,kg,LOT-B00262
SITE_KIT_01,B00263,ING_SPINACH,2025-11-29T07:00:00,receive,8.0,kg,LOT-B00263
SITE_KIT_01,B00264,ING_CORIANDER,2025-11-29T07:00:00,receive,1.25,kg,LOT-B00264
SITE_KIT_01,B00265,ING_GCHILLI,2025-11-29T07:00:00,receive,3.0,kg,LOT-B00265
SITE_KIT_01,B00266,ING_CARROT,2025-11-29T07:00:00,receive,10.214,kg,LOT-B00266
SITE_KIT_01,B00267,ING_CAPSICUM,2025-11-29T07:00:00,receive,7.0,kg,LOT-B00267
SITE_KIT_01,B00268,ING_CABBAGE,2025-11-29T07:00:00,receive,5.0,kg,LOT-B00268
SITE_KIT_01,B00269,ING_BRINJAL,2025-11-29T07:00:00,receive,8.0,kg,LOT-B00269
SITE_KIT_01,B00270,ING_OKRA,2025-11-29T07:00:00,receive,7.0,kg,LOT-B00270
SITE_KIT_01,B00271,ING_PEAS,2025-11-29T07:00:00,receive,4.624,kg,LOT-B00271
SITE_KIT_01,B00272,ING_MINT,2025-11-29T07:00:00,receive,0.714,kg,LOT-B00272
SITE_KIT_01,B00273,ING_CURRYLEAF,2025-11-29T07:00:00,receive,0.5,kg,LOT-B00273
SITE_KIT_01,B00274,ING_LEMON,2025-11-29T07:00:00,receive,4.0,kg,LOT-B00274
SITE_KIT_01,B00275,ING_BEANS,2025-11-29T07:00:00,receive,6.0,kg,LOT-B00275
SITE_KIT_01,B00276,ING_MUSHROOM,2025-11-29T07:00:00,receive,1.811,kg,LOT-B00276
SITE_KIT_01,B00277,ING_CUCUMBER,2025-11-29T07:00:00,receive,7.0,kg,LOT-B00277
SITE_KIT_01,B00278,ING_BANANA,2025-11-29T07:00:00,receive,7.555,kg,LOT-B00278
SITE_KIT_01,B00279,ING_CHICKEN,2025-11-29T07:00:00,receive,23.0,kg,LOT-B00279
SITE_KIT_01,B00280,ING_MUTTON,2025-11-29T07:00:00,receive,7.0,kg,LOT-B00280
SITE_KIT_01,B00281,ING_FISH,2025-11-29T07:00:00,receive,6.0,kg,LOT-B00281
SITE_KIT_01,B00282,ING_EGG,2025-11-29T07:00:00,receive,4.0,kg,LOT-B00282
SITE_KIT_01,B00283,ING_PANEER,2025-11-29T07:00:00,receive,21.0,kg,LOT-B00283
SITE_KIT_01,B00284,ING_CURD,2025-11-29T07:00:00,receive,19.0,kg,LOT-B00284
SITE_KIT_01,B00285,ING_MILK,2025-11-29T07:00:00,receive,4.0,kg,LOT-B00285
SITE_KIT_01,B00286,ING_CREAM,2025-11-29T07:00:00,receive,4.0,kg,LOT-B00286
SITE_KIT_01,B00287,ING_BUTTER,2025-11-29T07:00:00,receive,8.0,kg,LOT-B00287
SITE_KIT_01,B00288,ING_GHEE,2025-11-29T07:00:00,receive,20.0,kg,LOT-B00288
SITE_KIT_01,B00289,ING_RICE,2025-11-29T07:00:00,receive,145.0,kg,LOT-B00289
SITE_KIT_01,B00290,ING_ATTA,2025-11-29T07:00:00,receive,125.0,kg,LOT-B00290
SITE_KIT_01,B00291,ING_BESAN,2025-11-29T07:00:00,receive,5.0,kg,LOT-B00291
SITE_KIT_01,B00292,ING_OIL,2025-11-29T07:00:00,receive,20.0,kg,LOT-B00292
SITE_KIT_01,B00293,ING_CASHEW,2025-11-29T07:00:00,receive,5.0,kg,LOT-B00293
SITE_KIT_01,B00294,ING_COCONUT,2025-11-29T07:00:00,receive,5.0,kg,LOT-B00294
SITE_KIT_01,B00295,ING_TOORDAL,2025-11-29T07:00:00,receive,25.0,kg,LOT-B00295
SITE_KIT_01,B00296,ING_BATTER,2025-11-29T07:00:00,receive,14.0,kg,LOT-B00296
SITE_KIT_01,B00246,ING_CHICKEN,2025-11-29T09:00:00,consume,5.076,kg,prep
SITE_KIT_01,B00279,ING_CHICKEN,2025-11-29T09:00:00,consume,11.538,kg,prep
SITE_KIT_01,B00147,ING_RICE,2025-11-29T09:00:00,consume,33.28,kg,prep
SITE_KIT_01,B00225,ING_ONION,2025-11-29T09:00:00,consume,36.7551,kg,prep
SITE_KIT_01,B00224,ING_TOMATO,2025-11-29T09:00:00,consume,1.458,kg,prep
SITE_KIT_01,B00154,ING_TOMATO,2025-11-29T09:00:00,consume,10.4295,kg,prep
SITE_KIT_01,B00261,ING_TOMATO,2025-11-29T09:00:00,consume,15.5254,kg,prep
SITE_KIT_01,B00284,ING_CURD,2025-11-29T09:00:00,consume,12.8102,kg,prep
SITE_KIT_01,B00231,ING_GINGER,2025-11-29T09:00:00,consume,0.2128,kg,prep
SITE_KIT_01,B00161,ING_GINGER,2025-11-29T09:00:00,consume,0.9889,kg,prep
SITE_KIT_01,B00232,ING_GARLIC,2025-11-29T09:00:00,consume,1.9152,kg,prep
SITE_KIT_01,B00160,ING_GCHILLI,2025-11-29T09:00:00,consume,0.7374,kg,prep
SITE_KIT_01,B00265,ING_GCHILLI,2025-11-29T09:00:00,consume,0.8657,kg,prep
SITE_KIT_01,B00239,ING_MINT,2025-11-29T09:00:00,consume,0.3417,kg,prep
SITE_KIT_01,B00258,ING_MINT,2025-11-29T09:00:00,consume,0.3769,kg,prep
SITE_KIT_01,B00264,ING_CORIANDER,2025-11-29T09:00:00,consume,1.25,kg,prep
SITE_KIT_01,B00229,ING_CORIANDER,2025-11-29T09:00:00,consume,0.2832,kg,prep
SITE_KIT_01,B00146,ING_GHEE,2025-11-29T09:00:00,consume,4.4369,kg,prep
SITE_KIT_01,B00037,ING_CASHEW,2025-11-29T09:00:00,consume,0.7728,kg,prep
SITE_KIT_01,B00151,ING_CASHEW,2025-11-29T09:00:00,consume,0.5818,kg,prep
SITE_KIT_01,B00266,ING_CARROT,2025-11-29T09:00:00,consume,7.3286,kg,prep
SITE_KIT_01,B00242,ING_BEANS,2025-11-29T09:00:00,consume,3.1635,kg,prep
SITE_KIT_01,B00275,ING_BEANS,2025-11-29T09:00:00,consume,1.4552,kg,prep
SITE_KIT_01,B00238,ING_PEAS,2025-11-29T09:00:00,consume,0.188,kg,prep
SITE_KIT_01,B00168,ING_PEAS,2025-11-29T09:00:00,consume,1.968,kg,prep
SITE_KIT_01,B00271,ING_PEAS,2025-11-29T09:00:00,consume,1.328,kg,prep
SITE_KIT_01,B00227,ING_CAULI,2025-11-29T09:00:00,consume,0.8374,kg,prep
SITE_KIT_01,B00262,ING_CAULI,2025-11-29T09:00:00,consume,30.7814,kg,prep
SITE_KIT_01,B00226,ING_POTATO,2025-11-29T09:00:00,consume,13.9929,kg,prep
SITE_KIT_01,B00283,ING_PANEER,2025-11-29T09:00:00,consume,15.015,kg,prep
SITE_KIT_01,B00287,ING_BUTTER,2025-11-29T09:00:00,consume,3.3865,kg,prep
SITE_KIT_01,B00253,ING_CREAM,2025-11-29T09:00:00,consume,1.4714,kg,prep
SITE_KIT_01,B00286,ING_CREAM,2025-11-29T09:00:00,consume,1.633,kg,prep
SITE_KIT_01,B00267,ING_CAPSICUM,2025-11-29T09:00:00,consume,4.6109,kg,prep
SITE_KIT_01,B00149,ING_BESAN,2025-11-29T09:00:00,consume,1.482,kg,prep
SITE_KIT_01,B00150,ING_OIL,2025-11-29T09:00:00,consume,3.1005,kg,prep
SITE_KIT_01,B00256,ING_SPINACH,2025-11-29T09:00:00,consume,5.8834,kg,prep
SITE_KIT_01,B00263,ING_SPINACH,2025-11-29T09:00:00,consume,4.2622,kg,prep
SITE_KIT_01,B00290,ING_ATTA,2025-11-29T09:00:00,consume,26.169,kg,prep
SITE_KIT_01,B00285,ING_MILK,2025-11-29T09:00:00,consume,2.379,kg,prep
SITE_KIT_01,B00039,ING_TOORDAL,2025-11-29T09:00:00,consume,6.162,kg,prep
SITE_KIT_01,B00259,ING_CURRYLEAF,2025-11-29T09:00:00,consume,0.0533,kg,prep
SITE_KIT_01,B00240,ING_CURRYLEAF,2025-11-29T09:00:00,consume,0.454,kg,prep
SITE_KIT_01,B00273,ING_CURRYLEAF,2025-11-29T09:00:00,consume,0.0148,kg,prep
SITE_KIT_01,B00247,ING_MUTTON,2025-11-29T09:00:00,consume,3.76,kg,prep
SITE_KIT_01,B00280,ING_MUTTON,2025-11-29T09:00:00,consume,5.86,kg,prep
SITE_KIT_01,B00260,ING_BATTER,2025-11-29T09:00:00,consume,1.936,kg,prep
SITE_KIT_01,B00255,ING_BATTER,2025-11-29T09:00:00,consume,4.776,kg,prep
SITE_KIT_01,B00296,ING_BATTER,2025-11-29T09:00:00,consume,6.6,kg,prep
SITE_KIT_01,B00248,ING_FISH,2025-11-29T09:00:00,consume,6.712,kg,prep
SITE_KIT_01,B00281,ING_FISH,2025-11-29T09:00:00,consume,0.776,kg,prep
SITE_KIT_01,B00152,ING_COCONUT,2025-11-29T09:00:00,consume,1.872,kg,prep
SITE_KIT_01,B00241,ING_LEMON,2025-11-29T09:00:00,consume,0.5229,kg,prep
SITE_KIT_01,B00204,ING_LEMON,2025-11-29T09:00:00,consume,1.7645,kg,prep
SITE_KIT_01,B00277,ING_CUCUMBER,2025-11-29T09:00:00,consume,4.8317,kg,prep
SITE_KIT_01,B00235,ING_CABBAGE,2025-11-29T09:00:00,consume,1.6945,kg,prep
SITE_KIT_01,B00268,ING_CABBAGE,2025-11-29T09:00:00,consume,1.4483,kg,prep
SITE_KIT_01,B00208,ING_BANANA,2025-11-29T09:00:00,consume,4.9222,kg,prep
SITE_KIT_01,B00249,ING_EGG,2025-11-29T09:00:00,consume,1.8726,kg,prep
SITE_KIT_01,B00282,ING_EGG,2025-11-29T09:00:00,consume,1.2279,kg,prep
SITE_KIT_01,B00236,ING_BRINJAL,2025-11-29T09:00:00,consume,1.1416,kg,prep
SITE_KIT_01,B00269,ING_BRINJAL,2025-11-29T09:00:00,consume,3.0876,kg,prep
SITE_KIT_01,B00237,ING_OKRA,2025-11-29T09:00:00,consume,3.1262,kg,prep
SITE_KIT_01,B00270,ING_OKRA,2025-11-29T09:00:00,consume,1.8583,kg,prep
SITE_KIT_01,B00276,ING_MUSHROOM,2025-11-29T09:00:00,consume,1.4362,kg,prep
SITE_KIT_01,B00297,ING_SPINACH,2025-11-30T07:00:00,receive,8.0,kg,LOT-B00297
SITE_KIT_01,B00298,ING_CORIANDER,2025-11-30T07:00:00,receive,1.25,kg,LOT-B00298
SITE_KIT_01,B00299,ING_MINT,2025-11-30T07:00:00,receive,0.694,kg,LOT-B00299
SITE_KIT_01,B00300,ING_CURRYLEAF,2025-11-30T07:00:00,receive,0.5,kg,LOT-B00300
SITE_KIT_01,B00301,ING_BATTER,2025-11-30T07:00:00,receive,15.0,kg,LOT-B00301
SITE_KIT_01,B00279,ING_CHICKEN,2025-11-30T09:00:00,consume,11.462,kg,prep
SITE_KIT_01,B00147,ING_RICE,2025-11-30T09:00:00,consume,13.788,kg,prep
SITE_KIT_01,B00289,ING_RICE,2025-11-30T09:00:00,consume,16.515,kg,prep
SITE_KIT_01,B00225,ING_ONION,2025-11-30T09:00:00,consume,31.7119,kg,prep
SITE_KIT_01,B00261,ING_TOMATO,2025-11-30T09:00:00,consume,24.3982,kg,prep
SITE_KIT_01,B00284,ING_CURD,2025-11-30T09:00:00,consume,6.1898,kg,prep
SITE_KIT_01,B00251,ING_CURD,2025-11-30T09:00:00,consume,4.0637,kg,prep
SITE_KIT_01,B00161,ING_GINGER,2025-11-30T09:00:00,consume,1.1094,kg,prep
SITE_KIT_01,B00232,ING_GARLIC,2025-11-30T09:00:00,consume,1.2034,kg,prep
SITE_KIT_01,B00086,ING_GARLIC,2025-11-30T09:00:00,consume,0.5487,kg,prep
SITE_KIT_01,B00265,ING_GCHILLI,2025-11-30T09:00:00,consume,1.5676,kg,prep
SITE_KIT_01,B00258,ING_MINT,2025-11-30T09:00:00,consume,0.3731,kg,prep
SITE_KIT_01,B00272,ING_MINT,2025-11-30T09:00:00,consume,0.288,kg,prep
SITE_KIT_01,B00298,ING_CORIANDER,2025-11-30T09:00:00,consume,1.25,kg,prep
SITE_KIT_01,B00229,ING_CORIANDER,2025-11-30T09:00:00,consume,0.1456,kg,prep
SITE_KIT_01,B00146,ING_GHEE,2025-11-30T09:00:00,consume,4.0274,kg,prep
SITE_KIT_01,B00151,ING_CASHEW,2025-11-30T09:00:00,consume,1.2428,kg,prep
SITE_KIT_01,B00266,ING_CARROT,2025-11-30T09:00:00,consume,2.8854,kg,prep
SITE_KIT_01,B00233,ING_CARROT,2025-11-30T09:00:00,consume,3.8943,kg,prep
SITE_KIT_01,B00275,ING_BEANS,2025-11-30T09:00:00,consume,4.2318,kg,prep
SITE_KIT_01,B00271,ING_PEAS,2025-11-30T09:00:00,consume,3.198,kg,prep
SITE_KIT_01,B00262,ING_CAULI,2025-11-30T09:00:00,consume,5.8886,kg,prep
SITE_KIT_01,B00157,ING_CAULI,2025-11-30T09:00:00,consume,15.8847,kg,prep
SITE_KIT_01,B00226,ING_POTATO,2025-11-30T09:00:00,consume,11.4225,kg,prep
SITE_KIT_01,B00156,ING_POTATO,2025-11-30T09:00:00,consume,4.649,kg,prep
SITE_KIT_01,B00283,ING_PANEER,2025-11-30T09:00:00,consume,5.985,kg,prep
SITE_KIT_01,B00213,ING_PANEER,2025-11-30T09:00:00,consume,6.859,kg,prep
SITE_KIT_01,B00287,ING_BUTTER,2025-11-30T09:00:00,consume,2.9458,kg,prep
SITE_KIT_01,B00286,ING_CREAM,2025-11-30T09:00:00,consume,2.367,kg,prep
SITE_KIT_01,B00267,ING_CAPSICUM,2025-11-30T09:00:00,consume,2.3891,kg,prep
SITE_KIT_01,B00234,ING_CAPSICUM,2025-11-30T09:00:00,consume,1.8034,kg,prep
SITE_KIT_01,B00149,ING_BESAN,2025-11-30T09:00:00,consume,1.378,kg,prep
SITE_KIT_01,B00150,ING_OIL,2025-11-30T09:00:00,consume,0.7075,kg,prep
SITE_KIT_01,B00292,ING_OIL,2025-11-30T09:00:00,consume,2.5945,kg,prep
SITE_KIT_01,B00263,ING_SPINACH,2025-11-30T09:00:00,consume,3.7378,kg,prep
SITE_KIT_01,B00297,ING_SPINACH,2025-11-30T09:00:00,consume,5.1089,kg,prep
SITE_KIT_01,B00290,ING_ATTA,2025-11-30T09:00:00,consume,23.816,kg,prep
SITE_KIT_01,B00285,ING_MILK,2025-11-30T09:00:00,consume,1.621,kg,prep
SITE_KIT_01,B00252,ING_MILK,2025-11-30T09:00:00,consume,0.355,kg,prep
SITE_KIT_01,B00039,ING_TOORDAL,2025-11-30T09:00:00,consume,5.694,kg,prep
SITE_KIT_01,B00300,ING_CURRYLEAF,2025-11-30T09:00:00,consume,0.5,kg,prep
SITE_KIT_01,B00273,ING_CURRYLEAF,2025-11-30T09:00:00,consume,0.0344,kg,prep
SITE_KIT_01,B00280,ING_MUTTON,2025-11-30T09:00:00,consume,1.14,kg,prep
SITE_KIT_01,B00210,ING_MUTTON,2025-11-30T09:00:00,consume,4.0,kg,prep
SITE_KIT_01,B00296,ING_BATTER,2025-11-30T09:00:00,consume,7.4,kg,prep
SITE_KIT_01,B00301,ING_BATTER,2025-11-30T09:00:00,consume,9.448,kg,prep
SITE_KIT_01,B00281,ING_FISH,2025-11-30T09:00:00,consume,5.224,kg,prep
SITE_KIT_01,B00134,ING_FISH,2025-11-30T09:00:00,consume,0.112,kg,prep
SITE_KIT_01,B00152,ING_COCONUT,2025-11-30T09:00:00,consume,1.56,kg,prep
SITE_KIT_01,B00204,ING_LEMON,2025-11-30T09:00:00,consume,2.1892,kg,prep
SITE_KIT_01,B00277,ING_CUCUMBER,2025-11-30T09:00:00,consume,2.1683,kg,prep
SITE_KIT_01,B00244,ING_CUCUMBER,2025-11-30T09:00:00,consume,2.5961,kg,prep
SITE_KIT_01,B00268,ING_CABBAGE,2025-11-30T09:00:00,consume,3.0712,kg,prep
SITE_KIT_01,B00208,ING_BANANA,2025-11-30T09:00:00,consume,2.8677,kg,prep
SITE_KIT_01,B00278,ING_BANANA,2025-11-30T09:00:00,consume,2.1101,kg,prep
SITE_KIT_01,B00282,ING_EGG,2025-11-30T09:00:00,consume,2.7721,kg,prep
SITE_KIT_01,B00269,ING_BRINJAL,2025-11-30T09:00:00,consume,4.0779,kg,prep
SITE_KIT_01,B00270,ING_OKRA,2025-11-30T09:00:00,consume,4.9234,kg,prep
SITE_KIT_01,B00276,ING_MUSHROOM,2025-11-30T09:00:00,consume,0.3748,kg,prep
SITE_KIT_01,B00243,ING_MUSHROOM,2025-11-30T09:00:00,consume,1.0444,kg,prep
SITE_KIT_01,B00219,ING_SPINACH,2025-11-30T23:00:00,waste,7.7791,kg,spoilage
SITE_KIT_01,B00229,ING_CORIANDER,2025-11-30T23:00:00,waste,0.7815,kg,spoilage
SITE_KIT_01,B00302,ING_TOMATO,2025-12-01T07:00:00,receive,50.0,kg,LOT-B00302
SITE_KIT_01,B00303,ING_ONION,2025-12-01T07:00:00,receive,120.0,kg,LOT-B00303
SITE_KIT_01,B00304,ING_POTATO,2025-12-01T07:00:00,receive,58.0,kg,LOT-B00304
SITE_KIT_01,B00305,ING_CAULI,2025-12-01T07:00:00,receive,59.0,kg,LOT-B00305
SITE_KIT_01,B00306,ING_SPINACH,2025-12-01T07:00:00,receive,7.0,kg,LOT-B00306
SITE_KIT_01,B00307,ING_CORIANDER,2025-12-01T07:00:00,receive,1.75,kg,LOT-B00307
SITE_KIT_01,B00308,ING_GCHILLI,2025-12-01T07:00:00,receive,3.0,kg,LOT-B00308
SITE_KIT_01,B00309,ING_GINGER,2025-12-01T07:00:00,receive,3.818,kg,LOT-B00309
SITE_KIT_01,B00310,ING_GARLIC,2025-12-01T07:00:00,receive,5.46,kg,LOT-B00310
SITE_KIT_01,B00311,ING_CARROT,2025-12-01T07:00:00,receive,13.0,kg,LOT-B00311
SITE_KIT_01,B00312,ING_CAPSICUM,2025-12-01T07:00:00,receive,8.0,kg,LOT-B00312
SITE_KIT_01,B00313,ING_CABBAGE,2025-12-01T07:00:00,receive,6.0,kg,LOT-B00313
SITE_KIT_01,B00314,ING_BRINJAL,2025-12-01T07:00:00,receive,8.0,kg,LOT-B00314
SITE_KIT_01,B00315,ING_OKRA,2025-12-01T07:00:00,receive,10.0,kg,LOT-B00315
SITE_KIT_01,B00316,ING_PEAS,2025-12-01T07:00:00,receive,7.0,kg,LOT-B00316
SITE_KIT_01,B00317,ING_MINT,2025-12-01T07:00:00,receive,0.75,kg,LOT-B00317
SITE_KIT_01,B00318,ING_CURRYLEAF,2025-12-01T07:00:00,receive,0.5,kg,LOT-B00318
SITE_KIT_01,B00319,ING_LEMON,2025-12-01T07:00:00,receive,4.0,kg,LOT-B00319
SITE_KIT_01,B00320,ING_BEANS,2025-12-01T07:00:00,receive,8.359,kg,LOT-B00320
SITE_KIT_01,B00321,ING_MUSHROOM,2025-12-01T07:00:00,receive,3.0,kg,LOT-B00321
SITE_KIT_01,B00322,ING_CUCUMBER,2025-12-01T07:00:00,receive,8.836,kg,LOT-B00322
SITE_KIT_01,B00323,ING_BANANA,2025-12-01T07:00:00,receive,8.0,kg,LOT-B00323
SITE_KIT_01,B00324,ING_CHICKEN,2025-12-01T07:00:00,receive,26.0,kg,LOT-B00324
SITE_KIT_01,B00325,ING_MUTTON,2025-12-01T07:00:00,receive,13.0,kg,LOT-B00325
SITE_KIT_01,B00326,ING_FISH,2025-12-01T07:00:00,receive,11.0,kg,LOT-B00326
SITE_KIT_01,B00327,ING_EGG,2025-12-01T07:00:00,receive,6.0,kg,LOT-B00327
SITE_KIT_01,B00328,ING_PANEER,2025-12-01T07:00:00,receive,26.0,kg,LOT-B00328
SITE_KIT_01,B00329,ING_CURD,2025-12-01T07:00:00,receive,24.0,kg,LOT-B00329
SITE_KIT_01,B00330,ING_MILK,2025-12-01T07:00:00,receive,4.0,kg,LOT-B00330
SITE_KIT_01,B00331,ING_CREAM,2025-12-01T07:00:00,receive,6.0,kg,LOT-B00331
SITE_KIT_01,B00332,ING_BUTTER,2025-12-01T07:00:00,receive,4.0,kg,LOT-B00332
SITE_KIT_01,B00333,ING_BATTER,2025-12-01T07:00:00,receive,16.0,kg,LOT-B00333
SITE_KIT_01,B00324,ING_CHICKEN,2025-12-01T09:00:00,consume,8.892,kg,prep
SITE_KIT_01,B00289,ING_RICE,2025-12-01T09:00:00,consume,18.863,kg,prep
SITE_KIT_01,B00303,ING_ONION,2025-12-01T09:00:00,consume,21.5746,kg,prep
SITE_KIT_01,B00302,ING_TOMATO,2025-12-01T09:00:00,consume,15.948,kg,prep
SITE_KIT_01,B00329,ING_CURD,2025-12-01T09:00:00,consume,7.7415,kg,prep
SITE_KIT_01,B00309,ING_GINGER,2025-12-01T09:00:00,consume,0.6677,kg,prep
SITE_KIT_01,B00086,ING_GARLIC,2025-12-01T09:00:00,consume,1.0676,kg,prep
SITE_KIT_01,B00265,ING_GCHILLI,2025-12-01T09:00:00,consume,0.5668,kg,prep
SITE_KIT_01,B00308,ING_GCHILLI,2025-12-01T09:00:00,consume,0.4325,kg,prep
SITE_KIT_01,B00272,ING_MINT,2025-12-01T09:00:00,consume,0.3872,kg,prep
SITE_KIT_01,B00307,ING_CORIANDER,2025-12-01T09:00:00,consume,0.8416,kg,prep
SITE_KIT_01,B00146,ING_GHEE,2025-12-01T09:00:00,consume,1.2788,kg,prep
SITE_KIT_01,B00288,ING_GHEE,2025-12-01T09:00:00,consume,1.1158,kg,prep
SITE_KIT_01,B00151,ING_CASHEW,2025-12-01T09:00:00,consume,0.8684,kg,prep
SITE_KIT_01,B00233,ING_CARROT,2025-12-01T09:00:00,consume,1.2844,kg,prep
SITE_KIT_01,B00311,ING_CARROT,2025-12-01T09:00:00,consume,3.1257,kg,prep
SITE_KIT_01,B00275,ING_BEANS,2025-12-01T09:00:00,consume,0.313,kg,prep
SITE_KIT_01,B00320,ING_BEANS,2025-12-01T09:00:00,consume,2.2454,kg,prep
SITE_KIT_01,B00316,ING_PEAS,2025-12-01T09:00:00,consume,2.028,kg,prep
SITE_KIT_01,B00305,ING_CAULI,2025-12-01T09:00:00,consume,17.0874,kg,prep
SITE_KIT_01,B00156,ING_POTATO,2025-12-01T09:00:00,consume,3.9053,kg,prep
SITE_KIT_01,B00304,ING_POTATO,2025-12-01T09:00:00,consume,7.6842,kg,prep
SITE_KIT_01,B00328,ING_PANEER,2025-12-01T09:00:00,consume,10.049,kg,prep
SITE_KIT_01,B00287,ING_BUTTER,2025-12-01T09:00:00,consume,1.6677,kg,prep
SITE_KIT_01,B00332,ING_BUTTER,2025-12-01T09:00:00,consume,0.7074,kg,prep
SITE_KIT_01,B00331,ING_CREAM,2025-12-01T09:00:00,consume,2.054,kg,prep
SITE_KIT_01,B00234,ING_CAPSICUM,2025-12-01T09:00:00,consume,0.6701,kg,prep
SITE_KIT_01,B00312,ING_CAPSICUM,2025-12-01T09:00:00,consume,1.9179,kg,prep
SITE_KIT_01,B00149,ING_BESAN,2025-12-01T09:00:00,consume,0.832,kg,prep
SITE_KIT_01,B00292,ING_OIL,2025-12-01T09:00:00,consume,2.249,kg,prep
SITE_KIT_01,B00297,ING_SPINACH,2025-12-01T09:00:00,consume,2.8911,kg,prep
SITE_KIT_01,B00228,ING_SPINACH,2025-12-01T09:00:00,consume,2.754,kg,prep
SITE_KIT_01,B00290,ING_ATTA,2025-12-01T09:00:00,consume,18.525,kg,prep
SITE_KIT_01,B00252,ING_MILK,2025-12-01T09:00:00,consume,1.064,kg,prep
SITE_KIT_01,B00330,ING_MILK,2025-12-01T09:00:00,consume,0.691,kg,prep
SITE_KIT_01,B00039,ING_TOORDAL,2025-12-01T09:00:00,consume,3.666,kg,prep
SITE_KIT_01,B00318,ING_CURRYLEAF,2025-12-01T09:00:00,consume,0.3676,kg,prep
SITE_KIT_01,B00325,ING_MUTTON,2025-12-01T09:00:00,consume,3.64,kg,prep
SITE_KIT_01,B00333,ING_BATTER,2025-12-01T09:00:00,consume,12.896,kg,prep
SITE_KIT_01,B00326,ING_FISH,2025-12-01T09:00:00,consume,3.952,kg,prep
SITE_KIT_01,B00152,ING_COCONUT,2025-12-01T09:00:00,consume,0.988,kg,prep
SITE_KIT_01,B00319,ING_LEMON,2025-12-01T09:00:00,consume,1.506,kg,prep
SITE_KIT_01,B00322,ING_CUCUMBER,2025-12-01T09:00:00,consume,3.2024,kg,prep
SITE_KIT_01,B00313,ING_CABBAGE,2025-12-01T09:00:00,consume,2.1156,kg,prep
SITE_KIT_01,B00278,ING_BANANA,2025-12-01T09:00:00,consume,3.2664,kg,prep
SITE_KIT_01,B00327,ING_EGG,2025-12-01T09:00:00,consume,2.0592,kg,prep
SITE_KIT_01,B00269,ING_BRINJAL,2025-12-01T09:00:00,consume,0.8345,kg,prep
SITE_KIT_01,B00314,ING_BRINJAL,2025-12-01T09:00:00,consume,2.0327,kg,prep
SITE_KIT_01,B00315,ING_OKRA,2025-12-01T09:00:00,consume,3.3521,kg,prep
SITE_KIT_01,B00243,ING_MUSHROOM,2025-12-01T09:00:00,consume,0.3683,kg,prep
SITE_KIT_01,B00321,ING_MUSHROOM,2025-12-01T09:00:00,consume,0.5994,kg,prep
SITE_KIT_01,B00228,ING_SPINACH,2025-12-01T23:00:00,waste,5.246,kg,spoilage
SITE_KIT_01,B00204,ING_LEMON,2025-12-01T23:00:00,waste,0.0463,kg,spoilage
SITE_KIT_01,B00334,ING_SPINACH,2025-12-02T07:00:00,receive,9.0,kg,LOT-B00334
SITE_KIT_01,B00335,ING_CORIANDER,2025-12-02T07:00:00,receive,1.5,kg,LOT-B00335
SITE_KIT_01,B00336,ING_MINT,2025-12-02T07:00:00,receive,0.75,kg,LOT-B00336
SITE_KIT_01,B00337,ING_CURRYLEAF,2025-12-02T07:00:00,receive,0.5,kg,LOT-B00337
SITE_KIT_01,B00338,ING_BATTER,2025-12-02T07:00:00,receive,14.0,kg,LOT-B00338
SITE_KIT_01,B00324,ING_CHICKEN,2025-12-02T09:00:00,consume,9.126,kg,prep
SITE_KIT_01,B00289,ING_RICE,2025-12-02T09:00:00,consume,20.878,kg,prep
SITE_KIT_01,B00303,ING_ONION,2025-12-02T09:00:00,consume,22.1179,kg,prep
SITE_KIT_01,B00302,ING_TOMATO,2025-12-02T09:00:00,consume,15.4293,kg,prep
SITE_KIT_01,B00329,ING_CURD,2025-12-02T09:00:00,consume,8.0977,kg,prep
SITE_KIT_01,B00309,ING_GINGER,2025-12-02T09:00:00,consume,0.6557,kg,prep
SITE_KIT_01,B00086,ING_GARLIC,2025-12-02T09:00:00,consume,1.0705,kg,prep
SITE_KIT_01,B00308,ING_GCHILLI,2025-12-02T09:00:00,consume,1.0252,kg,prep
SITE_KIT_01,B00272,ING_MINT,2025-12-02T09:00:00,consume,0.0388,kg,prep
SITE_KIT_01,B00299,ING_MINT,2025-12-02T09:00:00,consume,0.4299,kg,prep
SITE_KIT_01,B00307,ING_CORIANDER,2025-12-02T09:00:00,consume,0.9084,kg,prep
SITE_KIT_01,B00335,ING_CORIANDER,2025-12-02T09:00:00,consume,0.0361,kg,prep
SITE_KIT_01,B00288,ING_GHEE,2025-12-02T09:00:00,consume,2.5948,kg,prep
SITE_KIT_01,B00151,ING_CASHEW,2025-12-02T09:00:00,consume,0.7826,kg,prep
SITE_KIT_01,B00311,ING_CARROT,2025-12-02T09:00:00,consume,5.0068,kg,prep
SITE_KIT_01,B00320,ING_BEANS,2025-12-02T09:00:00,consume,3.0587,kg,prep
SITE_KIT_01,B00316,ING_PEAS,2025-12-02T09:00:00,consume,2.314,kg,prep
SITE_KIT_01,B00305,ING_CAULI,2025-12-02T09:00:00,consume,20.064,kg,prep
SITE_KIT_01,B00304,ING_POTATO,2025-12-02T09:00:00,consume,12.4295,kg,prep
SITE_KIT_01,B00328,ING_PANEER,2025-12-02T09:00:00,consume,8.944,kg,prep
SITE_KIT_01,B00332,ING_BUTTER,2025-12-02T09:00:00,consume,2.0878,kg,prep
SITE_KIT_01,B00331,ING_CREAM,2025-12-02T09:00:00,consume,1.8356,kg,prep
SITE_KIT_01,B00312,ING_CAPSICUM,2025-12-02T09:00:00,consume,2.6775,kg,prep
SITE_KIT_01,B00149,ING_BESAN,2025-12-02T09:00:00,consume,0.884,kg,prep
SITE_KIT_01,B00292,ING_OIL,2025-12-02T09:00:00,consume,2.3335,kg,prep
SITE_KIT_01,B00334,ING_SPINACH,2025-12-02T09:00:00,consume,6.0027,kg,prep
SITE_KIT_01,B00290,ING_ATTA,2025-12-02T09:00:00,consume,18.07,kg,prep
SITE_KIT_01,B00330,ING_MILK,2025-12-02T09:00:00,consume,1.534,kg,prep
SITE_KIT_01,B00039,ING_TOORDAL,2025-12-02T09:00:00,consume,0.05,kg,prep
SITE_KIT_01,B00295,ING_TOORDAL,2025-12-02T09:00:00,consume,3.538,kg,prep
SITE_KIT_01,B00318,ING_CURRYLEAF,2025-12-02T09:00:00,consume,0.1324,kg,prep
SITE_KIT_01,B00337,ING_CURRYLEAF,2025-12-02T09:00:00,consume,0.2355,kg,prep
SITE_KIT_01,B00325,ING_MUTTON,2025-12-02T09:00:00,consume,4.16,kg,prep
SITE_KIT_01,B00333,ING_BATTER,2025-12-02T09:00:00,consume,3.104,kg,prep
SITE_KIT_01,B00338,ING_BATTER,2025-12-02T09:00:00,consume,10.0,kg,prep
SITE_KIT_01,B00326,ING_FISH,2025-12-02T09:00:00,consume,3.952,kg,prep
SITE_KIT_01,B00152,ING_COCONUT,2025-12-02T09:00:00,consume,0.988,kg,prep
SITE_KIT_01,B00319,ING_LEMON,2025-12-02T09:00:00,consume,1.468,kg,prep
SITE_KIT_01,B00322,ING_CUCUMBER,2025-12-02T09:00:00,consume,3.2316,kg,prep
SITE_KIT_01,B00313,ING_CABBAGE,2025-12-02T09:00:00,consume,2.1165,kg,prep
SITE_KIT_01,B00278,ING_BANANA,2025-12-02T09:00:00,consume,2.1785,kg,prep
SITE_KIT_01,B00245,ING_BANANA,2025-12-02T09:00:00,consume,1.2817,kg,prep
SITE_KIT_01,B00327,ING_EGG,2025-12-02T09:00:00,consume,2.0943,kg,prep
SITE_KIT_01,B00314,ING_BRINJAL,2025-12-02T09:00:00,consume,2.9371,kg,prep
SITE_KIT_01,B00315,ING_OKRA,2025-12-02T09:00:00,consume,3.2889,kg,prep
SITE_KIT_01,B00321,ING_MUSHROOM,2025-12-02T09:00:00,consume,0.9687,kg,prep
SITE_KIT_01,B00273,ING_CURRYLEAF,2025-12-02T23:00:00,waste,0.4508,kg,spoilage
SITE_KIT_01,B00301,ING_BATTER,2025-12-02T23:00:00,waste,5.552,kg,spoilage
SITE_KIT_01,B00339,ING_TOMATO,2025-12-03T07:00:00,receive,33.0,kg,LOT-B00339
SITE_KIT_01,B00340,ING_CAULI,2025-12-03T07:00:00,receive,41.0,kg,LOT-B00340
SITE_KIT_01,B00341,ING_SPINACH,2025-12-03T07:00:00,receive,8.0,kg,LOT-B00341
SITE_KIT_01,B00342,ING_CORIANDER,2025-12-03T07:00:00,receive,1.25,kg,LOT-B00342
SITE_KIT_01,B00343,ING_GCHILLI,2025-12-03T07:00:00,receive,3.0,kg,LOT-B00343
SITE_KIT_01,B00344,ING_CARROT,2025-12-03T07:00:00,receive,10.0,kg,LOT-B00344
SITE_KIT_01,B00345,ING_CAPSICUM,2025-12-03T07:00:00,receive,6.0,kg,LOT-B00345
SITE_KIT_01,B00346,ING_CABBAGE,2025-12-03T07:00:00,receive,5.0,kg,LOT-B00346
SITE_KIT_01,B00347,ING_BRINJAL,2025-12-03T07:00:00,receive,6.282,kg,LOT-B00347
SITE_KIT_01,B00348,ING_OKRA,2025-12-03T07:00:00,receive,8.0,kg,LOT-B00348
SITE_KIT_01,B00349,ING_PEAS,2025-12-03T07:00:00,receive,5.0,kg,LOT-B00349
SITE_KIT_01,B00350,ING_MINT,2025-12-03T07:00:00,receive,0.75,kg,LOT-B00350
SITE_KIT_01,B00351,ING_CURRYLEAF,2025-12-03T07:00:00,receive,0.5,kg,LOT-B00351
SITE_KIT_01,B00352,ING_LEMON,2025-12-03T07:00:00,receive,4.0,kg,LOT-B00352
SITE_KIT_01,B00353,ING_BEANS,2025-12-03T07:00:00,receive,7.0,kg,LOT-B00353
SITE_KIT_01,B00354,ING_MUSHROOM,2025-12-03T07:00:00,receive,2.0,kg,LOT-B00354
SITE_KIT_01,B00355,ING_CUCUMBER,2025-12-03T07:00:00,receive,7.0,kg,LOT-B00355
SITE_KIT_01,B00356,ING_BANANA,2025-12-03T07:00:00,receive,9.0,kg,LOT-B00356
SITE_KIT_01,B00357,ING_CHICKEN,2025-12-03T07:00:00,receive,22.0,kg,LOT-B00357
SITE_KIT_01,B00358,ING_MUTTON,2025-12-03T07:00:00,receive,11.0,kg,LOT-B00358
SITE_KIT_01,B00359,ING_FISH,2025-12-03T07:00:00,receive,10.0,kg,LOT-B00359
SITE_KIT_01,B00360,ING_EGG,2025-12-03T07:00:00,receive,5.0,kg,LOT-B00360
SITE_KIT_01,B00361,ING_PANEER,2025-12-03T07:00:00,receive,22.0,kg,LOT-B00361
SITE_KIT_01,B00362,ING_CURD,2025-12-03T07:00:00,receive,16.0,kg,LOT-B00362
SITE_KIT_01,B00363,ING_MILK,2025-12-03T07:00:00,receive,3.0,kg,LOT-B00363
SITE_KIT_01,B00364,ING_CREAM,2025-12-03T07:00:00,receive,4.0,kg,LOT-B00364
SITE_KIT_01,B00365,ING_BUTTER,2025-12-03T07:00:00,receive,4.0,kg,LOT-B00365
SITE_KIT_01,B00366,ING_BATTER,2025-12-03T07:00:00,receive,14.0,kg,LOT-B00366
SITE_KIT_01,B00324,ING_CHICKEN,2025-12-03T09:00:00,consume,7.982,kg,prep
SITE_KIT_01,B00357,ING_CHICKEN,2025-12-03T09:00:00,consume,2.08,kg,prep
SITE_KIT_01,B00289,ING_RICE,2025-12-03T09:00:00,consume,20.826,kg,prep
SITE_KIT_01,B00303,ING_ONION,2025-12-03T09:00:00,consume,22.9949,kg,prep
SITE_KIT_01,B00302,ING_TOMATO,2025-12-03T09:00:00,consume,15.9332,kg,prep
SITE_KIT_01,B00329,ING_CURD,2025-12-03T09:00:00,consume,7.9469,kg,prep
SITE_KIT_01,B00309,ING_GINGER,2025-12-03T09:00:00,consume,0.7028,kg,prep
SITE_KIT_01,B00086,ING_GARLIC,2025-12-03T09:00:00,consume,0.4133,kg,prep
SITE_KIT_01,B00310,ING_GARLIC,2025-12-03T09:00:00,consume,0.752,kg,prep
SITE_KIT_01,B00308,ING_GCHILLI,2025-12-03T09:00:00,consume,1.0805,kg,prep
SITE_KIT_01,B00299,ING_MINT,2025-12-03T09:00:00,consume,0.2641,kg,prep
SITE_KIT_01,B00317,ING_MINT,2025-12-03T09:00:00,consume,0.173,kg,prep
SITE_KIT_01,B00335,ING_CORIANDER,2025-12-03T09:00:00,consume,0.9419,kg,prep
SITE_KIT_01,B00288,ING_GHEE,2025-12-03T09:00:00,consume,2.678,kg,prep
SITE_KIT_01,B00151,ING_CASHEW,2025-12-03T09:00:00,consume,0.8138,kg,prep
SITE_KIT_01,B00311,ING_CARROT,2025-12-03T09:00:00,consume,4.8292,kg,prep
SITE_KIT_01,B00320,ING_BEANS,2025-12-03T09:00:00,consume,2.9393,kg,prep
SITE_KIT_01,B00316,ING_PEAS,2025-12-03T09:00:00,consume,2.21,kg,prep
SITE_KIT_01,B00305,ING_CAULI,2025-12-03T09:00:00,consume,19.7919,kg,prep
SITE_KIT_01,B00304,ING_POTATO,2025-12-03T09:00:00,consume,12.5548,kg,prep
SITE_KIT_01,B00328,ING_PANEER,2025-12-03T09:00:00,consume,7.007,kg,prep
SITE_KIT_01,B00361,ING_PANEER,2025-12-03T09:00:00,consume,2.119,kg,prep
SITE_KIT_01,B00332,ING_BUTTER,2025-12-03T09:00:00,consume,1.2048,kg,prep
SITE_KIT_01,B00254,ING_BUTTER,2025-12-03T09:00:00,consume,0.9272,kg,prep
SITE_KIT_01,B00331,ING_CREAM,2025-12-03T09:00:00,consume,1.8928,kg,prep
SITE_KIT_01,B00345,ING_CAPSICUM,2025-12-03T09:00:00,consume,2.8888,kg,prep
SITE_KIT_01,B00149,ING_BESAN,2025-12-03T09:00:00,consume,0.136,kg,prep
SITE_KIT_01,B00291,ING_BESAN,2025-12-03T09:00:00,consume,0.8,kg,prep
SITE_KIT_01,B00292,ING_OIL,2025-12-03T09:00:00,consume,2.496,kg,prep
SITE_KIT_01,B00334,ING_SPINACH,2025-12-03T09:00:00,consume,2.9973,kg,prep
SITE_KIT_01,B00306,ING_SPINACH,2025-12-03T09:00:00,consume,3.5076,kg,prep
SITE_KIT_01,B00290,ING_ATTA,2025-12-03T09:00:00,consume,16.783,kg,prep
SITE_KIT_01,B00330,ING_MILK,2025-12-03T09:00:00,consume,1.573,kg,prep
SITE_KIT_01,B00295,ING_TOORDAL,2025-12-03T09:00:00,consume,3.9,kg,prep
SITE_KIT_01,B00337,ING_CURRYLEAF,2025-12-03T09:00:00,consume,0.2645,kg,prep
SITE_KIT_01,B00351,ING_CURRYLEAF,2025-12-03T09:00:00,consume,0.1455,kg,prep
SITE_KIT_01,B00325,ING_MUTTON,2025-12-03T09:00:00,consume,4.68,kg,prep
SITE_KIT_01,B00338,ING_BATTER,2025-12-03T09:00:00,consume,4.0,kg,prep
SITE_KIT_01,B00366,ING_BATTER,2025-12-03T09:00:00,consume,10.144,kg,prep
SITE_KIT_01,B00326,ING_FISH,2025-12-03T09:00:00,consume,3.096,kg,prep
SITE_KIT_01,B00359,ING_FISH,2025-12-03T09:00:00,consume,1.064,kg,prep
SITE_KIT_01,B00152,ING_COCONUT,2025-12-03T09:00:00,consume,1.04,kg,prep
SITE_KIT_01,B00319,ING_LEMON,2025-12-03T09:00:00,consume,1.026,kg,prep
SITE_KIT_01,B00274,ING_LEMON,2025-12-03T09:00:00,consume,0.4014,kg,prep
SITE_KIT_01,B00322,ING_CUCUMBER,2025-12-03T09:00:00,consume,2.4019,kg,prep
SITE_KIT_01,B00355,ING_CUCUMBER,2025-12-03T09:00:00,consume,0.7229,kg,prep
SITE_KIT_01,B00313,ING_CABBAGE,2025-12-03T09:00:00,consume,1.7679,kg,prep
SITE_KIT_01,B00346,ING_CABBAGE,2025-12-03T09:00:00,consume,0.2728,kg,prep
SITE_KIT_01,B00356,ING_BANANA,2025-12-03T09:00:00,consume,3.2045,kg,prep
SITE_KIT_01,B00327,ING_EGG,2025-12-03T09:00:00,consume,1.8465,kg,prep
SITE_KIT_01,B00360,ING_EGG,2025-12-03T09:00:00,consume,0.1542,kg,prep
SITE_KIT_01,B00314,ING_BRINJAL,2025-12-03T09:00:00,consume,2.764,kg,prep
SITE_KIT_01,B00315,ING_OKRA,2025-12-03T09:00:00,consume,3.2248,kg,prep
SITE_KIT_01,B00354,ING_MUSHROOM,2025-12-03T09:00:00,consume,0.94,kg,prep
SITE_KIT_01,B00244,ING_CUCUMBER,2025-12-03T23:00:00,waste,1.0781,kg,spoilage
SITE_KIT_01,B00245,ING_BANANA,2025-12-03T23:00:00,waste,6.7183,kg,spoilage
SITE_KIT_01,B00254,ING_BUTTER,2025-12-03T23:00:00,waste,0.497,kg,spoilage
SITE_KIT_01,B00367,ING_SPINACH,2025-12-04T07:00:00,receive,12.0,kg,LOT-B00367
SITE_KIT_01,B00368,ING_CORIANDER,2025-12-04T07:00:00,receive,1.25,kg,LOT-B00368
SITE_KIT_01,B00369,ING_MINT,2025-12-04T07:00:00,receive,0.75,kg,LOT-B00369
SITE_KIT_01,B00370,ING_CURRYLEAF,2025-12-04T07:00:00,receive,0.5,kg,LOT-B00370
SITE_KIT_01,B00371,ING_BATTER,2025-12-04T07:00:00,receive,14.0,kg,LOT-B00371
SITE_KIT_01,B00357,ING_CHICKEN,2025-12-04T09:00:00,consume,10.53,kg,prep
SITE_KIT_01,B00289,ING_RICE,2025-12-04T09:00:00,consume,22.477,kg,prep
SITE_KIT_01,B00303,ING_ONION,2025-12-04T09:00:00,consume,24.3457,kg,prep
SITE_KIT_01,B00302,ING_TOMATO,2025-12-04T09:00:00,consume,2.6895,kg,prep
SITE_KIT_01,B00339,ING_TOMATO,2025-12-04T09:00:00,consume,15.2275,kg,prep
SITE_KIT_01,B00329,ING_CURD,2025-12-04T09:00:00,consume,0.2139,kg,prep
SITE_KIT_01,B00362,ING_CURD,2025-12-04T09:00:00,consume,8.786,kg,prep
SITE_KIT_01,B00309,ING_GINGER,2025-12-04T09:00:00,consume,0.747,kg,prep
SITE_KIT_01,B00310,ING_GARLIC,2025-12-04T09:00:00,consume,1.2551,kg,prep
SITE_KIT_01,B00308,ING_GCHILLI,2025-12-04T09:00:00,consume,0.4619,kg,prep
SITE_KIT_01,B00343,ING_GCHILLI,2025-12-04T09:00:00,consume,0.6648,kg,prep
SITE_KIT_01,B00317,ING_MINT,2025-12-04T09:00:00,consume,0.4661,kg,prep
SITE_KIT_01,B00335,ING_CORIANDER,2025-12-04T09:00:00,consume,0.5221,kg,prep
SITE_KIT_01,B00342,ING_CORIANDER,2025-12-04T09:00:00,consume,0.4913,kg,prep
SITE_KIT_01,B00288,ING_GHEE,2025-12-04T09:00:00,consume,2.8925,kg,prep
SITE_KIT_01,B00151,ING_CASHEW,2025-12-04T09:00:00,consume,0.7106,kg,prep
SITE_KIT_01,B00293,ING_CASHEW,2025-12-04T09:00:00,consume,0.1708,kg,prep
SITE_KIT_01,B00311,ING_CARROT,2025-12-04T09:00:00,consume,0.0384,kg,prep
SITE_KIT_01,B00344,ING_CARROT,2025-12-04T09:00:00,consume,5.4102,kg,prep
SITE_KIT_01,B00320,ING_BEANS,2025-12-04T09:00:00,consume,0.1156,kg,prep
SITE_KIT_01,B00353,ING_BEANS,2025-12-04T09:00:00,consume,3.1954,kg,prep
SITE_KIT_01,B00316,ING_PEAS,2025-12-04T09:00:00,consume,0.448,kg,prep
SITE_KIT_01,B00271,ING_PEAS,2025-12-04T09:00:00,consume,0.098,kg,prep
SITE_KIT_01,B00349,ING_PEAS,2025-12-04T09:00:00,consume,1.924,kg,prep
SITE_KIT_01,B00305,ING_CAULI,2025-12-04T09:00:00,consume,2.0567,kg,prep
SITE_KIT_01,B00340,ING_CAULI,2025-12-04T09:00:00,consume,20.0206,kg,prep
SITE_KIT_01,B00304,ING_POTATO,2025-12-04T09:00:00,consume,11.735,kg,prep
SITE_KIT_01,B00361,ING_PANEER,2025-12-04T09:00:00,consume,10.023,kg,prep
SITE_KIT_01,B00365,ING_BUTTER,2025-12-04T09:00:00,consume,2.4453,kg,prep
SITE_KIT_01,B00331,ING_CREAM,2025-12-04T09:00:00,consume,0.2176,kg,prep
SITE_KIT_01,B00364,ING_CREAM,2025-12-04T09:00:00,consume,1.8624,kg,prep
SITE_KIT_01,B00345,ING_CAPSICUM,2025-12-04T09:00:00,consume,3.1112,kg,prep
SITE_KIT_01,B00312,ING_CAPSICUM,2025-12-04T09:00:00,consume,0.0939,kg,prep
SITE_KIT_01,B00291,ING_BESAN,2025-12-04T09:00:00,consume,0.988,kg,prep
SITE_KIT_01,B00292,ING_OIL,2025-12-04T09:00:00,consume,2.405,kg,prep
SITE_KIT_01,B00367,ING_SPINACH,2025-12-04T09:00:00,consume,6.961,kg,prep
SITE_KIT_01,B00290,ING_ATTA,2025-12-04T09:00:00,consume,20.306,kg,prep
SITE_KIT_01,B00330,ING_MILK,2025-12-04T09:00:00,consume,0.202,kg,prep
SITE_KIT_01,B00363,ING_MILK,2025-12-04T09:00:00,consume,1.696,kg,prep
SITE_KIT_01,B00295,ING_TOORDAL,2025-12-04T09:00:00,consume,4.29,kg,prep
SITE_KIT_01,B00351,ING_CURRYLEAF,2025-12-04T09:00:00,consume,0.3545,kg,prep
SITE_KIT_01,B00370,ING_CURRYLEAF,2025-12-04T09:00:00,consume,0.0446,kg,prep
SITE_KIT_01,B00325,ING_MUTTON,2025-12-04T09:00:00,consume,0.52,kg,prep
SITE_KIT_01,B00358,ING_MUTTON,2025-12-04T09:00:00,consume,4.42,kg,prep
SITE_KIT_01,B00371,ING_BATTER,2025-12-04T09:00:00,consume,12.48,kg,prep
SITE_KIT_01,B00359,ING_FISH,2025-12-04T09:00:00,consume,4.368,kg,prep
SITE_KIT_01,B00152,ING_COCONUT,2025-12-04T09:00:00,consume,0.508,kg,prep
SITE_KIT_01,B00294,ING_COCONUT,2025-12-04T09:00:00,consume,0.584,kg,prep
SITE_KIT_01,B00274,ING_LEMON,2025-12-04T09:00:00,consume,1.6535,kg,prep
SITE_KIT_01,B00355,ING_CUCUMBER,2025-12-04T09:00:00,consume,3.5426,kg,prep
SITE_KIT_01,B00346,ING_CABBAGE,2025-12-04T09:00:00,consume,2.317,kg,prep
SITE_KIT_01,B00356,ING_BANANA,2025-12-04T09:00:00,consume,3.7835,kg,prep
SITE_KIT_01,B00360,ING_EGG,2025-12-04T09:00:00,consume,2.3283,kg,prep
SITE_KIT_01,B00314,ING_BRINJAL,2025-12-04T09:00:00,consume,0.2661,kg,prep
SITE_KIT_01,B00347,ING_BRINJAL,2025-12-04T09:00:00,consume,2.9815,kg,prep
SITE_KIT_01,B00315,ING_OKRA,2025-12-04T09:00:00,consume,0.1341,kg,prep
SITE_KIT_01,B00348,ING_OKRA,2025-12-04T09:00:00,consume,3.5673,kg,prep
SITE_KIT_01,B00354,ING_MUSHROOM,2025-12-04T09:00:00,consume,1.06,kg,prep
SITE_KIT_01,B00321,ING_MUSHROOM,2025-12-04T09:00:00,consume,0.042,kg,prep
SITE_KIT_01,B00317,ING_MINT,2025-12-04T23:00:00,waste,0.1109,kg,spoilage
SITE_KIT_01,B00372,ING_TOMATO,2025-12-05T07:00:00,receive,35.0,kg,LOT-B00372
SITE_KIT_01,B00373,ING_ONION,2025-12-05T07:00:00,receive,102.0,kg,LOT-B00373
SITE_KIT_01,B00374,ING_POTATO,2025-12-05T07:00:00,receive,48.0,kg,LOT-B00374
SITE_KIT_01,B00375,ING_CAULI,2025-12-05T07:00:00,receive,41.0,kg,LOT-B00375
SITE_KIT_01,B00376,ING_SPINACH,2025-12-05T07:00:00,receive,8.0,kg,LOT-B00376
SITE_KIT_01,B00377,ING_CORIANDER,2025-12-05T07:00:00,receive,1.188,kg,LOT-B00377
SITE_KIT_01,B00378,ING_GCHILLI,2025-12-05T07:00:00,receive,2.0,kg,LOT-B00378
SITE_KIT_01,B00379,ING_GINGER,2025-12-05T07:00:00,receive,2.0,kg,LOT-B00379
SITE_KIT_01,B00380,ING_GARLIC,2025-12-05T07:00:00,receive,4.0,kg,LOT-B00380
SITE_KIT_01,B00381,ING_CARROT,2025-12-05T07:00:00,receive,11.0,kg,LOT-B00381
SITE_KIT_01,B00382,ING_CAPSICUM,2025-12-05T07:00:00,receive,6.0,kg,LOT-B00382
SITE_KIT_01,B00383,ING_CABBAGE,2025-12-05T07:00:00,receive,4.0,kg,LOT-B00383
SITE_KIT_01,B00384,ING_BRINJAL,2025-12-05T07:00:00,receive,6.0,kg,LOT-B00384
SITE_KIT_01,B00385,ING_OKRA,2025-12-05T07:00:00,receive,6.127,kg,LOT-B00385
SITE_KIT_01,B00386,ING_PEAS,2025-12-05T07:00:00,receive,5.0,kg,LOT-B00386
SITE_KIT_01,B00387,ING_MINT,2025-12-05T07:00:00,receive,0.75,kg,LOT-B00387
SITE_KIT_01,B00388,ING_CURRYLEAF,2025-12-05T07:00:00,receive,0.5,kg,LOT-B00388
SITE_KIT_01,B00389,ING_LEMON,2025-12-05T07:00:00,receive,5.0,kg,LOT-B00389
SITE_KIT_01,B00390,ING_BEANS,2025-12-05T07:00:00,receive,5.744,kg,LOT-B00390
SITE_KIT_01,B00391,ING_MUSHROOM,2025-12-05T07:00:00,receive,1.902,kg,LOT-B00391
SITE_KIT_01,B00392,ING_CUCUMBER,2025-12-05T07:00:00,receive,8.0,kg,LOT-B00392
SITE_KIT_01,B00393,ING_BANANA,2025-12-05T07:00:00,receive,9.0,kg,LOT-B00393
SITE_KIT_01,B00394,ING_CHICKEN,2025-12-05T07:00:00,receive,20.0,kg,LOT-B00394
SITE_KIT_01,B00395,ING_MUTTON,2025-12-05T07:00:00,receive,9.0,kg,LOT-B00395
SITE_KIT_01,B00396,ING_FISH,2025-12-05T07:00:00,receive,8.0,kg,LOT-B00396
SITE_KIT_01,B00397,ING_EGG,2025-12-05T07:00:00,receive,4.0,kg,LOT-B00397
SITE_KIT_01,B00398,ING_PANEER,2025-12-05T07:00:00,receive,17.0,kg,LOT-B00398
SITE_KIT_01,B00399,ING_CURD,2025-12-05T07:00:00,receive,19.0,kg,LOT-B00399
SITE_KIT_01,B00400,ING_MILK,2025-12-05T07:00:00,receive,4.0,kg,LOT-B00400
SITE_KIT_01,B00401,ING_CREAM,2025-12-05T07:00:00,receive,4.0,kg,LOT-B00401
SITE_KIT_01,B00402,ING_BUTTER,2025-12-05T07:00:00,receive,5.0,kg,LOT-B00402
SITE_KIT_01,B00403,ING_BATTER,2025-12-05T07:00:00,receive,14.0,kg,LOT-B00403
SITE_KIT_01,B00357,ING_CHICKEN,2025-12-05T09:00:00,consume,9.39,kg,prep
SITE_KIT_01,B00394,ING_CHICKEN,2025-12-05T09:00:00,consume,9.564,kg,prep
SITE_KIT_01,B00289,ING_RICE,2025-12-05T09:00:00,consume,33.098,kg,prep
SITE_KIT_01,B00303,ING_ONION,2025-12-05T09:00:00,consume,28.9668,kg,prep
SITE_KIT_01,B00373,ING_ONION,2025-12-05T09:00:00,consume,6.7376,kg,prep
SITE_KIT_01,B00339,ING_TOMATO,2025-12-05T09:00:00,consume,17.7725,kg,prep
SITE_KIT_01,B00372,ING_TOMATO,2025-12-05T09:00:00,consume,6.7229,kg,prep
SITE_KIT_01,B00362,ING_CURD,2025-12-05T09:00:00,consume,7.214,kg,prep
SITE_KIT_01,B00399,ING_CURD,2025-12-05T09:00:00,consume,5.4896,kg,prep
SITE_KIT_01,B00309,ING_GINGER,2025-12-05T09:00:00,consume,1.0448,kg,prep
SITE_KIT_01,B00161,ING_GINGER,2025-12-05T09:00:00,consume,0.1068,kg,prep
SITE_KIT_01,B00310,ING_GARLIC,2025-12-05T09:00:00,consume,1.8389,kg,prep
SITE_KIT_01,B00343,ING_GCHILLI,2025-12-05T09:00:00,consume,1.6167,kg,prep
SITE_KIT_01,B00350,ING_MINT,2025-12-05T09:00:00,consume,0.7443,kg,prep
SITE_KIT_01,B00342,ING_CORIANDER,2025-12-05T09:00:00,consume,0.7587,kg,prep
SITE_KIT_01,B00377,ING_CORIANDER,2025-12-05T09:00:00,consume,0.7578,kg,prep
SITE_KIT_01,B00288,ING_GHEE,2025-12-05T09:00:00,consume,4.2744,kg,prep
SITE_KIT_01,B00293,ING_CASHEW,2025-12-05T09:00:00,consume,1.3182,kg,prep
SITE_KIT_01,B00344,ING_CARROT,2025-12-05T09:00:00,consume,4.5898,kg,prep
SITE_KIT_01,B00381,ING_CARROT,2025-12-05T09:00:00,consume,2.6257,kg,prep
SITE_KIT_01,B00390,ING_BEANS,2025-12-05T09:00:00,consume,4.1391,kg,prep
SITE_KIT_01,B00386,ING_PEAS,2025-12-05T09:00:00,consume,3.198,kg,prep
SITE_KIT_01,B00340,ING_CAULI,2025-12-05T09:00:00,consume,20.9794,kg,prep
SITE_KIT_01,B00375,ING_CAULI,2025-12-05T09:00:00,consume,9.6032,kg,prep
SITE_KIT_01,B00374,ING_POTATO,2025-12-05T09:00:00,consume,14.3339,kg,prep
SITE_KIT_01,B00361,ING_PANEER,2025-12-05T09:00:00,consume,9.858,kg,prep
SITE_KIT_01,B00398,ING_PANEER,2025-12-05T09:00:00,consume,3.22,kg,prep
SITE_KIT_01,B00402,ING_BUTTER,2025-12-05T09:00:00,consume,3.0992,kg,prep
SITE_KIT_01,B00364,ING_CREAM,2025-12-05T09:00:00,consume,2.1376,kg,prep
SITE_KIT_01,B00401,ING_CREAM,2025-12-05T09:00:00,consume,0.5664,kg,prep
SITE_KIT_01,B00382,ING_CAPSICUM,2025-12-05T09:00:00,consume,4.0171,kg,prep
SITE_KIT_01,B00291,ING_BESAN,2025-12-05T09:00:00,consume,1.378,kg,prep
SITE_KIT_01,B00292,ING_OIL,2025-12-05T09:00:00,consume,3.068,kg,prep
SITE_KIT_01,B00367,ING_SPINACH,2025-12-05T09:00:00,consume,5.039,kg,prep
SITE_KIT_01,B00306,ING_SPINACH,2025-12-05T09:00:00,consume,3.4924,kg,prep
SITE_KIT_01,B00341,ING_SPINACH,2025-12-05T09:00:00,consume,0.9655,kg,prep
SITE_KIT_01,B00290,ING_ATTA,2025-12-05T09:00:00,consume,1.331,kg,prep
SITE_KIT_01,B00148,ING_ATTA,2025-12-05T09:00:00,consume,24.552,kg,prep
SITE_KIT_01,B00363,ING_MILK,2025-12-05T09:00:00,consume,1.304,kg,prep
SITE_KIT_01,B00400,ING_MILK,2025-12-05T09:00:00,consume,1.023,kg,prep
SITE_KIT_01,B00295,ING_TOORDAL,2025-12-05T09:00:00,consume,5.538,kg,prep
SITE_KIT_01,B00388,ING_CURRYLEAF,2025-12-05T09:00:00,consume,0.4998,kg,prep
SITE_KIT_01,B00358,ING_MUTTON,2025-12-05T09:00:00,consume,6.58,kg,prep
SITE_KIT_01,B00395,ING_MUTTON,2025-12-05T09:00:00,consume,1.74,kg,prep
SITE_KIT_01,B00371,ING_BATTER,2025-12-05T09:00:00,consume,1.52,kg,prep
SITE_KIT_01,B00366,ING_BATTER,2025-12-05T09:00:00,consume,3.856,kg,prep
SITE_KIT_01,B00403,ING_BATTER,2025-12-05T09:00:00,consume,8.976,kg,prep
SITE_KIT_01,B00359,ING_FISH,2025-12-05T09:00:00,consume,4.568,kg,prep
SITE_KIT_01,B00396,ING_FISH,2025-12-05T09:00:00,consume,2.088,kg,prep
SITE_KIT_01,B00294,ING_COCONUT,2025-12-05T09:00:00,consume,1.664,kg,prep
SITE_KIT_01,B00389,ING_LEMON,2025-12-05T09:00:00,consume,2.1616,kg,prep
SITE_KIT_01,B00355,ING_CUCUMBER,2025-12-05T09:00:00,consume,2.7345,kg,prep
SITE_KIT_01,B00392,ING_CUCUMBER,2025-12-05T09:00:00,consume,1.968,kg,prep
SITE_KIT_01,B00346,ING_CABBAGE,2025-12-05T09:00:00,consume,2.4102,kg,prep
SITE_KIT_01,B00383,ING_CABBAGE,2025-12-05T09:00:00,consume,0.5784,kg,prep
SITE_KIT_01,B00356,ING_BANANA,2025-12-05T09:00:00,consume,2.012,kg,prep
SITE_KIT_01,B00323,ING_BANANA,2025-12-05T09:00:00,consume,2.9184,kg,prep
SITE_KIT_01,B00360,ING_EGG,2025-12-05T09:00:00,consume,2.5175,kg,prep
SITE_KIT_01,B00397,ING_EGG,2025-12-05T09:00:00,consume,0.466,kg,prep
SITE_KIT_01,B00347,ING_BRINJAL,2025-12-05T09:00:00,consume,3.3005,kg,prep
SITE_KIT_01,B00384,ING_BRINJAL,2025-12-05T09:00:00,consume,0.8758,kg,prep
SITE_KIT_01,B00348,ING_OKRA,2025-12-05T09:00:00,consume,4.4327,kg,prep
SITE_KIT_01,B00270,ING_OKRA,2025-12-05T09:00:00,consume,0.2183,kg,prep
SITE_KIT_01,B00385,ING_OKRA,2025-12-05T09:00:00,consume,0.1489,kg,prep
SITE_KIT_01,B00391,ING_MUSHROOM,2025-12-05T09:00:00,consume,1.4003,kg,prep
SITE_KIT_01,B00336,ING_MINT,2025-12-05T23:00:00,waste,0.75,kg,spoilage
SITE_KIT_01,B00274,ING_LEMON,2025-12-05T23:00:00,waste,1.945,kg,spoilage
SITE_KIT_01,B00404,ING_SPINACH,2025-12-06T07:00:00,receive,13.0,kg,LOT-B00404
SITE_KIT_01,B00405,ING_CORIANDER,2025-12-06T07:00:00,receive,1.25,kg,LOT-B00405
SITE_KIT_01,B00406,ING_MINT,2025-12-06T07:00:00,receive,0.75,kg,LOT-B00406
SITE_KIT_01,B00407,ING_CURRYLEAF,2025-12-06T07:00:00,receive,0.5,kg,LOT-B00407
SITE_KIT_01,B00408,ING_GHEE,2025-12-06T07:00:00,receive,25.0,kg,LOT-B00408
SITE_KIT_01,B00409,ING_RICE,2025-12-06T07:00:00,receive,200.0,kg,LOT-B00409
SITE_KIT_01,B00410,ING_ATTA,2025-12-06T07:00:00,receive,175.0,kg,LOT-B00410
SITE_KIT_01,B00411,ING_BESAN,2025-12-06T07:00:00,receive,15.0,kg,LOT-B00411
SITE_KIT_01,B00412,ING_OIL,2025-12-06T07:00:00,receive,20.0,kg,LOT-B00412
SITE_KIT_01,B00413,ING_CASHEW,2025-12-06T07:00:00,receive,10.0,kg,LOT-B00413
SITE_KIT_01,B00414,ING_COCONUT,2025-12-06T07:00:00,receive,10.0,kg,LOT-B00414
SITE_KIT_01,B00415,ING_TOORDAL,2025-12-06T07:00:00,receive,35.0,kg,LOT-B00415
SITE_KIT_01,B00416,ING_BATTER,2025-12-06T07:00:00,receive,23.0,kg,LOT-B00416
SITE_KIT_01,B00394,ING_CHICKEN,2025-12-06T09:00:00,consume,10.436,kg,prep
SITE_KIT_01,B00289,ING_RICE,2025-12-06T09:00:00,consume,12.343,kg,prep
SITE_KIT_01,B00409,ING_RICE,2025-12-06T09:00:00,consume,21.964,kg,prep
SITE_KIT_01,B00373,ING_ONION,2025-12-06T09:00:00,consume,36.0484,kg,prep
SITE_KIT_01,B00372,ING_TOMATO,2025-12-06T09:00:00,consume,26.2024,kg,prep
SITE_KIT_01,B00399,ING_CURD,2025-12-06T09:00:00,consume,13.0182,kg,prep
SITE_KIT_01,B00161,ING_GINGER,2025-12-06T09:00:00,consume,1.175,kg,prep
SITE_KIT_01,B00310,ING_GARLIC,2025-12-06T09:00:00,consume,1.614,kg,prep
SITE_KIT_01,B00380,ING_GARLIC,2025-12-06T09:00:00,consume,0.3053,kg,prep
SITE_KIT_01,B00343,ING_GCHILLI,2025-12-06T09:00:00,consume,0.7185,kg,prep
SITE_KIT_01,B00378,ING_GCHILLI,2025-12-06T09:00:00,consume,0.9444,kg,prep
SITE_KIT_01,B00350,ING_MINT,2025-12-06T09:00:00,consume,0.0057,kg,prep
SITE_KIT_01,B00406,ING_MINT,2025-12-06T09:00:00,consume,0.7262,kg,prep
SITE_KIT_01,B00377,ING_CORIANDER,2025-12-06T09:00:00,consume,0.4302,kg,prep
SITE_KIT_01,B00405,ING_CORIANDER,2025-12-06T09:00:00,consume,1.0844,kg,prep
SITE_KIT_01,B00288,ING_GHEE,2025-12-06T09:00:00,consume,4.4616,kg,prep
SITE_KIT_01,B00293,ING_CASHEW,2025-12-06T09:00:00,consume,1.3312,kg,prep
SITE_KIT_01,B00381,ING_CARROT,2025-12-06T09:00:00,consume,7.5586,kg,prep
SITE_KIT_01,B00390,ING_BEANS,2025-12-06T09:00:00,consume,1.6049,kg,prep
SITE_KIT_01,B00353,ING_BEANS,2025-12-06T09:00:00,consume,2.9681,kg,prep
SITE_KIT_01,B00386,ING_PEAS,2025-12-06T09:00:00,consume,1.802,kg,prep
SITE_KIT_01,B00349,ING_PEAS,2025-12-06T09:00:00,consume,1.682,kg,prep
SITE_KIT_01,B00375,ING_CAULI,2025-12-06T09:00:00,consume,31.3968,kg,prep
SITE_KIT_01,B00374,ING_POTATO,2025-12-06T09:00:00,consume,14.5221,kg,prep
SITE_KIT_01,B00398,ING_PANEER,2025-12-06T09:00:00,consume,13.78,kg,prep
SITE_KIT_01,B00402,ING_BUTTER,2025-12-06T09:00:00,consume,1.9008,kg,prep
SITE_KIT_01,B00365,ING_BUTTER,2025-12-06T09:00:00,consume,1.4168,kg,prep
SITE_KIT_01,B00401,ING_CREAM,2025-12-06T09:00:00,consume,2.9926,kg,prep
SITE_KIT_01,B00382,ING_CAPSICUM,2025-12-06T09:00:00,consume,1.9829,kg,prep
SITE_KIT_01,B00312,ING_CAPSICUM,2025-12-06T09:00:00,consume,2.6084,kg,prep
SITE_KIT_01,B00291,ING_BESAN,2025-12-06T09:00:00,consume,1.56,kg,prep
SITE_KIT_01,B00292,ING_OIL,2025-12-06T09:00:00,consume,3.276,kg,prep
SITE_KIT_01,B00404,ING_SPINACH,2025-12-06T09:00:00,consume,10.119,kg,prep
SITE_KIT_01,B00410,ING_ATTA,2025-12-06T09:00:00,consume,26.169,kg,prep
SITE_KIT_01,B00400,ING_MILK,2025-12-06T09:00:00,consume,2.379,kg,prep
SITE_KIT_01,B00295,ING_TOORDAL,2025-12-06T09:00:00,consume,6.162,kg,prep
SITE_KIT_01,B00388,ING_CURRYLEAF,2025-12-06T09:00:00,consume,0.0002,kg,prep
SITE_KIT_01,B00407,ING_CURRYLEAF,2025-12-06T09:00:00,consume,0.5,kg,prep
SITE_KIT_01,B00370,ING_CURRYLEAF,2025-12-06T09:00:00,consume,0.0156,kg,prep
SITE_KIT_01,B00395,ING_MUTTON,2025-12-06T09:00:00,consume,7.26,kg,prep
SITE_KIT_01,B00416,ING_BATTER,2025-12-06T09:00:00,consume,14.144,kg,prep
SITE_KIT_01,B00396,ING_FISH,2025-12-06T09:00:00,consume,5.912,kg,prep
SITE_KIT_01,B00294,ING_COCONUT,2025-12-06T09:00:00,consume,1.82,kg,prep
SITE_KIT_01,B00389,ING_LEMON,2025-12-06T09:00:00,consume,2.487,kg,prep
SITE_KIT_01,B00392,ING_CUCUMBER,2025-12-06T09:00:00,consume,5.0925,kg,prep
SITE_KIT_01,B00383,ING_CABBAGE,2025-12-06T09:00:00,consume,3.2383,kg,prep
SITE_KIT_01,B00323,ING_BANANA,2025-12-06T09:00:00,consume,5.0816,kg,prep
SITE_KIT_01,B00393,ING_BANANA,2025-12-06T09:00:00,consume,0.135,kg,prep
SITE_KIT_01,B00397,ING_EGG,2025-12-06T09:00:00,consume,3.2526,kg,prep
SITE_KIT_01,B00384,ING_BRINJAL,2025-12-06T09:00:00,consume,4.4836,kg,prep
SITE_KIT_01,B00385,ING_OKRA,2025-12-06T09:00:00,consume,5.2062,kg,prep
SITE_KIT_01,B00391,ING_MUSHROOM,2025-12-06T09:00:00,consume,0.5017,kg,prep
SITE_KIT_01,B00321,ING_MUSHROOM,2025-12-06T09:00:00,consume,1.0238,kg,prep
SITE_KIT_01,B00261,ING_TOMATO,2025-12-06T23:00:00,waste,2.0764,kg,spoilage
SITE_KIT_01,B00417,ING_TOMATO,2025-12-07T07:00:00,receive,84.0,kg,LOT-B00417
SITE_KIT_01,B00418,ING_CAULI,2025-12-07T07:00:00,receive,58.0,kg,LOT-B00418
SITE_KIT_01,B00419,ING_SPINACH,2025-12-07T07:00:00,receive,8.0,kg,LOT-B00419
SITE_KIT_01,B00420,ING_CORIANDER,2025-12-07T07:00:00,receive,1.25,kg,LOT-B00420
SITE_KIT_01,B00421,ING_GCHILLI,2025-12-07T07:00:00,receive,5.0,kg,LOT-B00421
SITE_KIT_01,B00422,ING_CARROT,2025-12-07T07:00:00,receive,20.0,kg,LOT-B00422
SITE_KIT_01,B00423,ING_CAPSICUM,2025-12-07T07:00:00,receive,8.0,kg,LOT-B00423
SITE_KIT_01,B00424,ING_CABBAGE,2025-12-07T07:00:00,receive,6.0,kg,LOT-B00424
SITE_KIT_01,B00425,ING_BRINJAL,2025-12-07T07:00:00,receive,8.0,kg,LOT-B00425
SITE_KIT_01,B00426,ING_OKRA,2025-12-07T07:00:00,receive,10.0,kg,LOT-B00426
SITE_KIT_01,B00427,ING_PEAS,2025-12-07T07:00:00,receive,6.0,kg,LOT-B00427
SITE_KIT_01,B00428,ING_MINT,2025-12-07T07:00:00,receive,0.75,kg,LOT-B00428
SITE_KIT_01,B00429,ING_CURRYLEAF,2025-12-07T07:00:00,receive,0.75,kg,LOT-B00429
SITE_KIT_01,B00430,ING_LEMON,2025-12-07T07:00:00,receive,4.0,kg,LOT-B00430
SITE_KIT_01,B00431,ING_BEANS,2025-12-07T07:00:00,receive,8.0,kg,LOT-B00431
SITE_KIT_01,B00432,ING_MUSHROOM,2025-12-07T07:00:00,receive,3.0,kg,LOT-B00432
SITE_KIT_01,B00433,ING_CUCUMBER,2025-12-07T07:00:00,receive,11.0,kg,LOT-B00433
SITE_KIT_01,B00434,ING_BANANA,2025-12-07T07:00:00,receive,9.0,kg,LOT-B00434
SITE_KIT_01,B00435,ING_CHICKEN,2025-12-07T07:00:00,receive,31.0,kg,LOT-B00435
SITE_KIT_01,B00436,ING_MUTTON,2025-12-07T07:00:00,receive,14.0,kg,LOT-B00436
SITE_KIT_01,B00437,ING_FISH,2025-12-07T07:00:00,receive,13.0,kg,LOT-B00437
SITE_KIT_01,B00438,ING_EGG,2025-12-07T07:00:00,receive,6.0,kg,LOT-B00438
SITE_KIT_01,B00439,ING_PANEER,2025-12-07T07:00:00,receive,27.0,kg,LOT-B00439
SITE_KIT_01,B00440,ING_CURD,2025-12-07T07:00:00,receive,23.0,kg,LOT-B00440
SITE_KIT_01,B00441,ING_MILK,2025-12-07T07:00:00,receive,4.0,kg,LOT-B00441
SITE_KIT_01,B00442,ING_CREAM,2025-12-07T07:00:00,receive,6.0,kg,LOT-B00442
SITE_KIT_01,B00443,ING_BUTTER,2025-12-07T07:00:00,receive,6.0,kg,LOT-B00443
SITE_KIT_01,B00444,ING_BATTER,2025-12-07T07:00:00,receive,14.0,kg,LOT-B00444
SITE_KIT_01,B00435,ING_CHICKEN,2025-12-07T09:00:00,consume,15.912,kg,prep
SITE_KIT_01,B00409,ING_RICE,2025-12-07T09:00:00,consume,31.2,kg,prep
SITE_KIT_01,B00373,ING_ONION,2025-12-07T09:00:00,consume,32.4587,kg,prep
SITE_KIT_01,B00372,ING_TOMATO,2025-12-07T09:00:00,consume,2.0748,kg,prep
SITE_KIT_01,B00417,ING_TOMATO,2025-12-07T09:00:00,consume,22.922,kg,prep
SITE_KIT_01,B00399,ING_CURD,2025-12-07T09:00:00,consume,0.4922,kg,prep
SITE_KIT_01,B00440,ING_CURD,2025-12-07T09:00:00,consume,11.5068,kg,prep
SITE_KIT_01,B00161,ING_GINGER,2025-12-07T09:00:00,consume,0.2771,kg,prep
SITE_KIT_01,B00379,ING_GINGER,2025-12-07T09:00:00,consume,0.8289,kg,prep
SITE_KIT_01,B00380,ING_GARLIC,2025-12-07T09:00:00,consume,1.8029,kg,prep
SITE_KIT_01,B00378,ING_GCHILLI,2025-12-07T09:00:00,consume,1.0556,kg,prep
SITE_KIT_01,B00421,ING_GCHILLI,2025-12-07T09:00:00,consume,0.5007,kg,prep
SITE_KIT_01,B00406,ING_MINT,2025-12-07T09:00:00,consume,0.0238,kg,prep
SITE_KIT_01,B00428,ING_MINT,2025-12-07T09:00:00,consume,0.6356,kg,prep
SITE_KIT_01,B00405,ING_CORIANDER,2025-12-07T09:00:00,consume,0.1656,kg,prep
SITE_KIT_01,B00420,ING_CORIANDER,2025-12-07T09:00:00,consume,1.25,kg,prep
SITE_KIT_01,B00368,ING_CORIANDER,2025-12-07T09:00:00,consume,0.0106,kg,prep
SITE_KIT_01,B00288,ING_GHEE,2025-12-07T09:00:00,consume,1.9829,kg,prep
SITE_KIT_01,B00408,ING_GHEE,2025-12-07T09:00:00,consume,2.1628,kg,prep
SITE_KIT_01,B00293,ING_CASHEW,2025-12-07T09:00:00,consume,1.248,kg,prep
SITE_KIT_01,B00381,ING_CARROT,2025-12-07T09:00:00,consume,0.8157,kg,prep
SITE_KIT_01,B00422,ING_CARROT,2025-12-07T09:00:00,consume,6.1005,kg,prep
SITE_KIT_01,B00431,ING_BEANS,2025-12-07T09:00:00,consume,4.2573,kg,prep
SITE_KIT_01,B00349,ING_PEAS,2025-12-07T09:00:00,consume,1.394,kg,prep
SITE_KIT_01,B00427,ING_PEAS,2025-12-07T09:00:00,consume,1.856,kg,prep
SITE_KIT_01,B00418,ING_CAULI,2025-12-07T09:00:00,consume,29.6107,kg,prep
SITE_KIT_01,B00374,ING_POTATO,2025-12-07T09:00:00,consume,15.624,kg,prep
SITE_KIT_01,B00439,ING_PANEER,2025-12-07T09:00:00,consume,13.416,kg,prep
SITE_KIT_01,B00443,ING_BUTTER,2025-12-07T09:00:00,consume,3.0381,kg,prep
SITE_KIT_01,B00401,ING_CREAM,2025-12-07T09:00:00,consume,0.441,kg,prep
SITE_KIT_01,B00442,ING_CREAM,2025-12-07T09:00:00,consume,2.3384,kg,prep
SITE_KIT_01,B00423,ING_CAPSICUM,2025-12-07T09:00:00,consume,4.0748,kg,prep
SITE_KIT_01,B00291,ING_BESAN,2025-12-07T09:00:00,consume,0.274,kg,prep
SITE_KIT_01,B00411,ING_BESAN,2025-12-07T09:00:00,consume,1.052,kg,prep
SITE_KIT_01,B00292,ING_OIL,2025-12-07T09:00:00,consume,1.578,kg,prep
SITE_KIT_01,B00412,ING_OIL,2025-12-07T09:00:00,consume,1.581,kg,prep
SITE_KIT_01,B00404,ING_SPINACH,2025-12-07T09:00:00,consume,2.881,kg,prep
SITE_KIT_01,B00419,ING_SPINACH,2025-12-07T09:00:00,consume,6.2656,kg,prep
SITE_KIT_01,B00410,ING_ATTA,2025-12-07T09:00:00,consume,24.921,kg,prep
SITE_KIT_01,B00441,ING_MILK,2025-12-07T09:00:00,consume,2.145,kg,prep
SITE_KIT_01,B00295,ING_TOORDAL,2025-12-07T09:00:00,consume,1.572,kg,prep
SITE_KIT_01,B00415,ING_TOORDAL,2025-12-07T09:00:00,consume,4.278,kg,prep
SITE_KIT_01,B00429,ING_CURRYLEAF,2025-12-07T09:00:00,consume,0.5217,kg,prep
SITE_KIT_01,B00436,ING_MUTTON,2025-12-07T09:00:00,consume,8.58,kg,prep
SITE_KIT_01,B00416,ING_BATTER,2025-12-07T09:00:00,consume,8.856,kg,prep
SITE_KIT_01,B00403,ING_BATTER,2025-12-07T09:00:00,consume,5.024,kg,prep
SITE_KIT_01,B00444,ING_BATTER,2025-12-07T09:00:00,consume,2.136,kg,prep
SITE_KIT_01,B00437,ING_FISH,2025-12-07T09:00:00,consume,6.656,kg,prep
SITE_KIT_01,B00294,ING_COCONUT,2025-12-07T09:00:00,consume,0.932,kg,prep
SITE_KIT_01,B00414,ING_COCONUT,2025-12-07T09:00:00,consume,0.732,kg,prep
SITE_KIT_01,B00389,ING_LEMON,2025-12-07T09:00:00,consume,0.3514,kg,prep
SITE_KIT_01,B00430,ING_LEMON,2025-12-07T09:00:00,consume,1.7947,kg,prep
SITE_KIT_01,B00392,ING_CUCUMBER,2025-12-07T09:00:00,consume,0.9396,kg,prep
SITE_KIT_01,B00433,ING_CUCUMBER,2025-12-07T09:00:00,consume,3.6631,kg,prep
SITE_KIT_01,B00383,ING_CABBAGE,2025-12-07T09:00:00,consume,0.1833,kg,prep
SITE_KIT_01,B00424,ING_CABBAGE,2025-12-07T09:00:00,consume,2.8434,kg,prep
SITE_KIT_01,B00434,ING_BANANA,2025-12-07T09:00:00,consume,4.8509,kg,prep
SITE_KIT_01,B00397,ING_EGG,2025-12-07T09:00:00,consume,0.2814,kg,prep
SITE_KIT_01,B00438,ING_EGG,2025-12-07T09:00:00,consume,2.667,kg,prep
SITE_KIT_01,B00425,ING_BRINJAL,2025-12-07T09:00:00,consume,4.2024,kg,prep
SITE_KIT_01,B00426,ING_OKRA,2025-12-07T09:00:00,consume,4.7012,kg,prep
SITE_KIT_01,B00321,ING_MUSHROOM,2025-12-07T09:00:00,consume,0.3661,kg,prep
SITE_KIT_01,B00432,ING_MUSHROOM,2025-12-07T09:00:00,consume,1.0162,kg,prep
SITE_KIT_01,B00341,ING_SPINACH,2025-12-07T23:00:00,waste,7.0345,kg,spoilage
SITE_KIT_01,B00368,ING_CORIANDER,2025-12-07T23:00:00,waste,1.2394,kg,spoilage
SITE_KIT_01,B00369,ING_MINT,2025-12-07T23:00:00,waste,0.75,kg,spoilage
SITE_KIT_01,B00370,ING_CURRYLEAF,2025-12-07T23:00:00,waste,0.4398,kg,spoilage
SITE_KIT_01,B00445,ING_SPINACH,2025-12-08T07:00:00,receive,9.0,kg,LOT-B00445
SITE_KIT_01,B00446,ING_CORIANDER,2025-12-08T07:00:00,receive,1.5,kg,LOT-B00446
SITE_KIT_01,B00447,ING_MINT,2025-12-08T07:00:00,receive,0.691,kg,LOT-B00447
SITE_KIT_01,B00448,ING_CURRYLEAF,2025-12-08T07:00:00,receive,0.5,kg,LOT-B00448
SITE_KIT_01,B00449,ING_BATTER,2025-12-08T07:00:00,receive,15.0,kg,LOT-B00449
SITE_KIT_01,B00435,ING_CHICKEN,2025-12-08T09:00:00,consume,8.424,kg,prep
SITE_KIT_01,B00409,ING_RICE,2025-12-08T09:00:00,consume,18.408,kg,prep
SITE_KIT_01,B00373,ING_ONION,2025-12-08T09:00:00,consume,20.9298,kg,prep
SITE_KIT_01,B00417,ING_TOMATO,2025-12-08T09:00:00,consume,16.164,kg,prep
SITE_KIT_01,B00440,ING_CURD,2025-12-08T09:00:00,consume,7.4516,kg,prep
SITE_KIT_01,B00379,ING_GINGER,2025-12-08T09:00:00,consume,0.6625,kg,prep
SITE_KIT_01,B00380,ING_GARLIC,2025-12-08T09:00:00,consume,1.1319,kg,prep
SITE_KIT_01,B00421,ING_GCHILLI,2025-12-08T09:00:00,consume,0.9356,kg,prep
SITE_KIT_01,B00428,ING_MINT,2025-12-08T09:00:00,consume,0.1144,kg,prep
SITE_KIT_01,B00447,ING_MINT,2025-12-08T09:00:00,consume,0.2675,kg,prep
SITE_KIT_01,B00446,ING_CORIANDER,2025-12-08T09:00:00,consume,0.8309,kg,prep
SITE_KIT_01,B00408,ING_GHEE,2025-12-08T09:00:00,consume,2.4024,kg,prep
SITE_KIT_01,B00293,ING_CASHEW,2025-12-08T09:00:00,consume,0.8528,kg,prep
SITE_KIT_01,B00422,ING_CARROT,2025-12-08T09:00:00,consume,4.2947,kg,prep
SITE_KIT_01,B00431,ING_BEANS,2025-12-08T09:00:00,consume,2.5447,kg,prep
SITE_KIT_01,B00427,ING_PEAS,2025-12-08T09:00:00,consume,1.95,kg,prep
SITE_KIT_01,B00418,ING_CAULI,2025-12-08T09:00:00,consume,18.5424,kg,prep
SITE_KIT_01,B00374,ING_POTATO,2025-12-08T09:00:00,consume,3.52,kg,prep
SITE_KIT_01,B00304,ING_POTATO,2025-12-08T09:00:00,consume,6.2152,kg,prep
SITE_KIT_01,B00439,ING_PANEER,2025-12-08T09:00:00,consume,10.231,kg,prep
SITE_KIT_01,B00443,ING_BUTTER,2025-12-08T09:00:00,consume,2.3101,kg,prep
SITE_KIT_01,B00442,ING_CREAM,2025-12-08T09:00:00,consume,2.0488,kg,prep
SITE_KIT_01,B00423,ING_CAPSICUM,2025-12-08T09:00:00,consume,2.6056,kg,prep
SITE_KIT_01,B00411,ING_BESAN,2025-12-08T09:00:00,consume,0.884,kg,prep
SITE_KIT_01,B00412,ING_OIL,2025-12-08T09:00:00,consume,2.0605,kg,prep
SITE_KIT_01,B00419,ING_SPINACH,2025-12-08T09:00:00,consume,1.7344,kg,prep
SITE_KIT_01,B00376,ING_SPINACH,2025-12-08T09:00:00,consume,4.3366,kg,prep
SITE_KIT_01,B00410,ING_ATTA,2025-12-08T09:00:00,consume,16.9,kg,prep
SITE_KIT_01,B00441,ING_MILK,2025-12-08T09:00:00,consume,1.612,kg,prep
SITE_KIT_01,B00415,ING_TOORDAL,2025-12-08T09:00:00,consume,3.744,kg,prep
SITE_KIT_01,B00429,ING_CURRYLEAF,2025-12-08T09:00:00,consume,0.2283,kg,prep
SITE_KIT_01,B00448,ING_CURRYLEAF,2025-12-08T09:00:00,consume,0.1115,kg,prep
SITE_KIT_01,B00436,ING_MUTTON,2025-12-08T09:00:00,consume,4.16,kg,prep
SITE_KIT_01,B00449,ING_BATTER,2025-12-08T09:00:00,consume,10.192,kg,prep
SITE_KIT_01,B00437,ING_FISH,2025-12-08T09:00:00,consume,3.952,kg,prep
SITE_KIT_01,B00414,ING_COCONUT,2025-12-08T09:00:00,consume,0.988,kg,prep
SITE_KIT_01,B00430,ING_LEMON,2025-12-08T09:00:00,consume,1.3641,kg,prep
SITE_KIT_01,B00433,ING_CUCUMBER,2025-12-08T09:00:00,consume,3.1271,kg,prep
SITE_KIT_01,B00424,ING_CABBAGE,2025-12-08T09:00:00,consume,1.9687,kg,prep
SITE_KIT_01,B00434,ING_BANANA,2025-12-08T09:00:00,consume,3.18,kg,prep
SITE_KIT_01,B00438,ING_EGG,2025-12-08T09:00:00,consume,1.9539,kg,prep
SITE_KIT_01,B00425,ING_BRINJAL,2025-12-08T09:00:00,consume,2.7341,kg,prep
SITE_KIT_01,B00426,ING_OKRA,2025-12-08T09:00:00,consume,3.1519,kg,prep
SITE_KIT_01,B00432,ING_MUSHROOM,2025-12-08T09:00:00,consume,0.9123,kg,prep
SITE_KIT_01,B00312,ING_CAPSICUM,2025-12-08T23:00:00,waste,0.7022,kg,spoilage
SITE_KIT_01,B00387,ING_MINT,2025-12-08T23:00:00,waste,0.75,kg,spoilage
SITE_KIT_01,B00450,ING_TOMATO,2025-12-09T07:00:00,receive,14.0,kg,LOT-B00450
SITE_KIT_01,B00451,ING_ONION,2025-12-09T07:00:00,receive,198.0,kg,LOT-B00451
SITE_KIT_01,B00452,ING_POTATO,2025-12-09T07:00:00,receive,58.0,kg,LOT-B00452
SITE_KIT_01,B00453,ING_CAULI,2025-12-09T07:00:00,receive,82.0,kg,LOT-B00453
SITE_KIT_01,B00454,ING_SPINACH,2025-12-09T07:00:00,receive,8.0,kg,LOT-B00454
SITE_KIT_01,B00455,ING_CORIANDER,2025-12-09T07:00:00,receive,1.25,kg,LOT-B00455
SITE_KIT_01,B00456,ING_GCHILLI,2025-12-09T07:00:00,receive,1.0,kg,LOT-B00456
SITE_KIT_01,B00457,ING_GINGER,2025-12-09T07:00:00,receive,4.0,kg,LOT-B00457
SITE_KIT_01,B00458,ING_GARLIC,2025-12-09T07:00:00,receive,7.636,kg,LOT-B00458
SITE_KIT_01,B00459,ING_CARROT,2025-12-09T07:00:00,receive,7.0,kg,LOT-B00459
SITE_KIT_01,B00460,ING_CAPSICUM,2025-12-09T07:00:00,receive,7.182,kg,LOT-B00460
SITE_KIT_01,B00461,ING_CABBAGE,2025-12-09T07:00:00,receive,4.667,kg,LOT-B00461
SITE_KIT_01,B00462,ING_BRINJAL,2025-12-09T07:00:00,receive,8.0,kg,LOT-B00462
SITE_KIT_01,B00463,ING_OKRA,2025-12-09T07:00:00,receive,7.516,kg,LOT-B00463
SITE_KIT_01,B00464,ING_PEAS,2025-12-09T07:00:00,receive,5.0,kg,LOT-B00464
SITE_KIT_01,B00465,ING_MINT,2025-12-09T07:00:00,receive,0.75,kg,LOT-B00465
SITE_KIT_01,B00466,ING_CURRYLEAF,2025-12-09T07:00:00,receive,0.5,kg,LOT-B00466
SITE_KIT_01,B00467,ING_LEMON,2025-12-09T07:00:00,receive,4.0,kg,LOT-B00467
SITE_KIT_01,B00468,ING_BEANS,2025-12-09T07:00:00,receive,12.0,kg,LOT-B00468
SITE_KIT_01,B00469,ING_MUSHROOM,2025-12-09T07:00:00,receive,3.0,kg,LOT-B00469
SITE_KIT_01,B00470,ING_CUCUMBER,2025-12-09T07:00:00,receive,6.226,kg,LOT-B00470
SITE_KIT_01,B00471,ING_BANANA,2025-12-09T07:00:00,receive,9.0,kg,LOT-B00471
SITE_KIT_01,B00472,ING_CHICKEN,2025-12-09T07:00:00,receive,24.0,kg,LOT-B00472
SITE_KIT_01,B00473,ING_MUTTON,2025-12-09T07:00:00,receive,14.0,kg,LOT-B00473
SITE_KIT_01,B00474,ING_FISH,2025-12-09T07:00:00,receive,10.0,kg,LOT-B00474
SITE_KIT_01,B00475,ING_EGG,2025-12-09T07:00:00,receive,5.0,kg,LOT-B00475
SITE_KIT_01,B00476,ING_PANEER,2025-12-09T07:00:00,receive,24.0,kg,LOT-B00476
SITE_KIT_01,B00477,ING_CURD,2025-12-09T07:00:00,receive,20.0,kg,LOT-B00477
SITE_KIT_01,B00478,ING_MILK,2025-12-09T07:00:00,receive,4.0,kg,LOT-B00478
SITE_KIT_01,B00479,ING_CREAM,2025-12-09T07:00:00,receive,5.0,kg,LOT-B00479
SITE_KIT_01,B00480,ING_BUTTER,2025-12-09T07:00:00,receive,6.0,kg,LOT-B00480
SITE_KIT_01,B00481,ING_BATTER,2025-12-09T07:00:00,receive,15.0,kg,LOT-B00481
SITE_KIT_01,B00435,ING_CHICKEN,2025-12-09T09:00:00,consume,6.664,kg,prep
SITE_KIT_01,B00472,ING_CHICKEN,2025-12-09T09:00:00,consume,2.228,kg,prep
SITE_KIT_01,B00409,ING_RICE,2025-12-09T09:00:00,consume,21.021,kg,prep
SITE_KIT_01,B00373,ING_ONION,2025-12-09T09:00:00,consume,5.8256,kg,prep
SITE_KIT_01,B00451,ING_ONION,2025-12-09T09:00:00,consume,16.8157,kg,prep
SITE_KIT_01,B00450,ING_TOMATO,2025-12-09T09:00:00,consume,14.0,kg,prep
SITE_KIT_01,B00417,ING_TOMATO,2025-12-09T09:00:00,consume,1.9697,kg,prep
SITE_KIT_01,B00477,ING_CURD,2025-12-09T09:00:00,consume,8.0041,kg,prep
SITE_KIT_01,B00457,ING_GINGER,2025-12-09T09:00:00,consume,0.6592,kg,prep
SITE_KIT_01,B00458,ING_GARLIC,2025-12-09T09:00:00,consume,1.1225,kg,prep
SITE_KIT_01,B00456,ING_GCHILLI,2025-12-09T09:00:00,consume,1.0,kg,prep
SITE_KIT_01,B00421,ING_GCHILLI,2025-12-09T09:00:00,consume,0.0071,kg,prep
SITE_KIT_01,B00447,ING_MINT,2025-12-09T09:00:00,consume,0.4235,kg,prep
SITE_KIT_01,B00465,ING_MINT,2025-12-09T09:00:00,consume,0.0436,kg,prep
SITE_KIT_01,B00446,ING_CORIANDER,2025-12-09T09:00:00,consume,0.6691,kg,prep
SITE_KIT_01,B00455,ING_CORIANDER,2025-12-09T09:00:00,consume,0.304,kg,prep
SITE_KIT_01,B00408,ING_GHEE,2025-12-09T09:00:00,consume,2.6533,kg,prep
SITE_KIT_01,B00293,ING_CASHEW,2025-12-09T09:00:00,consume,0.079,kg,prep
SITE_KIT_01,B00413,ING_CASHEW,2025-12-09T09:00:00,consume,0.6854,kg,prep
SITE_KIT_01,B00459,ING_CARROT,2025-12-09T09:00:00,consume,4.975,kg,prep
SITE_KIT_01,B00431,ING_BEANS,2025-12-09T09:00:00,consume,1.198,kg,prep
SITE_KIT_01,B00468,ING_BEANS,2025-12-09T09:00:00,consume,1.9204,kg,prep
SITE_KIT_01,B00464,ING_PEAS,2025-12-09T09:00:00,consume,2.34,kg,prep
SITE_KIT_01,B00418,ING_CAULI,2025-12-09T09:00:00,consume,9.8469,kg,prep
SITE_KIT_01,B00453,ING_CAULI,2025-12-09T09:00:00,consume,9.9446,kg,prep
SITE_KIT_01,B00304,ING_POTATO,2025-12-09T09:00:00,consume,7.3812,kg,prep
SITE_KIT_01,B00452,ING_POTATO,2025-12-09T09:00:00,consume,4.5575,kg,prep
SITE_KIT_01,B00439,ING_PANEER,2025-12-09T09:00:00,consume,3.353,kg,prep
SITE_KIT_01,B00476,ING_PANEER,2025-12-09T09:00:00,consume,5.448,kg,prep
SITE_KIT_01,B00443,ING_BUTTER,2025-12-09T09:00:00,consume,0.6518,kg,prep
SITE_KIT_01,B00480,ING_BUTTER,2025-12-09T09:00:00,consume,1.4243,kg,prep
SITE_KIT_01,B00479,ING_CREAM,2025-12-09T09:00:00,consume,1.8096,kg,prep
SITE_KIT_01,B00423,ING_CAPSICUM,2025-12-09T09:00:00,consume,1.3196,kg,prep
SITE_KIT_01,B00460,ING_CAPSICUM,2025-12-09T09:00:00,consume,1.3341,kg,prep
SITE_KIT_01,B00411,ING_BESAN,2025-12-09T09:00:00,consume,0.884,kg,prep
SITE_KIT_01,B00412,ING_OIL,2025-12-09T09:00:00,consume,2.2555,kg,prep
SITE_KIT_01,B00454,ING_SPINACH,2025-12-09T09:00:00,consume,5.9804,kg,prep
SITE_KIT_01,B00410,ING_ATTA,2025-12-09T09:00:00,consume,17.927,kg,prep
SITE_KIT_01,B00441,ING_MILK,2025-12-09T09:00:00,consume,0.243,kg,prep
SITE_KIT_01,B00478,ING_MILK,2025-12-09T09:00:00,consume,1.304,kg,prep
SITE_KIT_01,B00415,ING_TOORDAL,2025-12-09T09:00:00,consume,3.822,kg,prep
SITE_KIT_01,B00448,ING_CURRYLEAF,2025-12-09T09:00:00,consume,0.3766,kg,prep
SITE_KIT_01,B00436,ING_MUTTON,2025-12-09T09:00:00,consume,1.26,kg,prep
SITE_KIT_01,B00473,ING_MUTTON,2025-12-09T09:00:00,consume,3.16,kg,prep
SITE_KIT_01,B00449,ING_BATTER,2025-12-09T09:00:00,consume,4.808,kg,prep
SITE_KIT_01,B00481,ING_BATTER,2025-12-09T09:00:00,consume,7.464,kg,prep
SITE_KIT_01,B00437,ING_FISH,2025-12-09T09:00:00,consume,2.392,kg,prep
SITE_KIT_01,B00474,ING_FISH,2025-12-09T09:00:00,consume,1.768,kg,prep
SITE_KIT_01,B00414,ING_COCONUT,2025-12-09T09:00:00,consume,1.04,kg,prep
SITE_KIT_01,B00430,ING_LEMON,2025-12-09T09:00:00,consume,0.8412,kg,prep
SITE_KIT_01,B00352,ING_LEMON,2025-12-09T09:00:00,consume,0.6149,kg,prep
SITE_KIT_01,B00433,ING_CUCUMBER,2025-12-09T09:00:00,consume,3.1755,kg,prep
SITE_KIT_01,B00424,ING_CABBAGE,2025-12-09T09:00:00,consume,1.1879,kg,prep
SITE_KIT_01,B00461,ING_CABBAGE,2025-12-09T09:00:00,consume,0.8624,kg,prep
SITE_KIT_01,B00434,ING_BANANA,2025-12-09T09:00:00,consume,0.9691,kg,prep
SITE_KIT_01,B00471,ING_BANANA,2025-12-09T09:00:00,consume,2.3336,kg,prep
SITE_KIT_01,B00475,ING_EGG,2025-12-09T09:00:00,consume,2.0124,kg,prep
SITE_KIT_01,B00425,ING_BRINJAL,2025-12-09T09:00:00,consume,1.0635,kg,prep
SITE_KIT_01,B00384,ING_BRINJAL,2025-12-09T09:00:00,consume,0.6406,kg,prep
SITE_KIT_01,B00462,ING_BRINJAL,2025-12-09T09:00:00,consume,1.1151,kg,prep
SITE_KIT_01,B00426,ING_OKRA,2025-12-09T09:00:00,consume,2.147,kg,prep
SITE_KIT_01,B00463,ING_OKRA,2025-12-09T09:00:00,consume,1.0387,kg,prep
SITE_KIT_01,B00469,ING_MUSHROOM,2025-12-09T09:00:00,consume,0.9449,kg,prep
SITE_KIT_01,B00376,ING_SPINACH,2025-12-09T23:00:00,waste,3.6634,kg,spoilage
SITE_KIT_01,B00268,ING_CABBAGE,2025-12-09T23:00:00,waste,0.4805,kg,spoilage
SITE_KIT_01,B00352,ING_LEMON,2025-12-09T23:00:00,waste,3.3851,kg,spoilage
SITE_KIT_01,B00353,ING_BEANS,2025-12-09T23:00:00,waste,0.8364,kg,spoilage
SITE_KIT_01,B00365,ING_BUTTER,2025-12-09T23:00:00,waste,0.1379,kg,spoilage
SITE_KIT_01,B00444,ING_BATTER,2025-12-09T23:00:00,waste,11.864,kg,spoilage
SITE_KIT_01,B00482,ING_SPINACH,2025-12-10T07:00:00,receive,7.337,kg,LOT-B00482
SITE_KIT_01,B00483,ING_CORIANDER,2025-12-10T07:00:00,receive,1.25,kg,LOT-B00483
SITE_KIT_01,B00484,ING_MINT,2025-12-10T07:00:00,receive,0.75,kg,LOT-B00484
SITE_KIT_01,B00485,ING_CURRYLEAF,2025-12-10T07:00:00,receive,0.5,kg,LOT-B00485
SITE_KIT_01,B00486,ING_BATTER,2025-12-10T07:00:00,receive,15.0,kg,LOT-B00486
SITE_KIT_01,B00472,ING_CHICKEN,2025-12-10T09:00:00,consume,9.126,kg,prep
SITE_KIT_01,B00409,ING_RICE,2025-12-10T09:00:00,consume,18.876,kg,prep
SITE_KIT_01,B00451,ING_ONION,2025-12-10T09:00:00,consume,20.6303,kg,prep
SITE_KIT_01,B00417,ING_TOMATO,2025-12-10T09:00:00,consume,14.8965,kg,prep
SITE_KIT_01,B00477,ING_CURD,2025-12-10T09:00:00,consume,7.2332,kg,prep
SITE_KIT_01,B00457,ING_GINGER,2025-12-10T09:00:00,consume,0.6282,kg,prep
SITE_KIT_01,B00458,ING_GARLIC,2025-12-10T09:00:00,consume,1.0589,kg,prep
SITE_KIT_01,B00421,ING_GCHILLI,2025-12-10T09:00:00,consume,1.0099,kg,prep
SITE_KIT_01,B00465,ING_MINT,2025-12-10T09:00:00,consume,0.3946,kg,prep
SITE_KIT_01,B00483,ING_CORIANDER,2025-12-10T09:00:00,consume,0.8331,kg,prep
SITE_KIT_01,B00408,ING_GHEE,2025-12-10T09:00:00,consume,2.418,kg,prep
SITE_KIT_01,B00413,ING_CASHEW,2025-12-10T09:00:00,consume,0.7514,kg,prep
SITE_KIT_01,B00459,ING_CARROT,2025-12-10T09:00:00,consume,2.025,kg,prep
SITE_KIT_01,B00422,ING_CARROT,2025-12-10T09:00:00,consume,2.1899,kg,prep
SITE_KIT_01,B00468,ING_BEANS,2025-12-10T09:00:00,consume,2.5389,kg,prep
SITE_KIT_01,B00464,ING_PEAS,2025-12-10T09:00:00,consume,1.976,kg,prep
SITE_KIT_01,B00453,ING_CAULI,2025-12-10T09:00:00,consume,17.9593,kg,prep
SITE_KIT_01,B00452,ING_POTATO,2025-12-10T09:00:00,consume,12.2071,kg,prep
SITE_KIT_01,B00476,ING_PANEER,2025-12-10T09:00:00,consume,8.424,kg,prep
SITE_KIT_01,B00480,ING_BUTTER,2025-12-10T09:00:00,consume,1.9019,kg,prep
SITE_KIT_01,B00479,ING_CREAM,2025-12-10T09:00:00,consume,1.7342,kg,prep
SITE_KIT_01,B00460,ING_CAPSICUM,2025-12-10T09:00:00,consume,2.4754,kg,prep
SITE_KIT_01,B00411,ING_BESAN,2025-12-10T09:00:00,consume,0.806,kg,prep
SITE_KIT_01,B00412,ING_OIL,2025-12-10T09:00:00,consume,2.314,kg,prep
SITE_KIT_01,B00454,ING_SPINACH,2025-12-10T09:00:00,consume,2.0196,kg,prep
SITE_KIT_01,B00482,ING_SPINACH,2025-12-10T09:00:00,consume,3.7961,kg,prep
SITE_KIT_01,B00410,ING_ATTA,2025-12-10T09:00:00,consume,15.613,kg,prep
SITE_KIT_01,B00478,ING_MILK,2025-12-10T09:00:00,consume,1.339,kg,prep
SITE_KIT_01,B00415,ING_TOORDAL,2025-12-10T09:00:00,consume,3.51,kg,prep
SITE_KIT_01,B00448,ING_CURRYLEAF,2025-12-10T09:00:00,consume,0.0119,kg,prep
SITE_KIT_01,B00466,ING_CURRYLEAF,2025-12-10T09:00:00,consume,0.367,kg,prep
SITE_KIT_01,B00473,ING_MUTTON,2025-12-10T09:00:00,consume,4.16,kg,prep
SITE_KIT_01,B00481,ING_BATTER,2025-12-10T09:00:00,consume,7.536,kg,prep
SITE_KIT_01,B00486,ING_BATTER,2025-12-10T09:00:00,consume,6.4,kg,prep
SITE_KIT_01,B00474,ING_FISH,2025-12-10T09:00:00,consume,3.744,kg,prep
SITE_KIT_01,B00414,ING_COCONUT,2025-12-10T09:00:00,consume,0.936,kg,prep
SITE_KIT_01,B00467,ING_LEMON,2025-12-10T09:00:00,consume,1.3479,kg,prep
SITE_KIT_01,B00433,ING_CUCUMBER,2025-12-10T09:00:00,consume,1.0343,kg,prep
SITE_KIT_01,B00470,ING_CUCUMBER,2025-12-10T09:00:00,consume,1.8878,kg,prep
SITE_KIT_01,B00461,ING_CABBAGE,2025-12-10T09:00:00,consume,1.879,kg,prep
SITE_KIT_01,B00471,ING_BANANA,2025-12-10T09:00:00,consume,2.997,kg,prep
SITE_KIT_01,B00475,ING_EGG,2025-12-10T09:00:00,consume,1.8837,kg,prep
SITE_KIT_01,B00462,ING_BRINJAL,2025-12-10T09:00:00,consume,2.6441,kg,prep
SITE_KIT_01,B00463,ING_OKRA,2025-12-10T09:00:00,consume,3.0239,kg,prep
SITE_KIT_01,B00469,ING_MUSHROOM,2025-12-10T09:00:00,consume,0.8758,kg,prep
SITE_KIT_01,B00487,ING_TOMATO,2025-12-11T07:00:00,receive,30.0,kg,LOT-B00487
SITE_KIT_01,B00488,ING_CAULI,2025-12-11T07:00:00,receive,18.0,kg,LOT-B00488
SITE_KIT_01,B00489,ING_SPINACH,2025-12-11T07:00:00,receive,8.0,kg,LOT-B00489
SITE_KIT_01,B00490,ING_CORIANDER,2025-12-11T07:00:00,receive,1.5,kg,LOT-B00490
SITE_KIT_01,B00491,ING_GCHILLI,2025-12-11T07:00:00,receive,2.0,kg,LOT-B00491
SITE_KIT_01,B00492,ING_CARROT,2025-12-11T07:00:00,receive,9.0,kg,LOT-B00492
SITE_KIT_01,B00493,ING_CAPSICUM,2025-12-11T07:00:00,receive,6.0,kg,LOT-B00493
SITE_KIT_01,B00494,ING_CABBAGE,2025-12-11T07:00:00,receive,5.0,kg,LOT-B00494
SITE_KIT_01,B00495,ING_BRINJAL,2025-12-11T07:00:00,receive,6.0,kg,LOT-B00495
SITE_KIT_01,B00496,ING_OKRA,2025-12-11T07:00:00,receive,6.24,kg,LOT-B00496
SITE_KIT_01,B00497,ING_PEAS,2025-12-11T07:00:00,receive,5.0,kg,LOT-B00497
SITE_KIT_01,B00498,ING_MINT,2025-12-11T07:00:00,receive,0.75,kg,LOT-B00498
SITE_KIT_01,B00499,ING_CURRYLEAF,2025-12-11T07:00:00,receive,0.5,kg,LOT-B00499
SITE_KIT_01,B00500,ING_LEMON,2025-12-11T07:00:00,receive,4.0,kg,LOT-B00500
SITE_KIT_01,B00501,ING_BEANS,2025-12-11T07:00:00,receive,3.0,kg,LOT-B00501
SITE_KIT_01,B00502,ING_MUSHROOM,2025-12-11T07:00:00,receive,2.0,kg,LOT-B00502
SITE_KIT_01,B00503,ING_CUCUMBER,2025-12-11T07:00:00,receive,5.635,kg,LOT-B00503
SITE_KIT_01,B00504,ING_BANANA,2025-12-11T07:00:00,receive,8.0,kg,LOT-B00504
SITE_KIT_01,B00505,ING_CHICKEN,2025-12-11T07:00:00,receive,19.0,kg,LOT-B00505
SITE_KIT_01,B00506,ING_MUTTON,2025-12-11T07:00:00,receive,8.0,kg,LOT-B00506
SITE_KIT_01,B00507,ING_FISH,2025-12-11T07:00:00,receive,8.0,kg,LOT-B00507
SITE_KIT_01,B00508,ING_EGG,2025-12-11T07:00:00,receive,4.0,kg,LOT-B00508
SITE_KIT_01,B00509,ING_PANEER,2025-12-11T07:00:00,receive,18.0,kg,LOT-B00509
SITE_KIT_01,B00510,ING_CURD,2025-12-11T07:00:00,receive,16.0,kg,LOT-B00510
SITE_KIT_01,B00511,ING_MILK,2025-12-11T07:00:00,receive,3.0,kg,LOT-B00511
SITE_KIT_01,B00512,ING_CREAM,2025-12-11T07:00:00,receive,3.0,kg,LOT-B00512
SITE_KIT_01,B00513,ING_BUTTER,2025-12-11T07:00:00,receive,4.0,kg,LOT-B00513
SITE_KIT_01,B00514,ING_BATTER,2025-12-11T07:00:00,receive,15.0,kg,LOT-B00514
SITE_KIT_01,B00505,ING_CHICKEN,2025-12-11T09:00:00,consume,11.232,kg,prep
SITE_KIT_01,B00409,ING_RICE,2025-12-11T09:00:00,consume,23.075,kg,prep
SITE_KIT_01,B00451,ING_ONION,2025-12-11T09:00:00,consume,23.9376,kg,prep
SITE_KIT_01,B00417,ING_TOMATO,2025-12-11T09:00:00,consume,18.2197,kg,prep
SITE_KIT_01,B00477,ING_CURD,2025-12-11T09:00:00,consume,4.7627,kg,prep
SITE_KIT_01,B00510,ING_CURD,2025-12-11T09:00:00,consume,3.7887,kg,prep
SITE_KIT_01,B00457,ING_GINGER,2025-12-11T09:00:00,consume,0.778,kg,prep
SITE_KIT_01,B00458,ING_GARLIC,2025-12-11T09:00:00,consume,1.2777,kg,prep
SITE_KIT_01,B00421,ING_GCHILLI,2025-12-11T09:00:00,consume,1.0988,kg,prep
SITE_KIT_01,B00465,ING_MINT,2025-12-11T09:00:00,consume,0.3118,kg,prep
SITE_KIT_01,B00484,ING_MINT,2025-12-11T09:00:00,consume,0.1761,kg,prep
SITE_KIT_01,B00483,ING_CORIANDER,2025-12-11T09:00:00,consume,0.4169,kg,prep
SITE_KIT_01,B00490,ING_CORIANDER,2025-12-11T09:00:00,consume,0.6162,kg,prep
SITE_KIT_01,B00408,ING_GHEE,2025-12-11T09:00:00,consume,2.9666,kg,prep
SITE_KIT_01,B00413,ING_CASHEW,2025-12-11T09:00:00,consume,0.9568,kg,prep
SITE_KIT_01,B00422,ING_CARROT,2025-12-11T09:00:00,consume,5.205,kg,prep
SITE_KIT_01,B00468,ING_BEANS,2025-12-11T09:00:00,consume,3.3048,kg,prep
SITE_KIT_01,B00464,ING_PEAS,2025-12-11T09:00:00,consume,0.684,kg,prep
SITE_KIT_01,B00497,ING_PEAS,2025-12-11T09:00:00,consume,1.812,kg,prep
SITE_KIT_01,B00453,ING_CAULI,2025-12-11T09:00:00,consume,22.2604,kg,prep
SITE_KIT_01,B00452,ING_POTATO,2025-12-11T09:00:00,consume,9.8538,kg,prep
SITE_KIT_01,B00509,ING_PANEER,2025-12-11T09:00:00,consume,10.738,kg,prep
SITE_KIT_01,B00480,ING_BUTTER,2025-12-11T09:00:00,consume,2.3478,kg,prep
SITE_KIT_01,B00479,ING_CREAM,2025-12-11T09:00:00,consume,1.4562,kg,prep
SITE_KIT_01,B00512,ING_CREAM,2025-12-11T09:00:00,consume,0.7746,kg,prep
SITE_KIT_01,B00460,ING_CAPSICUM,2025-12-11T09:00:00,consume,3.3293,kg,prep
SITE_KIT_01,B00411,ING_BESAN,2025-12-11T09:00:00,consume,1.092,kg,prep
SITE_KIT_01,B00412,ING_OIL,2025-12-11T09:00:00,consume,2.2425,kg,prep
SITE_KIT_01,B00482,ING_SPINACH,2025-12-11T09:00:00,consume,3.5409,kg,prep
SITE_KIT_01,B00445,ING_SPINACH,2025-12-11T09:00:00,consume,3.2758,kg,prep
SITE_KIT_01,B00410,ING_ATTA,2025-12-11T09:00:00,consume,18.733,kg,prep
SITE_KIT_01,B00478,ING_MILK,2025-12-11T09:00:00,consume,1.357,kg,prep
SITE_KIT_01,B00400,ING_MILK,2025-12-11T09:00:00,consume,0.216,kg,prep
SITE_KIT_01,B00415,ING_TOORDAL,2025-12-11T09:00:00,consume,4.29,kg,prep
SITE_KIT_01,B00466,ING_CURRYLEAF,2025-12-11T09:00:00,consume,0.133,kg,prep
SITE_KIT_01,B00485,ING_CURRYLEAF,2025-12-11T09:00:00,consume,0.2227,kg,prep
SITE_KIT_01,B00506,ING_MUTTON,2025-12-11T09:00:00,consume,5.2,kg,prep
SITE_KIT_01,B00486,ING_BATTER,2025-12-11T09:00:00,consume,8.6,kg,prep
SITE_KIT_01,B00514,ING_BATTER,2025-12-11T09:00:00,consume,0.76,kg,prep
SITE_KIT_01,B00474,ING_FISH,2025-12-11T09:00:00,consume,4.488,kg,prep
SITE_KIT_01,B00507,ING_FISH,2025-12-11T09:00:00,consume,0.296,kg,prep
SITE_KIT_01,B00414,ING_COCONUT,2025-12-11T09:00:00,consume,1.196,kg,prep
SITE_KIT_01,B00500,ING_LEMON,2025-12-11T09:00:00,consume,1.5946,kg,prep
SITE_KIT_01,B00470,ING_CUCUMBER,2025-12-11T09:00:00,consume,3.3135,kg,prep
SITE_KIT_01,B00461,ING_CABBAGE,2025-12-11T09:00:00,consume,1.9255,kg,prep
SITE_KIT_01,B00494,ING_CABBAGE,2025-12-11T09:00:00,consume,0.2486,kg,prep
SITE_KIT_01,B00471,ING_BANANA,2025-12-11T09:00:00,consume,3.5526,kg,prep
SITE_KIT_01,B00475,ING_EGG,2025-12-11T09:00:00,consume,1.1039,kg,prep
SITE_KIT_01,B00508,ING_EGG,2025-12-11T09:00:00,consume,1.0372,kg,prep
SITE_KIT_01,B00462,ING_BRINJAL,2025-12-11T09:00:00,consume,2.9131,kg,prep
SITE_KIT_01,B00463,ING_OKRA,2025-12-11T09:00:00,consume,3.4534,kg,prep
SITE_KIT_01,B00496,ING_OKRA,2025-12-11T09:00:00,consume,0.0403,kg,prep
SITE_KIT_01,B00469,ING_MUSHROOM,2025-12-11T09:00:00,consume,1.0006,kg,prep
SITE_KIT_01,B00393,ING_BANANA,2025-12-11T23:00:00,waste,8.865,kg,spoilage
SITE_KIT_01,B00400,ING_MILK,2025-12-11T23:00:00,waste,0.382,kg,spoilage
SITE_KIT_01,B00515,ING_SPINACH,2025-12-12T07:00:00,receive,9.0,kg,LOT-B00515
SITE_KIT_01,B00516,ING_CORIANDER,2025-12-12T07:00:00,receive,2.0,kg,LOT-B00516
SITE_KIT_01,B00517,ING_MINT,2025-12-12T07:00:00,receive,0.75,kg,LOT-B00517
SITE_KIT_01,B00518,ING_CURRYLEAF,2025-12-12T07:00:00,receive,0.5,kg,LOT-B00518
SITE_KIT_01,B00519,ING_BATTER,2025-12-12T07:00:00,receive,13.0,kg,LOT-B00519
SITE_KIT_01,B00505,ING_CHICKEN,2025-12-12T09:00:00,consume,7.768,kg,prep
SITE_KIT_01,B00472,ING_CHICKEN,2025-12-12T09:00:00,consume,11.186,kg,prep
SITE_KIT_01,B00409,ING_RICE,2025-12-12T09:00:00,consume,32.929,kg,prep
SITE_KIT_01,B00451,ING_ONION,2025-12-12T09:00:00,consume,34.8944,kg,prep
SITE_KIT_01,B00417,ING_TOMATO,2025-12-12T09:00:00,consume,9.8281,kg,prep
SITE_KIT_01,B00487,ING_TOMATO,2025-12-12T09:00:00,consume,14.6159,kg,prep
SITE_KIT_01,B00510,ING_CURD,2025-12-12T09:00:00,consume,12.2113,kg,prep
SITE_KIT_01,B00440,ING_CURD,2025-12-12T09:00:00,consume,0.6951,kg,prep
SITE_KIT_01,B00457,ING_GINGER,2025-12-12T09:00:00,consume,1.1748,kg,prep
SITE_KIT_01,B00458,ING_GARLIC,2025-12-12T09:00:00,consume,1.8247,kg,prep
SITE_KIT_01,B00421,ING_GCHILLI,2025-12-12T09:00:00,consume,1.4478,kg,prep
SITE_KIT_01,B00491,ING_GCHILLI,2025-12-12T09:00:00,consume,0.1492,kg,prep
SITE_KIT_01,B00484,ING_MINT,2025-12-12T09:00:00,consume,0.5739,kg,prep
SITE_KIT_01,B00498,ING_MINT,2025-12-12T09:00:00,consume,0.1814,kg,prep
SITE_KIT_01,B00490,ING_CORIANDER,2025-12-12T09:00:00,consume,0.8838,kg,prep
SITE_KIT_01,B00455,ING_CORIANDER,2025-12-12T09:00:00,consume,0.6108,kg,prep
SITE_KIT_01,B00408,ING_GHEE,2025-12-12T09:00:00,consume,4.2575,kg,prep
SITE_KIT_01,B00413,ING_CASHEW,2025-12-12T09:00:00,consume,1.3494,kg,prep
SITE_KIT_01,B00422,ING_CARROT,2025-12-12T09:00:00,consume,2.21,kg,prep
SITE_KIT_01,B00492,ING_CARROT,2025-12-12T09:00:00,consume,4.69,kg,prep
SITE_KIT_01,B00468,ING_BEANS,2025-12-12T09:00:00,consume,4.1658,kg,prep
SITE_KIT_01,B00497,ING_PEAS,2025-12-12T09:00:00,consume,3.12,kg,prep
SITE_KIT_01,B00453,ING_CAULI,2025-12-12T09:00:00,consume,27.3348,kg,prep
SITE_KIT_01,B00452,ING_POTATO,2025-12-12T09:00:00,consume,14.5177,kg,prep
SITE_KIT_01,B00509,ING_PANEER,2025-12-12T09:00:00,consume,7.262,kg,prep
SITE_KIT_01,B00476,ING_PANEER,2025-12-12T09:00:00,consume,6.336,kg,prep
SITE_KIT_01,B00480,ING_BUTTER,2025-12-12T09:00:00,consume,0.326,kg,prep
SITE_KIT_01,B00513,ING_BUTTER,2025-12-12T09:00:00,consume,2.8967,kg,prep
SITE_KIT_01,B00512,ING_CREAM,2025-12-12T09:00:00,consume,2.2254,kg,prep
SITE_KIT_01,B00442,ING_CREAM,2025-12-12T09:00:00,consume,0.5592,kg,prep
SITE_KIT_01,B00460,ING_CAPSICUM,2025-12-12T09:00:00,consume,0.0432,kg,prep
SITE_KIT_01,B00493,ING_CAPSICUM,2025-12-12T09:00:00,consume,3.8839,kg,prep
SITE_KIT_01,B00411,ING_BESAN,2025-12-12T09:00:00,consume,1.274,kg,prep
SITE_KIT_01,B00412,ING_OIL,2025-12-12T09:00:00,consume,2.9965,kg,prep
SITE_KIT_01,B00515,ING_SPINACH,2025-12-12T09:00:00,consume,9.0,kg,prep
SITE_KIT_01,B00445,ING_SPINACH,2025-12-12T09:00:00,consume,0.2892,kg,prep
SITE_KIT_01,B00410,ING_ATTA,2025-12-12T09:00:00,consume,26.286,kg,prep
SITE_KIT_01,B00511,ING_MILK,2025-12-12T09:00:00,consume,2.418,kg,prep
SITE_KIT_01,B00415,ING_TOORDAL,2025-12-12T09:00:00,consume,5.382,kg,prep
SITE_KIT_01,B00518,ING_CURRYLEAF,2025-12-12T09:00:00,consume,0.4917,kg,prep
SITE_KIT_01,B00506,ING_MUTTON,2025-12-12T09:00:00,consume,2.8,kg,prep
SITE_KIT_01,B00473,ING_MUTTON,2025-12-12T09:00:00,consume,5.78,kg,prep
SITE_KIT_01,B00514,ING_BATTER,2025-12-12T09:00:00,consume,14.24,kg,prep
SITE_KIT_01,B00519,ING_BATTER,2025-12-12T09:00:00,consume,0.736,kg,prep
SITE_KIT_01,B00507,ING_FISH,2025-12-12T09:00:00,consume,6.656,kg,prep
SITE_KIT_01,B00414,ING_COCONUT,2025-12-12T09:00:00,consume,1.664,kg,prep
SITE_KIT_01,B00500,ING_LEMON,2025-12-12T09:00:00,consume,2.2048,kg,prep
SITE_KIT_01,B00470,ING_CUCUMBER,2025-12-12T09:00:00,consume,1.0247,kg,prep
SITE_KIT_01,B00503,ING_CUCUMBER,2025-12-12T09:00:00,consume,3.7534,kg,prep
SITE_KIT_01,B00494,ING_CABBAGE,2025-12-12T09:00:00,consume,3.1136,kg,prep
SITE_KIT_01,B00471,ING_BANANA,2025-12-12T09:00:00,consume,0.1168,kg,prep
SITE_KIT_01,B00504,ING_BANANA,2025-12-12T09:00:00,consume,4.8019,kg,prep
SITE_KIT_01,B00508,ING_EGG,2025-12-12T09:00:00,consume,2.9628,kg,prep
SITE_KIT_01,B00438,ING_EGG,2025-12-12T09:00:00,consume,0.1143,kg,prep
SITE_KIT_01,B00462,ING_BRINJAL,2025-12-12T09:00:00,consume,1.3278,kg,prep
SITE_KIT_01,B00495,ING_BRINJAL,2025-12-12T09:00:00,consume,2.922,kg,prep
SITE_KIT_01,B00496,ING_OKRA,2025-12-12T09:00:00,consume,4.9552,kg,prep
SITE_KIT_01,B00469,ING_MUSHROOM,2025-12-12T09:00:00,consume,0.1787,kg,prep
SITE_KIT_01,B00502,ING_MUSHROOM,2025-12-12T09:00:00,consume,1.2604,kg,prep
SITE_KIT_01,B00445,ING_SPINACH,2025-12-12T23:00:00,waste,5.435,kg,spoilage
SITE_KIT_01,B00455,ING_CORIANDER,2025-12-12T23:00:00,waste,0.3352,kg,spoilage
SITE_KIT_01,B00385,ING_OKRA,2025-12-12T23:00:00,waste,0.7719,kg,spoilage
SITE_KIT_01,B00520,ING_TOMATO,2025-12-13T07:00:00,receive,38.0,kg,LOT-B00520
SITE_KIT_01,B00521,ING_ONION,2025-12-13T07:00:00,receive,72.0,kg,LOT-B00521
SITE_KIT_01,B00522,ING_POTATO,2025-12-13T07:00:00,receive,46.0,kg,LOT-B00522
SITE_KIT_01,B00523,ING_CAULI,2025-12-13T07:00:00,receive,42.0,kg,LOT-B00523
SITE_KIT_01,B00524,ING_SPINACH,2025-12-13T07:00:00,receive,8.0,kg,LOT-B00524
SITE_KIT_01,B00525,ING_CORIANDER,2025-12-13T07:00:00,receive,1.25,kg,LOT-B00525
SITE_KIT_01,B00526,ING_GCHILLI,2025-12-13T07:00:00,receive,2.0,kg,LOT-B00526
SITE_KIT_01,B00527,ING_GINGER,2025-12-13T07:00:00,receive,4.0,kg,LOT-B00527
SITE_KIT_01,B00528,ING_GARLIC,2025-12-13T07:00:00,receive,6.0,kg,LOT-B00528
SITE_KIT_01,B00529,ING_CARROT,2025-12-13T07:00:00,receive,11.0,kg,LOT-B00529
SITE_KIT_01,B00530,ING_CAPSICUM,2025-12-13T07:00:00,receive,11.0,kg,LOT-B00530
SITE_KIT_01,B00531,ING_CABBAGE,2025-12-13T07:00:00,receive,5.0,kg,LOT-B00531
SITE_KIT_01,B00532,ING_BRINJAL,2025-12-13T07:00:00,receive,7.0,kg,LOT-B00532
SITE_KIT_01,B00533,ING_OKRA,2025-12-13T07:00:00,receive,10.0,kg,LOT-B00533
SITE_KIT_01,B00534,ING_PEAS,2025-12-13T07:00:00,receive,5.0,kg,LOT-B00534
SITE_KIT_01,B00535,ING_MINT,2025-12-13T07:00:00,receive,0.75,kg,LOT-B00535
SITE_KIT_01,B00536,ING_CURRYLEAF,2025-12-13T07:00:00,receive,0.75,kg,LOT-B00536
SITE_KIT_01,B00537,ING_LEMON,2025-12-13T07:00:00,receive,4.0,kg,LOT-B00537
SITE_KIT_01,B00538,ING_BEANS,2025-12-13T07:00:00,receive,6.0,kg,LOT-B00538
SITE_KIT_01,B00539,ING_MUSHROOM,2025-12-13T07:00:00,receive,2.0,kg,LOT-B00539
SITE_KIT_01,B00540,ING_CUCUMBER,2025-12-13T07:00:00,receive,9.0,kg,LOT-B00540
SITE_KIT_01,B00541,ING_BANANA,2025-12-13T07:00:00,receive,9.0,kg,LOT-B00541
SITE_KIT_01,B00542,ING_CHICKEN,2025-12-13T07:00:00,receive,32.0,kg,LOT-B00542
SITE_KIT_01,B00543,ING_MUTTON,2025-12-13T07:00:00,receive,14.0,kg,LOT-B00543
SITE_KIT_01,B00544,ING_FISH,2025-12-13T07:00:00,receive,12.0,kg,LOT-B00544
SITE_KIT_01,B00545,ING_EGG,2025-12-13T07:00:00,receive,5.0,kg,LOT-B00545
SITE_KIT_01,B00546,ING_PANEER,2025-12-13T07:00:00,receive,23.0,kg,LOT-B00546
SITE_KIT_01,B00547,ING_CURD,2025-12-13T07:00:00,receive,20.0,kg,LOT-B00547
SITE_KIT_01,B00548,ING_MILK,2025-12-13T07:00:00,receive,4.0,kg,LOT-B00548
SITE_KIT_01,B00549,ING_CREAM,2025-12-13T07:00:00,receive,5.0,kg,LOT-B00549
SITE_KIT_01,B00550,ING_BUTTER,2025-12-13T07:00:00,receive,5.0,kg,LOT-B00550
SITE_KIT_01,B00551,ING_GHEE,2025-12-13T07:00:00,receive,20.0,kg,LOT-B00551
SITE_KIT_01,B00552,ING_RICE,2025-12-13T07:00:00,receive,170.0,kg,LOT-B00552
SITE_KIT_01,B00553,ING_ATTA,2025-12-13T07:00:00,receive,135.0,kg,LOT-B00553
SITE_KIT_01,B00554,ING_BESAN,2025-12-13T07:00:00,receive,5.0,kg,LOT-B00554
SITE_KIT_01,B00555,ING_OIL,2025-12-13T07:00:00,receive,15.0,kg,LOT-B00555
SITE_KIT_01,B00556,ING_CASHEW,2025-12-13T07:00:00,receive,5.0,kg,LOT-B00556
SITE_KIT_01,B00557,ING_COCONUT,2025-12-13T07:00:00,receive,10.0,kg,LOT-B00557
SITE_KIT_01,B00558,ING_TOORDAL,2025-12-13T07:00:00,receive,30.0,kg,LOT-B00558
SITE_KIT_01,B00559,ING_BATTER,2025-12-13T07:00:00,receive,14.0,kg,LOT-B00559
SITE_KIT_01,B00542,ING_CHICKEN,2025-12-13T09:00:00,consume,17.55,kg,prep
SITE_KIT_01,B00409,ING_RICE,2025-12-13T09:00:00,consume,32.527,kg,prep
SITE_KIT_01,B00552,ING_RICE,2025-12-13T09:00:00,consume,1.546,kg,prep
SITE_KIT_01,B00451,ING_ONION,2025-12-13T09:00:00,consume,37.2124,kg,prep
SITE_KIT_01,B00487,ING_TOMATO,2025-12-13T09:00:00,consume,15.3841,kg,prep
SITE_KIT_01,B00520,ING_TOMATO,2025-12-13T09:00:00,consume,11.4433,kg,prep
SITE_KIT_01,B00547,ING_CURD,2025-12-13T09:00:00,consume,13.3874,kg,prep
SITE_KIT_01,B00457,ING_GINGER,2025-12-13T09:00:00,consume,0.7598,kg,prep
SITE_KIT_01,B00379,ING_GINGER,2025-12-13T09:00:00,consume,0.4795,kg,prep
SITE_KIT_01,B00458,ING_GARLIC,2025-12-13T09:00:00,consume,1.9342,kg,prep
SITE_KIT_01,B00491,ING_GCHILLI,2025-12-13T09:00:00,consume,1.603,kg,prep
SITE_KIT_01,B00498,ING_MINT,2025-12-13T09:00:00,consume,0.5686,kg,prep
SITE_KIT_01,B00535,ING_MINT,2025-12-13T09:00:00,consume,0.1796,kg,prep
SITE_KIT_01,B00525,ING_CORIANDER,2025-12-13T09:00:00,consume,1.25,kg,prep
SITE_KIT_01,B00516,ING_CORIANDER,2025-12-13T09:00:00,consume,0.2814,kg,prep
SITE_KIT_01,B00408,ING_GHEE,2025-12-13T09:00:00,consume,4.537,kg,prep
SITE_KIT_01,B00413,ING_CASHEW,2025-12-13T09:00:00,consume,1.365,kg,prep
SITE_KIT_01,B00492,ING_CARROT,2025-12-13T09:00:00,consume,4.31,kg,prep
SITE_KIT_01,B00529,ING_CARROT,2025-12-13T09:00:00,consume,3.604,kg,prep
SITE_KIT_01,B00468,ING_BEANS,2025-12-13T09:00:00,consume,0.0701,kg,prep
SITE_KIT_01,B00501,ING_BEANS,2025-12-13T09:00:00,consume,3.0,kg,prep
SITE_KIT_01,B00538,ING_BEANS,2025-12-13T09:00:00,consume,1.7501,kg,prep
SITE_KIT_01,B00497,ING_PEAS,2025-12-13T09:00:00,consume,0.068,kg,prep
SITE_KIT_01,B00534,ING_PEAS,2025-12-13T09:00:00,consume,3.494,kg,prep
SITE_KIT_01,B00453,ING_CAULI,2025-12-13T09:00:00,consume,4.5009,kg,prep
SITE_KIT_01,B00488,ING_CAULI,2025-12-13T09:00:00,consume,18.0,kg,prep
SITE_KIT_01,B00523,ING_CAULI,2025-12-13T09:00:00,consume,8.2649,kg,prep
SITE_KIT_01,B00522,ING_POTATO,2025-12-13T09:00:00,consume,14.7891,kg,prep
SITE_KIT_01,B00546,ING_PANEER,2025-12-13T09:00:00,consume,14.729,kg,prep
SITE_KIT_01,B00513,ING_BUTTER,2025-12-13T09:00:00,consume,1.1033,kg,prep
SITE_KIT_01,B00550,ING_BUTTER,2025-12-13T09:00:00,consume,2.3066,kg,prep
SITE_KIT_01,B00549,ING_CREAM,2025-12-13T09:00:00,consume,3.0628,kg,prep
SITE_KIT_01,B00493,ING_CAPSICUM,2025-12-13T09:00:00,consume,2.1161,kg,prep
SITE_KIT_01,B00530,ING_CAPSICUM,2025-12-13T09:00:00,consume,2.3751,kg,prep
SITE_KIT_01,B00411,ING_BESAN,2025-12-13T09:00:00,consume,1.43,kg,prep
SITE_KIT_01,B00555,ING_OIL,2025-12-13T09:00:00,consume,3.0745,kg,prep
SITE_KIT_01,B00489,ING_SPINACH,2025-12-13T09:00:00,consume,8.0,kg,prep
SITE_KIT_01,B00524,ING_SPINACH,2025-12-13T09:00:00,consume,1.9912,kg,prep
SITE_KIT_01,B00410,ING_ATTA,2025-12-13T09:00:00,consume,28.379,kg,prep
SITE_KIT_01,B00548,ING_MILK,2025-12-13T09:00:00,consume,2.483,kg,prep
SITE_KIT_01,B00415,ING_TOORDAL,2025-12-13T09:00:00,consume,6.474,kg,prep
SITE_KIT_01,B00518,ING_CURRYLEAF,2025-12-13T09:00:00,consume,0.0083,kg,prep
SITE_KIT_01,B00485,ING_CURRYLEAF,2025-12-13T09:00:00,consume,0.2773,kg,prep
SITE_KIT_01,B00499,ING_CURRYLEAF,2025-12-13T09:00:00,consume,0.2385,kg,prep
SITE_KIT_01,B00543,ING_MUTTON,2025-12-13T09:00:00,consume,9.36,kg,prep
SITE_KIT_01,B00519,ING_BATTER,2025-12-13T09:00:00,consume,12.264,kg,prep
SITE_KIT_01,B00559,ING_BATTER,2025-12-13T09:00:00,consume,1.464,kg,prep
SITE_KIT_01,B00507,ING_FISH,2025-12-13T09:00:00,consume,1.048,kg,prep
SITE_KIT_01,B00544,ING_FISH,2025-12-13T09:00:00,consume,6.024,kg,prep
SITE_KIT_01,B00414,ING_COCONUT,2025-12-13T09:00:00,consume,1.768,kg,prep
SITE_KIT_01,B00500,ING_LEMON,2025-12-13T09:00:00,consume,0.2005,kg,prep
SITE_KIT_01,B00537,ING_LEMON,2025-12-13T09:00:00,consume,2.2067,kg,prep
SITE_KIT_01,B00503,ING_CUCUMBER,2025-12-13T09:00:00,consume,1.8816,kg,prep
SITE_KIT_01,B00540,ING_CUCUMBER,2025-12-13T09:00:00,consume,3.2909,kg,prep
SITE_KIT_01,B00531,ING_CABBAGE,2025-12-13T09:00:00,consume,3.2706,kg,prep
SITE_KIT_01,B00541,ING_BANANA,2025-12-13T09:00:00,consume,5.4561,kg,prep
SITE_KIT_01,B00545,ING_EGG,2025-12-13T09:00:00,consume,3.2877,kg,prep
SITE_KIT_01,B00532,ING_BRINJAL,2025-12-13T09:00:00,consume,4.5474,kg,prep
SITE_KIT_01,B00496,ING_OKRA,2025-12-13T09:00:00,consume,1.2445,kg,prep
SITE_KIT_01,B00533,ING_OKRA,2025-12-13T09:00:00,consume,4.023,kg,prep
SITE_KIT_01,B00502,ING_MUSHROOM,2025-12-13T09:00:00,consume,0.7396,kg,prep
SITE_KIT_01,B00539,ING_MUSHROOM,2025-12-13T09:00:00,consume,0.7939,kg,prep
SITE_KIT_01,B00438,ING_EGG,2025-12-13T23:00:00,waste,1.2648,kg,spoilage
SITE_KIT_01,B00440,ING_CURD,2025-12-13T23:00:00,waste,3.3465,kg,spoilage
SITE_KIT_01,B00442,ING_CREAM,2025-12-13T23:00:00,waste,1.0536,kg,spoilage
SITE_KIT_01,B00560,ING_SPINACH,2025-12-14T07:00:00,receive,8.542,kg,LOT-B00560
SITE_KIT_01,B00561,ING_CORIANDER,2025-12-14T07:00:00,receive,1.25,kg,LOT-B00561
SITE_KIT_01,B00562,ING_MINT,2025-12-14T07:00:00,receive,0.75,kg,LOT-B00562
SITE_KIT_01,B00563,ING_CURRYLEAF,2025-12-14T07:00:00,receive,0.456,kg,LOT-B00563
SITE_KIT_01,B00564,ING_BATTER,2025-12-14T07:00:00,receive,13.0,kg,LOT-B00564
SITE_KIT_01,B00542,ING_CHICKEN,2025-12-14T09:00:00,consume,14.45,kg,prep
SITE_KIT_01,B00472,ING_CHICKEN,2025-12-14T09:00:00,consume,1.228,kg,prep
SITE_KIT_01,B00552,ING_RICE,2025-12-14T09:00:00,consume,31.031,kg,prep
SITE_KIT_01,B00451,ING_ONION,2025-12-14T09:00:00,consume,34.1162,kg,prep
SITE_KIT_01,B00520,ING_TOMATO,2025-12-14T09:00:00,consume,24.3793,kg,prep
SITE_KIT_01,B00547,ING_CURD,2025-12-14T09:00:00,consume,6.6126,kg,prep
SITE_KIT_01,B00379,ING_GINGER,2025-12-14T09:00:00,consume,0.0292,kg,prep
SITE_KIT_01,B00527,ING_GINGER,2025-12-14T09:00:00,consume,1.0677,kg,prep
SITE_KIT_01,B00458,ING_GARLIC,2025-12-14T09:00:00,consume,0.4181,kg,prep
SITE_KIT_01,B00528,ING_GARLIC,2025-12-14T09:00:00,consume,1.3959,kg,prep
SITE_KIT_01,B00491,ING_GCHILLI,2025-12-14T09:00:00,consume,0.2477,kg,prep
SITE_KIT_01,B00526,ING_GCHILLI,2025-12-14T09:00:00,consume,1.3695,kg,prep
SITE_KIT_01,B00535,ING_MINT,2025-12-14T09:00:00,consume,0.5704,kg,prep
SITE_KIT_01,B00517,ING_MINT,2025-12-14T09:00:00,consume,0.1145,kg,prep
SITE_KIT_01,B00516,ING_CORIANDER,2025-12-14T09:00:00,consume,1.429,kg,prep
SITE_KIT_01,B00408,ING_GHEE,2025-12-14T09:00:00,consume,3.6024,kg,prep
SITE_KIT_01,B00551,ING_GHEE,2025-12-14T09:00:00,consume,0.49,kg,prep
SITE_KIT_01,B00413,ING_CASHEW,2025-12-14T09:00:00,consume,1.2402,kg,prep
SITE_KIT_01,B00529,ING_CARROT,2025-12-14T09:00:00,consume,7.009,kg,prep
SITE_KIT_01,B00538,ING_BEANS,2025-12-14T09:00:00,consume,4.1483,kg,prep
SITE_KIT_01,B00534,ING_PEAS,2025-12-14T09:00:00,consume,1.506,kg,prep
SITE_KIT_01,B00427,ING_PEAS,2025-12-14T09:00:00,consume,1.718,kg,prep
SITE_KIT_01,B00523,ING_CAULI,2025-12-14T09:00:00,consume,30.3052,kg,prep
SITE_KIT_01,B00522,ING_POTATO,2025-12-14T09:00:00,consume,15.9931,kg,prep
SITE_KIT_01,B00546,ING_PANEER,2025-12-14T09:00:00,consume,8.271,kg,prep
SITE_KIT_01,B00476,ING_PANEER,2025-12-14T09:00:00,consume,3.792,kg,prep
SITE_KIT_01,B00550,ING_BUTTER,2025-12-14T09:00:00,consume,2.6934,kg,prep
SITE_KIT_01,B00549,ING_CREAM,2025-12-14T09:00:00,consume,1.9372,kg,prep
SITE_KIT_01,B00530,ING_CAPSICUM,2025-12-14T09:00:00,consume,4.2164,kg,prep
SITE_KIT_01,B00411,ING_BESAN,2025-12-14T09:00:00,consume,1.404,kg,prep
SITE_KIT_01,B00555,ING_OIL,2025-12-14T09:00:00,consume,3.2955,kg,prep
SITE_KIT_01,B00560,ING_SPINACH,2025-12-14T09:00:00,consume,8.542,kg,prep
SITE_KIT_01,B00524,ING_SPINACH,2025-12-14T09:00:00,consume,0.8071,kg,prep
SITE_KIT_01,B00410,ING_ATTA,2025-12-14T09:00:00,consume,0.072,kg,prep
SITE_KIT_01,B00148,ING_ATTA,2025-12-14T09:00:00,consume,4.323,kg,prep
SITE_KIT_01,B00553,ING_ATTA,2025-12-14T09:00:00,consume,21.878,kg,prep
SITE_KIT_01,B00548,ING_MILK,2025-12-14T09:00:00,consume,1.517,kg,prep
SITE_KIT_01,B00511,ING_MILK,2025-12-14T09:00:00,consume,0.582,kg,prep
SITE_KIT_01,B00415,ING_TOORDAL,2025-12-14T09:00:00,consume,3.5,kg,prep
SITE_KIT_01,B00558,ING_TOORDAL,2025-12-14T09:00:00,consume,2.272,kg,prep
SITE_KIT_01,B00499,ING_CURRYLEAF,2025-12-14T09:00:00,consume,0.2615,kg,prep
SITE_KIT_01,B00536,ING_CURRYLEAF,2025-12-14T09:00:00,consume,0.2751,kg,prep
SITE_KIT_01,B00543,ING_MUTTON,2025-12-14T09:00:00,consume,4.64,kg,prep
SITE_KIT_01,B00473,ING_MUTTON,2025-12-14T09:00:00,consume,0.9,kg,prep
SITE_KIT_01,B00559,ING_BATTER,2025-12-14T09:00:00,consume,12.536,kg,prep
SITE_KIT_01,B00564,ING_BATTER,2025-12-14T09:00:00,consume,3.896,kg,prep
SITE_KIT_01,B00544,ING_FISH,2025-12-14T09:00:00,consume,5.976,kg,prep
SITE_KIT_01,B00414,ING_COCONUT,2025-12-14T09:00:00,consume,1.676,kg,prep
SITE_KIT_01,B00557,ING_COCONUT,2025-12-14T09:00:00,consume,0.092,kg,prep
SITE_KIT_01,B00537,ING_LEMON,2025-12-14T09:00:00,consume,1.7933,kg,prep
SITE_KIT_01,B00467,ING_LEMON,2025-12-14T09:00:00,consume,0.5342,kg,prep
SITE_KIT_01,B00540,ING_CUCUMBER,2025-12-14T09:00:00,consume,4.8138,kg,prep
SITE_KIT_01,B00531,ING_CABBAGE,2025-12-14T09:00:00,consume,1.7294,kg,prep
SITE_KIT_01,B00494,ING_CABBAGE,2025-12-14T09:00:00,consume,1.4072,kg,prep
SITE_KIT_01,B00541,ING_BANANA,2025-12-14T09:00:00,consume,3.5439,kg,prep
SITE_KIT_01,B00504,ING_BANANA,2025-12-14T09:00:00,consume,1.4038,kg,prep
SITE_KIT_01,B00545,ING_EGG,2025-12-14T09:00:00,consume,1.7123,kg,prep
SITE_KIT_01,B00532,ING_BRINJAL,2025-12-14T09:00:00,consume,2.4526,kg,prep
SITE_KIT_01,B00495,ING_BRINJAL,2025-12-14T09:00:00,consume,1.8574,kg,prep
SITE_KIT_01,B00533,ING_OKRA,2025-12-14T09:00:00,consume,4.92,kg,prep
SITE_KIT_01,B00539,ING_MUSHROOM,2025-12-14T09:00:00,consume,1.2061,kg,prep
SITE_KIT_01,B00432,ING_MUSHROOM,2025-12-14T09:00:00,consume,0.2256,kg,prep
SITE_KIT_01,B00427,ING_PEAS,2025-12-14T23:00:00,waste,0.476,kg,spoilage
SITE_KIT_01,B00432,ING_MUSHROOM,2025-12-14T23:00:00,waste,0.8459,kg,spoilage
SITE_KIT_01,B00565,ING_TOMATO,2025-12-15T07:00:00,receive,79.0,kg,LOT-B00565
SITE_KIT_01,B00566,ING_CAULI,2025-12-15T07:00:00,receive,60.0,kg,LOT-B00566
SITE_KIT_01,B00567,ING_SPINACH,2025-12-15T07:00:00,receive,9.0,kg,LOT-B00567
SITE_KIT_01,B00568,ING_CORIANDER,2025-12-15T07:00:00,receive,1.5,kg,LOT-B00568
SITE_KIT_01,B00569,ING_GCHILLI,2025-12-15T07:00:00,receive,3.0,kg,LOT-B00569
SITE_KIT_01,B00570,ING_CARROT,2025-12-15T07:00:00,receive,15.0,kg,LOT-B00570
SITE_KIT_01,B00571,ING_CAPSICUM,2025-12-15T07:00:00,receive,8.171,kg,LOT-B00571
SITE_KIT_01,B00572,ING_CABBAGE,2025-12-15T07:00:00,receive,10.0,kg,LOT-B00572
SITE_KIT_01,B00573,ING_BRINJAL,2025-12-15T07:00:00,receive,8.0,kg,LOT-B00573
SITE_KIT_01,B00574,ING_OKRA,2025-12-15T07:00:00,receive,10.0,kg,LOT-B00574
SITE_KIT_01,B00575,ING_PEAS,2025-12-15T07:00:00,receive,7.0,kg,LOT-B00575
SITE_KIT_01,B00576,ING_MINT,2025-12-15T07:00:00,receive,0.75,kg,LOT-B00576
SITE_KIT_01,B00577,ING_CURRYLEAF,2025-12-15T07:00:00,receive,0.5,kg,LOT-B00577
SITE_KIT_01,B00578,ING_LEMON,2025-12-15T07:00:00,receive,4.0,kg,LOT-B00578
SITE_KIT_01,B00579,ING_BEANS,2025-12-15T07:00:00,receive,9.0,kg,LOT-B00579
SITE_KIT_01,B00580,ING_MUSHROOM,2025-12-15T07:00:00,receive,5.0,kg,LOT-B00580
SITE_KIT_01,B00581,ING_CUCUMBER,2025-12-15T07:00:00,receive,10.0,kg,LOT-B00581
SITE_KIT_01,B00582,ING_BANANA,2025-12-15T07:00:00,receive,9.0,kg,LOT-B00582
SITE_KIT_01,B00583,ING_CHICKEN,2025-12-15T07:00:00,receive,33.0,kg,LOT-B00583
SITE_KIT_01,B00584,ING_MUTTON,2025-12-15T07:00:00,receive,14.0,kg,LOT-B00584
SITE_KIT_01,B00585,ING_FISH,2025-12-15T07:00:00,receive,13.0,kg,LOT-B00585
SITE_KIT_01,B00586,ING_EGG,2025-12-15T07:00:00,receive,6.0,kg,LOT-B00586
SITE_KIT_01,B00587,ING_PANEER,2025-12-15T07:00:00,receive,26.0,kg,LOT-B00587
SITE_KIT_01,B00588,ING_CURD,2025-12-15T07:00:00,receive,21.0,kg,LOT-B00588
SITE_KIT_01,B00589,ING_MILK,2025-12-15T07:00:00,receive,5.0,kg,LOT-B00589
SITE_KIT_01,B00590,ING_CREAM,2025-12-15T07:00:00,receive,6.0,kg,LOT-B00590
SITE_KIT_01,B00591,ING_BUTTER,2025-12-15T07:00:00,receive,10.0,kg,LOT-B00591
SITE_KIT_01,B00592,ING_BATTER,2025-12-15T07:00:00,receive,14.0,kg,LOT-B00592
SITE_KIT_01,B00583,ING_CHICKEN,2025-12-15T09:00:00,consume,8.892,kg,prep
SITE_KIT_01,B00552,ING_RICE,2025-12-15T09:00:00,consume,19.162,kg,prep
SITE_KIT_01,B00451,ING_ONION,2025-12-15T09:00:00,consume,21.9299,kg,prep
SITE_KIT_01,B00565,ING_TOMATO,2025-12-15T09:00:00,consume,16.7783,kg,prep
SITE_KIT_01,B00588,ING_CURD,2025-12-15T09:00:00,consume,7.5244,kg,prep
SITE_KIT_01,B00527,ING_GINGER,2025-12-15T09:00:00,consume,0.6806,kg,prep
SITE_KIT_01,B00528,ING_GARLIC,2025-12-15T09:00:00,consume,1.1235,kg,prep
SITE_KIT_01,B00569,ING_GCHILLI,2025-12-15T09:00:00,consume,0.9883,kg,prep
SITE_KIT_01,B00517,ING_MINT,2025-12-15T09:00:00,consume,0.3982,kg,prep
SITE_KIT_01,B00568,ING_CORIANDER,2025-12-15T09:00:00,consume,0.887,kg,prep
SITE_KIT_01,B00551,ING_GHEE,2025-12-15T09:00:00,consume,2.4622,kg,prep
SITE_KIT_01,B00413,ING_CASHEW,2025-12-15T09:00:00,consume,0.8788,kg,prep
SITE_KIT_01,B00570,ING_CARROT,2025-12-15T09:00:00,consume,4.6552,kg,prep
SITE_KIT_01,B00579,ING_BEANS,2025-12-15T09:00:00,consume,2.8036,kg,prep
SITE_KIT_01,B00575,ING_PEAS,2025-12-15T09:00:00,consume,2.106,kg,prep
SITE_KIT_01,B00523,ING_CAULI,2025-12-15T09:00:00,consume,3.4299,kg,prep
SITE_KIT_01,B00566,ING_CAULI,2025-12-15T09:00:00,consume,16.0861,kg,prep
SITE_KIT_01,B00522,ING_POTATO,2025-12-15T09:00:00,consume,11.1752,kg,prep
SITE_KIT_01,B00587,ING_PANEER,2025-12-15T09:00:00,consume,10.374,kg,prep
SITE_KIT_01,B00591,ING_BUTTER,2025-12-15T09:00:00,consume,2.2282,kg,prep
SITE_KIT_01,B00590,ING_CREAM,2025-12-15T09:00:00,consume,2.106,kg,prep
SITE_KIT_01,B00530,ING_CAPSICUM,2025-12-15T09:00:00,consume,2.6264,kg,prep
SITE_KIT_01,B00411,ING_BESAN,2025-12-15T09:00:00,consume,0.884,kg,prep
SITE_KIT_01,B00555,ING_OIL,2025-12-15T09:00:00,consume,2.2555,kg,prep
SITE_KIT_01,B00524,ING_SPINACH,2025-12-15T09:00:00,consume,5.2017,kg,prep
SITE_KIT_01,B00567,ING_SPINACH,2025-12-15T09:00:00,consume,0.7458,kg,prep
SITE_KIT_01,B00553,ING_ATTA,2025-12-15T09:00:00,consume,16.107,kg,prep
SITE_KIT_01,B00589,ING_MILK,2025-12-15T09:00:00,consume,1.443,kg,prep
SITE_KIT_01,B00558,ING_TOORDAL,2025-12-15T09:00:00,consume,3.666,kg,prep
SITE_KIT_01,B00536,ING_CURRYLEAF,2025-12-15T09:00:00,consume,0.3512,kg,prep
SITE_KIT_01,B00584,ING_MUTTON,2025-12-15T09:00:00,consume,4.16,kg,prep
SITE_KIT_01,B00592,ING_BATTER,2025-12-15T09:00:00,consume,12.272,kg,prep
SITE_KIT_01,B00585,ING_FISH,2025-12-15T09:00:00,consume,3.744,kg,prep
SITE_KIT_01,B00557,ING_COCONUT,2025-12-15T09:00:00,consume,0.936,kg,prep
SITE_KIT_01,B00467,ING_LEMON,2025-12-15T09:00:00,consume,1.4698,kg,prep
SITE_KIT_01,B00540,ING_CUCUMBER,2025-12-15T09:00:00,consume,0.8952,kg,prep
SITE_KIT_01,B00581,ING_CUCUMBER,2025-12-15T09:00:00,consume,2.2139,kg,prep
SITE_KIT_01,B00494,ING_CABBAGE,2025-12-15T09:00:00,consume,0.2305,kg,prep
SITE_KIT_01,B00572,ING_CABBAGE,2025-12-15T09:00:00,consume,1.8012,kg,prep
SITE_KIT_01,B00504,ING_BANANA,2025-12-15T09:00:00,consume,1.7942,kg,prep
SITE_KIT_01,B00582,ING_BANANA,2025-12-15T09:00:00,consume,1.5538,kg,prep
SITE_KIT_01,B00586,ING_EGG,2025-12-15T09:00:00,consume,2.0124,kg,prep
SITE_KIT_01,B00495,ING_BRINJAL,2025-12-15T09:00:00,consume,1.2206,kg,prep
SITE_KIT_01,B00573,ING_BRINJAL,2025-12-15T09:00:00,consume,1.5987,kg,prep
SITE_KIT_01,B00533,ING_OKRA,2025-12-15T09:00:00,consume,1.0569,kg,prep
SITE_KIT_01,B00574,ING_OKRA,2025-12-15T09:00:00,consume,2.1407,kg,prep
SITE_KIT_01,B00580,ING_MUSHROOM,2025-12-15T09:00:00,consume,0.905,kg,prep
SITE_KIT_01,B00516,ING_CORIANDER,2025-12-15T23:00:00,waste,0.2895,kg,spoilage
SITE_KIT_01,B00517,ING_MINT,2025-12-15T23:00:00,waste,0.2373,kg,spoilage
SITE_KIT_01,B00467,ING_LEMON,2025-12-15T23:00:00,waste,0.6481,kg,spoilage
SITE_KIT_01,B00593,ING_SPINACH,2025-12-16T07:00:00,receive,7.54,kg,LOT-B00593
SITE_KIT_01,B00594,ING_CORIANDER,2025-12-16T07:00:00,receive,1.5,kg,LOT-B00594
SITE_KIT_01,B00595,ING_MINT,2025-12-16T07:00:00,receive,0.75,kg,LOT-B00595
SITE_KIT_01,B00596,ING_CURRYLEAF,2025-12-16T07:00:00,receive,0.5,kg,LOT-B00596
SITE_KIT_01,B00597,ING_BATTER,2025-12-16T07:00:00,receive,12.0,kg,LOT-B00597
SITE_KIT_01,B00583,ING_CHICKEN,2025-12-16T09:00:00,consume,9.126,kg,prep
SITE_KIT_01,B00552,ING_RICE,2025-12-16T09:00:00,consume,21.476,kg,prep
SITE_KIT_01,B00451,ING_ONION,2025-12-16T09:00:00,consume,8.4634,kg,prep
SITE_KIT_01,B00521,ING_ONION,2025-12-16T09:00:00,consume,14.3194,kg,prep
SITE_KIT_01,B00565,ING_TOMATO,2025-12-16T09:00:00,consume,16.4132,kg,prep
SITE_KIT_01,B00588,ING_CURD,2025-12-16T09:00:00,consume,7.9833,kg,prep
SITE_KIT_01,B00527,ING_GINGER,2025-12-16T09:00:00,consume,0.6648,kg,prep
SITE_KIT_01,B00528,ING_GARLIC,2025-12-16T09:00:00,consume,1.1402,kg,prep
SITE_KIT_01,B00569,ING_GCHILLI,2025-12-16T09:00:00,consume,1.0409,kg,prep
SITE_KIT_01,B00562,ING_MINT,2025-12-16T09:00:00,consume,0.4799,kg,prep
SITE_KIT_01,B00568,ING_CORIANDER,2025-12-16T09:00:00,consume,0.613,kg,prep
SITE_KIT_01,B00561,ING_CORIANDER,2025-12-16T09:00:00,consume,0.4061,kg,prep
SITE_KIT_01,B00551,ING_GHEE,2025-12-16T09:00:00,consume,2.7131,kg,prep
SITE_KIT_01,B00413,ING_CASHEW,2025-12-16T09:00:00,consume,0.7826,kg,prep
SITE_KIT_01,B00570,ING_CARROT,2025-12-16T09:00:00,consume,4.9773,kg,prep
SITE_KIT_01,B00579,ING_BEANS,2025-12-16T09:00:00,consume,3.092,kg,prep
SITE_KIT_01,B00575,ING_PEAS,2025-12-16T09:00:00,consume,2.392,kg,prep
SITE_KIT_01,B00566,ING_CAULI,2025-12-16T09:00:00,consume,20.1341,kg,prep
SITE_KIT_01,B00522,ING_POTATO,2025-12-16T09:00:00,consume,4.0426,kg,prep
SITE_KIT_01,B00452,ING_POTATO,2025-12-16T09:00:00,consume,8.0814,kg,prep
SITE_KIT_01,B00587,ING_PANEER,2025-12-16T09:00:00,consume,9.035,kg,prep
SITE_KIT_01,B00591,ING_BUTTER,2025-12-16T09:00:00,consume,2.0514,kg,prep
SITE_KIT_01,B00590,ING_CREAM,2025-12-16T09:00:00,consume,1.859,kg,prep
SITE_KIT_01,B00530,ING_CAPSICUM,2025-12-16T09:00:00,consume,1.7821,kg,prep
SITE_KIT_01,B00571,ING_CAPSICUM,2025-12-16T09:00:00,consume,0.8995,kg,prep
SITE_KIT_01,B00411,ING_BESAN,2025-12-16T09:00:00,consume,0.884,kg,prep
SITE_KIT_01,B00555,ING_OIL,2025-12-16T09:00:00,consume,2.314,kg,prep
SITE_KIT_01,B00593,ING_SPINACH,2025-12-16T09:00:00,consume,6.2416,kg,prep
SITE_KIT_01,B00553,ING_ATTA,2025-12-16T09:00:00,consume,17.446,kg,prep
SITE_KIT_01,B00589,ING_MILK,2025-12-16T09:00:00,consume,1.456,kg,prep
SITE_KIT_01,B00558,ING_TOORDAL,2025-12-16T09:00:00,consume,3.978,kg,prep
SITE_KIT_01,B00596,ING_CURRYLEAF,2025-12-16T09:00:00,consume,0.3807,kg,prep
SITE_KIT_01,B00584,ING_MUTTON,2025-12-16T09:00:00,consume,4.42,kg,prep
SITE_KIT_01,B00592,ING_BATTER,2025-12-16T09:00:00,consume,1.728,kg,prep
SITE_KIT_01,B00564,ING_BATTER,2025-12-16T09:00:00,consume,9.104,kg,prep
SITE_KIT_01,B00597,ING_BATTER,2025-12-16T09:00:00,consume,2.064,kg,prep
SITE_KIT_01,B00585,ING_FISH,2025-12-16T09:00:00,consume,4.16,kg,prep
SITE_KIT_01,B00557,ING_COCONUT,2025-12-16T09:00:00,consume,1.04,kg,prep
SITE_KIT_01,B00578,ING_LEMON,2025-12-16T09:00:00,consume,1.5022,kg,prep
SITE_KIT_01,B00581,ING_CUCUMBER,2025-12-16T09:00:00,consume,3.117,kg,prep
SITE_KIT_01,B00572,ING_CABBAGE,2025-12-16T09:00:00,consume,2.021,kg,prep
SITE_KIT_01,B00582,ING_BANANA,2025-12-16T09:00:00,consume,3.2106,kg,prep
SITE_KIT_01,B00586,ING_EGG,2025-12-16T09:00:00,consume,2.0007,kg,prep
SITE_KIT_01,B00573,ING_BRINJAL,2025-12-16T09:00:00,consume,2.7243,kg,prep
SITE_KIT_01,B00574,ING_OKRA,2025-12-16T09:00:00,consume,3.2353,kg,prep
SITE_KIT_01,B00580,ING_MUSHROOM,2025-12-16T09:00:00,consume,0.9589,kg,prep
SITE_KIT_01,B00536,ING_CURRYLEAF,2025-12-16T23:00:00,waste,0.1237,kg,spoilage
SITE_KIT_01,B00598,ING_TOMATO,2025-12-17T07:00:00,receive,11.501,kg,LOT-B00598
SITE_KIT_01,B00599,ING_ONION,2025-12-17T07:00:00,receive,78.0,kg,LOT-B00599
SITE_KIT_01,B00600,ING_POTATO,2025-12-17T07:00:00,receive,56.0,kg,LOT-B00600
SITE_KIT_01,B00601,ING_CAULI,2025-12-17T07:00:00,receive,43.0,kg,LOT-B00601
SITE_KIT_01,B00602,ING_SPINACH,2025-12-17T07:00:00,receive,9.0,kg,LOT-B00602
SITE_KIT_01,B00603,ING_CORIANDER,2025-12-17T07:00:00,receive,1.25,kg,LOT-B00603
SITE_KIT_01,B00604,ING_GCHILLI,2025-12-17T07:00:00,receive,3.0,kg,LOT-B00604
SITE_KIT_01,B00605,ING_GINGER,2025-12-17T07:00:00,receive,5.749,kg,LOT-B00605
SITE_KIT_01,B00606,ING_GARLIC,2025-12-17T07:00:00,receive,8.0,kg,LOT-B00606
SITE_KIT_01,B00607,ING_CARROT,2025-12-17T07:00:00,receive,10.0,kg,LOT-B00607
SITE_KIT_01,B00608,ING_CAPSICUM,2025-12-17T07:00:00,receive,3.0,kg,LOT-B00608
SITE_KIT_01,B00609,ING_CABBAGE,2025-12-17T07:00:00,receive,2.0,kg,LOT-B00609
SITE_KIT_01,B00610,ING_BRINJAL,2025-12-17T07:00:00,receive,6.0,kg,LOT-B00610
SITE_KIT_01,B00611,ING_OKRA,2025-12-17T07:00:00,receive,7.0,kg,LOT-B00611
SITE_KIT_01,B00612,ING_PEAS,2025-12-17T07:00:00,receive,5.0,kg,LOT-B00612
SITE_KIT_01,B00613,ING_MINT,2025-12-17T07:00:00,receive,0.75,kg,LOT-B00613
SITE_KIT_01,B00614,ING_CURRYLEAF,2025-12-17T07:00:00,receive,0.449,kg,LOT-B00614
SITE_KIT_01,B00615,ING_LEMON,2025-12-17T07:00:00,receive,4.0,kg,LOT-B00615
SITE_KIT_01,B00616,ING_BEANS,2025-12-17T07:00:00,receive,7.0,kg,LOT-B00616
SITE_KIT_01,B00617,ING_MUSHROOM,2025-12-17T07:00:00,receive,1.0,kg,LOT-B00617
SITE_KIT_01,B00618,ING_CUCUMBER,2025-12-17T07:00:00,receive,6.0,kg,LOT-B00618
SITE_KIT_01,B00619,ING_BANANA,2025-12-17T07:00:00,receive,8.0,kg,LOT-B00619
SITE_KIT_01,B00620,ING_CHICKEN,2025-12-17T07:00:00,receive,17.0,kg,LOT-B00620
SITE_KIT_01,B00621,ING_MUTTON,2025-12-17T07:00:00,receive,10.0,kg,LOT-B00621
SITE_KIT_01,B00622,ING_FISH,2025-12-17T07:00:00,receive,9.0,kg,LOT-B00622
SITE_KIT_01,B00623,ING_EGG,2025-12-17T07:00:00,receive,5.0,kg,LOT-B00623
SITE_KIT_01,B00624,ING_PANEER,2025-12-17T07:00:00,receive,22.0,kg,LOT-B00624
SITE_KIT_01,B00625,ING_CURD,2025-12-17T07:00:00,receive,20.0,kg,LOT-B00625
SITE_KIT_01,B00626,ING_MILK,2025-12-17T07:00:00,receive,3.0,kg,LOT-B00626
SITE_KIT_01,B00627,ING_CREAM,2025-12-17T07:00:00,receive,4.0,kg,LOT-B00627
SITE_KIT_01,B00628,ING_BUTTER,2025-12-17T07:00:00,receive,2.0,kg,LOT-B00628
SITE_KIT_01,B00629,ING_BATTER,2025-12-17T07:00:00,receive,22.0,kg,LOT-B00629
SITE_KIT_01,B00583,ING_CHICKEN,2025-12-17T09:00:00,consume,9.36,kg,prep
SITE_KIT_01,B00552,ING_RICE,2025-12-17T09:00:00,consume,20.358,kg,prep
SITE_KIT_01,B00521,ING_ONION,2025-12-17T09:00:00,consume,23.5335,kg,prep
SITE_KIT_01,B00565,ING_TOMATO,2025-12-17T09:00:00,consume,17.3596,kg,prep
SITE_KIT_01,B00588,ING_CURD,2025-12-17T09:00:00,consume,5.4923,kg,prep
SITE_KIT_01,B00625,ING_CURD,2025-12-17T09:00:00,consume,2.2492,kg,prep
SITE_KIT_01,B00605,ING_GINGER,2025-12-17T09:00:00,consume,0.7004,kg,prep
SITE_KIT_01,B00528,ING_GARLIC,2025-12-17T09:00:00,consume,1.143,kg,prep
SITE_KIT_01,B00569,ING_GCHILLI,2025-12-17T09:00:00,consume,0.9708,kg,prep
SITE_KIT_01,B00526,ING_GCHILLI,2025-12-17T09:00:00,consume,0.1546,kg,prep
SITE_KIT_01,B00613,ING_MINT,2025-12-17T09:00:00,consume,0.4274,kg,prep
SITE_KIT_01,B00561,ING_CORIANDER,2025-12-17T09:00:00,consume,0.8439,kg,prep
SITE_KIT_01,B00594,ING_CORIANDER,2025-12-17T09:00:00,consume,0.097,kg,prep
SITE_KIT_01,B00551,ING_GHEE,2025-12-17T09:00:00,consume,2.6533,kg,prep
SITE_KIT_01,B00413,ING_CASHEW,2025-12-17T09:00:00,consume,0.8736,kg,prep
SITE_KIT_01,B00570,ING_CARROT,2025-12-17T09:00:00,consume,4.7904,kg,prep
SITE_KIT_01,B00579,ING_BEANS,2025-12-17T09:00:00,consume,2.8837,kg,prep
SITE_KIT_01,B00575,ING_PEAS,2025-12-17T09:00:00,consume,2.236,kg,prep
SITE_KIT_01,B00566,ING_CAULI,2025-12-17T09:00:00,consume,20.1894,kg,prep
SITE_KIT_01,B00600,ING_POTATO,2025-12-17T09:00:00,consume,13.2277,kg,prep
SITE_KIT_01,B00587,ING_PANEER,2025-12-17T09:00:00,consume,6.591,kg,prep
SITE_KIT_01,B00624,ING_PANEER,2025-12-17T09:00:00,consume,3.679,kg,prep
SITE_KIT_01,B00591,ING_BUTTER,2025-12-17T09:00:00,consume,2.1632,kg,prep
SITE_KIT_01,B00590,ING_CREAM,2025-12-17T09:00:00,consume,2.035,kg,prep
SITE_KIT_01,B00627,ING_CREAM,2025-12-17T09:00:00,consume,0.0762,kg,prep
SITE_KIT_01,B00571,ING_CAPSICUM,2025-12-17T09:00:00,consume,2.8367,kg,prep
SITE_KIT_01,B00411,ING_BESAN,2025-12-17T09:00:00,consume,0.936,kg,prep
SITE_KIT_01,B00555,ING_OIL,2025-12-17T09:00:00,consume,2.574,kg,prep
SITE_KIT_01,B00593,ING_SPINACH,2025-12-17T09:00:00,consume,1.2984,kg,prep
SITE_KIT_01,B00567,ING_SPINACH,2025-12-17T09:00:00,consume,5.3073,kg,prep
SITE_KIT_01,B00553,ING_ATTA,2025-12-17T09:00:00,consume,15.951,kg,prep
SITE_KIT_01,B00589,ING_MILK,2025-12-17T09:00:00,consume,1.365,kg,prep
SITE_KIT_01,B00558,ING_TOORDAL,2025-12-17T09:00:00,consume,4.212,kg,prep
SITE_KIT_01,B00596,ING_CURRYLEAF,2025-12-17T09:00:00,consume,0.1193,kg,prep
SITE_KIT_01,B00614,ING_CURRYLEAF,2025-12-17T09:00:00,consume,0.3015,kg,prep
SITE_KIT_01,B00584,ING_MUTTON,2025-12-17T09:00:00,consume,4.42,kg,prep
SITE_KIT_01,B00629,ING_BATTER,2025-12-17T09:00:00,consume,14.976,kg,prep
SITE_KIT_01,B00585,ING_FISH,2025-12-17T09:00:00,consume,4.368,kg,prep
SITE_KIT_01,B00557,ING_COCONUT,2025-12-17T09:00:00,consume,1.092,kg,prep
SITE_KIT_01,B00578,ING_LEMON,2025-12-17T09:00:00,consume,1.5362,kg,prep
SITE_KIT_01,B00581,ING_CUCUMBER,2025-12-17T09:00:00,consume,3.2577,kg,prep
SITE_KIT_01,B00609,ING_CABBAGE,2025-12-17T09:00:00,consume,2.0,kg,prep
SITE_KIT_01,B00572,ING_CABBAGE,2025-12-17T09:00:00,consume,0.0573,kg,prep
SITE_KIT_01,B00619,ING_BANANA,2025-12-17T09:00:00,consume,3.4268,kg,prep
SITE_KIT_01,B00586,ING_EGG,2025-12-17T09:00:00,consume,1.9869,kg,prep
SITE_KIT_01,B00623,ING_EGG,2025-12-17T09:00:00,consume,0.084,kg,prep
SITE_KIT_01,B00573,ING_BRINJAL,2025-12-17T09:00:00,consume,2.8942,kg,prep
SITE_KIT_01,B00574,ING_OKRA,2025-12-17T09:00:00,consume,3.3818,kg,prep
SITE_KIT_01,B00580,ING_MUSHROOM,2025-12-17T09:00:00,consume,0.9908,kg,prep
SITE_KIT_01,B00562,ING_MINT,2025-12-17T23:00:00,waste,0.2701,kg,spoilage
SITE_KIT_01,B00563,ING_CURRYLEAF,2025-12-17T23:00:00,waste,0.456,kg,spoilage
SITE_KIT_01,B00630,ING_SPINACH,2025-12-18T07:00:00,receive,9.0,kg,LOT-B00630
SITE_KIT_01,B00631,ING_CORIANDER,2025-12-18T07:00:00,receive,1.25,kg,LOT-B00631
SITE_KIT_01,B00632,ING_MINT,2025-12-18T07:00:00,receive,0.75,kg,LOT-B00632
SITE_KIT_01,B00633,ING_CURRYLEAF,2025-12-18T07:00:00,receive,0.5,kg,LOT-B00633
SITE_KIT_01,B00634,ING_BATTER,2025-12-18T07:00:00,receive,13.0,kg,LOT-B00634
SITE_KIT_01,B00583,ING_CHICKEN,2025-12-18T09:00:00,consume,5.622,kg,prep
SITE_KIT_01,B00620,ING_CHICKEN,2025-12-18T09:00:00,consume,5.376,kg,prep
SITE_KIT_01,B00552,ING_RICE,2025-12-18T09:00:00,consume,23.062,kg,prep
SITE_KIT_01,B00521,ING_ONION,2025-12-18T09:00:00,consume,25.1714,kg,prep
SITE_KIT_01,B00565,ING_TOMATO,2025-12-18T09:00:00,consume,17.8666,kg,prep
SITE_KIT_01,B00625,ING_CURD,2025-12-18T09:00:00,consume,8.905,kg,prep
SITE_KIT_01,B00605,ING_GINGER,2025-12-18T09:00:00,consume,0.7967,kg,prep
SITE_KIT_01,B00528,ING_GARLIC,2025-12-18T09:00:00,consume,1.1974,kg,prep
SITE_KIT_01,B00606,ING_GARLIC,2025-12-18T09:00:00,consume,0.0792,kg,prep
SITE_KIT_01,B00526,ING_GCHILLI,2025-12-18T09:00:00,consume,0.4759,kg,prep
SITE_KIT_01,B00604,ING_GCHILLI,2025-12-18T09:00:00,consume,0.7526,kg,prep
SITE_KIT_01,B00613,ING_MINT,2025-12-18T09:00:00,consume,0.3226,kg,prep
SITE_KIT_01,B00576,ING_MINT,2025-12-18T09:00:00,consume,0.1576,kg,prep
SITE_KIT_01,B00594,ING_CORIANDER,2025-12-18T09:00:00,consume,1.0415,kg,prep
SITE_KIT_01,B00551,ING_GHEE,2025-12-18T09:00:00,consume,3.0121,kg,prep
SITE_KIT_01,B00413,ING_CASHEW,2025-12-18T09:00:00,consume,0.9178,kg,prep
SITE_KIT_01,B00570,ING_CARROT,2025-12-18T09:00:00,consume,0.5771,kg,prep
SITE_KIT_01,B00529,ING_CARROT,2025-12-18T09:00:00,consume,0.387,kg,prep
SITE_KIT_01,B00607,ING_CARROT,2025-12-18T09:00:00,consume,4.436,kg,prep
SITE_KIT_01,B00579,ING_BEANS,2025-12-18T09:00:00,consume,0.2207,kg,prep
SITE_KIT_01,B00616,ING_BEANS,2025-12-18T09:00:00,consume,2.9347,kg,prep
SITE_KIT_01,B00575,ING_PEAS,2025-12-18T09:00:00,consume,0.266,kg,prep
SITE_KIT_01,B00612,ING_PEAS,2025-12-18T09:00:00,consume,2.178,kg,prep
SITE_KIT_01,B00566,ING_CAULI,2025-12-18T09:00:00,consume,3.5905,kg,prep
SITE_KIT_01,B00601,ING_CAULI,2025-12-18T09:00:00,consume,18.8258,kg,prep
SITE_KIT_01,B00600,ING_POTATO,2025-12-18T09:00:00,consume,13.2451,kg,prep
SITE_KIT_01,B00624,ING_PANEER,2025-12-18T09:00:00,consume,10.4,kg,prep
SITE_KIT_01,B00591,ING_BUTTER,2025-12-18T09:00:00,consume,2.3309,kg,prep
SITE_KIT_01,B00627,ING_CREAM,2025-12-18T09:00:00,consume,2.145,kg,prep
SITE_KIT_01,B00571,ING_CAPSICUM,2025-12-18T09:00:00,consume,3.213,kg,prep
SITE_KIT_01,B00411,ING_BESAN,2025-12-18T09:00:00,consume,1.04,kg,prep
SITE_KIT_01,B00555,ING_OIL,2025-12-18T09:00:00,consume,1.4865,kg,prep
SITE_KIT_01,B00412,ING_OIL,2025-12-18T09:00:00,consume,1.1785,kg,prep
SITE_KIT_01,B00630,ING_SPINACH,2025-12-18T09:00:00,consume,7.4865,kg,prep
SITE_KIT_01,B00553,ING_ATTA,2025-12-18T09:00:00,consume,20.111,kg,prep
SITE_KIT_01,B00589,ING_MILK,2025-12-18T09:00:00,consume,0.736,kg,prep
SITE_KIT_01,B00626,ING_MILK,2025-12-18T09:00:00,consume,0.889,kg,prep
SITE_KIT_01,B00558,ING_TOORDAL,2025-12-18T09:00:00,consume,4.524,kg,prep
SITE_KIT_01,B00614,ING_CURRYLEAF,2025-12-18T09:00:00,consume,0.1475,kg,prep
SITE_KIT_01,B00633,ING_CURRYLEAF,2025-12-18T09:00:00,consume,0.2954,kg,prep
SITE_KIT_01,B00584,ING_MUTTON,2025-12-18T09:00:00,consume,1.0,kg,prep
SITE_KIT_01,B00621,ING_MUTTON,2025-12-18T09:00:00,consume,4.46,kg,prep
SITE_KIT_01,B00629,ING_BATTER,2025-12-18T09:00:00,consume,7.024,kg,prep
SITE_KIT_01,B00597,ING_BATTER,2025-12-18T09:00:00,consume,7.536,kg,prep
SITE_KIT_01,B00585,ING_FISH,2025-12-18T09:00:00,consume,0.728,kg,prep
SITE_KIT_01,B00622,ING_FISH,2025-12-18T09:00:00,consume,4.056,kg,prep
SITE_KIT_01,B00557,ING_COCONUT,2025-12-18T09:00:00,consume,1.196,kg,prep
SITE_KIT_01,B00578,ING_LEMON,2025-12-18T09:00:00,consume,0.9616,kg,prep
SITE_KIT_01,B00615,ING_LEMON,2025-12-18T09:00:00,consume,0.6808,kg,prep
SITE_KIT_01,B00581,ING_CUCUMBER,2025-12-18T09:00:00,consume,1.4114,kg,prep
SITE_KIT_01,B00618,ING_CUCUMBER,2025-12-18T09:00:00,consume,2.3263,kg,prep
SITE_KIT_01,B00572,ING_CABBAGE,2025-12-18T09:00:00,consume,2.3714,kg,prep
SITE_KIT_01,B00619,ING_BANANA,2025-12-18T09:00:00,consume,3.8425,kg,prep
SITE_KIT_01,B00623,ING_EGG,2025-12-18T09:00:00,consume,2.3283,kg,prep
SITE_KIT_01,B00573,ING_BRINJAL,2025-12-18T09:00:00,consume,0.7828,kg,prep
SITE_KIT_01,B00610,ING_BRINJAL,2025-12-18T09:00:00,consume,2.514,kg,prep
SITE_KIT_01,B00574,ING_OKRA,2025-12-18T09:00:00,consume,1.2422,kg,prep
SITE_KIT_01,B00611,ING_OKRA,2025-12-18T09:00:00,consume,2.5047,kg,prep
SITE_KIT_01,B00580,ING_MUSHROOM,2025-12-18T09:00:00,consume,1.0882,kg,prep
SITE_KIT_01,B00576,ING_MINT,2025-12-18T23:00:00,waste,0.5924,kg,spoilage
SITE_KIT_01,B00577,ING_CURRYLEAF,2025-12-18T23:00:00,waste,0.5,kg,spoilage
SITE_KIT_01,B00597,ING_BATTER,2025-12-18T23:00:00,waste,2.4,kg,spoilage
SITE_KIT_01,B00635,ING_TOMATO,2025-12-19T07:00:00,receive,33.0,kg,LOT-B00635
SITE_KIT_01,B00636,ING_CAULI,2025-12-19T07:00:00,receive,42.0,kg,LOT-B00636
SITE_KIT_01,B00637,ING_SPINACH,2025-12-19T07:00:00,receive,7.173,kg,LOT-B00637
SITE_KIT_01,B00638,ING_CORIANDER,2025-12-19T07:00:00,receive,1.25,kg,LOT-B00638
SITE_KIT_01,B00639,ING_GCHILLI,2025-12-19T07:00:00,receive,2.0,kg,LOT-B00639
SITE_KIT_01,B00640,ING_CARROT,2025-12-19T07:00:00,receive,11.0,kg,LOT-B00640
SITE_KIT_01,B00641,ING_CAPSICUM,2025-12-19T07:00:00,receive,6.0,kg,LOT-B00641
SITE_KIT_01,B00642,ING_CABBAGE,2025-12-19T07:00:00,receive,4.0,kg,LOT-B00642
SITE_KIT_01,B00643,ING_BRINJAL,2025-12-19T07:00:00,receive,6.0,kg,LOT-B00643
SITE_KIT_01,B00644,ING_OKRA,2025-12-19T07:00:00,receive,7.0,kg,LOT-B00644
SITE_KIT_01,B00645,ING_PEAS,2025-12-19T07:00:00,receive,5.0,kg,LOT-B00645
SITE_KIT_01,B00646,ING_MINT,2025-12-19T07:00:00,receive,0.75,kg,LOT-B00646
SITE_KIT_01,B00647,ING_CURRYLEAF,2025-12-19T07:00:00,receive,0.5,kg,LOT-B00647
SITE_KIT_01,B00648,ING_LEMON,2025-12-19T07:00:00,receive,5.0,kg,LOT-B00648
SITE_KIT_01,B00649,ING_BEANS,2025-12-19T07:00:00,receive,6.0,kg,LOT-B00649
SITE_KIT_01,B00650,ING_MUSHROOM,2025-12-19T07:00:00,receive,2.0,kg,LOT-B00650
SITE_KIT_01,B00651,ING_CUCUMBER,2025-12-19T07:00:00,receive,8.0,kg,LOT-B00651
SITE_KIT_01,B00652,ING_BANANA,2025-12-19T07:00:00,receive,13.083,kg,LOT-B00652
SITE_KIT_01,B00653,ING_CHICKEN,2025-12-19T07:00:00,receive,20.0,kg,LOT-B00653
SITE_KIT_01,B00654,ING_MUTTON,2025-12-19T07:00:00,receive,10.0,kg,LOT-B00654
SITE_KIT_01,B00655,ING_FISH,2025-12-19T07:00:00,receive,8.0,kg,LOT-B00655
SITE_KIT_01,B00656,ING_EGG,2025-12-19T07:00:00,receive,4.0,kg,LOT-B00656
SITE_KIT_01,B00657,ING_PANEER,2025-12-19T07:00:00,receive,23.0,kg,LOT-B00657
SITE_KIT_01,B00658,ING_CURD,2025-12-19T07:00:00,receive,16.0,kg,LOT-B00658
SITE_KIT_01,B00659,ING_MILK,2025-12-19T07:00:00,receive,3.0,kg,LOT-B00659
SITE_KIT_01,B00660,ING_CREAM,2025-12-19T07:00:00,receive,7.0,kg,LOT-B00660
SITE_KIT_01,B00661,ING_BUTTER,2025-12-19T07:00:00,receive,4.0,kg,LOT-B00661
SITE_KIT_01,B00662,ING_BATTER,2025-12-19T07:00:00,receive,15.0,kg,LOT-B00662
SITE_KIT_01,B00620,ING_CHICKEN,2025-12-19T09:00:00,consume,11.624,kg,prep
SITE_KIT_01,B00653,ING_CHICKEN,2025-12-19T09:00:00,consume,8.032,kg,prep
SITE_KIT_01,B00552,ING_RICE,2025-12-19T09:00:00,consume,33.54,kg,prep
SITE_KIT_01,B00521,ING_ONION,2025-12-19T09:00:00,consume,8.9756,kg,prep
SITE_KIT_01,B00599,ING_ONION,2025-12-19T09:00:00,consume,25.9552,kg,prep
SITE_KIT_01,B00565,ING_TOMATO,2025-12-19T09:00:00,consume,10.5823,kg,prep
SITE_KIT_01,B00635,ING_TOMATO,2025-12-19T09:00:00,consume,15.418,kg,prep
SITE_KIT_01,B00625,ING_CURD,2025-12-19T09:00:00,consume,8.8458,kg,prep
SITE_KIT_01,B00658,ING_CURD,2025-12-19T09:00:00,consume,3.9397,kg,prep
SITE_KIT_01,B00605,ING_GINGER,2025-12-19T09:00:00,consume,1.2312,kg,prep
SITE_KIT_01,B00606,ING_GARLIC,2025-12-19T09:00:00,consume,1.9318,kg,prep
SITE_KIT_01,B00639,ING_GCHILLI,2025-12-19T09:00:00,consume,1.6136,kg,prep
SITE_KIT_01,B00595,ING_MINT,2025-12-19T09:00:00,consume,0.75,kg,prep
SITE_KIT_01,B00632,ING_MINT,2025-12-19T09:00:00,consume,0.0211,kg,prep
SITE_KIT_01,B00594,ING_CORIANDER,2025-12-19T09:00:00,consume,0.3615,kg,prep
SITE_KIT_01,B00603,ING_CORIANDER,2025-12-19T09:00:00,consume,1.1842,kg,prep
SITE_KIT_01,B00551,ING_GHEE,2025-12-19T09:00:00,consume,4.446,kg,prep
SITE_KIT_01,B00413,ING_CASHEW,2025-12-19T09:00:00,consume,0.199,kg,prep
SITE_KIT_01,B00556,ING_CASHEW,2025-12-19T09:00:00,consume,1.2258,kg,prep
SITE_KIT_01,B00607,ING_CARROT,2025-12-19T09:00:00,consume,5.564,kg,prep
SITE_KIT_01,B00640,ING_CARROT,2025-12-19T09:00:00,consume,1.4071,kg,prep
SITE_KIT_01,B00616,ING_BEANS,2025-12-19T09:00:00,consume,4.0653,kg,prep
SITE_KIT_01,B00538,ING_BEANS,2025-12-19T09:00:00,consume,0.1016,kg,prep
SITE_KIT_01,B00649,ING_BEANS,2025-12-19T09:00:00,consume,0.0675,kg,prep
SITE_KIT_01,B00612,ING_PEAS,2025-12-19T09:00:00,consume,2.822,kg,prep
SITE_KIT_01,B00645,ING_PEAS,2025-12-19T09:00:00,consume,0.35,kg,prep
SITE_KIT_01,B00636,ING_CAULI,2025-12-19T09:00:00,consume,28.1829,kg,prep
SITE_KIT_01,B00600,ING_POTATO,2025-12-19T09:00:00,consume,14.0842,kg,prep
SITE_KIT_01,B00624,ING_PANEER,2025-12-19T09:00:00,consume,7.921,kg,prep
SITE_KIT_01,B00657,ING_PANEER,2025-12-19T09:00:00,consume,6.301,kg,prep
SITE_KIT_01,B00591,ING_BUTTER,2025-12-19T09:00:00,consume,1.2263,kg,prep
SITE_KIT_01,B00628,ING_BUTTER,2025-12-19T09:00:00,consume,1.9197,kg,prep
SITE_KIT_01,B00627,ING_CREAM,2025-12-19T09:00:00,consume,1.7788,kg,prep
SITE_KIT_01,B00660,ING_CREAM,2025-12-19T09:00:00,consume,1.1436,kg,prep
SITE_KIT_01,B00571,ING_CAPSICUM,2025-12-19T09:00:00,consume,1.2217,kg,prep
SITE_KIT_01,B00608,ING_CAPSICUM,2025-12-19T09:00:00,consume,3.0,kg,prep
SITE_KIT_01,B00641,ING_CAPSICUM,2025-12-19T09:00:00,consume,0.0087,kg,prep
SITE_KIT_01,B00411,ING_BESAN,2025-12-19T09:00:00,consume,1.378,kg,prep
SITE_KIT_01,B00412,ING_OIL,2025-12-19T09:00:00,consume,3.029,kg,prep
SITE_KIT_01,B00630,ING_SPINACH,2025-12-19T09:00:00,consume,1.5135,kg,prep
SITE_KIT_01,B00567,ING_SPINACH,2025-12-19T09:00:00,consume,2.9469,kg,prep
SITE_KIT_01,B00602,ING_SPINACH,2025-12-19T09:00:00,consume,4.779,kg,prep
SITE_KIT_01,B00553,ING_ATTA,2025-12-19T09:00:00,consume,25.857,kg,prep
SITE_KIT_01,B00626,ING_MILK,2025-12-19T09:00:00,consume,2.111,kg,prep
SITE_KIT_01,B00659,ING_MILK,2025-12-19T09:00:00,consume,0.034,kg,prep
SITE_KIT_01,B00558,ING_TOORDAL,2025-12-19T09:00:00,consume,5.928,kg,prep
SITE_KIT_01,B00633,ING_CURRYLEAF,2025-12-19T09:00:00,consume,0.2046,kg,prep
SITE_KIT_01,B00647,ING_CURRYLEAF,2025-12-19T09:00:00,consume,0.3165,kg,prep
SITE_KIT_01,B00654,ING_MUTTON,2025-12-19T09:00:00,consume,9.36,kg,prep
SITE_KIT_01,B00634,ING_BATTER,2025-12-19T09:00:00,consume,13.0,kg,prep
SITE_KIT_01,B00662,ING_BATTER,2025-12-19T09:00:00,consume,0.936,kg,prep
SITE_KIT_01,B00655,ING_FISH,2025-12-19T09:00:00,consume,6.656,kg,prep
SITE_KIT_01,B00557,ING_COCONUT,2025-12-19T09:00:00,consume,1.664,kg,prep
SITE_KIT_01,B00648,ING_LEMON,2025-12-19T09:00:00,consume,2.1848,kg,prep
SITE_KIT_01,B00618,ING_CUCUMBER,2025-12-19T09:00:00,consume,3.6737,kg,prep
SITE_KIT_01,B00651,ING_CUCUMBER,2025-12-19T09:00:00,consume,1.1501,kg,prep
SITE_KIT_01,B00642,ING_CABBAGE,2025-12-19T09:00:00,consume,3.0299,kg,prep
SITE_KIT_01,B00619,ING_BANANA,2025-12-19T09:00:00,consume,0.7307,kg,prep
SITE_KIT_01,B00582,ING_BANANA,2025-12-19T09:00:00,consume,4.1473,kg,prep
SITE_KIT_01,B00623,ING_EGG,2025-12-19T09:00:00,consume,2.5877,kg,prep
SITE_KIT_01,B00656,ING_EGG,2025-12-19T09:00:00,consume,0.4075,kg,prep
SITE_KIT_01,B00643,ING_BRINJAL,2025-12-19T09:00:00,consume,4.2524,kg,prep
SITE_KIT_01,B00611,ING_OKRA,2025-12-19T09:00:00,consume,4.4953,kg,prep
SITE_KIT_01,B00644,ING_OKRA,2025-12-19T09:00:00,consume,0.2728,kg,prep
SITE_KIT_01,B00580,ING_MUSHROOM,2025-12-19T09:00:00,consume,1.0571,kg,prep
SITE_KIT_01,B00617,ING_MUSHROOM,2025-12-19T09:00:00,consume,0.3301,kg,prep
SITE_KIT_01,B00520,ING_TOMATO,2025-12-19T23:00:00,waste,2.1774,kg,spoilage
SITE_KIT_01,B00663,ING_SPINACH,2025-12-20T07:00:00,receive,8.0,kg,LOT-B00663
SITE_KIT_01,B00664,ING_CORIANDER,2025-12-20T07:00:00,receive,1.25,kg,LOT-B00664
SITE_KIT_01,B00665,ING_MINT,2025-12-20T07:00:00,receive,0.75,kg,LOT-B00665
SITE_KIT_01,B00666,ING_CURRYLEAF,2025-12-20T07:00:00,receive,0.5,kg,LOT-B00666
SITE_KIT_01,B00667,ING_GHEE,2025-12-20T07:00:00,receive,40.0,kg,LOT-B00667
SITE_KIT_01,B00668,ING_RICE,2025-12-20T07:00:00,receive,200.0,kg,LOT-B00668
SITE_KIT_01,B00669,ING_ATTA,2025-12-20T07:00:00,receive,155.0,kg,LOT-B00669
SITE_KIT_01,B00670,ING_BESAN,2025-12-20T07:00:00,receive,5.0,kg,LOT-B00670
SITE_KIT_01,B00671,ING_OIL,2025-12-20T07:00:00,receive,20.0,kg,LOT-B00671
SITE_KIT_01,B00672,ING_CASHEW,2025-12-20T07:00:00,receive,5.0,kg,LOT-B00672
SITE_KIT_01,B00673,ING_COCONUT,2025-12-20T07:00:00,receive,10.0,kg,LOT-B00673
SITE_KIT_01,B00674,ING_TOORDAL,2025-12-20T07:00:00,receive,40.0,kg,LOT-B00674
SITE_KIT_01,B00675,ING_BATTER,2025-12-20T07:00:00,receive,24.0,kg,LOT-B00675
SITE_KIT_01,B00653,ING_CHICKEN,2025-12-20T09:00:00,consume,11.968,kg,prep
SITE_KIT_01,B00472,ING_CHICKEN,2025-12-20T09:00:00,consume,0.232,kg,prep
SITE_KIT_01,B00552,ING_RICE,2025-12-20T09:00:00,consume,19.825,kg,prep
SITE_KIT_01,B00668,ING_RICE,2025-12-20T09:00:00,consume,14.989,kg,prep
SITE_KIT_01,B00599,ING_ONION,2025-12-20T09:00:00,consume,38.1105,kg,prep
SITE_KIT_01,B00635,ING_TOMATO,2025-12-20T09:00:00,consume,17.582,kg,prep
SITE_KIT_01,B00598,ING_TOMATO,2025-12-20T09:00:00,consume,9.8771,kg,prep
SITE_KIT_01,B00658,ING_CURD,2025-12-20T09:00:00,consume,12.0603,kg,prep
SITE_KIT_01,B00605,ING_GINGER,2025-12-20T09:00:00,consume,1.1964,kg,prep
SITE_KIT_01,B00606,ING_GARLIC,2025-12-20T09:00:00,consume,1.9819,kg,prep
SITE_KIT_01,B00639,ING_GCHILLI,2025-12-20T09:00:00,consume,0.3864,kg,prep
SITE_KIT_01,B00604,ING_GCHILLI,2025-12-20T09:00:00,consume,1.3654,kg,prep
SITE_KIT_01,B00632,ING_MINT,2025-12-20T09:00:00,consume,0.7289,kg,prep
SITE_KIT_01,B00646,ING_MINT,2025-12-20T09:00:00,consume,0.0337,kg,prep
SITE_KIT_01,B00664,ING_CORIANDER,2025-12-20T09:00:00,consume,1.25,kg,prep
SITE_KIT_01,B00603,ING_CORIANDER,2025-12-20T09:00:00,consume,0.0658,kg,prep
SITE_KIT_01,B00631,ING_CORIANDER,2025-12-20T09:00:00,consume,0.2606,kg,prep
SITE_KIT_01,B00667,ING_GHEE,2025-12-20T09:00:00,consume,4.5942,kg,prep
SITE_KIT_01,B00556,ING_CASHEW,2025-12-20T09:00:00,consume,1.3754,kg,prep
SITE_KIT_01,B00640,ING_CARROT,2025-12-20T09:00:00,consume,7.8529,kg,prep
SITE_KIT_01,B00649,ING_BEANS,2025-12-20T09:00:00,consume,4.7195,kg,prep
SITE_KIT_01,B00645,ING_PEAS,2025-12-20T09:00:00,consume,3.588,kg,prep
SITE_KIT_01,B00636,ING_CAULI,2025-12-20T09:00:00,consume,13.8171,kg,prep
SITE_KIT_01,B00601,ING_CAULI,2025-12-20T09:00:00,consume,18.8623,kg,prep
SITE_KIT_01,B00600,ING_POTATO,2025-12-20T09:00:00,consume,15.4431,kg,prep
SITE_KIT_01,B00452,ING_POTATO,2025-12-20T09:00:00,consume,2.3416,kg,prep
SITE_KIT_01,B00657,ING_PANEER,2025-12-20T09:00:00,consume,14.872,kg,prep
SITE_KIT_01,B00628,ING_BUTTER,2025-12-20T09:00:00,consume,0.0803,kg,prep
SITE_KIT_01,B00661,ING_BUTTER,2025-12-20T09:00:00,consume,3.5051,kg,prep
SITE_KIT_01,B00660,ING_CREAM,2025-12-20T09:00:00,consume,3.0784,kg,prep
SITE_KIT_01,B00641,ING_CAPSICUM,2025-12-20T09:00:00,consume,4.6166,kg,prep
SITE_KIT_01,B00411,ING_BESAN,2025-12-20T09:00:00,consume,1.052,kg,prep
SITE_KIT_01,B00554,ING_BESAN,2025-12-20T09:00:00,consume,0.43,kg,prep
SITE_KIT_01,B00671,ING_OIL,2025-12-20T09:00:00,consume,3.549,kg,prep
SITE_KIT_01,B00663,ING_SPINACH,2025-12-20T09:00:00,consume,8.0,kg,prep
SITE_KIT_01,B00602,ING_SPINACH,2025-12-20T09:00:00,consume,2.5255,kg,prep
SITE_KIT_01,B00669,ING_ATTA,2025-12-20T09:00:00,consume,29.887,kg,prep
SITE_KIT_01,B00659,ING_MILK,2025-12-20T09:00:00,consume,2.743,kg,prep
SITE_KIT_01,B00674,ING_TOORDAL,2025-12-20T09:00:00,consume,6.474,kg,prep
SITE_KIT_01,B00647,ING_CURRYLEAF,2025-12-20T09:00:00,consume,0.1835,kg,prep
SITE_KIT_01,B00666,ING_CURRYLEAF,2025-12-20T09:00:00,consume,0.4181,kg,prep
SITE_KIT_01,B00654,ING_MUTTON,2025-12-20T09:00:00,consume,0.64,kg,prep
SITE_KIT_01,B00621,ING_MUTTON,2025-12-20T09:00:00,consume,5.54,kg,prep
SITE_KIT_01,B00675,ING_BATTER,2025-12-20T09:00:00,consume,18.096,kg,prep
SITE_KIT_01,B00655,ING_FISH,2025-12-20T09:00:00,consume,1.344,kg,prep
SITE_KIT_01,B00622,ING_FISH,2025-12-20T09:00:00,consume,4.944,kg,prep
SITE_KIT_01,B00557,ING_COCONUT,2025-12-20T09:00:00,consume,1.872,kg,prep
SITE_KIT_01,B00648,ING_LEMON,2025-12-20T09:00:00,consume,2.4667,kg,prep
SITE_KIT_01,B00651,ING_CUCUMBER,2025-12-20T09:00:00,consume,5.2761,kg,prep
SITE_KIT_01,B00642,ING_CABBAGE,2025-12-20T09:00:00,consume,0.9701,kg,prep
SITE_KIT_01,B00572,ING_CABBAGE,2025-12-20T09:00:00,consume,2.4559,kg,prep
SITE_KIT_01,B00582,ING_BANANA,2025-12-20T09:00:00,consume,0.0883,kg,prep
SITE_KIT_01,B00652,ING_BANANA,2025-12-20T09:00:00,consume,5.2499,kg,prep
SITE_KIT_01,B00656,ING_EGG,2025-12-20T09:00:00,consume,3.3813,kg,prep
SITE_KIT_01,B00643,ING_BRINJAL,2025-12-20T09:00:00,consume,1.7476,kg,prep
SITE_KIT_01,B00610,ING_BRINJAL,2025-12-20T09:00:00,consume,2.9829,kg,prep
SITE_KIT_01,B00644,ING_OKRA,2025-12-20T09:00:00,consume,5.377,kg,prep
SITE_KIT_01,B00617,ING_MUSHROOM,2025-12-20T09:00:00,consume,0.6699,kg,prep
SITE_KIT_01,B00650,ING_MUSHROOM,2025-12-20T09:00:00,consume,0.9283,kg,prep
SITE_KIT_01,B00380,ING_GARLIC,2025-12-20T23:00:00,waste,0.7599,kg,spoilage
SITE_KIT_01,B00676,ING_TOMATO,2025-12-21T07:00:00,receive,52.0,kg,LOT-B00676
SITE_KIT_01,B00677,ING_ONION,2025-12-21T07:00:00,receive,182.0,kg,LOT-B00677
SITE_KIT_01,B00678,ING_POTATO,2025-12-21T07:00:00,receive,52.835,kg,LOT-B00678
SITE_KIT_01,B00679,ING_CAULI,2025-12-21T07:00:00,receive,57.0,kg,LOT-B00679
SITE_KIT_01,B00680,ING_SPINACH,2025-12-21T07:00:00,receive,8.635,kg,LOT-B00680
SITE_KIT_01,B00681,ING_CORIANDER,2025-12-21T07:00:00,receive,1.25,kg,LOT-B00681
SITE_KIT_01,B00682,ING_GCHILLI,2025-12-21T07:00:00,receive,3.0,kg,LOT-B00682
SITE_KIT_01,B00683,ING_GINGER,2025-12-21T07:00:00,receive,2.0,kg,LOT-B00683
SITE_KIT_01,B00684,ING_GARLIC,2025-12-21T07:00:00,receive,4.0,kg,LOT-B00684
SITE_KIT_01,B00685,ING_CARROT,2025-12-21T07:00:00,receive,13.0,kg,LOT-B00685
SITE_KIT_01,B00686,ING_CAPSICUM,2025-12-21T07:00:00,receive,12.0,kg,LOT-B00686
SITE_KIT_01,B00687,ING_CABBAGE,2025-12-21T07:00:00,receive,6.0,kg,LOT-B00687
SITE_KIT_01,B00688,ING_BRINJAL,2025-12-21T07:00:00,receive,9.0,kg,LOT-B00688
SITE_KIT_01,B00689,ING_OKRA,2025-12-21T07:00:00,receive,10.0,kg,LOT-B00689
SITE_KIT_01,B00690,ING_PEAS,2025-12-21T07:00:00,receive,6.0,kg,LOT-B00690
SITE_KIT_01,B00691,ING_MINT,2025-12-21T07:00:00,receive,1.0,kg,LOT-B00691
SITE_KIT_01,B00692,ING_CURRYLEAF,2025-12-21T07:00:00,receive,1.0,kg,LOT-B00692
SITE_KIT_01,B00693,ING_LEMON,2025-12-21T07:00:00,receive,7.0,kg,LOT-B00693
SITE_KIT_01,B00694,ING_BEANS,2025-12-21T07:00:00,receive,9.0,kg,LOT-B00694
SITE_KIT_01,B00695,ING_MUSHROOM,2025-12-21T07:00:00,receive,3.0,kg,LOT-B00695
SITE_KIT_01,B00696,ING_CUCUMBER,2025-12-21T07:00:00,receive,9.0,kg,LOT-B00696
SITE_KIT_01,B00697,ING_BANANA,2025-12-21T07:00:00,receive,8.149,kg,LOT-B00697
SITE_KIT_01,B00698,ING_CHICKEN,2025-12-21T07:00:00,receive,29.0,kg,LOT-B00698
SITE_KIT_01,B00699,ING_MUTTON,2025-12-21T07:00:00,receive,15.0,kg,LOT-B00699
SITE_KIT_01,B00700,ING_FISH,2025-12-21T07:00:00,receive,12.0,kg,LOT-B00700
SITE_KIT_01,B00701,ING_EGG,2025-12-21T07:00:00,receive,7.0,kg,LOT-B00701
SITE_KIT_01,B00702,ING_PANEER,2025-12-21T07:00:00,receive,25.0,kg,LOT-B00702
SITE_KIT_01,B00703,ING_CURD,2025-12-21T07:00:00,receive,22.0,kg,LOT-B00703
SITE_KIT_01,B00704,ING_MILK,2025-12-21T07:00:00,receive,5.0,kg,LOT-B00704
SITE_KIT_01,B00705,ING_CREAM,2025-12-21T07:00:00,receive,4.0,kg,LOT-B00705
SITE_KIT_01,B00706,ING_BUTTER,2025-12-21T07:00:00,receive,6.0,kg,LOT-B00706
SITE_KIT_01,B00707,ING_BATTER,2025-12-21T07:00:00,receive,14.0,kg,LOT-B00707
SITE_KIT_01,B00698,ING_CHICKEN,2025-12-21T09:00:00,consume,15.444,kg,prep
SITE_KIT_01,B00668,ING_RICE,2025-12-21T09:00:00,consume,31.759,kg,prep
SITE_KIT_01,B00599,ING_ONION,2025-12-21T09:00:00,consume,13.9343,kg,prep
SITE_KIT_01,B00677,ING_ONION,2025-12-21T09:00:00,consume,20.1956,kg,prep
SITE_KIT_01,B00598,ING_TOMATO,2025-12-21T09:00:00,consume,1.6239,kg,prep
SITE_KIT_01,B00676,ING_TOMATO,2025-12-21T09:00:00,consume,24.2599,kg,prep
SITE_KIT_01,B00703,ING_CURD,2025-12-21T09:00:00,consume,12.0224,kg,prep
SITE_KIT_01,B00605,ING_GINGER,2025-12-21T09:00:00,consume,1.1022,kg,prep
SITE_KIT_01,B00606,ING_GARLIC,2025-12-21T09:00:00,consume,1.8402,kg,prep
SITE_KIT_01,B00682,ING_GCHILLI,2025-12-21T09:00:00,consume,1.5899,kg,prep
SITE_KIT_01,B00691,ING_MINT,2025-12-21T09:00:00,consume,0.6705,kg,prep
SITE_KIT_01,B00631,ING_CORIANDER,2025-12-21T09:00:00,consume,0.9894,kg,prep
SITE_KIT_01,B00638,ING_CORIANDER,2025-12-21T09:00:00,consume,0.4771,kg,prep
SITE_KIT_01,B00667,ING_GHEE,2025-12-21T09:00:00,consume,4.1808,kg,prep
SITE_KIT_01,B00556,ING_CASHEW,2025-12-21T09:00:00,consume,1.3052,kg,prep
SITE_KIT_01,B00685,ING_CARROT,2025-12-21T09:00:00,consume,7.3123,kg,prep
SITE_KIT_01,B00694,ING_BEANS,2025-12-21T09:00:00,consume,4.4938,kg,prep
SITE_KIT_01,B00645,ING_PEAS,2025-12-21T09:00:00,consume,1.062,kg,prep
SITE_KIT_01,B00690,ING_PEAS,2025-12-21T09:00:00,consume,2.318,kg,prep
SITE_KIT_01,B00601,ING_CAULI,2025-12-21T09:00:00,consume,5.3119,kg,prep
SITE_KIT_01,B00679,ING_CAULI,2025-12-21T09:00:00,consume,25.9342,kg,prep
SITE_KIT_01,B00678,ING_POTATO,2025-12-21T09:00:00,consume,15.173,kg,prep
SITE_KIT_01,B00657,ING_PANEER,2025-12-21T09:00:00,consume,1.827,kg,prep
SITE_KIT_01,B00702,ING_PANEER,2025-12-21T09:00:00,consume,12.59,kg,prep
SITE_KIT_01,B00661,ING_BUTTER,2025-12-21T09:00:00,consume,0.4949,kg,prep
SITE_KIT_01,B00706,ING_BUTTER,2025-12-21T09:00:00,consume,2.6875,kg,prep
SITE_KIT_01,B00705,ING_CREAM,2025-12-21T09:00:00,consume,3.003,kg,prep
SITE_KIT_01,B00641,ING_CAPSICUM,2025-12-21T09:00:00,consume,1.3747,kg,prep
SITE_KIT_01,B00686,ING_CAPSICUM,2025-12-21T09:00:00,consume,2.9956,kg,prep
SITE_KIT_01,B00554,ING_BESAN,2025-12-21T09:00:00,consume,1.43,kg,prep
SITE_KIT_01,B00671,ING_OIL,2025-12-21T09:00:00,consume,3.25,kg,prep
SITE_KIT_01,B00680,ING_SPINACH,2025-12-21T09:00:00,consume,8.635,kg,prep
SITE_KIT_01,B00602,ING_SPINACH,2025-12-21T09:00:00,consume,0.4682,kg,prep
SITE_KIT_01,B00669,ING_ATTA,2025-12-21T09:00:00,consume,25.168,kg,prep
SITE_KIT_01,B00659,ING_MILK,2025-12-21T09:00:00,consume,0.223,kg,prep
SITE_KIT_01,B00704,ING_MILK,2025-12-21T09:00:00,consume,1.935,kg,prep
SITE_KIT_01,B00674,ING_TOORDAL,2025-12-21T09:00:00,consume,6.006,kg,prep
SITE_KIT_01,B00666,ING_CURRYLEAF,2025-12-21T09:00:00,consume,0.0819,kg,prep
SITE_KIT_01,B00692,ING_CURRYLEAF,2025-12-21T09:00:00,consume,0.4464,kg,prep
SITE_KIT_01,B00699,ING_MUTTON,2025-12-21T09:00:00,consume,8.32,kg,prep
SITE_KIT_01,B00675,ING_BATTER,2025-12-21T09:00:00,consume,5.904,kg,prep
SITE_KIT_01,B00662,ING_BATTER,2025-12-21T09:00:00,consume,9.696,kg,prep
SITE_KIT_01,B00700,ING_FISH,2025-12-21T09:00:00,consume,6.656,kg,prep
SITE_KIT_01,B00557,ING_COCONUT,2025-12-21T09:00:00,consume,1.664,kg,prep
SITE_KIT_01,B00648,ING_LEMON,2025-12-21T09:00:00,consume,0.3485,kg,prep
SITE_KIT_01,B00615,ING_LEMON,2025-12-21T09:00:00,consume,1.8885,kg,prep
SITE_KIT_01,B00651,ING_CUCUMBER,2025-12-21T09:00:00,consume,1.5738,kg,prep
SITE_KIT_01,B00696,ING_CUCUMBER,2025-12-21T09:00:00,consume,3.0857,kg,prep
SITE_KIT_01,B00687,ING_CABBAGE,2025-12-21T09:00:00,consume,3.0107,kg,prep
SITE_KIT_01,B00652,ING_BANANA,2025-12-21T09:00:00,consume,4.8481,kg,prep
SITE_KIT_01,B00656,ING_EGG,2025-12-21T09:00:00,consume,0.2112,kg,prep
SITE_KIT_01,B00701,ING_EGG,2025-12-21T09:00:00,consume,2.7957,kg,prep
SITE_KIT_01,B00688,ING_BRINJAL,2025-12-21T09:00:00,consume,4.2079,kg,prep
SITE_KIT_01,B00689,ING_OKRA,2025-12-21T09:00:00,consume,4.8255,kg,prep
SITE_KIT_01,B00695,ING_MUSHROOM,2025-12-21T09:00:00,consume,1.3867,kg,prep
SITE_KIT_01,B00602,ING_SPINACH,2025-12-21T23:00:00,waste,1.2273,kg,spoilage
SITE_KIT_01,B00662,ING_BATTER,2025-12-21T23:00:00,waste,4.368,kg,spoilage
SITE_KIT_01,B00708,ING_SPINACH,2025-12-22T07:00:00,receive,8.237,kg,LOT-B00708
SITE_KIT_01,B00709,ING_CORIANDER,2025-12-22T07:00:00,receive,2.25,kg,LOT-B00709
SITE_KIT_01,B00710,ING_MINT,2025-12-22T07:00:00,receive,0.75,kg,LOT-B00710
SITE_KIT_01,B00711,ING_CURRYLEAF,2025-12-22T07:00:00,receive,0.5,kg,LOT-B00711
SITE_KIT_01,B00712,ING_BATTER,2025-12-22T07:00:00,receive,15.0,kg,LOT-B00712
SITE_KIT_01,B00698,ING_CHICKEN,2025-12-22T09:00:00,consume,8.892,kg,prep
SITE_KIT_01,B00668,ING_RICE,2025-12-22T09:00:00,consume,18.863,kg,prep
SITE_KIT_01,B00677,ING_ONION,2025-12-22T09:00:00,consume,22.3026,kg,prep
SITE_KIT_01,B00676,ING_TOMATO,2025-12-22T09:00:00,consume,16.5711,kg,prep
SITE_KIT_01,B00703,ING_CURD,2025-12-22T09:00:00,consume,7.5582,kg,prep
SITE_KIT_01,B00605,ING_GINGER,2025-12-22T09:00:00,consume,0.6692,kg,prep
SITE_KIT_01,B00606,ING_GARLIC,2025-12-22T09:00:00,consume,1.171,kg,prep
SITE_KIT_01,B00682,ING_GCHILLI,2025-12-22T09:00:00,consume,1.028,kg,prep
SITE_KIT_01,B00691,ING_MINT,2025-12-22T09:00:00,consume,0.3295,kg,prep
SITE_KIT_01,B00646,ING_MINT,2025-12-22T09:00:00,consume,0.0638,kg,prep
SITE_KIT_01,B00709,ING_CORIANDER,2025-12-22T09:00:00,consume,0.836,kg,prep
SITE_KIT_01,B00667,ING_GHEE,2025-12-22T09:00:00,consume,2.457,kg,prep
SITE_KIT_01,B00556,ING_CASHEW,2025-12-22T09:00:00,consume,0.8788,kg,prep
SITE_KIT_01,B00685,ING_CARROT,2025-12-22T09:00:00,consume,4.3643,kg,prep
SITE_KIT_01,B00694,ING_BEANS,2025-12-22T09:00:00,consume,2.6959,kg,prep
SITE_KIT_01,B00690,ING_PEAS,2025-12-22T09:00:00,consume,2.028,kg,prep
SITE_KIT_01,B00679,ING_CAULI,2025-12-22T09:00:00,consume,18.5235,kg,prep
SITE_KIT_01,B00678,ING_POTATO,2025-12-22T09:00:00,consume,12.3211,kg,prep
SITE_KIT_01,B00702,ING_PANEER,2025-12-22T09:00:00,consume,10.374,kg,prep
SITE_KIT_01,B00706,ING_BUTTER,2025-12-22T09:00:00,consume,2.3218,kg,prep
SITE_KIT_01,B00705,ING_CREAM,2025-12-22T09:00:00,consume,0.997,kg,prep
SITE_KIT_01,B00660,ING_CREAM,2025-12-22T09:00:00,consume,1.0986,kg,prep
SITE_KIT_01,B00686,ING_CAPSICUM,2025-12-22T09:00:00,consume,2.6746,kg,prep
SITE_KIT_01,B00554,ING_BESAN,2025-12-22T09:00:00,consume,0.858,kg,prep
SITE_KIT_01,B00671,ING_OIL,2025-12-22T09:00:00,consume,2.379,kg,prep
SITE_KIT_01,B00708,ING_SPINACH,2025-12-22T09:00:00,consume,6.2151,kg,prep
SITE_KIT_01,B00669,ING_ATTA,2025-12-22T09:00:00,consume,17.043,kg,prep
SITE_KIT_01,B00704,ING_MILK,2025-12-22T09:00:00,consume,1.599,kg,prep
SITE_KIT_01,B00674,ING_TOORDAL,2025-12-22T09:00:00,consume,3.822,kg,prep
SITE_KIT_01,B00711,ING_CURRYLEAF,2025-12-22T09:00:00,consume,0.3968,kg,prep
SITE_KIT_01,B00699,ING_MUTTON,2025-12-22T09:00:00,consume,4.16,kg,prep
SITE_KIT_01,B00707,ING_BATTER,2025-12-22T09:00:00,consume,13.936,kg,prep
SITE_KIT_01,B00700,ING_FISH,2025-12-22T09:00:00,consume,4.16,kg,prep
SITE_KIT_01,B00557,ING_COCONUT,2025-12-22T09:00:00,consume,0.444,kg,prep
SITE_KIT_01,B00673,ING_COCONUT,2025-12-22T09:00:00,consume,0.596,kg,prep
SITE_KIT_01,B00615,ING_LEMON,2025-12-22T09:00:00,consume,1.408,kg,prep
SITE_KIT_01,B00696,ING_CUCUMBER,2025-12-22T09:00:00,consume,3.1682,kg,prep
SITE_KIT_01,B00687,ING_CABBAGE,2025-12-22T09:00:00,consume,1.9666,kg,prep
SITE_KIT_01,B00652,ING_BANANA,2025-12-22T09:00:00,consume,2.985,kg,prep
SITE_KIT_01,B00697,ING_BANANA,2025-12-22T09:00:00,consume,0.3855,kg,prep
SITE_KIT_01,B00701,ING_EGG,2025-12-22T09:00:00,consume,1.9773,kg,prep
SITE_KIT_01,B00688,ING_BRINJAL,2025-12-22T09:00:00,consume,2.7915,kg,prep
SITE_KIT_01,B00689,ING_OKRA,2025-12-22T09:00:00,consume,3.1201,kg,prep
SITE_KIT_01,B00695,ING_MUSHROOM,2025-12-22T09:00:00,consume,0.9148,kg,prep
SITE_KIT_01,B00638,ING_CORIANDER,2025-12-22T23:00:00,waste,0.7729,kg,spoilage
SITE_KIT_01,B00646,ING_MINT,2025-12-22T23:00:00,waste,0.6525,kg,spoilage
SITE_KIT_01,B00713,ING_TOMATO,2025-12-23T07:00:00,receive,45.0,kg,LOT-B00713
SITE_KIT_01,B00714,ING_CAULI,2025-12-23T07:00:00,receive,46.0,kg,LOT-B00714
SITE_KIT_01,B00715,ING_SPINACH,2025-12-23T07:00:00,receive,7.679,kg,LOT-B00715
SITE_KIT_01,B00716,ING_CORIANDER,2025-12-23T07:00:00,receive,1.25,kg,LOT-B00716
SITE_KIT_01,B00717,ING_GCHILLI,2025-12-23T07:00:00,receive,3.0,kg,LOT-B00717
SITE_KIT_01,B00718,ING_CARROT,2025-12-23T07:00:00,receive,12.0,kg,LOT-B00718
SITE_KIT_01,B00719,ING_CAPSICUM,2025-12-23T07:00:00,receive,4.0,kg,LOT-B00719
SITE_KIT_01,B00720,ING_CABBAGE,2025-12-23T07:00:00,receive,5.0,kg,LOT-B00720
SITE_KIT_01,B00721,ING_BRINJAL,2025-12-23T07:00:00,receive,7.0,kg,LOT-B00721
SITE_KIT_01,B00722,ING_OKRA,2025-12-23T07:00:00,receive,8.0,kg,LOT-B00722
SITE_KIT_01,B00723,ING_PEAS,2025-12-23T07:00:00,receive,6.0,kg,LOT-B00723
SITE_KIT_01,B00724,ING_MINT,2025-12-23T07:00:00,receive,0.75,kg,LOT-B00724
SITE_KIT_01,B00725,ING_CURRYLEAF,2025-12-23T07:00:00,receive,0.437,kg,LOT-B00725
SITE_KIT_01,B00726,ING_LEMON,2025-12-23T07:00:00,receive,3.712,kg,LOT-B00726
SITE_KIT_01,B00727,ING_BEANS,2025-12-23T07:00:00,receive,7.0,kg,LOT-B00727
SITE_KIT_01,B00728,ING_MUSHROOM,2025-12-23T07:00:00,receive,2.0,kg,LOT-B00728
SITE_KIT_01,B00729,ING_CUCUMBER,2025-12-23T07:00:00,receive,9.0,kg,LOT-B00729
SITE_KIT_01,B00730,ING_BANANA,2025-12-23T07:00:00,receive,9.0,kg,LOT-B00730
SITE_KIT_01,B00731,ING_CHICKEN,2025-12-23T07:00:00,receive,27.0,kg,LOT-B00731
SITE_KIT_01,B00732,ING_MUTTON,2025-12-23T07:00:00,receive,14.0,kg,LOT-B00732
SITE_KIT_01,B00733,ING_FISH,2025-12-23T07:00:00,receive,12.0,kg,LOT-B00733
SITE_KIT_01,B00734,ING_EGG,2025-12-23T07:00:00,receive,5.0,kg,LOT-B00734
SITE_KIT_01,B00735,ING_PANEER,2025-12-23T07:00:00,receive,25.0,kg,LOT-B00735
SITE_KIT_01,B00736,ING_CURD,2025-12-23T07:00:00,receive,23.0,kg,LOT-B00736
SITE_KIT_01,B00737,ING_MILK,2025-12-23T07:00:00,receive,4.0,kg,LOT-B00737
SITE_KIT_01,B00738,ING_CREAM,2025-12-23T07:00:00,receive,5.0,kg,LOT-B00738
SITE_KIT_01,B00739,ING_BUTTER,2025-12-23T07:00:00,receive,6.0,kg,LOT-B00739
SITE_KIT_01,B00740,ING_BATTER,2025-12-23T07:00:00,receive,16.0,kg,LOT-B00740
SITE_KIT_01,B00698,ING_CHICKEN,2025-12-23T09:00:00,consume,4.664,kg,prep
SITE_KIT_01,B00731,ING_CHICKEN,2025-12-23T09:00:00,consume,5.164,kg,prep
SITE_KIT_01,B00668,ING_RICE,2025-12-23T09:00:00,consume,22.074,kg,prep
SITE_KIT_01,B00677,ING_ONION,2025-12-23T09:00:00,consume,22.5057,kg,prep
SITE_KIT_01,B00713,ING_TOMATO,2025-12-23T09:00:00,consume,16.4149,kg,prep
SITE_KIT_01,B00703,ING_CURD,2025-12-23T09:00:00,consume,2.4194,kg,prep
SITE_KIT_01,B00736,ING_CURD,2025-12-23T09:00:00,consume,5.768,kg,prep
SITE_KIT_01,B00605,ING_GINGER,2025-12-23T09:00:00,consume,0.053,kg,prep
SITE_KIT_01,B00683,ING_GINGER,2025-12-23T09:00:00,consume,0.6315,kg,prep
SITE_KIT_01,B00606,ING_GARLIC,2025-12-23T09:00:00,consume,0.9959,kg,prep
SITE_KIT_01,B00684,ING_GARLIC,2025-12-23T09:00:00,consume,0.1148,kg,prep
SITE_KIT_01,B00682,ING_GCHILLI,2025-12-23T09:00:00,consume,0.382,kg,prep
SITE_KIT_01,B00717,ING_GCHILLI,2025-12-23T09:00:00,consume,0.637,kg,prep
SITE_KIT_01,B00665,ING_MINT,2025-12-23T09:00:00,consume,0.4822,kg,prep
SITE_KIT_01,B00709,ING_CORIANDER,2025-12-23T09:00:00,consume,0.9655,kg,prep
SITE_KIT_01,B00667,ING_GHEE,2025-12-23T09:00:00,consume,2.7482,kg,prep
SITE_KIT_01,B00556,ING_CASHEW,2025-12-23T09:00:00,consume,0.2148,kg,prep
SITE_KIT_01,B00672,ING_CASHEW,2025-12-23T09:00:00,consume,0.6016,kg,prep
SITE_KIT_01,B00685,ING_CARROT,2025-12-23T09:00:00,consume,1.3234,kg,prep
SITE_KIT_01,B00640,ING_CARROT,2025-12-23T09:00:00,consume,1.74,kg,prep
SITE_KIT_01,B00718,ING_CARROT,2025-12-23T09:00:00,consume,2.1327,kg,prep
SITE_KIT_01,B00694,ING_BEANS,2025-12-23T09:00:00,consume,1.8103,kg,prep
SITE_KIT_01,B00727,ING_BEANS,2025-12-23T09:00:00,consume,1.3058,kg,prep
SITE_KIT_01,B00690,ING_PEAS,2025-12-23T09:00:00,consume,1.654,kg,prep
SITE_KIT_01,B00723,ING_PEAS,2025-12-23T09:00:00,consume,0.738,kg,prep
SITE_KIT_01,B00714,ING_CAULI,2025-12-23T09:00:00,consume,20.6504,kg,prep
SITE_KIT_01,B00678,ING_POTATO,2025-12-23T09:00:00,consume,10.9831,kg,prep
SITE_KIT_01,B00735,ING_PANEER,2025-12-23T09:00:00,consume,9.087,kg,prep
SITE_KIT_01,B00706,ING_BUTTER,2025-12-23T09:00:00,consume,0.9907,kg,prep
SITE_KIT_01,B00739,ING_BUTTER,2025-12-23T09:00:00,consume,1.101,kg,prep
SITE_KIT_01,B00738,ING_CREAM,2025-12-23T09:00:00,consume,1.872,kg,prep
SITE_KIT_01,B00686,ING_CAPSICUM,2025-12-23T09:00:00,consume,2.721,kg,prep
SITE_KIT_01,B00554,ING_BESAN,2025-12-23T09:00:00,consume,0.91,kg,prep
SITE_KIT_01,B00671,ING_OIL,2025-12-23T09:00:00,consume,2.1905,kg,prep
SITE_KIT_01,B00708,ING_SPINACH,2025-12-23T09:00:00,consume,2.0219,kg,prep
SITE_KIT_01,B00715,ING_SPINACH,2025-12-23T09:00:00,consume,4.0941,kg,prep
SITE_KIT_01,B00669,ING_ATTA,2025-12-23T09:00:00,consume,17.966,kg,prep
SITE_KIT_01,B00737,ING_MILK,2025-12-23T09:00:00,consume,1.508,kg,prep
SITE_KIT_01,B00674,ING_TOORDAL,2025-12-23T09:00:00,consume,3.666,kg,prep
SITE_KIT_01,B00711,ING_CURRYLEAF,2025-12-23T09:00:00,consume,0.1032,kg,prep
SITE_KIT_01,B00725,ING_CURRYLEAF,2025-12-23T09:00:00,consume,0.2507,kg,prep
SITE_KIT_01,B00699,ING_MUTTON,2025-12-23T09:00:00,consume,2.52,kg,prep
SITE_KIT_01,B00732,ING_MUTTON,2025-12-23T09:00:00,consume,2.16,kg,prep
SITE_KIT_01,B00707,ING_BATTER,2025-12-23T09:00:00,consume,0.064,kg,prep
SITE_KIT_01,B00712,ING_BATTER,2025-12-23T09:00:00,consume,11.168,kg,prep
SITE_KIT_01,B00700,ING_FISH,2025-12-23T09:00:00,consume,1.184,kg,prep
SITE_KIT_01,B00733,ING_FISH,2025-12-23T09:00:00,consume,2.976,kg,prep
SITE_KIT_01,B00673,ING_COCONUT,2025-12-23T09:00:00,consume,1.04,kg,prep
SITE_KIT_01,B00615,ING_LEMON,2025-12-23T09:00:00,consume,0.0228,kg,prep
SITE_KIT_01,B00693,ING_LEMON,2025-12-23T09:00:00,consume,1.4546,kg,prep
SITE_KIT_01,B00696,ING_CUCUMBER,2025-12-23T09:00:00,consume,2.7461,kg,prep
SITE_KIT_01,B00729,ING_CUCUMBER,2025-12-23T09:00:00,consume,0.3829,kg,prep
SITE_KIT_01,B00687,ING_CABBAGE,2025-12-23T09:00:00,consume,1.0227,kg,prep
SITE_KIT_01,B00572,ING_CABBAGE,2025-12-23T09:00:00,consume,1.0086,kg,prep
SITE_KIT_01,B00697,ING_BANANA,2025-12-23T09:00:00,consume,3.25,kg,prep
SITE_KIT_01,B00734,ING_EGG,2025-12-23T09:00:00,consume,2.0241,kg,prep
SITE_KIT_01,B00688,ING_BRINJAL,2025-12-23T09:00:00,consume,2.0006,kg,prep
SITE_KIT_01,B00610,ING_BRINJAL,2025-12-23T09:00:00,consume,0.5031,kg,prep
SITE_KIT_01,B00721,ING_BRINJAL,2025-12-23T09:00:00,consume,0.301,kg,prep
SITE_KIT_01,B00689,ING_OKRA,2025-12-23T09:00:00,consume,2.0544,kg,prep
SITE_KIT_01,B00722,ING_OKRA,2025-12-23T09:00:00,consume,1.2258,kg,prep
SITE_KIT_01,B00695,ING_MUSHROOM,2025-12-23T09:00:00,consume,0.6984,kg,prep
SITE_KIT_01,B00650,ING_MUSHROOM,2025-12-23T09:00:00,consume,0.2501,kg,prep
SITE_KIT_01,B00637,ING_SPINACH,2025-12-23T23:00:00,waste,7.173,kg,spoilage
SITE_KIT_01,B00665,ING_MINT,2025-12-23T23:00:00,waste,0.2678,kg,spoilage
SITE_KIT_01,B00741,ING_SPINACH,2025-12-24T07:00:00,receive,8.113,kg,LOT-B00741
SITE_KIT_01,B00742,ING_CORIANDER,2025-12-24T07:00:00,receive,1.25,kg,LOT-B00742
SITE_KIT_01,B00743,ING_MINT,2025-12-24T07:00:00,receive,0.75,kg,LOT-B00743
SITE_KIT_01,B00744,ING_CURRYLEAF,2025-12-24T07:00:00,receive,0.5,kg,LOT-B00744
SITE_KIT_01,B00745,ING_BATTER,2025-12-24T07:00:00,receive,16.0,kg,LOT-B00745
SITE_KIT_01,B00731,ING_CHICKEN,2025-12-24T09:00:00,consume,12.168,kg,prep
SITE_KIT_01,B00668,ING_RICE,2025-12-24T09:00:00,consume,25.337,kg,prep
SITE_KIT_01,B00677,ING_ONION,2025-12-24T09:00:00,consume,29.508,kg,prep
SITE_KIT_01,B00713,ING_TOMATO,2025-12-24T09:00:00,consume,20.5973,kg,prep
SITE_KIT_01,B00736,ING_CURD,2025-12-24T09:00:00,consume,10.0165,kg,prep
SITE_KIT_01,B00683,ING_GINGER,2025-12-24T09:00:00,consume,0.8943,kg,prep
SITE_KIT_01,B00684,ING_GARLIC,2025-12-24T09:00:00,consume,1.4821,kg,prep
SITE_KIT_01,B00717,ING_GCHILLI,2025-12-24T09:00:00,consume,1.4964,kg,prep
SITE_KIT_01,B00743,ING_MINT,2025-12-24T09:00:00,consume,0.5434,kg,prep
SITE_KIT_01,B00709,ING_CORIANDER,2025-12-24T09:00:00,consume,0.4484,kg,prep
SITE_KIT_01,B00716,ING_CORIANDER,2025-12-24T09:00:00,consume,0.7222,kg,prep
SITE_KIT_01,B00667,ING_GHEE,2025-12-24T09:00:00,consume,3.3358,kg,prep
SITE_KIT_01,B00672,ING_CASHEW,2025-12-24T09:00:00,consume,1.0296,kg,prep
SITE_KIT_01,B00718,ING_CARROT,2025-12-24T09:00:00,consume,6.1042,kg,prep
SITE_KIT_01,B00727,ING_BEANS,2025-12-24T09:00:00,consume,3.7048,kg,prep
SITE_KIT_01,B00723,ING_PEAS,2025-12-24T09:00:00,consume,2.782,kg,prep
SITE_KIT_01,B00714,ING_CAULI,2025-12-24T09:00:00,consume,25.3496,kg,prep
SITE_KIT_01,B00679,ING_CAULI,2025-12-24T09:00:00,consume,0.5944,kg,prep
SITE_KIT_01,B00678,ING_POTATO,2025-12-24T09:00:00,consume,14.3578,kg,prep
SITE_KIT_01,B00452,ING_POTATO,2025-12-24T09:00:00,consume,3.7771,kg,prep
SITE_KIT_01,B00735,ING_PANEER,2025-12-24T09:00:00,consume,11.765,kg,prep
SITE_KIT_01,B00739,ING_BUTTER,2025-12-24T09:00:00,consume,2.665,kg,prep
SITE_KIT_01,B00738,ING_CREAM,2025-12-24T09:00:00,consume,2.431,kg,prep
SITE_KIT_01,B00686,ING_CAPSICUM,2025-12-24T09:00:00,consume,3.6087,kg,prep
SITE_KIT_01,B00719,ING_CAPSICUM,2025-12-24T09:00:00,consume,0.0092,kg,prep
SITE_KIT_01,B00554,ING_BESAN,2025-12-24T09:00:00,consume,1.248,kg,prep
SITE_KIT_01,B00671,ING_OIL,2025-12-24T09:00:00,consume,3.549,kg,prep
SITE_KIT_01,B00715,ING_SPINACH,2025-12-24T09:00:00,consume,3.5849,kg,prep
SITE_KIT_01,B00741,ING_SPINACH,2025-12-24T09:00:00,consume,4.6729,kg,prep
SITE_KIT_01,B00669,ING_ATTA,2025-12-24T09:00:00,consume,19.825,kg,prep
SITE_KIT_01,B00737,ING_MILK,2025-12-24T09:00:00,consume,1.885,kg,prep
SITE_KIT_01,B00674,ING_TOORDAL,2025-12-24T09:00:00,consume,4.992,kg,prep
SITE_KIT_01,B00725,ING_CURRYLEAF,2025-12-24T09:00:00,consume,0.1863,kg,prep
SITE_KIT_01,B00744,ING_CURRYLEAF,2025-12-24T09:00:00,consume,0.3586,kg,prep
SITE_KIT_01,B00732,ING_MUTTON,2025-12-24T09:00:00,consume,6.24,kg,prep
SITE_KIT_01,B00745,ING_BATTER,2025-12-24T09:00:00,consume,16.0,kg,prep
SITE_KIT_01,B00712,ING_BATTER,2025-12-24T09:00:00,consume,3.832,kg,prep
SITE_KIT_01,B00740,ING_BATTER,2025-12-24T09:00:00,consume,1.384,kg,prep
SITE_KIT_01,B00733,ING_FISH,2025-12-24T09:00:00,consume,5.2,kg,prep
SITE_KIT_01,B00673,ING_COCONUT,2025-12-24T09:00:00,consume,1.3,kg,prep
SITE_KIT_01,B00693,ING_LEMON,2025-12-24T09:00:00,consume,1.9001,kg,prep
SITE_KIT_01,B00729,ING_CUCUMBER,2025-12-24T09:00:00,consume,4.0444,kg,prep
SITE_KIT_01,B00572,ING_CABBAGE,2025-12-24T09:00:00,consume,0.2847,kg,prep
SITE_KIT_01,B00720,ING_CABBAGE,2025-12-24T09:00:00,consume,2.3035,kg,prep
SITE_KIT_01,B00697,ING_BANANA,2025-12-24T09:00:00,consume,4.1931,kg,prep
SITE_KIT_01,B00734,ING_EGG,2025-12-24T09:00:00,consume,2.5857,kg,prep
SITE_KIT_01,B00721,ING_BRINJAL,2025-12-24T09:00:00,consume,3.4264,kg,prep
SITE_KIT_01,B00722,ING_OKRA,2025-12-24T09:00:00,consume,4.1383,kg,prep
SITE_KIT_01,B00650,ING_MUSHROOM,2025-12-24T09:00:00,consume,0.8216,kg,prep
SITE_KIT_01,B00728,ING_MUSHROOM,2025-12-24T09:00:00,consume,0.3803,kg,prep
SITE_KIT_01,B00452,ING_POTATO,2025-12-24T23:00:00,waste,2.6638,kg,spoilage
SITE_KIT_01,B00681,ING_CORIANDER,2025-12-24T23:00:00,waste,1.25,kg,spoilage
SITE_KIT_01,B00604,ING_GCHILLI,2025-12-24T23:00:00,waste,0.882,kg,spoilage
SITE_KIT_01,B00692,ING_CURRYLEAF,2025-12-24T23:00:00,waste,0.5536,kg,spoilage
SITE_KIT_01,B00746,ING_TOMATO,2025-12-25T07:00:00,receive,61.0,kg,LOT-B00746
SITE_KIT_01,B00747,ING_ONION,2025-12-25T07:00:00,receive,72.0,kg,LOT-B00747
SITE_KIT_01,B00748,ING_POTATO,2025-12-25T07:00:00,receive,62.0,kg,LOT-B00748
SITE_KIT_01,B00749,ING_CAULI,2025-12-25T07:00:00,receive,56.0,kg,LOT-B00749
SITE_KIT_01,B00750,ING_SPINACH,2025-12-25T07:00:00,receive,9.0,kg,LOT-B00750
SITE_KIT_01,B00751,ING_CORIANDER,2025-12-25T07:00:00,receive,1.25,kg,LOT-B00751
SITE_KIT_01,B00752,ING_GCHILLI,2025-12-25T07:00:00,receive,3.0,kg,LOT-B00752
SITE_KIT_01,B00753,ING_GINGER,2025-12-25T07:00:00,receive,4.0,kg,LOT-B00753
SITE_KIT_01,B00754,ING_GARLIC,2025-12-25T07:00:00,receive,10.0,kg,LOT-B00754
SITE_KIT_01,B00755,ING_CARROT,2025-12-25T07:00:00,receive,13.0,kg,LOT-B00755
SITE_KIT_01,B00756,ING_CAPSICUM,2025-12-25T07:00:00,receive,9.0,kg,LOT-B00756
SITE_KIT_01,B00757,ING_CABBAGE,2025-12-25T07:00:00,receive,4.0,kg,LOT-B00757
SITE_KIT_01,B00758,ING_BRINJAL,2025-12-25T07:00:00,receive,7.0,kg,LOT-B00758
SITE_KIT_01,B00759,ING_OKRA,2025-12-25T07:00:00,receive,8.0,kg,LOT-B00759
SITE_KIT_01,B00760,ING_PEAS,2025-12-25T07:00:00,receive,8.0,kg,LOT-B00760
SITE_KIT_01,B00761,ING_MINT,2025-12-25T07:00:00,receive,0.75,kg,LOT-B00761
SITE_KIT_01,B00762,ING_CURRYLEAF,2025-12-25T07:00:00,receive,0.75,kg,LOT-B00762
SITE_KIT_01,B00763,ING_LEMON,2025-12-25T07:00:00,receive,4.0,kg,LOT-B00763
SITE_KIT_01,B00764,ING_BEANS,2025-12-25T07:00:00,receive,7.0,kg,LOT-B00764
SITE_KIT_01,B00765,ING_MUSHROOM,2025-12-25T07:00:00,receive,2.0,kg,LOT-B00765
SITE_KIT_01,B00766,ING_CUCUMBER,2025-12-25T07:00:00,receive,7.0,kg,LOT-B00766
SITE_KIT_01,B00767,ING_BANANA,2025-12-25T07:00:00,receive,9.083,kg,LOT-B00767
SITE_KIT_01,B00768,ING_CHICKEN,2025-12-25T07:00:00,receive,21.0,kg,LOT-B00768
SITE_KIT_01,B00769,ING_MUTTON,2025-12-25T07:00:00,receive,12.0,kg,LOT-B00769
SITE_KIT_01,B00770,ING_FISH,2025-12-25T07:00:00,receive,10.0,kg,LOT-B00770
SITE_KIT_01,B00771,ING_EGG,2025-12-25T07:00:00,receive,4.0,kg,LOT-B00771
SITE_KIT_01,B00772,ING_PANEER,2025-12-25T07:00:00,receive,40.0,kg,LOT-B00772
SITE_KIT_01,B00773,ING_CURD,2025-12-25T07:00:00,receive,19.0,kg,LOT-B00773
SITE_KIT_01,B00774,ING_MILK,2025-12-25T07:00:00,receive,4.0,kg,LOT-B00774
SITE_KIT_01,B00775,ING_CREAM,2025-12-25T07:00:00,receive,4.0,kg,LOT-B00775
SITE_KIT_01,B00776,ING_BUTTER,2025-12-25T07:00:00,receive,5.0,kg,LOT-B00776
SITE_KIT_01,B00777,ING_BATTER,2025-12-25T07:00:00,receive,16.0,kg,LOT-B00777
SITE_KIT_01,B00768,ING_CHICKEN,2025-12-25T09:00:00,consume,14.508,kg,prep
SITE_KIT_01,B00668,ING_RICE,2025-12-25T09:00:00,consume,31.72,kg,prep
SITE_KIT_01,B00677,ING_ONION,2025-12-25T09:00:00,consume,34.9719,kg,prep
SITE_KIT_01,B00713,ING_TOMATO,2025-12-25T09:00:00,consume,7.9878,kg,prep
SITE_KIT_01,B00746,ING_TOMATO,2025-12-25T09:00:00,consume,17.8286,kg,prep
SITE_KIT_01,B00736,ING_CURD,2025-12-25T09:00:00,consume,7.2155,kg,prep
SITE_KIT_01,B00773,ING_CURD,2025-12-25T09:00:00,consume,5.5999,kg,prep
SITE_KIT_01,B00683,ING_GINGER,2025-12-25T09:00:00,consume,0.4742,kg,prep
SITE_KIT_01,B00753,ING_GINGER,2025-12-25T09:00:00,consume,0.6253,kg,prep
SITE_KIT_01,B00754,ING_GARLIC,2025-12-25T09:00:00,consume,1.8266,kg,prep
SITE_KIT_01,B00717,ING_GCHILLI,2025-12-25T09:00:00,consume,0.8666,kg,prep
SITE_KIT_01,B00752,ING_GCHILLI,2025-12-25T09:00:00,consume,0.7188,kg,prep
SITE_KIT_01,B00743,ING_MINT,2025-12-25T09:00:00,consume,0.2066,kg,prep
SITE_KIT_01,B00761,ING_MINT,2025-12-25T09:00:00,consume,0.4616,kg,prep
SITE_KIT_01,B00716,ING_CORIANDER,2025-12-25T09:00:00,consume,0.5278,kg,prep
SITE_KIT_01,B00742,ING_CORIANDER,2025-12-25T09:00:00,consume,0.8551,kg,prep
SITE_KIT_01,B00667,ING_GHEE,2025-12-25T09:00:00,consume,4.0768,kg,prep
SITE_KIT_01,B00672,ING_CASHEW,2025-12-25T09:00:00,consume,1.2844,kg,prep
SITE_KIT_01,B00718,ING_CARROT,2025-12-25T09:00:00,consume,3.7631,kg,prep
SITE_KIT_01,B00755,ING_CARROT,2025-12-25T09:00:00,consume,3.8141,kg,prep
SITE_KIT_01,B00727,ING_BEANS,2025-12-25T09:00:00,consume,1.9894,kg,prep
SITE_KIT_01,B00764,ING_BEANS,2025-12-25T09:00:00,consume,2.5266,kg,prep
SITE_KIT_01,B00723,ING_PEAS,2025-12-25T09:00:00,consume,2.48,kg,prep
SITE_KIT_01,B00760,ING_PEAS,2025-12-25T09:00:00,consume,0.952,kg,prep
SITE_KIT_01,B00749,ING_CAULI,2025-12-25T09:00:00,consume,32.3467,kg,prep
SITE_KIT_01,B00748,ING_POTATO,2025-12-25T09:00:00,consume,16.734,kg,prep
SITE_KIT_01,B00735,ING_PANEER,2025-12-25T09:00:00,consume,4.148,kg,prep
SITE_KIT_01,B00772,ING_PANEER,2025-12-25T09:00:00,consume,10.685,kg,prep
SITE_KIT_01,B00776,ING_BUTTER,2025-12-25T09:00:00,consume,3.7011,kg,prep
SITE_KIT_01,B00738,ING_CREAM,2025-12-25T09:00:00,consume,0.697,kg,prep
SITE_KIT_01,B00660,ING_CREAM,2025-12-25T09:00:00,consume,1.6794,kg,prep
SITE_KIT_01,B00775,ING_CREAM,2025-12-25T09:00:00,consume,0.6916,kg,prep
SITE_KIT_01,B00756,ING_CAPSICUM,2025-12-25T09:00:00,consume,4.3751,kg,prep
SITE_KIT_01,B00554,ING_BESAN,2025-12-25T09:00:00,consume,0.124,kg,prep
SITE_KIT_01,B00670,ING_BESAN,2025-12-25T09:00:00,consume,1.332,kg,prep
SITE_KIT_01,B00671,ING_OIL,2025-12-25T09:00:00,consume,3.458,kg,prep
SITE_KIT_01,B00741,ING_SPINACH,2025-12-25T09:00:00,consume,3.4401,kg,prep
SITE_KIT_01,B00750,ING_SPINACH,2025-12-25T09:00:00,consume,6.3037,kg,prep
SITE_KIT_01,B00669,ING_ATTA,2025-12-25T09:00:00,consume,32.032,kg,prep
SITE_KIT_01,B00737,ING_MILK,2025-12-25T09:00:00,consume,0.607,kg,prep
SITE_KIT_01,B00704,ING_MILK,2025-12-25T09:00:00,consume,1.466,kg,prep
SITE_KIT_01,B00774,ING_MILK,2025-12-25T09:00:00,consume,0.865,kg,prep
SITE_KIT_01,B00674,ING_TOORDAL,2025-12-25T09:00:00,consume,5.928,kg,prep
SITE_KIT_01,B00744,ING_CURRYLEAF,2025-12-25T09:00:00,consume,0.1414,kg,prep
SITE_KIT_01,B00762,ING_CURRYLEAF,2025-12-25T09:00:00,consume,0.4001,kg,prep
SITE_KIT_01,B00769,ING_MUTTON,2025-12-25T09:00:00,consume,7.28,kg,prep
SITE_KIT_01,B00740,ING_BATTER,2025-12-25T09:00:00,consume,14.616,kg,prep
SITE_KIT_01,B00777,ING_BATTER,2025-12-25T09:00:00,consume,2.856,kg,prep
SITE_KIT_01,B00733,ING_FISH,2025-12-25T09:00:00,consume,3.824,kg,prep
SITE_KIT_01,B00770,ING_FISH,2025-12-25T09:00:00,consume,2.416,kg,prep
SITE_KIT_01,B00673,ING_COCONUT,2025-12-25T09:00:00,consume,1.56,kg,prep
SITE_KIT_01,B00763,ING_LEMON,2025-12-25T09:00:00,consume,2.3409,kg,prep
SITE_KIT_01,B00766,ING_CUCUMBER,2025-12-25T09:00:00,consume,5.1217,kg,prep
SITE_KIT_01,B00720,ING_CABBAGE,2025-12-25T09:00:00,consume,2.6965,kg,prep
SITE_KIT_01,B00757,ING_CABBAGE,2025-12-25T09:00:00,consume,0.6493,kg,prep
SITE_KIT_01,B00767,ING_BANANA,2025-12-25T09:00:00,consume,5.3752,kg,prep
SITE_KIT_01,B00734,ING_EGG,2025-12-25T09:00:00,consume,0.3902,kg,prep
SITE_KIT_01,B00771,ING_EGG,2025-12-25T09:00:00,consume,2.8858,kg,prep
SITE_KIT_01,B00758,ING_BRINJAL,2025-12-25T09:00:00,consume,4.569,kg,prep
SITE_KIT_01,B00722,ING_OKRA,2025-12-25T09:00:00,consume,2.636,kg,prep
SITE_KIT_01,B00644,ING_OKRA,2025-12-25T09:00:00,consume,1.3502,kg,prep
SITE_KIT_01,B00759,ING_OKRA,2025-12-25T09:00:00,consume,1.2234,kg,prep
SITE_KIT_01,B00765,ING_MUSHROOM,2025-12-25T09:00:00,consume,1.5375,kg,prep
SITE_KIT_01,B00710,ING_MINT,2025-12-25T23:00:00,waste,0.75,kg,spoilage
SITE_KIT_01,B00778,ING_SPINACH,2025-12-26T07:00:00,receive,14.0,kg,LOT-B00778
SITE_KIT_01,B00779,ING_CORIANDER,2025-12-26T07:00:00,receive,1.5,kg,LOT-B00779
SITE_KIT_01,B00780,ING_MINT,2025-12-26T07:00:00,receive,0.75,kg,LOT-B00780
SITE_KIT_01,B00781,ING_CURRYLEAF,2025-12-26T07:00:00,receive,0.75,kg,LOT-B00781
SITE_KIT_01,B00782,ING_BATTER,2025-12-26T07:00:00,receive,17.0,kg,LOT-B00782
SITE_KIT_01,B00768,ING_CHICKEN,2025-12-26T09:00:00,consume,6.492,kg,prep
SITE_KIT_01,B00731,ING_CHICKEN,2025-12-26T09:00:00,consume,9.668,kg,prep
SITE_KIT_01,B00668,ING_RICE,2025-12-26T09:00:00,consume,33.345,kg,prep
SITE_KIT_01,B00677,ING_ONION,2025-12-26T09:00:00,consume,35.1832,kg,prep
SITE_KIT_01,B00746,ING_TOMATO,2025-12-26T09:00:00,consume,25.5046,kg,prep
SITE_KIT_01,B00773,ING_CURD,2025-12-26T09:00:00,consume,13.0312,kg,prep
SITE_KIT_01,B00753,ING_GINGER,2025-12-26T09:00:00,consume,1.1653,kg,prep
SITE_KIT_01,B00754,ING_GARLIC,2025-12-26T09:00:00,consume,1.8233,kg,prep
SITE_KIT_01,B00752,ING_GCHILLI,2025-12-26T09:00:00,consume,1.6018,kg,prep
SITE_KIT_01,B00761,ING_MINT,2025-12-26T09:00:00,consume,0.2884,kg,prep
SITE_KIT_01,B00724,ING_MINT,2025-12-26T09:00:00,consume,0.448,kg,prep
SITE_KIT_01,B00742,ING_CORIANDER,2025-12-26T09:00:00,consume,0.3949,kg,prep
SITE_KIT_01,B00751,ING_CORIANDER,2025-12-26T09:00:00,consume,1.0778,kg,prep
SITE_KIT_01,B00667,ING_GHEE,2025-12-26T09:00:00,consume,4.3615,kg,prep
SITE_KIT_01,B00672,ING_CASHEW,2025-12-26T09:00:00,consume,1.352,kg,prep
SITE_KIT_01,B00755,ING_CARROT,2025-12-26T09:00:00,consume,6.9965,kg,prep
SITE_KIT_01,B00764,ING_BEANS,2025-12-26T09:00:00,consume,4.1725,kg,prep
SITE_KIT_01,B00760,ING_PEAS,2025-12-26T09:00:00,consume,3.224,kg,prep
SITE_KIT_01,B00749,ING_CAULI,2025-12-26T09:00:00,consume,23.6533,kg,prep
SITE_KIT_01,B00679,ING_CAULI,2025-12-26T09:00:00,consume,5.6134,kg,prep
SITE_KIT_01,B00748,ING_POTATO,2025-12-26T09:00:00,consume,13.8403,kg,prep
SITE_KIT_01,B00772,ING_PANEER,2025-12-26T09:00:00,consume,13.559,kg,prep
SITE_KIT_01,B00776,ING_BUTTER,2025-12-26T09:00:00,consume,1.2989,kg,prep
SITE_KIT_01,B00739,ING_BUTTER,2025-12-26T09:00:00,consume,2.0161,kg,prep
SITE_KIT_01,B00775,ING_CREAM,2025-12-26T09:00:00,consume,2.8054,kg,prep
SITE_KIT_01,B00756,ING_CAPSICUM,2025-12-26T09:00:00,consume,4.3167,kg,prep
SITE_KIT_01,B00670,ING_BESAN,2025-12-26T09:00:00,consume,1.378,kg,prep
SITE_KIT_01,B00671,ING_OIL,2025-12-26T09:00:00,consume,1.6245,kg,prep
SITE_KIT_01,B00412,ING_OIL,2025-12-26T09:00:00,consume,1.3655,kg,prep
SITE_KIT_01,B00778,ING_SPINACH,2025-12-26T09:00:00,consume,9.0834,kg,prep
SITE_KIT_01,B00669,ING_ATTA,2025-12-26T09:00:00,consume,13.079,kg,prep
SITE_KIT_01,B00553,ING_ATTA,2025-12-26T09:00:00,consume,14.611,kg,prep
SITE_KIT_01,B00774,ING_MILK,2025-12-26T09:00:00,consume,2.574,kg,prep
SITE_KIT_01,B00674,ING_TOORDAL,2025-12-26T09:00:00,consume,5.928,kg,prep
SITE_KIT_01,B00762,ING_CURRYLEAF,2025-12-26T09:00:00,consume,0.3499,kg,prep
SITE_KIT_01,B00781,ING_CURRYLEAF,2025-12-26T09:00:00,consume,0.1622,kg,prep
SITE_KIT_01,B00769,ING_MUTTON,2025-12-26T09:00:00,consume,4.72,kg,prep
SITE_KIT_01,B00732,ING_MUTTON,2025-12-26T09:00:00,consume,3.86,kg,prep
SITE_KIT_01,B00782,ING_BATTER,2025-12-26T09:00:00,consume,13.52,kg,prep
SITE_KIT_01,B00770,ING_FISH,2025-12-26T09:00:00,consume,7.072,kg,prep
SITE_KIT_01,B00673,ING_COCONUT,2025-12-26T09:00:00,consume,1.768,kg,prep
SITE_KIT_01,B00763,ING_LEMON,2025-12-26T09:00:00,consume,1.6591,kg,prep
SITE_KIT_01,B00693,ING_LEMON,2025-12-26T09:00:00,consume,0.6897,kg,prep
SITE_KIT_01,B00766,ING_CUCUMBER,2025-12-26T09:00:00,consume,1.8783,kg,prep
SITE_KIT_01,B00729,ING_CUCUMBER,2025-12-26T09:00:00,consume,2.8994,kg,prep
SITE_KIT_01,B00757,ING_CABBAGE,2025-12-26T09:00:00,consume,3.1371,kg,prep
SITE_KIT_01,B00767,ING_BANANA,2025-12-26T09:00:00,consume,3.7078,kg,prep
SITE_KIT_01,B00697,ING_BANANA,2025-12-26T09:00:00,consume,0.3204,kg,prep
SITE_KIT_01,B00730,ING_BANANA,2025-12-26T09:00:00,consume,1.063,kg,prep
SITE_KIT_01,B00771,ING_EGG,2025-12-26T09:00:00,consume,1.1142,kg,prep
SITE_KIT_01,B00701,ING_EGG,2025-12-26T09:00:00,consume,1.9863,kg,prep
SITE_KIT_01,B00758,ING_BRINJAL,2025-12-26T09:00:00,consume,2.431,kg,prep
SITE_KIT_01,B00721,ING_BRINJAL,2025-12-26T09:00:00,consume,1.7821,kg,prep
SITE_KIT_01,B00759,ING_OKRA,2025-12-26T09:00:00,consume,4.9398,kg,prep
SITE_KIT_01,B00765,ING_MUSHROOM,2025-12-26T09:00:00,consume,0.4625,kg,prep
SITE_KIT_01,B00728,ING_MUSHROOM,2025-12-26T09:00:00,consume,0.9939,kg,prep
SITE_KIT_01,B00724,ING_MINT,2025-12-26T23:00:00,waste,0.302,kg,spoilage
SITE_KIT_01,B00649,ING_BEANS,2025-12-26T23:00:00,waste,1.213,kg,spoilage
SITE_KIT_01,B00701,ING_EGG,2025-12-26T23:00:00,waste,0.2407,kg,spoilage
SITE_KIT_01,B00783,ING_TOMATO,2025-12-27T07:00:00,receive,31.0,kg,LOT-B00783
SITE_KIT_01,B00784,ING_CAULI,2025-12-27T07:00:00,receive,59.123,kg,LOT-B00784
SITE_KIT_01,B00785,ING_SPINACH,2025-12-27T07:00:00,receive,10.0,kg,LOT-B00785
SITE_KIT_01,B00786,ING_CORIANDER,2025-12-27T07:00:00,receive,1.25,kg,LOT-B00786
SITE_KIT_01,B00787,ING_GCHILLI,2025-12-27T07:00:00,receive,4.0,kg,LOT-B00787
SITE_KIT_01,B00788,ING_CARROT,2025-12-27T07:00:00,receive,14.0,kg,LOT-B00788
SITE_KIT_01,B00789,ING_CAPSICUM,2025-12-27T07:00:00,receive,6.0,kg,LOT-B00789
SITE_KIT_01,B00790,ING_CABBAGE,2025-12-27T07:00:00,receive,8.0,kg,LOT-B00790
SITE_KIT_01,B00791,ING_BRINJAL,2025-12-27T07:00:00,receive,9.0,kg,LOT-B00791
SITE_KIT_01,B00792,ING_OKRA,2025-12-27T07:00:00,receive,11.0,kg,LOT-B00792
SITE_KIT_01,B00793,ING_PEAS,2025-12-27T07:00:00,receive,5.0,kg,LOT-B00793
SITE_KIT_01,B00794,ING_MINT,2025-12-27T07:00:00,receive,0.75,kg,LOT-B00794
SITE_KIT_01,B00795,ING_CURRYLEAF,2025-12-27T07:00:00,receive,0.75,kg,LOT-B00795
SITE_KIT_01,B00796,ING_LEMON,2025-12-27T07:00:00,receive,5.0,kg,LOT-B00796
SITE_KIT_01,B00797,ING_BEANS,2025-12-27T07:00:00,receive,10.0,kg,LOT-B00797
SITE_KIT_01,B00798,ING_MUSHROOM,2025-12-27T07:00:00,receive,3.0,kg,LOT-B00798
SITE_KIT_01,B00799,ING_CUCUMBER,2025-12-27T07:00:00,receive,11.0,kg,LOT-B00799
SITE_KIT_01,B00800,ING_BANANA,2025-12-27T07:00:00,receive,9.0,kg,LOT-B00800
SITE_KIT_01,B00801,ING_CHICKEN,2025-12-27T07:00:00,receive,34.0,kg,LOT-B00801
SITE_KIT_01,B00802,ING_MUTTON,2025-12-27T07:00:00,receive,15.0,kg,LOT-B00802
SITE_KIT_01,B00803,ING_FISH,2025-12-27T07:00:00,receive,14.0,kg,LOT-B00803
SITE_KIT_01,B00804,ING_EGG,2025-12-27T07:00:00,receive,7.0,kg,LOT-B00804
SITE_KIT_01,B00805,ING_PANEER,2025-12-27T07:00:00,receive,15.0,kg,LOT-B00805
SITE_KIT_01,B00806,ING_CURD,2025-12-27T07:00:00,receive,27.0,kg,LOT-B00806
SITE_KIT_01,B00807,ING_MILK,2025-12-27T07:00:00,receive,6.0,kg,LOT-B00807
SITE_KIT_01,B00808,ING_CREAM,2025-12-27T07:00:00,receive,6.0,kg,LOT-B00808
SITE_KIT_01,B00809,ING_BUTTER,2025-12-27T07:00:00,receive,7.0,kg,LOT-B00809
SITE_KIT_01,B00810,ING_GHEE,2025-12-27T07:00:00,receive,15.0,kg,LOT-B00810
SITE_KIT_01,B00811,ING_RICE,2025-12-27T07:00:00,receive,190.0,kg,LOT-B00811
SITE_KIT_01,B00812,ING_ATTA,2025-12-27T07:00:00,receive,180.0,kg,LOT-B00812
SITE_KIT_01,B00813,ING_BESAN,2025-12-27T07:00:00,receive,10.0,kg,LOT-B00813
SITE_KIT_01,B00814,ING_OIL,2025-12-27T07:00:00,receive,25.0,kg,LOT-B00814
SITE_KIT_01,B00815,ING_CASHEW,2025-12-27T07:00:00,receive,10.0,kg,LOT-B00815
SITE_KIT_01,B00816,ING_COCONUT,2025-12-27T07:00:00,receive,10.0,kg,LOT-B00816
SITE_KIT_01,B00817,ING_TOORDAL,2025-12-27T07:00:00,receive,35.0,kg,LOT-B00817
SITE_KIT_01,B00818,ING_BATTER,2025-12-27T07:00:00,receive,16.0,kg,LOT-B00818
SITE_KIT_01,B00801,ING_CHICKEN,2025-12-27T09:00:00,consume,17.784,kg,prep
SITE_KIT_01,B00668,ING_RICE,2025-12-27T09:00:00,consume,21.913,kg,prep
SITE_KIT_01,B00811,ING_RICE,2025-12-27T09:00:00,consume,12.732,kg,prep
SITE_KIT_01,B00677,ING_ONION,2025-12-27T09:00:00,consume,17.3331,kg,prep
SITE_KIT_01,B00747,ING_ONION,2025-12-27T09:00:00,consume,20.2673,kg,prep
SITE_KIT_01,B00746,ING_TOMATO,2025-12-27T09:00:00,consume,17.6668,kg,prep
SITE_KIT_01,B00783,ING_TOMATO,2025-12-27T09:00:00,consume,10.1264,kg,prep
SITE_KIT_01,B00773,ING_CURD,2025-12-27T09:00:00,consume,0.3689,kg,prep
SITE_KIT_01,B00806,ING_CURD,2025-12-27T09:00:00,consume,12.8326,kg,prep
SITE_KIT_01,B00753,ING_GINGER,2025-12-27T09:00:00,consume,1.2644,kg,prep
SITE_KIT_01,B00754,ING_GARLIC,2025-12-27T09:00:00,consume,2.0496,kg,prep
SITE_KIT_01,B00787,ING_GCHILLI,2025-12-27T09:00:00,consume,1.737,kg,prep
SITE_KIT_01,B00780,ING_MINT,2025-12-27T09:00:00,consume,0.75,kg,prep
SITE_KIT_01,B00794,ING_MINT,2025-12-27T09:00:00,consume,0.0076,kg,prep
SITE_KIT_01,B00751,ING_CORIANDER,2025-12-27T09:00:00,consume,0.1722,kg,prep
SITE_KIT_01,B00779,ING_CORIANDER,2025-12-27T09:00:00,consume,1.4431,kg,prep
SITE_KIT_01,B00667,ING_GHEE,2025-12-27T09:00:00,consume,4.6475,kg,prep
SITE_KIT_01,B00672,ING_CASHEW,2025-12-27T09:00:00,consume,0.7324,kg,prep
SITE_KIT_01,B00815,ING_CASHEW,2025-12-27T09:00:00,consume,0.682,kg,prep
SITE_KIT_01,B00788,ING_CARROT,2025-12-27T09:00:00,consume,7.4899,kg,prep
SITE_KIT_01,B00764,ING_BEANS,2025-12-27T09:00:00,consume,0.3009,kg,prep
SITE_KIT_01,B00797,ING_BEANS,2025-12-27T09:00:00,consume,4.3615,kg,prep
SITE_KIT_01,B00793,ING_PEAS,2025-12-27T09:00:00,consume,3.562,kg,prep
SITE_KIT_01,B00784,ING_CAULI,2025-12-27T09:00:00,consume,32.4321,kg,prep
SITE_KIT_01,B00748,ING_POTATO,2025-12-27T09:00:00,consume,15.7189,kg,prep
SITE_KIT_01,B00772,ING_PANEER,2025-12-27T09:00:00,consume,15.392,kg,prep
SITE_KIT_01,B00809,ING_BUTTER,2025-12-27T09:00:00,consume,3.5295,kg,prep
SITE_KIT_01,B00775,ING_CREAM,2025-12-27T09:00:00,consume,0.503,kg,prep
SITE_KIT_01,B00808,ING_CREAM,2025-12-27T09:00:00,consume,2.656,kg,prep
SITE_KIT_01,B00756,ING_CAPSICUM,2025-12-27T09:00:00,consume,0.3083,kg,prep
SITE_KIT_01,B00789,ING_CAPSICUM,2025-12-27T09:00:00,consume,4.3073,kg,prep
SITE_KIT_01,B00813,ING_BESAN,2025-12-27T09:00:00,consume,1.56,kg,prep
SITE_KIT_01,B00412,ING_OIL,2025-12-27T09:00:00,consume,0.977,kg,prep
SITE_KIT_01,B00814,ING_OIL,2025-12-27T09:00:00,consume,2.494,kg,prep
SITE_KIT_01,B00778,ING_SPINACH,2025-12-27T09:00:00,consume,4.9166,kg,prep
SITE_KIT_01,B00750,ING_SPINACH,2025-12-27T09:00:00,consume,2.6963,kg,prep
SITE_KIT_01,B00785,ING_SPINACH,2025-12-27T09:00:00,consume,3.0339,kg,prep
SITE_KIT_01,B00553,ING_ATTA,2025-12-27T09:00:00,consume,3.039,kg,prep
SITE_KIT_01,B00812,ING_ATTA,2025-12-27T09:00:00,consume,25.236,kg,prep
SITE_KIT_01,B00774,ING_MILK,2025-12-27T09:00:00,consume,0.561,kg,prep
SITE_KIT_01,B00807,ING_MILK,2025-12-27T09:00:00,consume,1.974,kg,prep
SITE_KIT_01,B00674,ING_TOORDAL,2025-12-27T09:00:00,consume,3.184,kg,prep
SITE_KIT_01,B00558,ING_TOORDAL,2025-12-27T09:00:00,consume,3.29,kg,prep
SITE_KIT_01,B00781,ING_CURRYLEAF,2025-12-27T09:00:00,consume,0.5743,kg,prep
SITE_KIT_01,B00802,ING_MUTTON,2025-12-27T09:00:00,consume,10.14,kg,prep
SITE_KIT_01,B00782,ING_BATTER,2025-12-27T09:00:00,consume,3.48,kg,prep
SITE_KIT_01,B00818,ING_BATTER,2025-12-27T09:00:00,consume,12.744,kg,prep
SITE_KIT_01,B00770,ING_FISH,2025-12-27T09:00:00,consume,0.512,kg,prep
SITE_KIT_01,B00803,ING_FISH,2025-12-27T09:00:00,consume,6.976,kg,prep
SITE_KIT_01,B00673,ING_COCONUT,2025-12-27T09:00:00,consume,1.872,kg,prep
SITE_KIT_01,B00693,ING_LEMON,2025-12-27T09:00:00,consume,2.2649,kg,prep
SITE_KIT_01,B00799,ING_CUCUMBER,2025-12-27T09:00:00,consume,4.7876,kg,prep
SITE_KIT_01,B00757,ING_CABBAGE,2025-12-27T09:00:00,consume,0.2136,kg,prep
SITE_KIT_01,B00790,ING_CABBAGE,2025-12-27T09:00:00,consume,2.924,kg,prep
SITE_KIT_01,B00800,ING_BANANA,2025-12-27T09:00:00,consume,5.1251,kg,prep
SITE_KIT_01,B00804,ING_EGG,2025-12-27T09:00:00,consume,3.0771,kg,prep
SITE_KIT_01,B00791,ING_BRINJAL,2025-12-27T09:00:00,consume,4.2108,kg,prep
SITE_KIT_01,B00759,ING_OKRA,2025-12-27T09:00:00,consume,1.8369,kg,prep
SITE_KIT_01,B00792,ING_OKRA,2025-12-27T09:00:00,consume,2.9981,kg,prep
SITE_KIT_01,B00798,ING_MUSHROOM,2025-12-27T09:00:00,consume,1.4343,kg,prep
SITE_KIT_01,B00693,ING_LEMON,2025-12-27T23:00:00,waste,0.6906,kg,spoilage
SITE_KIT_01,B00702,ING_PANEER,2025-12-27T23:00:00,waste,2.036,kg,spoilage
SITE_KIT_01,B00777,ING_BATTER,2025-12-27T23:00:00,waste,13.144,kg,spoilage
SITE_KIT_01,B00819,ING_SPINACH,2025-12-28T07:00:00,receive,10.0,kg,LOT-B00819
SITE_KIT_01,B00820,ING_CORIANDER,2025-12-28T07:00:00,receive,1.5,kg,LOT-B00820
SITE_KIT_01,B00821,ING_MINT,2025-12-28T07:00:00,receive,0.75,kg,LOT-B00821
SITE_KIT_01,B00822,ING_CURRYLEAF,2025-12-28T07:00:00,receive,0.75,kg,LOT-B00822
SITE_KIT_01,B00823,ING_BATTER,2025-12-28T07:00:00,receive,15.0,kg,LOT-B00823
SITE_KIT_01,B00801,ING_CHICKEN,2025-12-28T09:00:00,consume,15.444,kg,prep
SITE_KIT_01,B00811,ING_RICE,2025-12-28T09:00:00,consume,31.161,kg,prep
SITE_KIT_01,B00747,ING_ONION,2025-12-28T09:00:00,consume,34.0206,kg,prep
SITE_KIT_01,B00783,ING_TOMATO,2025-12-28T09:00:00,consume,20.8736,kg,prep
SITE_KIT_01,B00676,ING_TOMATO,2025-12-28T09:00:00,consume,3.715,kg,prep
SITE_KIT_01,B00806,ING_CURD,2025-12-28T09:00:00,consume,11.9782,kg,prep
SITE_KIT_01,B00753,ING_GINGER,2025-12-28T09:00:00,consume,0.945,kg,prep
SITE_KIT_01,B00527,ING_GINGER,2025-12-28T09:00:00,consume,0.1476,kg,prep
SITE_KIT_01,B00754,ING_GARLIC,2025-12-28T09:00:00,consume,1.8294,kg,prep
SITE_KIT_01,B00787,ING_GCHILLI,2025-12-28T09:00:00,consume,1.5394,kg,prep
SITE_KIT_01,B00821,ING_MINT,2025-12-28T09:00:00,consume,0.6535,kg,prep
SITE_KIT_01,B00820,ING_CORIANDER,2025-12-28T09:00:00,consume,1.4096,kg,prep
SITE_KIT_01,B00667,ING_GHEE,2025-12-28T09:00:00,consume,4.1834,kg,prep
SITE_KIT_01,B00815,ING_CASHEW,2025-12-28T09:00:00,consume,1.2428,kg,prep
SITE_KIT_01,B00788,ING_CARROT,2025-12-28T09:00:00,consume,6.5101,kg,prep
SITE_KIT_01,B00755,ING_CARROT,2025-12-28T09:00:00,consume,0.475,kg,prep
SITE_KIT_01,B00797,ING_BEANS,2025-12-28T09:00:00,consume,4.3644,kg,prep
SITE_KIT_01,B00793,ING_PEAS,2025-12-28T09:00:00,consume,1.438,kg,prep
SITE_KIT_01,B00760,ING_PEAS,2025-12-28T09:00:00,consume,1.864,kg,prep
SITE_KIT_01,B00784,ING_CAULI,2025-12-28T09:00:00,consume,26.6909,kg,prep
SITE_KIT_01,B00679,ING_CAULI,2025-12-28T09:00:00,consume,2.6408,kg,prep
SITE_KIT_01,B00748,ING_POTATO,2025-12-28T09:00:00,consume,14.6345,kg,prep
SITE_KIT_01,B00772,ING_PANEER,2025-12-28T09:00:00,consume,0.364,kg,prep
SITE_KIT_01,B00805,ING_PANEER,2025-12-28T09:00:00,consume,13.377,kg,prep
SITE_KIT_01,B00809,ING_BUTTER,2025-12-28T09:00:00,consume,3.1018,kg,prep
SITE_KIT_01,B00808,ING_CREAM,2025-12-28T09:00:00,consume,2.8626,kg,prep
SITE_KIT_01,B00789,ING_CAPSICUM,2025-12-28T09:00:00,consume,1.6927,kg,prep
SITE_KIT_01,B00719,ING_CAPSICUM,2025-12-28T09:00:00,consume,2.5256,kg,prep
SITE_KIT_01,B00813,ING_BESAN,2025-12-28T09:00:00,consume,1.378,kg,prep
SITE_KIT_01,B00814,ING_OIL,2025-12-28T09:00:00,consume,3.107,kg,prep
SITE_KIT_01,B00785,ING_SPINACH,2025-12-28T09:00:00,consume,6.9661,kg,prep
SITE_KIT_01,B00819,ING_SPINACH,2025-12-28T09:00:00,consume,2.4784,kg,prep
SITE_KIT_01,B00812,ING_ATTA,2025-12-28T09:00:00,consume,24.57,kg,prep
SITE_KIT_01,B00807,ING_MILK,2025-12-28T09:00:00,consume,2.184,kg,prep
SITE_KIT_01,B00558,ING_TOORDAL,2025-12-28T09:00:00,consume,2.13,kg,prep
SITE_KIT_01,B00817,ING_TOORDAL,2025-12-28T09:00:00,consume,3.954,kg,prep
SITE_KIT_01,B00781,ING_CURRYLEAF,2025-12-28T09:00:00,consume,0.0135,kg,prep
SITE_KIT_01,B00822,ING_CURRYLEAF,2025-12-28T09:00:00,consume,0.5091,kg,prep
SITE_KIT_01,B00802,ING_MUTTON,2025-12-28T09:00:00,consume,4.86,kg,prep
SITE_KIT_01,B00732,ING_MUTTON,2025-12-28T09:00:00,consume,1.74,kg,prep
SITE_KIT_01,B00818,ING_BATTER,2025-12-28T09:00:00,consume,3.256,kg,prep
SITE_KIT_01,B00823,ING_BATTER,2025-12-28T09:00:00,consume,11.512,kg,prep
SITE_KIT_01,B00803,ING_FISH,2025-12-28T09:00:00,consume,6.864,kg,prep
SITE_KIT_01,B00673,ING_COCONUT,2025-12-28T09:00:00,consume,1.716,kg,prep
SITE_KIT_01,B00726,ING_LEMON,2025-12-28T09:00:00,consume,2.2041,kg,prep
SITE_KIT_01,B00799,ING_CUCUMBER,2025-12-28T09:00:00,consume,4.5779,kg,prep
SITE_KIT_01,B00790,ING_CABBAGE,2025-12-28T09:00:00,consume,2.9341,kg,prep
SITE_KIT_01,B00800,ING_BANANA,2025-12-28T09:00:00,consume,3.8749,kg,prep
SITE_KIT_01,B00730,ING_BANANA,2025-12-28T09:00:00,consume,1.0008,kg,prep
SITE_KIT_01,B00804,ING_EGG,2025-12-28T09:00:00,consume,2.9601,kg,prep
SITE_KIT_01,B00791,ING_BRINJAL,2025-12-28T09:00:00,consume,4.0876,kg,prep
SITE_KIT_01,B00792,ING_OKRA,2025-12-28T09:00:00,consume,4.7624,kg,prep
SITE_KIT_01,B00798,ING_MUSHROOM,2025-12-28T09:00:00,consume,1.3819,kg,prep
SITE_KIT_01,B00676,ING_TOMATO,2025-12-28T23:00:00,waste,7.454,kg,spoilage
SITE_KIT_01,B00527,ING_GINGER,2025-12-28T23:00:00,waste,1.4392,kg,spoilage
SITE_KIT_01,B00824,ING_TOMATO,2025-12-29T07:00:00,receive,55.0,kg,LOT-B00824
SITE_KIT_01,B00825,ING_ONION,2025-12-29T07:00:00,receive,130.0,kg,LOT-B00825
SITE_KIT_01,B00826,ING_POTATO,2025-12-29T07:00:00,receive,68.0,kg,LOT-B00826
SITE_KIT_01,B00827,ING_CAULI,2025-12-29T07:00:00,receive,67.0,kg,LOT-B00827
SITE_KIT_01,B00828,ING_SPINACH,2025-12-29T07:00:00,receive,9.11,kg,LOT-B00828
SITE_KIT_01,B00829,ING_CORIANDER,2025-12-29T07:00:00,receive,1.5,kg,LOT-B00829
SITE_KIT_01,B00830,ING_GCHILLI,2025-12-29T07:00:00,receive,3.0,kg,LOT-B00830
SITE_KIT_01,B00831,ING_GINGER,2025-12-29T07:00:00,receive,6.0,kg,LOT-B00831
SITE_KIT_01,B00832,ING_GARLIC,2025-12-29T07:00:00,receive,4.0,kg,LOT-B00832
SITE_KIT_01,B00833,ING_CARROT,2025-12-29T07:00:00,receive,14.0,kg,LOT-B00833
SITE_KIT_01,B00834,ING_CAPSICUM,2025-12-29T07:00:00,receive,8.0,kg,LOT-B00834
SITE_KIT_01,B00835,ING_CABBAGE,2025-12-29T07:00:00,receive,5.0,kg,LOT-B00835
SITE_KIT_01,B00836,ING_BRINJAL,2025-12-29T07:00:00,receive,8.0,kg,LOT-B00836
SITE_KIT_01,B00837,ING_OKRA,2025-12-29T07:00:00,receive,8.0,kg,LOT-B00837
SITE_KIT_01,B00838,ING_PEAS,2025-12-29T07:00:00,receive,6.0,kg,LOT-B00838
SITE_KIT_01,B00839,ING_MINT,2025-12-29T07:00:00,receive,0.75,kg,LOT-B00839
SITE_KIT_01,B00840,ING_CURRYLEAF,2025-12-29T07:00:00,receive,0.5,kg,LOT-B00840
SITE_KIT_01,B00841,ING_LEMON,2025-12-29T07:00:00,receive,5.0,kg,LOT-B00841
SITE_KIT_01,B00842,ING_BEANS,2025-12-29T07:00:00,receive,15.0,kg,LOT-B00842
SITE_KIT_01,B00843,ING_MUSHROOM,2025-12-29T07:00:00,receive,3.0,kg,LOT-B00843
SITE_KIT_01,B00844,ING_CUCUMBER,2025-12-29T07:00:00,receive,8.0,kg,LOT-B00844
SITE_KIT_01,B00845,ING_BANANA,2025-12-29T07:00:00,receive,15.0,kg,LOT-B00845
SITE_KIT_01,B00846,ING_CHICKEN,2025-12-29T07:00:00,receive,32.0,kg,LOT-B00846
SITE_KIT_01,B00847,ING_MUTTON,2025-12-29T07:00:00,receive,17.0,kg,LOT-B00847
SITE_KIT_01,B00848,ING_FISH,2025-12-29T07:00:00,receive,14.0,kg,LOT-B00848
SITE_KIT_01,B00849,ING_EGG,2025-12-29T07:00:00,receive,5.0,kg,LOT-B00849
SITE_KIT_01,B00850,ING_PANEER,2025-12-29T07:00:00,receive,30.0,kg,LOT-B00850
SITE_KIT_01,B00851,ING_CURD,2025-12-29T07:00:00,receive,26.0,kg,LOT-B00851
SITE_KIT_01,B00852,ING_MILK,2025-12-29T07:00:00,receive,4.0,kg,LOT-B00852
SITE_KIT_01,B00853,ING_CREAM,2025-12-29T07:00:00,receive,6.0,kg,LOT-B00853
SITE_KIT_01,B00854,ING_BUTTER,2025-12-29T07:00:00,receive,7.0,kg,LOT-B00854
SITE_KIT_01,B00855,ING_BATTER,2025-12-29T07:00:00,receive,17.0,kg,LOT-B00855
SITE_KIT_01,B00801,ING_CHICKEN,2025-12-29T09:00:00,consume,0.772,kg,prep
SITE_KIT_01,B00846,ING_CHICKEN,2025-12-29T09:00:00,consume,7.886,kg,prep
SITE_KIT_01,B00811,ING_RICE,2025-12-29T09:00:00,consume,19.149,kg,prep
SITE_KIT_01,B00747,ING_ONION,2025-12-29T09:00:00,consume,17.7121,kg,prep
SITE_KIT_01,B00825,ING_ONION,2025-12-29T09:00:00,consume,3.0647,kg,prep
SITE_KIT_01,B00824,ING_TOMATO,2025-12-29T09:00:00,consume,16.9536,kg,prep
SITE_KIT_01,B00806,ING_CURD,2025-12-29T09:00:00,consume,2.1892,kg,prep
SITE_KIT_01,B00851,ING_CURD,2025-12-29T09:00:00,consume,4.9153,kg,prep
SITE_KIT_01,B00831,ING_GINGER,2025-12-29T09:00:00,consume,0.7098,kg,prep
SITE_KIT_01,B00754,ING_GARLIC,2025-12-29T09:00:00,consume,1.1595,kg,prep
SITE_KIT_01,B00787,ING_GCHILLI,2025-12-29T09:00:00,consume,0.7236,kg,prep
SITE_KIT_01,B00830,ING_GCHILLI,2025-12-29T09:00:00,consume,0.2212,kg,prep
SITE_KIT_01,B00821,ING_MINT,2025-12-29T09:00:00,consume,0.0965,kg,prep
SITE_KIT_01,B00794,ING_MINT,2025-12-29T09:00:00,consume,0.3021,kg,prep
SITE_KIT_01,B00820,ING_CORIANDER,2025-12-29T09:00:00,consume,0.0904,kg,prep
SITE_KIT_01,B00779,ING_CORIANDER,2025-12-29T09:00:00,consume,0.0569,kg,prep
SITE_KIT_01,B00786,ING_CORIANDER,2025-12-29T09:00:00,consume,0.7126,kg,prep
SITE_KIT_01,B00667,ING_GHEE,2025-12-29T09:00:00,consume,2.4544,kg,prep
SITE_KIT_01,B00815,ING_CASHEW,2025-12-29T09:00:00,consume,0.8814,kg,prep
SITE_KIT_01,B00755,ING_CARROT,2025-12-29T09:00:00,consume,1.7145,kg,prep
SITE_KIT_01,B00833,ING_CARROT,2025-12-29T09:00:00,consume,2.7072,kg,prep
SITE_KIT_01,B00797,ING_BEANS,2025-12-29T09:00:00,consume,1.274,kg,prep
SITE_KIT_01,B00842,ING_BEANS,2025-12-29T09:00:00,consume,1.4054,kg,prep
SITE_KIT_01,B00838,ING_PEAS,2025-12-29T09:00:00,consume,2.028,kg,prep
SITE_KIT_01,B00679,ING_CAULI,2025-12-29T09:00:00,consume,3.6938,kg,prep
SITE_KIT_01,B00827,ING_CAULI,2025-12-29T09:00:00,consume,14.7594,kg,prep
SITE_KIT_01,B00748,ING_POTATO,2025-12-29T09:00:00,consume,1.0723,kg,prep
SITE_KIT_01,B00826,ING_POTATO,2025-12-29T09:00:00,consume,8.3971,kg,prep
SITE_KIT_01,B00805,ING_PANEER,2025-12-29T09:00:00,consume,1.623,kg,prep
SITE_KIT_01,B00850,ING_PANEER,2025-12-29T09:00:00,consume,8.985,kg,prep
SITE_KIT_01,B00809,ING_BUTTER,2025-12-29T09:00:00,consume,0.3687,kg,prep
SITE_KIT_01,B00739,ING_BUTTER,2025-12-29T09:00:00,consume,0.2179,kg,prep
SITE_KIT_01,B00854,ING_BUTTER,2025-12-29T09:00:00,consume,1.6637,kg,prep
SITE_KIT_01,B00853,ING_CREAM,2025-12-29T09:00:00,consume,2.1242,kg,prep
SITE_KIT_01,B00834,ING_CAPSICUM,2025-12-29T09:00:00,consume,2.5653,kg,prep
SITE_KIT_01,B00813,ING_BESAN,2025-12-29T09:00:00,consume,0.884,kg,prep
SITE_KIT_01,B00814,ING_OIL,2025-12-29T09:00:00,consume,2.0215,kg,prep
SITE_KIT_01,B00819,ING_SPINACH,2025-12-29T09:00:00,consume,6.2507,kg,prep
SITE_KIT_01,B00812,ING_ATTA,2025-12-29T09:00:00,consume,15.314,kg,prep
SITE_KIT_01,B00807,ING_MILK,2025-12-29T09:00:00,consume,1.43,kg,prep
SITE_KIT_01,B00817,ING_TOORDAL,2025-12-29T09:00:00,consume,3.666,kg,prep
SITE_KIT_01,B00822,ING_CURRYLEAF,2025-12-29T09:00:00,consume,0.2409,kg,prep
SITE_KIT_01,B00840,ING_CURRYLEAF,2025-12-29T09:00:00,consume,0.0833,kg,prep
SITE_KIT_01,B00847,ING_MUTTON,2025-12-29T09:00:00,consume,4.16,kg,prep
SITE_KIT_01,B00823,ING_BATTER,2025-12-29T09:00:00,consume,3.488,kg,prep
SITE_KIT_01,B00855,ING_BATTER,2025-12-29T09:00:00,consume,6.288,kg,prep
SITE_KIT_01,B00848,ING_FISH,2025-12-29T09:00:00,consume,3.952,kg,prep
SITE_KIT_01,B00673,ING_COCONUT,2025-12-29T09:00:00,consume,0.148,kg,prep
SITE_KIT_01,B00816,ING_COCONUT,2025-12-29T09:00:00,consume,0.84,kg,prep
SITE_KIT_01,B00841,ING_LEMON,2025-12-29T09:00:00,consume,1.3637,kg,prep
SITE_KIT_01,B00799,ING_CUCUMBER,2025-12-29T09:00:00,consume,1.6345,kg,prep
SITE_KIT_01,B00844,ING_CUCUMBER,2025-12-29T09:00:00,consume,1.2383,kg,prep
SITE_KIT_01,B00835,ING_CABBAGE,2025-12-29T09:00:00,consume,1.8087,kg,prep
SITE_KIT_01,B00730,ING_BANANA,2025-12-29T09:00:00,consume,2.8896,kg,prep
SITE_KIT_01,B00804,ING_EGG,2025-12-29T09:00:00,consume,0.9628,kg,prep
SITE_KIT_01,B00849,ING_EGG,2025-12-29T09:00:00,consume,0.8273,kg,prep
SITE_KIT_01,B00791,ING_BRINJAL,2025-12-29T09:00:00,consume,0.7015,kg,prep
SITE_KIT_01,B00836,ING_BRINJAL,2025-12-29T09:00:00,consume,1.7386,kg,prep
SITE_KIT_01,B00837,ING_OKRA,2025-12-29T09:00:00,consume,2.8451,kg,prep
SITE_KIT_01,B00798,ING_MUSHROOM,2025-12-29T09:00:00,consume,0.1838,kg,prep
SITE_KIT_01,B00728,ING_MUSHROOM,2025-12-29T09:00:00,consume,0.6257,kg,prep
SITE_KIT_01,B00843,ING_MUSHROOM,2025-12-29T09:00:00,consume,0.0217,kg,prep
SITE_KIT_01,B00726,ING_LEMON,2025-12-29T23:00:00,waste,1.5079,kg,spoilage
SITE_KIT_01,B00730,ING_BANANA,2025-12-29T23:00:00,waste,4.0466,kg,spoilage
SITE_KIT_01,B00856,ING_SPINACH,2025-12-30T07:00:00,receive,10.0,kg,LOT-B00856
SITE_KIT_01,B00857,ING_CORIANDER,2025-12-30T07:00:00,receive,1.5,kg,LOT-B00857
SITE_KIT_01,B00858,ING_MINT,2025-12-30T07:00:00,receive,0.75,kg,LOT-B00858
SITE_KIT_01,B00859,ING_CURRYLEAF,2025-12-30T07:00:00,receive,0.75,kg,LOT-B00859
SITE_KIT_01,B00860,ING_BATTER,2025-12-30T07:00:00,receive,16.0,kg,LOT-B00860
SITE_KIT_01,B00846,ING_CHICKEN,2025-12-30T09:00:00,consume,9.828,kg,prep
SITE_KIT_01,B00811,ING_RICE,2025-12-30T09:00:00,consume,21.489,kg,prep
SITE_KIT_01,B00825,ING_ONION,2025-12-30T09:00:00,consume,23.2954,kg,prep
SITE_KIT_01,B00824,ING_TOMATO,2025-12-30T09:00:00,consume,16.5424,kg,prep
SITE_KIT_01,B00851,ING_CURD,2025-12-30T09:00:00,consume,7.9352,kg,prep
SITE_KIT_01,B00831,ING_GINGER,2025-12-30T09:00:00,consume,0.6954,kg,prep
SITE_KIT_01,B00754,ING_GARLIC,2025-12-30T09:00:00,consume,1.1525,kg,prep
SITE_KIT_01,B00830,ING_GCHILLI,2025-12-30T09:00:00,consume,1.0572,kg,prep
SITE_KIT_01,B00794,ING_MINT,2025-12-30T09:00:00,consume,0.4403,kg,prep
SITE_KIT_01,B00839,ING_MINT,2025-12-30T09:00:00,consume,0.0454,kg,prep
SITE_KIT_01,B00857,ING_CORIANDER,2025-12-30T09:00:00,consume,0.9971,kg,prep
SITE_KIT_01,B00667,ING_GHEE,2025-12-30T09:00:00,consume,2.7352,kg,prep
SITE_KIT_01,B00815,ING_CASHEW,2025-12-30T09:00:00,consume,0.8268,kg,prep
SITE_KIT_01,B00833,ING_CARROT,2025-12-30T09:00:00,consume,4.8956,kg,prep
SITE_KIT_01,B00842,ING_BEANS,2025-12-30T09:00:00,consume,3.1752,kg,prep
SITE_KIT_01,B00838,ING_PEAS,2025-12-30T09:00:00,consume,2.34,kg,prep
SITE_KIT_01,B00827,ING_CAULI,2025-12-30T09:00:00,consume,19.473,kg,prep
SITE_KIT_01,B00826,ING_POTATO,2025-12-30T09:00:00,consume,12.2303,kg,prep
SITE_KIT_01,B00850,ING_PANEER,2025-12-30T09:00:00,consume,9.412,kg,prep
SITE_KIT_01,B00854,ING_BUTTER,2025-12-30T09:00:00,consume,1.9526,kg,prep
SITE_KIT_01,B00853,ING_CREAM,2025-12-30T09:00:00,consume,1.9136,kg,prep
SITE_KIT_01,B00834,ING_CAPSICUM,2025-12-30T09:00:00,consume,2.7127,kg,prep
SITE_KIT_01,B00813,ING_BESAN,2025-12-30T09:00:00,consume,0.884,kg,prep
SITE_KIT_01,B00814,ING_OIL,2025-12-30T09:00:00,consume,2.314,kg,prep
SITE_KIT_01,B00856,ING_SPINACH,2025-12-30T09:00:00,consume,6.4606,kg,prep
SITE_KIT_01,B00812,ING_ATTA,2025-12-30T09:00:00,consume,15.561,kg,prep
SITE_KIT_01,B00807,ING_MILK,2025-12-30T09:00:00,consume,0.412,kg,prep
SITE_KIT_01,B00852,ING_MILK,2025-12-30T09:00:00,consume,0.797,kg,prep
SITE_KIT_01,B00817,ING_TOORDAL,2025-12-30T09:00:00,consume,3.9,kg,prep
SITE_KIT_01,B00840,ING_CURRYLEAF,2025-12-30T09:00:00,consume,0.3881,kg,prep
SITE_KIT_01,B00847,ING_MUTTON,2025-12-30T09:00:00,consume,4.68,kg,prep
SITE_KIT_01,B00855,ING_BATTER,2025-12-30T09:00:00,consume,10.712,kg,prep
SITE_KIT_01,B00860,ING_BATTER,2025-12-30T09:00:00,consume,2.184,kg,prep
SITE_KIT_01,B00848,ING_FISH,2025-12-30T09:00:00,consume,4.16,kg,prep
SITE_KIT_01,B00816,ING_COCONUT,2025-12-30T09:00:00,consume,1.04,kg,prep
SITE_KIT_01,B00841,ING_LEMON,2025-12-30T09:00:00,consume,1.5003,kg,prep
SITE_KIT_01,B00844,ING_CUCUMBER,2025-12-30T09:00:00,consume,3.2484,kg,prep
SITE_KIT_01,B00835,ING_CABBAGE,2025-12-30T09:00:00,consume,2.0975,kg,prep
SITE_KIT_01,B00845,ING_BANANA,2025-12-30T09:00:00,consume,3.4131,kg,prep
SITE_KIT_01,B00849,ING_EGG,2025-12-30T09:00:00,consume,2.0358,kg,prep
SITE_KIT_01,B00836,ING_BRINJAL,2025-12-30T09:00:00,consume,2.7957,kg,prep
SITE_KIT_01,B00837,ING_OKRA,2025-12-30T09:00:00,consume,3.2718,kg,prep
SITE_KIT_01,B00843,ING_MUSHROOM,2025-12-30T09:00:00,consume,0.9578,kg,prep
SITE_KIT_01,B00786,ING_CORIANDER,2025-12-30T23:00:00,waste,0.5374,kg,spoilage
SITE_KIT_01,B00719,ING_CAPSICUM,2025-12-30T23:00:00,waste,1.4652,kg,spoilage
SITE_KIT_01,B00721,ING_BRINJAL,2025-12-30T23:00:00,waste,1.4905,kg,spoilage
SITE_KIT_01,B00795,ING_CURRYLEAF,2025-12-30T23:00:00,waste,0.75,kg,spoilage
SITE_KIT_01,B00729,ING_CUCUMBER,2025-12-30T23:00:00,waste,1.6733,kg,spoilage
SITE_KIT_01,B00861,ING_TOMATO,2025-12-31T07:00:00,receive,37.0,kg,LOT-B00861
SITE_KIT_01,B00862,ING_CAULI,2025-12-31T07:00:00,receive,39.0,kg,LOT-B00862
SITE_KIT_01,B00863,ING_SPINACH,2025-12-31T07:00:00,receive,9.0,kg,LOT-B00863
SITE_KIT_01,B00864,ING_CORIANDER,2025-12-31T07:00:00,receive,1.5,kg,LOT-B00864
SITE_KIT_01,B00865,ING_GCHILLI,2025-12-31T07:00:00,receive,2.0,kg,LOT-B00865
SITE_KIT_01,B00866,ING_CARROT,2025-12-31T07:00:00,receive,11.0,kg,LOT-B00866
SITE_KIT_01,B00867,ING_CAPSICUM,2025-12-31T07:00:00,receive,6.977,kg,LOT-B00867
SITE_KIT_01,B00868,ING_CABBAGE,2025-12-31T07:00:00,receive,4.0,kg,LOT-B00868
SITE_KIT_01,B00869,ING_BRINJAL,2025-12-31T07:00:00,receive,7.0,kg,LOT-B00869
SITE_KIT_01,B00870,ING_OKRA,2025-12-31T07:00:00,receive,8.0,kg,LOT-B00870
SITE_KIT_01,B00871,ING_PEAS,2025-12-31T07:00:00,receive,5.0,kg,LOT-B00871
SITE_KIT_01,B00872,ING_MINT,2025-12-31T07:00:00,receive,1.25,kg,LOT-B00872
SITE_KIT_01,B00873,ING_CURRYLEAF,2025-12-31T07:00:00,receive,0.75,kg,LOT-B00873
SITE_KIT_01,B00874,ING_LEMON,2025-12-31T07:00:00,receive,7.0,kg,LOT-B00874
SITE_KIT_01,B00875,ING_BEANS,2025-12-31T07:00:00,receive,2.0,kg,LOT-B00875
SITE_KIT_01,B00876,ING_MUSHROOM,2025-12-31T07:00:00,receive,2.0,kg,LOT-B00876
SITE_KIT_01,B00877,ING_CUCUMBER,2025-12-31T07:00:00,receive,8.0,kg,LOT-B00877
SITE_KIT_01,B00878,ING_BANANA,2025-12-31T07:00:00,receive,10.0,kg,LOT-B00878
SITE_KIT_01,B00879,ING_CHICKEN,2025-12-31T07:00:00,receive,19.0,kg,LOT-B00879
SITE_KIT_01,B00880,ING_MUTTON,2025-12-31T07:00:00,receive,9.0,kg,LOT-B00880
SITE_KIT_01,B00881,ING_FISH,2025-12-31T07:00:00,receive,8.0,kg,LOT-B00881
SITE_KIT_01,B00882,ING_EGG,2025-12-31T07:00:00,receive,5.0,kg,LOT-B00882
SITE_KIT_01,B00883,ING_PANEER,2025-12-31T07:00:00,receive,20.0,kg,LOT-B00883
SITE_KIT_01,B00884,ING_CURD,2025-12-31T07:00:00,receive,14.0,kg,LOT-B00884
SITE_KIT_01,B00885,ING_MILK,2025-12-31T07:00:00,receive,3.0,kg,LOT-B00885
SITE_KIT_01,B00886,ING_CREAM,2025-12-31T07:00:00,receive,7.0,kg,LOT-B00886
SITE_KIT_01,B00887,ING_BUTTER,2025-12-31T07:00:00,receive,4.0,kg,LOT-B00887
SITE_KIT_01,B00888,ING_BATTER,2025-12-31T07:00:00,receive,15.0,kg,LOT-B00888
SITE_KIT_01,B00846,ING_CHICKEN,2025-12-31T09:00:00,consume,14.286,kg,prep
SITE_KIT_01,B00879,ING_CHICKEN,2025-12-31T09:00:00,consume,1.392,kg,prep
SITE_KIT_01,B00811,ING_RICE,2025-12-31T09:00:00,consume,32.942,kg,prep
SITE_KIT_01,B00825,ING_ONION,2025-12-31T09:00:00,consume,37.9935,kg,prep
SITE_KIT_01,B00824,ING_TOMATO,2025-12-31T09:00:00,consume,21.504,kg,prep
SITE_KIT_01,B00861,ING_TOMATO,2025-12-31T09:00:00,consume,5.2132,kg,prep
SITE_KIT_01,B00851,ING_CURD,2025-12-31T09:00:00,consume,12.8609,kg,prep
SITE_KIT_01,B00831,ING_GINGER,2025-12-31T09:00:00,consume,1.1155,kg,prep
SITE_KIT_01,B00754,ING_GARLIC,2025-12-31T09:00:00,consume,0.1591,kg,prep
SITE_KIT_01,B00832,ING_GARLIC,2025-12-31T09:00:00,consume,1.7311,kg,prep
SITE_KIT_01,B00830,ING_GCHILLI,2025-12-31T09:00:00,consume,1.7217,kg,prep
SITE_KIT_01,B00865,ING_GCHILLI,2025-12-31T09:00:00,consume,0.0569,kg,prep
SITE_KIT_01,B00839,ING_MINT,2025-12-31T09:00:00,consume,0.6945,kg,prep
SITE_KIT_01,B00857,ING_CORIANDER,2025-12-31T09:00:00,consume,0.5029,kg,prep
SITE_KIT_01,B00864,ING_CORIANDER,2025-12-31T09:00:00,consume,0.9789,kg,prep
SITE_KIT_01,B00667,ING_GHEE,2025-12-31T09:00:00,consume,0.2252,kg,prep
SITE_KIT_01,B00810,ING_GHEE,2025-12-31T09:00:00,consume,4.057,kg,prep
SITE_KIT_01,B00815,ING_CASHEW,2025-12-31T09:00:00,consume,1.3338,kg,prep
SITE_KIT_01,B00866,ING_CARROT,2025-12-31T09:00:00,consume,7.6413,kg,prep
SITE_KIT_01,B00842,ING_BEANS,2025-12-31T09:00:00,consume,4.5259,kg,prep
SITE_KIT_01,B00838,ING_PEAS,2025-12-31T09:00:00,consume,1.632,kg,prep
SITE_KIT_01,B00760,ING_PEAS,2025-12-31T09:00:00,consume,1.878,kg,prep
SITE_KIT_01,B00827,ING_CAULI,2025-12-31T09:00:00,consume,32.4796,kg,prep
SITE_KIT_01,B00826,ING_POTATO,2025-12-31T09:00:00,consume,20.9371,kg,prep
SITE_KIT_01,B00883,ING_PANEER,2025-12-31T09:00:00,consume,15.249,kg,prep
SITE_KIT_01,B00887,ING_BUTTER,2025-12-31T09:00:00,consume,3.5568,kg,prep
SITE_KIT_01,B00853,ING_CREAM,2025-12-31T09:00:00,consume,1.9622,kg,prep
SITE_KIT_01,B00886,ING_CREAM,2025-12-31T09:00:00,consume,1.1812,kg,prep
SITE_KIT_01,B00834,ING_CAPSICUM,2025-12-31T09:00:00,consume,2.722,kg,prep
SITE_KIT_01,B00867,ING_CAPSICUM,2025-12-31T09:00:00,consume,1.8448,kg,prep
SITE_KIT_01,B00813,ING_BESAN,2025-12-31T09:00:00,consume,1.482,kg,prep
SITE_KIT_01,B00814,ING_OIL,2025-12-31T09:00:00,consume,4.0755,kg,prep
SITE_KIT_01,B00856,ING_SPINACH,2025-12-31T09:00:00,consume,3.5394,kg,prep
SITE_KIT_01,B00863,ING_SPINACH,2025-12-31T09:00:00,consume,7.0921,kg,prep
SITE_KIT_01,B00812,ING_ATTA,2025-12-31T09:00:00,consume,27.885,kg,prep
SITE_KIT_01,B00885,ING_MILK,2025-12-31T09:00:00,consume,2.613,kg,prep
SITE_KIT_01,B00817,ING_TOORDAL,2025-12-31T09:00:00,consume,6.318,kg,prep
SITE_KIT_01,B00840,ING_CURRYLEAF,2025-12-31T09:00:00,consume,0.0286,kg,prep
SITE_KIT_01,B00859,ING_CURRYLEAF,2025-12-31T09:00:00,consume,0.6287,kg,prep
SITE_KIT_01,B00847,ING_MUTTON,2025-12-31T09:00:00,consume,7.8,kg,prep
SITE_KIT_01,B00860,ING_BATTER,2025-12-31T09:00:00,consume,13.816,kg,prep
SITE_KIT_01,B00888,ING_BATTER,2025-12-31T09:00:00,consume,9.896,kg,prep
SITE_KIT_01,B00848,ING_FISH,2025-12-31T09:00:00,consume,5.888,kg,prep
SITE_KIT_01,B00803,ING_FISH,2025-12-31T09:00:00,consume,0.16,kg,prep
SITE_KIT_01,B00881,ING_FISH,2025-12-31T09:00:00,consume,1.024,kg,prep
SITE_KIT_01,B00816,ING_COCONUT,2025-12-31T09:00:00,consume,1.768,kg,prep
SITE_KIT_01,B00841,ING_LEMON,2025-12-31T09:00:00,consume,2.136,kg,prep
SITE_KIT_01,B00874,ING_LEMON,2025-12-31T09:00:00,consume,0.3309,kg,prep
SITE_KIT_01,B00844,ING_CUCUMBER,2025-12-31T09:00:00,consume,3.5133,kg,prep
SITE_KIT_01,B00877,ING_CUCUMBER,2025-12-31T09:00:00,consume,1.5703,kg,prep
SITE_KIT_01,B00835,ING_CABBAGE,2025-12-31T09:00:00,consume,1.0937,kg,prep
SITE_KIT_01,B00868,ING_CABBAGE,2025-12-31T09:00:00,consume,2.2596,kg,prep
SITE_KIT_01,B00878,ING_BANANA,2025-12-31T09:00:00,consume,5.2032,kg,prep
SITE_KIT_01,B00849,ING_EGG,2025-12-31T09:00:00,consume,2.1369,kg,prep
SITE_KIT_01,B00882,ING_EGG,2025-12-31T09:00:00,consume,1.1391,kg,prep
SITE_KIT_01,B00836,ING_BRINJAL,2025-12-31T09:00:00,consume,3.4657,kg,prep
SITE_KIT_01,B00869,ING_BRINJAL,2025-12-31T09:00:00,consume,1.0946,kg,prep
SITE_KIT_01,B00837,ING_OKRA,2025-12-31T09:00:00,consume,1.8831,kg,prep
SITE_KIT_01,B00792,ING_OKRA,2025-12-31T09:00:00,consume,3.2395,kg,prep
SITE_KIT_01,B00870,ING_OKRA,2025-12-31T09:00:00,consume,0.0582,kg,prep
SITE_KIT_01,B00843,ING_MUSHROOM,2025-12-31T09:00:00,consume,1.5048,kg,prep
SITE_KIT_01,B00889,ING_SPINACH,2026-01-01T07:00:00,receive,10.0,kg,LOT-B00889
SITE_KIT_01,B00890,ING_CORIANDER,2026-01-01T07:00:00,receive,1.5,kg,LOT-B00890
SITE_KIT_01,B00891,ING_MINT,2026-01-01T07:00:00,receive,0.75,kg,LOT-B00891
SITE_KIT_01,B00892,ING_CURRYLEAF,2026-01-01T07:00:00,receive,0.75,kg,LOT-B00892
SITE_KIT_01,B00893,ING_BATTER,2026-01-01T07:00:00,receive,26.0,kg,LOT-B00893
SITE_KIT_01,B00879,ING_CHICKEN,2026-01-01T09:00:00,consume,15.444,kg,prep
SITE_KIT_01,B00811,ING_RICE,2026-01-01T09:00:00,consume,31.928,kg,prep
SITE_KIT_01,B00825,ING_ONION,2026-01-01T09:00:00,consume,35.464,kg,prep
SITE_KIT_01,B00861,ING_TOMATO,2026-01-01T09:00:00,consume,25.8076,kg,prep
SITE_KIT_01,B00851,ING_CURD,2026-01-01T09:00:00,consume,0.2886,kg,prep
SITE_KIT_01,B00884,ING_CURD,2026-01-01T09:00:00,consume,11.6558,kg,prep
SITE_KIT_01,B00831,ING_GINGER,2026-01-01T09:00:00,consume,1.0948,kg,prep
SITE_KIT_01,B00832,ING_GARLIC,2026-01-01T09:00:00,consume,1.7977,kg,prep
SITE_KIT_01,B00865,ING_GCHILLI,2026-01-01T09:00:00,consume,1.6469,kg,prep
SITE_KIT_01,B00891,ING_MINT,2026-01-01T09:00:00,consume,0.6897,kg,prep
SITE_KIT_01,B00864,ING_CORIANDER,2026-01-01T09:00:00,consume,0.5211,kg,prep
SITE_KIT_01,B00890,ING_CORIANDER,2026-01-01T09:00:00,consume,0.9135,kg,prep
SITE_KIT_01,B00810,ING_GHEE,2026-01-01T09:00:00,consume,4.1314,kg,prep
SITE_KIT_01,B00815,ING_CASHEW,2026-01-01T09:00:00,consume,1.3156,kg,prep
SITE_KIT_01,B00866,ING_CARROT,2026-01-01T09:00:00,consume,3.3587,kg,prep
SITE_KIT_01,B00833,ING_CARROT,2026-01-01T09:00:00,consume,3.996,kg,prep
SITE_KIT_01,B00842,ING_BEANS,2026-01-01T09:00:00,consume,4.6524,kg,prep
SITE_KIT_01,B00760,ING_PEAS,2026-01-01T09:00:00,consume,0.082,kg,prep
SITE_KIT_01,B00871,ING_PEAS,2026-01-01T09:00:00,consume,3.376,kg,prep
SITE_KIT_01,B00827,ING_CAULI,2026-01-01T09:00:00,consume,0.288,kg,prep
SITE_KIT_01,B00862,ING_CAULI,2026-01-01T09:00:00,consume,31.3067,kg,prep
SITE_KIT_01,B00826,ING_POTATO,2026-01-01T09:00:00,consume,16.9136,kg,prep
SITE_KIT_01,B00883,ING_PANEER,2026-01-01T09:00:00,consume,4.751,kg,prep
SITE_KIT_01,B00850,ING_PANEER,2026-01-01T09:00:00,consume,9.991,kg,prep
SITE_KIT_01,B00887,ING_BUTTER,2026-01-01T09:00:00,consume,0.4432,kg,prep
SITE_KIT_01,B00854,ING_BUTTER,2026-01-01T09:00:00,consume,2.8185,kg,prep
SITE_KIT_01,B00886,ING_CREAM,2026-01-01T09:00:00,consume,3.055,kg,prep
SITE_KIT_01,B00867,ING_CAPSICUM,2026-01-01T09:00:00,consume,4.4295,kg,prep
SITE_KIT_01,B00813,ING_BESAN,2026-01-01T09:00:00,consume,1.43,kg,prep
SITE_KIT_01,B00814,ING_OIL,2026-01-01T09:00:00,consume,3.4645,kg,prep
SITE_KIT_01,B00863,ING_SPINACH,2026-01-01T09:00:00,consume,1.9079,kg,prep
SITE_KIT_01,B00889,ING_SPINACH,2026-01-01T09:00:00,consume,7.6218,kg,prep
SITE_KIT_01,B00812,ING_ATTA,2026-01-01T09:00:00,consume,26.871,kg,prep
SITE_KIT_01,B00885,ING_MILK,2026-01-01T09:00:00,consume,0.387,kg,prep
SITE_KIT_01,B00852,ING_MILK,2026-01-01T09:00:00,consume,1.836,kg,prep
SITE_KIT_01,B00817,ING_TOORDAL,2026-01-01T09:00:00,consume,6.084,kg,prep
SITE_KIT_01,B00859,ING_CURRYLEAF,2026-01-01T09:00:00,consume,0.1213,kg,prep
SITE_KIT_01,B00873,ING_CURRYLEAF,2026-01-01T09:00:00,consume,0.4443,kg,prep
SITE_KIT_01,B00847,ING_MUTTON,2026-01-01T09:00:00,consume,0.36,kg,prep
SITE_KIT_01,B00880,ING_MUTTON,2026-01-01T09:00:00,consume,6.92,kg,prep
SITE_KIT_01,B00888,ING_BATTER,2026-01-01T09:00:00,consume,5.104,kg,prep
SITE_KIT_01,B00893,ING_BATTER,2026-01-01T09:00:00,consume,12.784,kg,prep
SITE_KIT_01,B00881,ING_FISH,2026-01-01T09:00:00,consume,6.656,kg,prep
SITE_KIT_01,B00816,ING_COCONUT,2026-01-01T09:00:00,consume,1.664,kg,prep
SITE_KIT_01,B00874,ING_LEMON,2026-01-01T09:00:00,consume,2.1394,kg,prep
SITE_KIT_01,B00877,ING_CUCUMBER,2026-01-01T09:00:00,consume,4.627,kg,prep
SITE_KIT_01,B00868,ING_CABBAGE,2026-01-01T09:00:00,consume,1.7404,kg,prep
SITE_KIT_01,B00790,ING_CABBAGE,2026-01-01T09:00:00,consume,1.3144,kg,prep
SITE_KIT_01,B00878,ING_BANANA,2026-01-01T09:00:00,consume,4.7968,kg,prep
SITE_KIT_01,B00845,ING_BANANA,2026-01-01T09:00:00,consume,0.1047,kg,prep
SITE_KIT_01,B00882,ING_EGG,2026-01-01T09:00:00,consume,2.9835,kg,prep
SITE_KIT_01,B00869,ING_BRINJAL,2026-01-01T09:00:00,consume,4.1463,kg,prep
SITE_KIT_01,B00870,ING_OKRA,2026-01-01T09:00:00,consume,4.8691,kg,prep
SITE_KIT_01,B00843,ING_MUSHROOM,2026-01-01T09:00:00,consume,0.5158,kg,prep
SITE_KIT_01,B00876,ING_MUSHROOM,2026-01-01T09:00:00,consume,0.8851,kg,prep
SITE_KIT_01,B00819,ING_SPINACH,2026-01-01T23:00:00,waste,1.2709,kg,spoilage
SITE_KIT_01,B00829,ING_CORIANDER,2026-01-01T23:00:00,waste,1.5,kg,spoilage
SITE_KIT_01,B00752,ING_GCHILLI,2026-01-01T23:00:00,waste,0.6794,kg,spoilage
SITE_KIT_01,B00839,ING_MINT,2026-01-01T23:00:00,waste,0.0101,kg,spoilage
SITE_KIT_01,B00808,ING_CREAM,2026-01-01T23:00:00,waste,0.4814,kg,spoilage
SITE_KIT_01,B00894,ING_TOMATO,2026-01-02T07:00:00,receive,54.0,kg,LOT-B00894
SITE_KIT_01,B00895,ING_ONION,2026-01-02T07:00:00,receive,105.655,kg,LOT-B00895
SITE_KIT_01,B00896,ING_POTATO,2026-01-02T07:00:00,receive,62.0,kg,LOT-B00896
SITE_KIT_01,B00897,ING_CAULI,2026-01-02T07:00:00,receive,66.0,kg,LOT-B00897
SITE_KIT_01,B00898,ING_SPINACH,2026-01-02T07:00:00,receive,9.234,kg,LOT-B00898
SITE_KIT_01,B00899,ING_CORIANDER,2026-01-02T07:00:00,receive,1.5,kg,LOT-B00899
SITE_KIT_01,B00900,ING_GCHILLI,2026-01-02T07:00:00,receive,4.0,kg,LOT-B00900
SITE_KIT_01,B00901,ING_GINGER,2026-01-02T07:00:00,receive,4.0,kg,LOT-B00901
SITE_KIT_01,B00902,ING_GARLIC,2026-01-02T07:00:00,receive,10.0,kg,LOT-B00902
SITE_KIT_01,B00903,ING_CARROT,2026-01-02T07:00:00,receive,14.0,kg,LOT-B00903
SITE_KIT_01,B00904,ING_CAPSICUM,2026-01-02T07:00:00,receive,10.0,kg,LOT-B00904
SITE_KIT_01,B00905,ING_CABBAGE,2026-01-02T07:00:00,receive,6.0,kg,LOT-B00905
SITE_KIT_01,B00906,ING_BRINJAL,2026-01-02T07:00:00,receive,9.0,kg,LOT-B00906
SITE_KIT_01,B00907,ING_OKRA,2026-01-02T07:00:00,receive,9.0,kg,LOT-B00907
SITE_KIT_01,B00908,ING_PEAS,2026-01-02T07:00:00,receive,6.603,kg,LOT-B00908
SITE_KIT_01,B00909,ING_MINT,2026-01-02T07:00:00,receive,0.697,kg,LOT-B00909
SITE_KIT_01,B00910,ING_CURRYLEAF,2026-01-02T07:00:00,receive,0.5,kg,LOT-B00910
SITE_KIT_01,B00911,ING_LEMON,2026-01-02T07:00:00,receive,5.0,kg,LOT-B00911
SITE_KIT_01,B00912,ING_BEANS,2026-01-02T07:00:00,receive,8.0,kg,LOT-B00912
SITE_KIT_01,B00913,ING_MUSHROOM,2026-01-02T07:00:00,receive,3.0,kg,LOT-B00913
SITE_KIT_01,B00914,ING_CUCUMBER,2026-01-02T07:00:00,receive,9.358,kg,LOT-B00914
SITE_KIT_01,B00915,ING_BANANA,2026-01-02T07:00:00,receive,7.948,kg,LOT-B00915
SITE_KIT_01,B00916,ING_CHICKEN,2026-01-02T07:00:00,receive,31.0,kg,LOT-B00916
SITE_KIT_01,B00917,ING_MUTTON,2026-01-02T07:00:00,receive,23.0,kg,LOT-B00917
SITE_KIT_01,B00918,ING_FISH,2026-01-02T07:00:00,receive,13.0,kg,LOT-B00918
SITE_KIT_01,B00919,ING_EGG,2026-01-02T07:00:00,receive,6.0,kg,LOT-B00919
SITE_KIT_01,B00920,ING_PANEER,2026-01-02T07:00:00,receive,28.0,kg,LOT-B00920
SITE_KIT_01,B00921,ING_CURD,2026-01-02T07:00:00,receive,25.0,kg,LOT-B00921
SITE_KIT_01,B00922,ING_MILK,2026-01-02T07:00:00,receive,4.0,kg,LOT-B00922
SITE_KIT_01,B00923,ING_CREAM,2026-01-02T07:00:00,receive,6.0,kg,LOT-B00923
SITE_KIT_01,B00924,ING_BUTTER,2026-01-02T07:00:00,receive,7.0,kg,LOT-B00924
SITE_KIT_01,B00925,ING_BATTER,2026-01-02T07:00:00,receive,17.0,kg,LOT-B00925
SITE_KIT_01,B00916,ING_CHICKEN,2026-01-02T09:00:00,consume,18.72,kg,prep
SITE_KIT_01,B00811,ING_RICE,2026-01-02T09:00:00,consume,33.215,kg,prep
SITE_KIT_01,B00895,ING_ONION,2026-01-02T09:00:00,consume,33.9345,kg,prep
SITE_KIT_01,B00861,ING_TOMATO,2026-01-02T09:00:00,consume,5.9793,kg,prep
SITE_KIT_01,B00894,ING_TOMATO,2026-01-02T09:00:00,consume,20.3068,kg,prep
SITE_KIT_01,B00921,ING_CURD,2026-01-02T09:00:00,consume,12.6659,kg,prep
SITE_KIT_01,B00831,ING_GINGER,2026-01-02T09:00:00,consume,1.2152,kg,prep
SITE_KIT_01,B00832,ING_GARLIC,2026-01-02T09:00:00,consume,0.4711,kg,prep
SITE_KIT_01,B00684,ING_GARLIC,2026-01-02T09:00:00,consume,1.4326,kg,prep
SITE_KIT_01,B00865,ING_GCHILLI,2026-01-02T09:00:00,consume,0.2963,kg,prep
SITE_KIT_01,B00900,ING_GCHILLI,2026-01-02T09:00:00,consume,1.2499,kg,prep
SITE_KIT_01,B00891,ING_MINT,2026-01-02T09:00:00,consume,0.0603,kg,prep
SITE_KIT_01,B00858,ING_MINT,2026-01-02T09:00:00,consume,0.6637,kg,prep
SITE_KIT_01,B00890,ING_CORIANDER,2026-01-02T09:00:00,consume,0.5865,kg,prep
SITE_KIT_01,B00899,ING_CORIANDER,2026-01-02T09:00:00,consume,0.9585,kg,prep
SITE_KIT_01,B00810,ING_GHEE,2026-01-02T09:00:00,consume,4.3498,kg,prep
SITE_KIT_01,B00815,ING_CASHEW,2026-01-02T09:00:00,consume,1.3936,kg,prep
SITE_KIT_01,B00833,ING_CARROT,2026-01-02T09:00:00,consume,2.4011,kg,prep
SITE_KIT_01,B00903,ING_CARROT,2026-01-02T09:00:00,consume,4.7439,kg,prep
SITE_KIT_01,B00842,ING_BEANS,2026-01-02T09:00:00,consume,1.241,kg,prep
SITE_KIT_01,B00875,ING_BEANS,2026-01-02T09:00:00,consume,2.0,kg,prep
SITE_KIT_01,B00912,ING_BEANS,2026-01-02T09:00:00,consume,1.1347,kg,prep
SITE_KIT_01,B00908,ING_PEAS,2026-01-02T09:00:00,consume,3.276,kg,prep
SITE_KIT_01,B00897,ING_CAULI,2026-01-02T09:00:00,consume,29.6051,kg,prep
SITE_KIT_01,B00826,ING_POTATO,2026-01-02T09:00:00,consume,9.5218,kg,prep
SITE_KIT_01,B00896,ING_POTATO,2026-01-02T09:00:00,consume,1.6901,kg,prep
SITE_KIT_01,B00850,ING_PANEER,2026-01-02T09:00:00,consume,1.612,kg,prep
SITE_KIT_01,B00920,ING_PANEER,2026-01-02T09:00:00,consume,12.701,kg,prep
SITE_KIT_01,B00854,ING_BUTTER,2026-01-02T09:00:00,consume,0.5652,kg,prep
SITE_KIT_01,B00924,ING_BUTTER,2026-01-02T09:00:00,consume,2.638,kg,prep
SITE_KIT_01,B00886,ING_CREAM,2026-01-02T09:00:00,consume,2.7638,kg,prep
SITE_KIT_01,B00923,ING_CREAM,2026-01-02T09:00:00,consume,0.1924,kg,prep
SITE_KIT_01,B00867,ING_CAPSICUM,2026-01-02T09:00:00,consume,0.7027,kg,prep
SITE_KIT_01,B00904,ING_CAPSICUM,2026-01-02T09:00:00,consume,3.4774,kg,prep
SITE_KIT_01,B00813,ING_BESAN,2026-01-02T09:00:00,consume,1.378,kg,prep
SITE_KIT_01,B00814,ING_OIL,2026-01-02T09:00:00,consume,2.6585,kg,prep
SITE_KIT_01,B00889,ING_SPINACH,2026-01-02T09:00:00,consume,2.3782,kg,prep
SITE_KIT_01,B00898,ING_SPINACH,2026-01-02T09:00:00,consume,7.2011,kg,prep
SITE_KIT_01,B00812,ING_ATTA,2026-01-02T09:00:00,consume,25.857,kg,prep
SITE_KIT_01,B00922,ING_MILK,2026-01-02T09:00:00,consume,2.223,kg,prep
SITE_KIT_01,B00817,ING_TOORDAL,2026-01-02T09:00:00,consume,5.772,kg,prep
SITE_KIT_01,B00873,ING_CURRYLEAF,2026-01-02T09:00:00,consume,0.3057,kg,prep
SITE_KIT_01,B00892,ING_CURRYLEAF,2026-01-02T09:00:00,consume,0.1347,kg,prep
SITE_KIT_01,B00880,ING_MUTTON,2026-01-02T09:00:00,consume,2.08,kg,prep
SITE_KIT_01,B00917,ING_MUTTON,2026-01-02T09:00:00,consume,6.76,kg,prep
SITE_KIT_01,B00893,ING_BATTER,2026-01-02T09:00:00,consume,9.984,kg,prep
SITE_KIT_01,B00918,ING_FISH,2026-01-02T09:00:00,consume,6.864,kg,prep
SITE_KIT_01,B00816,ING_COCONUT,2026-01-02T09:00:00,consume,1.716,kg,prep
SITE_KIT_01,B00874,ING_LEMON,2026-01-02T09:00:00,consume,2.1506,kg,prep
SITE_KIT_01,B00877,ING_CUCUMBER,2026-01-02T09:00:00,consume,1.8027,kg,prep
SITE_KIT_01,B00914,ING_CUCUMBER,2026-01-02T09:00:00,consume,2.8336,kg,prep
SITE_KIT_01,B00790,ING_CABBAGE,2026-01-02T09:00:00,consume,0.8276,kg,prep
SITE_KIT_01,B00905,ING_CABBAGE,2026-01-02T09:00:00,consume,2.1993,kg,prep
SITE_KIT_01,B00915,ING_BANANA,2026-01-02T09:00:00,consume,4.9148,kg,prep
SITE_KIT_01,B00919,ING_EGG,2026-01-02T09:00:00,consume,3.0069,kg,prep
SITE_KIT_01,B00906,ING_BRINJAL,2026-01-02T09:00:00,consume,4.1552,kg,prep
SITE_KIT_01,B00907,ING_OKRA,2026-01-02T09:00:00,consume,4.8505,kg,prep
SITE_KIT_01,B00876,ING_MUSHROOM,2026-01-02T09:00:00,consume,1.1149,kg,prep
SITE_KIT_01,B00913,ING_MUSHROOM,2026-01-02T09:00:00,consume,0.2794,kg,prep
SITE_KIT_01,B00828,ING_SPINACH,2026-01-02T23:00:00,waste,9.11,kg,spoilage
SITE_KIT_01,B00858,ING_MINT,2026-01-02T23:00:00,waste,0.0863,kg,spoilage
SITE_KIT_01,B00796,ING_LEMON,2026-01-02T23:00:00,waste,5.0,kg,spoilage
SITE_KIT_01,B00926,ING_SPINACH,2026-01-03T07:00:00,receive,10.0,kg,LOT-B00926
SITE_KIT_01,B00927,ING_CORIANDER,2026-01-03T07:00:00,receive,1.5,kg,LOT-B00927
SITE_KIT_01,B00928,ING_MINT,2026-01-03T07:00:00,receive,0.75,kg,LOT-B00928
SITE_KIT_01,B00929,ING_CURRYLEAF,2026-01-03T07:00:00,receive,0.75,kg,LOT-B00929
SITE_KIT_01,B00930,ING_GHEE,2026-01-03T07:00:00,receive,25.0,kg,LOT-B00930
SITE_KIT_01,B00931,ING_RICE,2026-01-03T07:00:00,receive,210.0,kg,LOT-B00931
SITE_KIT_01,B00932,ING_ATTA,2026-01-03T07:00:00,receive,160.0,kg,LOT-B00932
SITE_KIT_01,B00933,ING_BESAN,2026-01-03T07:00:00,receive,10.0,kg,LOT-B00933
SITE_KIT_01,B00934,ING_OIL,2026-01-03T07:00:00,receive,20.0,kg,LOT-B00934
SITE_KIT_01,B00935,ING_CASHEW,2026-01-03T07:00:00,receive,10.0,kg,LOT-B00935
SITE_KIT_01,B00936,ING_COCONUT,2026-01-03T07:00:00,receive,10.0,kg,LOT-B00936
SITE_KIT_01,B00937,ING_TOORDAL,2026-01-03T07:00:00,receive,40.0,kg,LOT-B00937
SITE_KIT_01,B00938,ING_BATTER,2026-01-03T07:00:00,receive,16.0,kg,LOT-B00938
SITE_KIT_01,B00916,ING_CHICKEN,2026-01-03T09:00:00,consume,12.28,kg,prep
SITE_KIT_01,B00879,ING_CHICKEN,2026-01-03T09:00:00,consume,2.164,kg,prep
SITE_KIT_01,B00811,ING_RICE,2026-01-03T09:00:00,consume,7.384,kg,prep
SITE_KIT_01,B00931,ING_RICE,2026-01-03T09:00:00,consume,28.327,kg,prep
SITE_KIT_01,B00895,ING_ONION,2026-01-03T09:00:00,consume,38.2278,kg,prep
SITE_KIT_01,B00894,ING_TOMATO,2026-01-03T09:00:00,consume,28.5605,kg,prep
SITE_KIT_01,B00921,ING_CURD,2026-01-03T09:00:00,consume,12.3341,kg,prep
SITE_KIT_01,B00884,ING_CURD,2026-01-03T09:00:00,consume,1.1703,kg,prep
SITE_KIT_01,B00831,ING_GINGER,2026-01-03T09:00:00,consume,1.1694,kg,prep
SITE_KIT_01,B00901,ING_GINGER,2026-01-03T09:00:00,consume,0.1174,kg,prep
SITE_KIT_01,B00684,ING_GARLIC,2026-01-03T09:00:00,consume,0.9704,kg,prep
SITE_KIT_01,B00902,ING_GARLIC,2026-01-03T09:00:00,consume,1.1344,kg,prep
SITE_KIT_01,B00900,ING_GCHILLI,2026-01-03T09:00:00,consume,1.7327,kg,prep
SITE_KIT_01,B00928,ING_MINT,2026-01-03T09:00:00,consume,0.75,kg,prep
SITE_KIT_01,B00872,ING_MINT,2026-01-03T09:00:00,consume,0.0317,kg,prep
SITE_KIT_01,B00899,ING_CORIANDER,2026-01-03T09:00:00,consume,0.5415,kg,prep
SITE_KIT_01,B00927,ING_CORIANDER,2026-01-03T09:00:00,consume,1.1415,kg,prep
SITE_KIT_01,B00810,ING_GHEE,2026-01-03T09:00:00,consume,2.4618,kg,prep
SITE_KIT_01,B00930,ING_GHEE,2026-01-03T09:00:00,consume,2.2819,kg,prep
SITE_KIT_01,B00815,ING_CASHEW,2026-01-03T09:00:00,consume,1.4872,kg,prep
SITE_KIT_01,B00903,ING_CARROT,2026-01-03T09:00:00,consume,7.7795,kg,prep
SITE_KIT_01,B00912,ING_BEANS,2026-01-03T09:00:00,consume,4.7183,kg,prep
SITE_KIT_01,B00908,ING_PEAS,2026-01-03T09:00:00,consume,3.327,kg,prep
SITE_KIT_01,B00871,ING_PEAS,2026-01-03T09:00:00,consume,0.287,kg,prep
SITE_KIT_01,B00897,ING_CAULI,2026-01-03T09:00:00,consume,34.4564,kg,prep
SITE_KIT_01,B00896,ING_POTATO,2026-01-03T09:00:00,consume,15.3881,kg,prep
SITE_KIT_01,B00920,ING_PANEER,2026-01-03T09:00:00,consume,15.299,kg,prep
SITE_KIT_01,B00924,ING_BUTTER,2026-01-03T09:00:00,consume,3.4697,kg,prep
SITE_KIT_01,B00923,ING_CREAM,2026-01-03T09:00:00,consume,3.2968,kg,prep
SITE_KIT_01,B00904,ING_CAPSICUM,2026-01-03T09:00:00,consume,4.7912,kg,prep
SITE_KIT_01,B00813,ING_BESAN,2026-01-03T09:00:00,consume,1.004,kg,prep
SITE_KIT_01,B00933,ING_BESAN,2026-01-03T09:00:00,consume,0.582,kg,prep
SITE_KIT_01,B00814,ING_OIL,2026-01-03T09:00:00,consume,3.406,kg,prep
SITE_KIT_01,B00898,ING_SPINACH,2026-01-03T09:00:00,consume,2.0329,kg,prep
SITE_KIT_01,B00926,ING_SPINACH,2026-01-03T09:00:00,consume,8.7496,kg,prep
SITE_KIT_01,B00812,ING_ATTA,2026-01-03T09:00:00,consume,18.706,kg,prep
SITE_KIT_01,B00932,ING_ATTA,2026-01-03T09:00:00,consume,7.918,kg,prep
SITE_KIT_01,B00922,ING_MILK,2026-01-03T09:00:00,consume,1.777,kg,prep
SITE_KIT_01,B00852,ING_MILK,2026-01-03T09:00:00,consume,0.511,kg,prep
SITE_KIT_01,B00937,ING_TOORDAL,2026-01-03T09:00:00,consume,6.786,kg,prep
SITE_KIT_01,B00929,ING_CURRYLEAF,2026-01-03T09:00:00,consume,0.5756,kg,prep
SITE_KIT_01,B00917,ING_MUTTON,2026-01-03T09:00:00,consume,9.62,kg,prep
SITE_KIT_01,B00893,ING_BATTER,2026-01-03T09:00:00,consume,3.232,kg,prep
SITE_KIT_01,B00938,ING_BATTER,2026-01-03T09:00:00,consume,11.952,kg,prep
SITE_KIT_01,B00918,ING_FISH,2026-01-03T09:00:00,consume,6.136,kg,prep
SITE_KIT_01,B00881,ING_FISH,2026-01-03T09:00:00,consume,0.32,kg,prep
SITE_KIT_01,B00936,ING_COCONUT,2026-01-03T09:00:00,consume,1.872,kg,prep
SITE_KIT_01,B00874,ING_LEMON,2026-01-03T09:00:00,consume,2.3791,kg,prep
SITE_KIT_01,B00911,ING_LEMON,2026-01-03T09:00:00,consume,0.035,kg,prep
SITE_KIT_01,B00914,ING_CUCUMBER,2026-01-03T09:00:00,consume,5.2273,kg,prep
SITE_KIT_01,B00905,ING_CABBAGE,2026-01-03T09:00:00,consume,3.3493,kg,prep
SITE_KIT_01,B00915,ING_BANANA,2026-01-03T09:00:00,consume,3.0332,kg,prep
SITE_KIT_01,B00845,ING_BANANA,2026-01-03T09:00:00,consume,2.3242,kg,prep
SITE_KIT_01,B00919,ING_EGG,2026-01-03T09:00:00,consume,2.9931,kg,prep
SITE_KIT_01,B00882,ING_EGG,2026-01-03T09:00:00,consume,0.318,kg,prep
SITE_KIT_01,B00906,ING_BRINJAL,2026-01-03T09:00:00,consume,4.6606,kg,prep
SITE_KIT_01,B00907,ING_OKRA,2026-01-03T09:00:00,consume,4.1495,kg,prep
SITE_KIT_01,B00870,ING_OKRA,2026-01-03T09:00:00,consume,1.0667,kg,prep
SITE_KIT_01,B00913,ING_MUSHROOM,2026-01-03T09:00:00,consume,1.5192,kg,prep
SITE_KIT_01,B00872,ING_MINT,2026-01-03T23:00:00,waste,1.2183,kg,spoilage
SITE_KIT_01,B00939,ING_TOMATO,2026-01-04T07:00:00,receive,91.0,kg,LOT-B00939
SITE_KIT_01,B00940,ING_CAULI,2026-01-04T07:00:00,receive,64.0,kg,LOT-B00940
SITE_KIT_01,B00941,ING_SPINACH,2026-01-04T07:00:00,receive,11.0,kg,LOT-B00941
SITE_KIT_01,B00942,ING_CORIANDER,2026-01-04T07:00:00,receive,1.5,kg,LOT-B00942
SITE_KIT_01,B00943,ING_GCHILLI,2026-01-04T07:00:00,receive,3.0,kg,LOT-B00943
SITE_KIT_01,B00944,ING_CARROT,2026-01-04T07:00:00,receive,15.0,kg,LOT-B00944
SITE_KIT_01,B00945,ING_CAPSICUM,2026-01-04T07:00:00,receive,8.57,kg,LOT-B00945
SITE_KIT_01,B00946,ING_CABBAGE,2026-01-04T07:00:00,receive,7.0,kg,LOT-B00946
SITE_KIT_01,B00947,ING_BRINJAL,2026-01-04T07:00:00,receive,8.0,kg,LOT-B00947
SITE_KIT_01,B00948,ING_OKRA,2026-01-04T07:00:00,receive,9.019,kg,LOT-B00948
SITE_KIT_01,B00949,ING_PEAS,2026-01-04T07:00:00,receive,7.0,kg,LOT-B00949
SITE_KIT_01,B00950,ING_MINT,2026-01-04T07:00:00,receive,0.75,kg,LOT-B00950
SITE_KIT_01,B00951,ING_CURRYLEAF,2026-01-04T07:00:00,receive,0.75,kg,LOT-B00951
SITE_KIT_01,B00952,ING_LEMON,2026-01-04T07:00:00,receive,5.0,kg,LOT-B00952
SITE_KIT_01,B00953,ING_BEANS,2026-01-04T07:00:00,receive,9.0,kg,LOT-B00953
SITE_KIT_01,B00954,ING_MUSHROOM,2026-01-04T07:00:00,receive,3.0,kg,LOT-B00954
SITE_KIT_01,B00955,ING_CUCUMBER,2026-01-04T07:00:00,receive,11.0,kg,LOT-B00955
SITE_KIT_01,B00956,ING_BANANA,2026-01-04T07:00:00,receive,10.0,kg,LOT-B00956
SITE_KIT_01,B00957,ING_CHICKEN,2026-01-04T07:00:00,receive,34.0,kg,LOT-B00957
SITE_KIT_01,B00958,ING_MUTTON,2026-01-04T07:00:00,receive,11.0,kg,LOT-B00958
SITE_KIT_01,B00959,ING_FISH,2026-01-04T07:00:00,receive,15.0,kg,LOT-B00959
SITE_KIT_01,B00960,ING_EGG,2026-01-04T07:00:00,receive,6.0,kg,LOT-B00960
SITE_KIT_01,B00961,ING_PANEER,2026-01-04T07:00:00,receive,32.0,kg,LOT-B00961
SITE_KIT_01,B00962,ING_CURD,2026-01-04T07:00:00,receive,24.0,kg,LOT-B00962
SITE_KIT_01,B00963,ING_MILK,2026-01-04T07:00:00,receive,4.0,kg,LOT-B00963
SITE_KIT_01,B00964,ING_CREAM,2026-01-04T07:00:00,receive,5.0,kg,LOT-B00964
SITE_KIT_01,B00965,ING_BUTTER,2026-01-04T07:00:00,receive,7.0,kg,LOT-B00965
SITE_KIT_01,B00966,ING_BATTER,2026-01-04T07:00:00,receive,16.0,kg,LOT-B00966
SITE_KIT_01,B00957,ING_CHICKEN,2026-01-04T09:00:00,consume,15.912,kg,prep
SITE_KIT_01,B00931,ING_RICE,2026-01-04T09:00:00,consume,31.772,kg,prep
SITE_KIT_01,B00895,ING_ONION,2026-01-04T09:00:00,consume,33.4928,kg,prep
SITE_KIT_01,B00825,ING_ONION,2026-01-04T09:00:00,consume,0.1558,kg,prep
SITE_KIT_01,B00894,ING_TOMATO,2026-01-04T09:00:00,consume,5.1327,kg,prep
SITE_KIT_01,B00939,ING_TOMATO,2026-01-04T09:00:00,consume,20.486,kg,prep
SITE_KIT_01,B00884,ING_CURD,2026-01-04T09:00:00,consume,1.1739,kg,prep
SITE_KIT_01,B00962,ING_CURD,2026-01-04T09:00:00,consume,10.959,kg,prep
SITE_KIT_01,B00901,ING_GINGER,2026-01-04T09:00:00,consume,1.1372,kg,prep
SITE_KIT_01,B00902,ING_GARLIC,2026-01-04T09:00:00,consume,1.788,kg,prep
SITE_KIT_01,B00900,ING_GCHILLI,2026-01-04T09:00:00,consume,1.0174,kg,prep
SITE_KIT_01,B00943,ING_GCHILLI,2026-01-04T09:00:00,consume,0.4807,kg,prep
SITE_KIT_01,B00950,ING_MINT,2026-01-04T09:00:00,consume,0.6722,kg,prep
SITE_KIT_01,B00942,ING_CORIANDER,2026-01-04T09:00:00,consume,1.4272,kg,prep
SITE_KIT_01,B00930,ING_GHEE,2026-01-04T09:00:00,consume,4.1782,kg,prep
SITE_KIT_01,B00815,ING_CASHEW,2026-01-04T09:00:00,consume,0.8368,kg,prep
SITE_KIT_01,B00935,ING_CASHEW,2026-01-04T09:00:00,consume,0.4736,kg,prep
SITE_KIT_01,B00903,ING_CARROT,2026-01-04T09:00:00,consume,1.4766,kg,prep
SITE_KIT_01,B00944,ING_CARROT,2026-01-04T09:00:00,consume,5.7245,kg,prep
SITE_KIT_01,B00912,ING_BEANS,2026-01-04T09:00:00,consume,2.147,kg,prep
SITE_KIT_01,B00953,ING_BEANS,2026-01-04T09:00:00,consume,2.105,kg,prep
SITE_KIT_01,B00871,ING_PEAS,2026-01-04T09:00:00,consume,1.337,kg,prep
SITE_KIT_01,B00949,ING_PEAS,2026-01-04T09:00:00,consume,1.965,kg,prep
SITE_KIT_01,B00897,ING_CAULI,2026-01-04T09:00:00,consume,1.9385,kg,prep
SITE_KIT_01,B00940,ING_CAULI,2026-01-04T09:00:00,consume,27.5903,kg,prep
SITE_KIT_01,B00896,ING_POTATO,2026-01-04T09:00:00,consume,12.7968,kg,prep
SITE_KIT_01,B00961,ING_PANEER,2026-01-04T09:00:00,consume,14.547,kg,prep
SITE_KIT_01,B00965,ING_BUTTER,2026-01-04T09:00:00,consume,3.2721,kg,prep
SITE_KIT_01,B00923,ING_CREAM,2026-01-04T09:00:00,consume,2.5108,kg,prep
SITE_KIT_01,B00964,ING_CREAM,2026-01-04T09:00:00,consume,0.4844,kg,prep
SITE_KIT_01,B00945,ING_CAPSICUM,2026-01-04T09:00:00,consume,4.1592,kg,prep
SITE_KIT_01,B00933,ING_BESAN,2026-01-04T09:00:00,consume,1.404,kg,prep
SITE_KIT_01,B00814,ING_OIL,2026-01-04T09:00:00,consume,1.459,kg,prep
SITE_KIT_01,B00934,ING_OIL,2026-01-04T09:00:00,consume,1.4075,kg,prep
SITE_KIT_01,B00941,ING_SPINACH,2026-01-04T09:00:00,consume,9.8633,kg,prep
SITE_KIT_01,B00932,ING_ATTA,2026-01-04T09:00:00,consume,27.404,kg,prep
SITE_KIT_01,B00852,ING_MILK,2026-01-04T09:00:00,consume,0.856,kg,prep
SITE_KIT_01,B00963,ING_MILK,2026-01-04T09:00:00,consume,1.432,kg,prep
SITE_KIT_01,B00937,ING_TOORDAL,2026-01-04T09:00:00,consume,5.928,kg,prep
SITE_KIT_01,B00929,ING_CURRYLEAF,2026-01-04T09:00:00,consume,0.1744,kg,prep
SITE_KIT_01,B00892,ING_CURRYLEAF,2026-01-04T09:00:00,consume,0.3068,kg,prep
SITE_KIT_01,B00917,ING_MUTTON,2026-01-04T09:00:00,consume,6.62,kg,prep
SITE_KIT_01,B00958,ING_MUTTON,2026-01-04T09:00:00,consume,1.7,kg,prep
SITE_KIT_01,B00938,ING_BATTER,2026-01-04T09:00:00,consume,4.048,kg,prep
SITE_KIT_01,B00925,ING_BATTER,2026-01-04T09:00:00,consume,7.808,kg,prep
SITE_KIT_01,B00959,ING_FISH,2026-01-04T09:00:00,consume,6.656,kg,prep
SITE_KIT_01,B00936,ING_COCONUT,2026-01-04T09:00:00,consume,1.664,kg,prep
SITE_KIT_01,B00911,ING_LEMON,2026-01-04T09:00:00,consume,2.1999,kg,prep
SITE_KIT_01,B00914,ING_CUCUMBER,2026-01-04T09:00:00,consume,1.2971,kg,prep
SITE_KIT_01,B00955,ING_CUCUMBER,2026-01-04T09:00:00,consume,3.309,kg,prep
SITE_KIT_01,B00905,ING_CABBAGE,2026-01-04T09:00:00,consume,0.4514,kg,prep
SITE_KIT_01,B00946,ING_CABBAGE,2026-01-04T09:00:00,consume,2.5579,kg,prep
SITE_KIT_01,B00845,ING_BANANA,2026-01-04T09:00:00,consume,4.9726,kg,prep
SITE_KIT_01,B00960,ING_EGG,2026-01-04T09:00:00,consume,2.9835,kg,prep
SITE_KIT_01,B00906,ING_BRINJAL,2026-01-04T09:00:00,consume,0.1843,kg,prep
SITE_KIT_01,B00947,ING_BRINJAL,2026-01-04T09:00:00,consume,3.9164,kg,prep
SITE_KIT_01,B00948,ING_OKRA,2026-01-04T09:00:00,consume,4.7834,kg,prep
SITE_KIT_01,B00954,ING_MUSHROOM,2026-01-04T09:00:00,consume,1.3829,kg,prep
SITE_KIT_01,B00892,ING_CURRYLEAF,2026-01-04T23:00:00,waste,0.3085,kg,spoilage
SITE_KIT_01,B00845,ING_BANANA,2026-01-04T23:00:00,waste,4.1854,kg,spoilage
SITE_KIT_01,B00925,ING_BATTER,2026-01-04T23:00:00,waste,9.192,kg,spoilage
SITE_KIT_01,B00967,ING_SPINACH,2026-01-05T07:00:00,receive,15.0,kg,LOT-B00967
SITE_KIT_01,B00968,ING_CORIANDER,2026-01-05T07:00:00,receive,1.5,kg,LOT-B00968
SITE_KIT_01,B00969,ING_MINT,2026-01-05T07:00:00,receive,1.0,kg,LOT-B00969
SITE_KIT_01,B00970,ING_CURRYLEAF,2026-01-05T07:00:00,receive,0.712,kg,LOT-B00970
SITE_KIT_01,B00971,ING_BATTER,2026-01-05T07:00:00,receive,16.0,kg,LOT-B00971
SITE_KIT_01,B00957,ING_CHICKEN,2026-01-05T09:00:00,consume,8.658,kg,prep
SITE_KIT_01,B00931,ING_RICE,2026-01-05T09:00:00,consume,19.019,kg,prep
SITE_KIT_01,B00825,ING_ONION,2026-01-05T09:00:00,consume,21.7785,kg,prep
SITE_KIT_01,B00939,ING_TOMATO,2026-01-05T09:00:00,consume,16.1843,kg,prep
SITE_KIT_01,B00962,ING_CURD,2026-01-05T09:00:00,consume,7.7519,kg,prep
SITE_KIT_01,B00901,ING_GINGER,2026-01-05T09:00:00,consume,0.6851,kg,prep
SITE_KIT_01,B00902,ING_GARLIC,2026-01-05T09:00:00,consume,1.0984,kg,prep
SITE_KIT_01,B00943,ING_GCHILLI,2026-01-05T09:00:00,consume,0.9789,kg,prep
SITE_KIT_01,B00950,ING_MINT,2026-01-05T09:00:00,consume,0.0778,kg,prep
SITE_KIT_01,B00969,ING_MINT,2026-01-05T09:00:00,consume,0.3163,kg,prep
SITE_KIT_01,B00942,ING_CORIANDER,2026-01-05T09:00:00,consume,0.0728,kg,prep
SITE_KIT_01,B00968,ING_CORIANDER,2026-01-05T09:00:00,consume,0.7676,kg,prep
SITE_KIT_01,B00930,ING_GHEE,2026-01-05T09:00:00,consume,2.4466,kg,prep
SITE_KIT_01,B00935,ING_CASHEW,2026-01-05T09:00:00,consume,0.8502,kg,prep
SITE_KIT_01,B00944,ING_CARROT,2026-01-05T09:00:00,consume,4.5551,kg,prep
SITE_KIT_01,B00953,ING_BEANS,2026-01-05T09:00:00,consume,2.7413,kg,prep
SITE_KIT_01,B00949,ING_PEAS,2026-01-05T09:00:00,consume,2.106,kg,prep
SITE_KIT_01,B00940,ING_CAULI,2026-01-05T09:00:00,consume,19.0824,kg,prep
SITE_KIT_01,B00896,ING_POTATO,2026-01-05T09:00:00,consume,11.6496,kg,prep
SITE_KIT_01,B00961,ING_PANEER,2026-01-05T09:00:00,consume,10.179,kg,prep
SITE_KIT_01,B00965,ING_BUTTER,2026-01-05T09:00:00,consume,2.3166,kg,prep
SITE_KIT_01,B00964,ING_CREAM,2026-01-05T09:00:00,consume,2.067,kg,prep
SITE_KIT_01,B00945,ING_CAPSICUM,2026-01-05T09:00:00,consume,2.6201,kg,prep
SITE_KIT_01,B00933,ING_BESAN,2026-01-05T09:00:00,consume,0.858,kg,prep
SITE_KIT_01,B00934,ING_OIL,2026-01-05T09:00:00,consume,2.2425,kg,prep
SITE_KIT_01,B00941,ING_SPINACH,2026-01-05T09:00:00,consume,1.1367,kg,prep
SITE_KIT_01,B00967,ING_SPINACH,2026-01-05T09:00:00,consume,5.1746,kg,prep
SITE_KIT_01,B00932,ING_ATTA,2026-01-05T09:00:00,consume,18.564,kg,prep
SITE_KIT_01,B00963,ING_MILK,2026-01-05T09:00:00,consume,1.638,kg,prep
SITE_KIT_01,B00937,ING_TOORDAL,2026-01-05T09:00:00,consume,3.666,kg,prep
SITE_KIT_01,B00970,ING_CURRYLEAF,2026-01-05T09:00:00,consume,0.3752,kg,prep
SITE_KIT_01,B00958,ING_MUTTON,2026-01-05T09:00:00,consume,4.16,kg,prep
SITE_KIT_01,B00966,ING_BATTER,2026-01-05T09:00:00,consume,12.48,kg,prep
SITE_KIT_01,B00959,ING_FISH,2026-01-05T09:00:00,consume,4.368,kg,prep
SITE_KIT_01,B00936,ING_COCONUT,2026-01-05T09:00:00,consume,1.092,kg,prep
SITE_KIT_01,B00911,ING_LEMON,2026-01-05T09:00:00,consume,1.5168,kg,prep
SITE_KIT_01,B00955,ING_CUCUMBER,2026-01-05T09:00:00,consume,3.332,kg,prep
SITE_KIT_01,B00946,ING_CABBAGE,2026-01-05T09:00:00,consume,2.0675,kg,prep
SITE_KIT_01,B00956,ING_BANANA,2026-01-05T09:00:00,consume,3.4372,kg,prep
SITE_KIT_01,B00960,ING_EGG,2026-01-05T09:00:00,consume,2.0592,kg,prep
SITE_KIT_01,B00947,ING_BRINJAL,2026-01-05T09:00:00,consume,2.8695,kg,prep
SITE_KIT_01,B00948,ING_OKRA,2026-01-05T09:00:00,consume,3.3504,kg,prep
SITE_KIT_01,B00954,ING_MUSHROOM,2026-01-05T09:00:00,consume,0.9622,kg,prep
SITE_KIT_01,B00909,ING_MINT,2026-01-05T23:00:00,waste,0.697,kg,spoilage
SITE_KIT_01,B00910,ING_CURRYLEAF,2026-01-05T23:00:00,waste,0.5,kg,spoilage
SITE_KIT_01,B00972,ING_TOMATO,2026-01-06T07:00:00,receive,16.0,kg,LOT-B00972
SITE_KIT_01,B00973,ING_ONION,2026-01-06T07:00:00,receive,140.0,kg,LOT-B00973
SITE_KIT_01,B00974,ING_POTATO,2026-01-06T07:00:00,receive,52.0,kg,LOT-B00974
SITE_KIT_01,B00975,ING_CAULI,2026-01-06T07:00:00,receive,49.0,kg,LOT-B00975
SITE_KIT_01,B00976,ING_SPINACH,2026-01-06T07:00:00,receive,11.0,kg,LOT-B00976
SITE_KIT_01,B00977,ING_CORIANDER,2026-01-06T07:00:00,receive,1.981,kg,LOT-B00977
SITE_KIT_01,B00978,ING_GCHILLI,2026-01-06T07:00:00,receive,3.0,kg,LOT-B00978
SITE_KIT_01,B00979,ING_GINGER,2026-01-06T07:00:00,receive,4.0,kg,LOT-B00979
SITE_KIT_01,B00980,ING_GARLIC,2026-01-06T07:00:00,receive,3.735,kg,LOT-B00980
SITE_KIT_01,B00981,ING_CARROT,2026-01-06T07:00:00,receive,13.0,kg,LOT-B00981
SITE_KIT_01,B00982,ING_CAPSICUM,2026-01-06T07:00:00,receive,7.0,kg,LOT-B00982
SITE_KIT_01,B00983,ING_CABBAGE,2026-01-06T07:00:00,receive,5.0,kg,LOT-B00983
SITE_KIT_01,B00984,ING_BRINJAL,2026-01-06T07:00:00,receive,7.0,kg,LOT-B00984
SITE_KIT_01,B00985,ING_OKRA,2026-01-06T07:00:00,receive,9.0,kg,LOT-B00985
SITE_KIT_01,B00986,ING_PEAS,2026-01-06T07:00:00,receive,5.758,kg,LOT-B00986
SITE_KIT_01,B00987,ING_MINT,2026-01-06T07:00:00,receive,0.665,kg,LOT-B00987
SITE_KIT_01,B00988,ING_CURRYLEAF,2026-01-06T07:00:00,receive,0.75,kg,LOT-B00988
SITE_KIT_01,B00989,ING_LEMON,2026-01-06T07:00:00,receive,5.0,kg,LOT-B00989
SITE_KIT_01,B00990,ING_BEANS,2026-01-06T07:00:00,receive,7.0,kg,LOT-B00990
SITE_KIT_01,B00991,ING_MUSHROOM,2026-01-06T07:00:00,receive,2.0,kg,LOT-B00991
SITE_KIT_01,B00992,ING_CUCUMBER,2026-01-06T07:00:00,receive,9.0,kg,LOT-B00992
SITE_KIT_01,B00993,ING_BANANA,2026-01-06T07:00:00,receive,10.0,kg,LOT-B00993
SITE_KIT_01,B00994,ING_CHICKEN,2026-01-06T07:00:00,receive,27.0,kg,LOT-B00994
SITE_KIT_01,B00995,ING_MUTTON,2026-01-06T07:00:00,receive,13.0,kg,LOT-B00995
SITE_KIT_01,B00996,ING_FISH,2026-01-06T07:00:00,receive,11.0,kg,LOT-B00996
SITE_KIT_01,B00997,ING_EGG,2026-01-06T07:00:00,receive,6.0,kg,LOT-B00997
SITE_KIT_01,B00998,ING_PANEER,2026-01-06T07:00:00,receive,23.0,kg,LOT-B00998
SITE_KIT_01,B00999,ING_CURD,2026-01-06T07:00:00,receive,37.0,kg,LOT-B00999
SITE_KIT_01,B01000,ING_MILK,2026-01-06T07:00:00,receive,5.0,kg,LOT-B01000
SITE_KIT_01,B01001,ING_CREAM,2026-01-06T07:00:00,receive,4.0,kg,LOT-B01001
SITE_KIT_01,B01002,ING_BUTTER,2026-01-06T07:00:00,receive,5.0,kg,LOT-B01002
SITE_KIT_01,B01003,ING_BATTER,2026-01-06T07:00:00,receive,15.0,kg,LOT-B01003
SITE_KIT_01,B00957,ING_CHICKEN,2026-01-06T09:00:00,consume,9.36,kg,prep
SITE_KIT_01,B00931,ING_RICE,2026-01-06T09:00:00,consume,21.905,kg,prep
SITE_KIT_01,B00825,ING_ONION,2026-01-06T09:00:00,consume,8.248,kg,prep
SITE_KIT_01,B00973,ING_ONION,2026-01-06T09:00:00,consume,14.7026,kg,prep
SITE_KIT_01,B00939,ING_TOMATO,2026-01-06T09:00:00,consume,16.4703,kg,prep
SITE_KIT_01,B00999,ING_CURD,2026-01-06T09:00:00,consume,8.1445,kg,prep
SITE_KIT_01,B00979,ING_GINGER,2026-01-06T09:00:00,consume,0.6717,kg,prep
SITE_KIT_01,B00980,ING_GARLIC,2026-01-06T09:00:00,consume,1.1183,kg,prep
SITE_KIT_01,B00943,ING_GCHILLI,2026-01-06T09:00:00,consume,1.0341,kg,prep
SITE_KIT_01,B00969,ING_MINT,2026-01-06T09:00:00,consume,0.4775,kg,prep
SITE_KIT_01,B00968,ING_CORIANDER,2026-01-06T09:00:00,consume,0.7324,kg,prep
SITE_KIT_01,B00977,ING_CORIANDER,2026-01-06T09:00:00,consume,0.2308,kg,prep
SITE_KIT_01,B00930,ING_GHEE,2026-01-06T09:00:00,consume,2.7287,kg,prep
SITE_KIT_01,B00935,ING_CASHEW,2026-01-06T09:00:00,consume,0.8112,kg,prep
SITE_KIT_01,B00981,ING_CARROT,2026-01-06T09:00:00,consume,4.8495,kg,prep
SITE_KIT_01,B00953,ING_BEANS,2026-01-06T09:00:00,consume,3.1684,kg,prep
SITE_KIT_01,B00949,ING_PEAS,2026-01-06T09:00:00,consume,2.366,kg,prep
SITE_KIT_01,B00940,ING_CAULI,2026-01-06T09:00:00,consume,17.3273,kg,prep
SITE_KIT_01,B00862,ING_CAULI,2026-01-06T09:00:00,consume,3.2473,kg,prep
SITE_KIT_01,B00974,ING_POTATO,2026-01-06T09:00:00,consume,11.8556,kg,prep
SITE_KIT_01,B00961,ING_PANEER,2026-01-06T09:00:00,consume,7.274,kg,prep
SITE_KIT_01,B00998,ING_PANEER,2026-01-06T09:00:00,consume,2.047,kg,prep
SITE_KIT_01,B00965,ING_BUTTER,2026-01-06T09:00:00,consume,1.4113,kg,prep
SITE_KIT_01,B01002,ING_BUTTER,2026-01-06T09:00:00,consume,0.7805,kg,prep
SITE_KIT_01,B00964,ING_CREAM,2026-01-06T09:00:00,consume,1.9006,kg,prep
SITE_KIT_01,B00945,ING_CAPSICUM,2026-01-06T09:00:00,consume,1.7907,kg,prep
SITE_KIT_01,B00982,ING_CAPSICUM,2026-01-06T09:00:00,consume,0.9867,kg,prep
SITE_KIT_01,B00933,ING_BESAN,2026-01-06T09:00:00,consume,0.936,kg,prep
SITE_KIT_01,B00934,ING_OIL,2026-01-06T09:00:00,consume,2.301,kg,prep
SITE_KIT_01,B00967,ING_SPINACH,2026-01-06T09:00:00,consume,6.3624,kg,prep
SITE_KIT_01,B00932,ING_ATTA,2026-01-06T09:00:00,consume,18.707,kg,prep
SITE_KIT_01,B00963,ING_MILK,2026-01-06T09:00:00,consume,0.93,kg,prep
SITE_KIT_01,B01000,ING_MILK,2026-01-06T09:00:00,consume,0.695,kg,prep
SITE_KIT_01,B00937,ING_TOORDAL,2026-01-06T09:00:00,consume,3.822,kg,prep
SITE_KIT_01,B00970,ING_CURRYLEAF,2026-01-06T09:00:00,consume,0.3368,kg,prep
SITE_KIT_01,B00988,ING_CURRYLEAF,2026-01-06T09:00:00,consume,0.0358,kg,prep
SITE_KIT_01,B00958,ING_MUTTON,2026-01-06T09:00:00,consume,4.42,kg,prep
SITE_KIT_01,B00966,ING_BATTER,2026-01-06T09:00:00,consume,3.52,kg,prep
SITE_KIT_01,B00971,ING_BATTER,2026-01-06T09:00:00,consume,8.544,kg,prep
SITE_KIT_01,B00959,ING_FISH,2026-01-06T09:00:00,consume,3.976,kg,prep
SITE_KIT_01,B00996,ING_FISH,2026-01-06T09:00:00,consume,0.392,kg,prep
SITE_KIT_01,B00936,ING_COCONUT,2026-01-06T09:00:00,consume,1.092,kg,prep
SITE_KIT_01,B00911,ING_LEMON,2026-01-06T09:00:00,consume,1.2482,kg,prep
SITE_KIT_01,B00989,ING_LEMON,2026-01-06T09:00:00,consume,0.2247,kg,prep
SITE_KIT_01,B00992,ING_CUCUMBER,2026-01-06T09:00:00,consume,3.1643,kg,prep
SITE_KIT_01,B00946,ING_CABBAGE,2026-01-06T09:00:00,consume,2.0404,kg,prep
SITE_KIT_01,B00993,ING_BANANA,2026-01-06T09:00:00,consume,3.3131,kg,prep
SITE_KIT_01,B00960,ING_EGG,2026-01-06T09:00:00,consume,0.9573,kg,prep
SITE_KIT_01,B00882,ING_EGG,2026-01-06T09:00:00,consume,0.5594,kg,prep
SITE_KIT_01,B00997,ING_EGG,2026-01-06T09:00:00,consume,0.4957,kg,prep
SITE_KIT_01,B00947,ING_BRINJAL,2026-01-06T09:00:00,consume,1.2142,kg,prep
SITE_KIT_01,B00984,ING_BRINJAL,2026-01-06T09:00:00,consume,1.5358,kg,prep
SITE_KIT_01,B00948,ING_OKRA,2026-01-06T09:00:00,consume,0.8852,kg,prep
SITE_KIT_01,B00870,ING_OKRA,2026-01-06T09:00:00,consume,2.006,kg,prep
SITE_KIT_01,B00985,ING_OKRA,2026-01-06T09:00:00,consume,0.3174,kg,prep
SITE_KIT_01,B00954,ING_MUSHROOM,2026-01-06T09:00:00,consume,0.6549,kg,prep
SITE_KIT_01,B00913,ING_MUSHROOM,2026-01-06T09:00:00,consume,0.2847,kg,prep
SITE_KIT_01,B00927,ING_CORIANDER,2026-01-06T23:00:00,waste,0.3585,kg,spoilage
SITE_KIT_01,B01004,ING_SPINACH,2026-01-07T07:00:00,receive,14.586,kg,LOT-B01004
SITE_KIT_01,B01005,ING_CORIANDER,2026-01-07T07:00:00,receive,2.25,kg,LOT-B01005
SITE_KIT_01,B01006,ING_MINT,2026-01-07T07:00:00,receive,0.75,kg,LOT-B01006
SITE_KIT_01,B01007,ING_CURRYLEAF,2026-01-07T07:00:00,receive,0.5,kg,LOT-B01007
SITE_KIT_01,B01008,ING_BATTER,2026-01-07T07:00:00,receive,17.0,kg,LOT-B01008
SITE_KIT_01,B00957,ING_CHICKEN,2026-01-07T09:00:00,consume,0.07,kg,prep
SITE_KIT_01,B00994,ING_CHICKEN,2026-01-07T09:00:00,consume,10.226,kg,prep
SITE_KIT_01,B00931,ING_RICE,2026-01-07T09:00:00,consume,20.969,kg,prep
SITE_KIT_01,B00973,ING_ONION,2026-01-07T09:00:00,consume,24.301,kg,prep
SITE_KIT_01,B00939,ING_TOMATO,2026-01-07T09:00:00,consume,17.0315,kg,prep
SITE_KIT_01,B00999,ING_CURD,2026-01-07T09:00:00,consume,8.3109,kg,prep
SITE_KIT_01,B00979,ING_GINGER,2026-01-07T09:00:00,consume,0.756,kg,prep
SITE_KIT_01,B00980,ING_GARLIC,2026-01-07T09:00:00,consume,1.2551,kg,prep
SITE_KIT_01,B00943,ING_GCHILLI,2026-01-07T09:00:00,consume,0.5063,kg,prep
SITE_KIT_01,B00978,ING_GCHILLI,2026-01-07T09:00:00,consume,0.6598,kg,prep
SITE_KIT_01,B00969,ING_MINT,2026-01-07T09:00:00,consume,0.2062,kg,prep
SITE_KIT_01,B00987,ING_MINT,2026-01-07T09:00:00,consume,0.2323,kg,prep
SITE_KIT_01,B00977,ING_CORIANDER,2026-01-07T09:00:00,consume,0.9737,kg,prep
SITE_KIT_01,B00930,ING_GHEE,2026-01-07T09:00:00,consume,2.7469,kg,prep
SITE_KIT_01,B00935,ING_CASHEW,2026-01-07T09:00:00,consume,0.884,kg,prep
SITE_KIT_01,B00981,ING_CARROT,2026-01-07T09:00:00,consume,4.8498,kg,prep
SITE_KIT_01,B00953,ING_BEANS,2026-01-07T09:00:00,consume,0.9853,kg,prep
SITE_KIT_01,B00990,ING_BEANS,2026-01-07T09:00:00,consume,1.9915,kg,prep
SITE_KIT_01,B00949,ING_PEAS,2026-01-07T09:00:00,consume,0.563,kg,prep
SITE_KIT_01,B00986,ING_PEAS,2026-01-07T09:00:00,consume,1.673,kg,prep
SITE_KIT_01,B00862,ING_CAULI,2026-01-07T09:00:00,consume,4.4459,kg,prep
SITE_KIT_01,B00975,ING_CAULI,2026-01-07T09:00:00,consume,16.0674,kg,prep
SITE_KIT_01,B00974,ING_POTATO,2026-01-07T09:00:00,consume,13.516,kg,prep
SITE_KIT_01,B00998,ING_PANEER,2026-01-07T09:00:00,consume,10.257,kg,prep
SITE_KIT_01,B01002,ING_BUTTER,2026-01-07T09:00:00,consume,2.3582,kg,prep
SITE_KIT_01,B00964,ING_CREAM,2026-01-07T09:00:00,consume,0.548,kg,prep
SITE_KIT_01,B01001,ING_CREAM,2026-01-07T09:00:00,consume,1.5398,kg,prep
SITE_KIT_01,B00982,ING_CAPSICUM,2026-01-07T09:00:00,consume,3.0058,kg,prep
SITE_KIT_01,B00933,ING_BESAN,2026-01-07T09:00:00,consume,0.988,kg,prep
SITE_KIT_01,B00934,ING_OIL,2026-01-07T09:00:00,consume,2.678,kg,prep
SITE_KIT_01,B00967,ING_SPINACH,2026-01-07T09:00:00,consume,3.463,kg,prep
SITE_KIT_01,B01004,ING_SPINACH,2026-01-07T09:00:00,consume,3.9139,kg,prep
SITE_KIT_01,B00932,ING_ATTA,2026-01-07T09:00:00,consume,18.863,kg,prep
SITE_KIT_01,B01000,ING_MILK,2026-01-07T09:00:00,consume,1.703,kg,prep
SITE_KIT_01,B00937,ING_TOORDAL,2026-01-07T09:00:00,consume,4.134,kg,prep
SITE_KIT_01,B00988,ING_CURRYLEAF,2026-01-07T09:00:00,consume,0.4415,kg,prep
SITE_KIT_01,B00958,ING_MUTTON,2026-01-07T09:00:00,consume,0.72,kg,prep
SITE_KIT_01,B00995,ING_MUTTON,2026-01-07T09:00:00,consume,4.22,kg,prep
SITE_KIT_01,B01008,ING_BATTER,2026-01-07T09:00:00,consume,15.392,kg,prep
SITE_KIT_01,B00996,ING_FISH,2026-01-07T09:00:00,consume,4.784,kg,prep
SITE_KIT_01,B00936,ING_COCONUT,2026-01-07T09:00:00,consume,1.196,kg,prep
SITE_KIT_01,B00989,ING_LEMON,2026-01-07T09:00:00,consume,1.5582,kg,prep
SITE_KIT_01,B00992,ING_CUCUMBER,2026-01-07T09:00:00,consume,3.3545,kg,prep
SITE_KIT_01,B00946,ING_CABBAGE,2026-01-07T09:00:00,consume,0.3342,kg,prep
SITE_KIT_01,B00983,ING_CABBAGE,2026-01-07T09:00:00,consume,1.8064,kg,prep
SITE_KIT_01,B00993,ING_BANANA,2026-01-07T09:00:00,consume,3.4952,kg,prep
SITE_KIT_01,B00997,ING_EGG,2026-01-07T09:00:00,consume,2.1294,kg,prep
SITE_KIT_01,B00984,ING_BRINJAL,2026-01-07T09:00:00,consume,2.9807,kg,prep
SITE_KIT_01,B00985,ING_OKRA,2026-01-07T09:00:00,consume,3.4169,kg,prep
SITE_KIT_01,B00913,ING_MUSHROOM,2026-01-07T09:00:00,consume,0.9167,kg,prep
SITE_KIT_01,B00991,ING_MUSHROOM,2026-01-07T09:00:00,consume,0.0822,kg,prep
SITE_KIT_01,B00926,ING_SPINACH,2026-01-07T23:00:00,waste,1.2504,kg,spoilage
SITE_KIT_01,B00869,ING_BRINJAL,2026-01-07T23:00:00,waste,1.7591,kg,spoilage
SITE_KIT_01,B00951,ING_CURRYLEAF,2026-01-07T23:00:00,waste,0.75,kg,spoilage
SITE_KIT_01,B00971,ING_BATTER,2026-01-07T23:00:00,waste,7.456,kg,spoilage
SITE_KIT_01,B01009,ING_TOMATO,2026-01-08T07:00:00,receive,46.0,kg,LOT-B01009
SITE_KIT_01,B01010,ING_CAULI,2026-01-08T07:00:00,receive,38.0,kg,LOT-B01010
SITE_KIT_01,B01011,ING_SPINACH,2026-01-08T07:00:00,receive,10.0,kg,LOT-B01011
SITE_KIT_01,B01012,ING_CORIANDER,2026-01-08T07:00:00,receive,1.5,kg,LOT-B01012
SITE_KIT_01,B01013,ING_GCHILLI,2026-01-08T07:00:00,receive,2.0,kg,LOT-B01013
SITE_KIT_01,B01014,ING_CARROT,2026-01-08T07:00:00,receive,8.159,kg,LOT-B01014
SITE_KIT_01,B01015,ING_CAPSICUM,2026-01-08T07:00:00,receive,6.0,kg,LOT-B01015
SITE_KIT_01,B01016,ING_CABBAGE,2026-01-08T07:00:00,receive,5.0,kg,LOT-B01016
SITE_KIT_01,B01017,ING_BRINJAL,2026-01-08T07:00:00,receive,8.0,kg,LOT-B01017
SITE_KIT_01,B01018,ING_OKRA,2026-01-08T07:00:00,receive,7.0,kg,LOT-B01018
SITE_KIT_01,B01019,ING_PEAS,2026-01-08T07:00:00,receive,7.0,kg,LOT-B01019
SITE_KIT_01,B01020,ING_MINT,2026-01-08T07:00:00,receive,0.75,kg,LOT-B01020
SITE_KIT_01,B01021,ING_CURRYLEAF,2026-01-08T07:00:00,receive,0.5,kg,LOT-B01021
SITE_KIT_01,B01022,ING_LEMON,2026-01-08T07:00:00,receive,5.0,kg,LOT-B01022
SITE_KIT_01,B01023,ING_BEANS,2026-01-08T07:00:00,receive,6.0,kg,LOT-B01023
SITE_KIT_01,B01024,ING_MUSHROOM,2026-01-08T07:00:00,receive,2.0,kg,LOT-B01024
SITE_KIT_01,B01025,ING_CUCUMBER,2026-01-08T07:00:00,receive,5.0,kg,LOT-B01025
SITE_KIT_01,B01026,ING_BANANA,2026-01-08T07:00:00,receive,9.446,kg,LOT-B01026
SITE_KIT_01,B01027,ING_CHICKEN,2026-01-08T07:00:00,receive,17.0,kg,LOT-B01027
SITE_KIT_01,B01028,ING_MUTTON,2026-01-08T07:00:00,receive,8.0,kg,LOT-B01028
SITE_KIT_01,B01029,ING_FISH,2026-01-08T07:00:00,receive,8.0,kg,LOT-B01029
SITE_KIT_01,B01030,ING_EGG,2026-01-08T07:00:00,receive,4.0,kg,LOT-B01030
SITE_KIT_01,B01031,ING_PANEER,2026-01-08T07:00:00,receive,22.0,kg,LOT-B01031
SITE_KIT_01,B01032,ING_CURD,2026-01-08T07:00:00,receive,4.0,kg,LOT-B01032
SITE_KIT_01,B01033,ING_MILK,2026-01-08T07:00:00,receive,3.0,kg,LOT-B01033
SITE_KIT_01,B01034,ING_CREAM,2026-01-08T07:00:00,receive,7.0,kg,LOT-B01034
SITE_KIT_01,B01035,ING_BUTTER,2026-01-08T07:00:00,receive,5.0,kg,LOT-B01035
SITE_KIT_01,B01036,ING_BATTER,2026-01-08T07:00:00,receive,15.0,kg,LOT-B01036
SITE_KIT_01,B00994,ING_CHICKEN,2026-01-08T09:00:00,consume,11.466,kg,prep
SITE_KIT_01,B00931,ING_RICE,2026-01-08T09:00:00,consume,23.66,kg,prep
SITE_KIT_01,B00973,ING_ONION,2026-01-08T09:00:00,consume,25.7387,kg,prep
SITE_KIT_01,B00939,ING_TOMATO,2026-01-08T09:00:00,consume,18.5204,kg,prep
SITE_KIT_01,B00999,ING_CURD,2026-01-08T09:00:00,consume,9.2404,kg,prep
SITE_KIT_01,B00979,ING_GINGER,2026-01-08T09:00:00,consume,0.7951,kg,prep
SITE_KIT_01,B00980,ING_GARLIC,2026-01-08T09:00:00,consume,1.3236,kg,prep
SITE_KIT_01,B00978,ING_GCHILLI,2026-01-08T09:00:00,consume,1.2096,kg,prep
SITE_KIT_01,B00987,ING_MINT,2026-01-08T09:00:00,consume,0.4327,kg,prep
SITE_KIT_01,B01006,ING_MINT,2026-01-08T09:00:00,consume,0.0674,kg,prep
SITE_KIT_01,B00977,ING_CORIANDER,2026-01-08T09:00:00,consume,0.7765,kg,prep
SITE_KIT_01,B01005,ING_CORIANDER,2026-01-08T09:00:00,consume,0.3232,kg,prep
SITE_KIT_01,B00930,ING_GHEE,2026-01-08T09:00:00,consume,3.0745,kg,prep
SITE_KIT_01,B00935,ING_CASHEW,2026-01-08T09:00:00,consume,0.9542,kg,prep
SITE_KIT_01,B00981,ING_CARROT,2026-01-08T09:00:00,consume,3.3007,kg,prep
SITE_KIT_01,B01014,ING_CARROT,2026-01-08T09:00:00,consume,2.1107,kg,prep
SITE_KIT_01,B00990,ING_BEANS,2026-01-08T09:00:00,consume,3.2716,kg,prep
SITE_KIT_01,B01019,ING_PEAS,2026-01-08T09:00:00,consume,2.47,kg,prep
SITE_KIT_01,B00975,ING_CAULI,2026-01-08T09:00:00,consume,23.6267,kg,prep
SITE_KIT_01,B00974,ING_POTATO,2026-01-08T09:00:00,consume,12.7308,kg,prep
SITE_KIT_01,B00998,ING_PANEER,2026-01-08T09:00:00,consume,10.686,kg,prep
SITE_KIT_01,B01002,ING_BUTTER,2026-01-08T09:00:00,consume,1.8613,kg,prep
SITE_KIT_01,B01035,ING_BUTTER,2026-01-08T09:00:00,consume,0.6724,kg,prep
SITE_KIT_01,B01001,ING_CREAM,2026-01-08T09:00:00,consume,2.2074,kg,prep
SITE_KIT_01,B00982,ING_CAPSICUM,2026-01-08T09:00:00,consume,3.0076,kg,prep
SITE_KIT_01,B00904,ING_CAPSICUM,2026-01-08T09:00:00,consume,0.2003,kg,prep
SITE_KIT_01,B00933,ING_BESAN,2026-01-08T09:00:00,consume,1.066,kg,prep
SITE_KIT_01,B00934,ING_OIL,2026-01-08T09:00:00,consume,2.6,kg,prep
SITE_KIT_01,B01004,ING_SPINACH,2026-01-08T09:00:00,consume,7.3999,kg,prep
SITE_KIT_01,B00932,ING_ATTA,2026-01-08T09:00:00,consume,21.632,kg,prep
SITE_KIT_01,B01000,ING_MILK,2026-01-08T09:00:00,consume,1.898,kg,prep
SITE_KIT_01,B00937,ING_TOORDAL,2026-01-08T09:00:00,consume,4.602,kg,prep
SITE_KIT_01,B00988,ING_CURRYLEAF,2026-01-08T09:00:00,consume,0.2728,kg,prep
SITE_KIT_01,B01007,ING_CURRYLEAF,2026-01-08T09:00:00,consume,0.1465,kg,prep
SITE_KIT_01,B00995,ING_MUTTON,2026-01-08T09:00:00,consume,5.46,kg,prep
SITE_KIT_01,B01008,ING_BATTER,2026-01-08T09:00:00,consume,1.608,kg,prep
SITE_KIT_01,B01003,ING_BATTER,2026-01-08T09:00:00,consume,11.912,kg,prep
SITE_KIT_01,B00996,ING_FISH,2026-01-08T09:00:00,consume,4.784,kg,prep
SITE_KIT_01,B00936,ING_COCONUT,2026-01-08T09:00:00,consume,1.196,kg,prep
SITE_KIT_01,B00989,ING_LEMON,2026-01-08T09:00:00,consume,1.6694,kg,prep
SITE_KIT_01,B00992,ING_CUCUMBER,2026-01-08T09:00:00,consume,2.4812,kg,prep
SITE_KIT_01,B00955,ING_CUCUMBER,2026-01-08T09:00:00,consume,1.2769,kg,prep
SITE_KIT_01,B01016,ING_CABBAGE,2026-01-08T09:00:00,consume,2.3667,kg,prep
SITE_KIT_01,B00993,ING_BANANA,2026-01-08T09:00:00,consume,3.1917,kg,prep
SITE_KIT_01,B01026,ING_BANANA,2026-01-08T09:00:00,consume,0.5385,kg,prep
SITE_KIT_01,B01030,ING_EGG,2026-01-08T09:00:00,consume,2.3517,kg,prep
SITE_KIT_01,B00984,ING_BRINJAL,2026-01-08T09:00:00,consume,2.4835,kg,prep
SITE_KIT_01,B01017,ING_BRINJAL,2026-01-08T09:00:00,consume,0.7765,kg,prep
SITE_KIT_01,B00985,ING_OKRA,2026-01-08T09:00:00,consume,3.7619,kg,prep
SITE_KIT_01,B00991,ING_MUSHROOM,2026-01-08T09:00:00,consume,1.1111,kg,prep
SITE_KIT_01,B00924,ING_BUTTER,2026-01-08T23:00:00,waste,0.8923,kg,spoilage
SITE_KIT_01,B01003,ING_BATTER,2026-01-08T23:00:00,waste,3.088,kg,spoilage
SITE_KIT_01,B01037,ING_SPINACH,2026-01-09T07:00:00,receive,9.0,kg,LOT-B01037
SITE_KIT_01,B01038,ING_CORIANDER,2026-01-09T07:00:00,receive,1.5,kg,LOT-B01038
SITE_KIT_01,B01039,ING_MINT,2026-01-09T07:00:00,receive,0.75,kg,LOT-B01039
SITE_KIT_01,B01040,ING_CURRYLEAF,2026-01-09T07:00:00,receive,0.5,kg,LOT-B01040
SITE_KIT_01,B01041,ING_BATTER,2026-01-09T07:00:00,receive,13.0,kg,LOT-B01041
SITE_KIT_01,B00994,ING_CHICKEN,2026-01-09T09:00:00,consume,5.308,kg,prep
SITE_KIT_01,B01027,ING_CHICKEN,2026-01-09T09:00:00,consume,14.816,kg,prep
SITE_KIT_01,B00931,ING_RICE,2026-01-09T09:00:00,consume,34.879,kg,prep
SITE_KIT_01,B00973,ING_ONION,2026-01-09T09:00:00,consume,35.2472,kg,prep
SITE_KIT_01,B00939,ING_TOMATO,2026-01-09T09:00:00,consume,2.3074,kg,prep
SITE_KIT_01,B00972,ING_TOMATO,2026-01-09T09:00:00,consume,16.0,kg,prep
SITE_KIT_01,B01009,ING_TOMATO,2026-01-09T09:00:00,consume,7.8979,kg,prep
SITE_KIT_01,B00999,ING_CURD,2026-01-09T09:00:00,consume,11.3042,kg,prep
SITE_KIT_01,B00962,ING_CURD,2026-01-09T09:00:00,consume,1.6074,kg,prep
SITE_KIT_01,B00979,ING_GINGER,2026-01-09T09:00:00,consume,1.2405,kg,prep
SITE_KIT_01,B00980,ING_GARLIC,2026-01-09T09:00:00,consume,0.0379,kg,prep
SITE_KIT_01,B00902,ING_GARLIC,2026-01-09T09:00:00,consume,1.8626,kg,prep
SITE_KIT_01,B00978,ING_GCHILLI,2026-01-09T09:00:00,consume,1.1306,kg,prep
SITE_KIT_01,B01013,ING_GCHILLI,2026-01-09T09:00:00,consume,0.521,kg,prep
SITE_KIT_01,B01006,ING_MINT,2026-01-09T09:00:00,consume,0.6826,kg,prep
SITE_KIT_01,B01039,ING_MINT,2026-01-09T09:00:00,consume,0.1153,kg,prep
SITE_KIT_01,B01005,ING_CORIANDER,2026-01-09T09:00:00,consume,1.5641,kg,prep
SITE_KIT_01,B00930,ING_GHEE,2026-01-09T09:00:00,consume,4.5331,kg,prep
SITE_KIT_01,B00935,ING_CASHEW,2026-01-09T09:00:00,consume,1.4092,kg,prep
SITE_KIT_01,B01014,ING_CARROT,2026-01-09T09:00:00,consume,6.0483,kg,prep
SITE_KIT_01,B00944,ING_CARROT,2026-01-09T09:00:00,consume,1.1698,kg,prep
SITE_KIT_01,B00990,ING_BEANS,2026-01-09T09:00:00,consume,1.737,kg,prep
SITE_KIT_01,B01023,ING_BEANS,2026-01-09T09:00:00,consume,2.6431,kg,prep
SITE_KIT_01,B01019,ING_PEAS,2026-01-09T09:00:00,consume,3.354,kg,prep
SITE_KIT_01,B00975,ING_CAULI,2026-01-09T09:00:00,consume,9.3059,kg,prep
SITE_KIT_01,B01010,ING_CAULI,2026-01-09T09:00:00,consume,19.3155,kg,prep
SITE_KIT_01,B00974,ING_POTATO,2026-01-09T09:00:00,consume,13.3002,kg,prep
SITE_KIT_01,B00998,ING_PANEER,2026-01-09T09:00:00,consume,0.01,kg,prep
SITE_KIT_01,B01031,ING_PANEER,2026-01-09T09:00:00,consume,13.874,kg,prep
SITE_KIT_01,B01035,ING_BUTTER,2026-01-09T09:00:00,consume,3.1291,kg,prep
SITE_KIT_01,B01001,ING_CREAM,2026-01-09T09:00:00,consume,0.2528,kg,prep
SITE_KIT_01,B01034,ING_CREAM,2026-01-09T09:00:00,consume,2.6254,kg,prep
SITE_KIT_01,B00904,ING_CAPSICUM,2026-01-09T09:00:00,consume,1.5311,kg,prep
SITE_KIT_01,B01015,ING_CAPSICUM,2026-01-09T09:00:00,consume,2.8296,kg,prep
SITE_KIT_01,B00933,ING_BESAN,2026-01-09T09:00:00,consume,1.378,kg,prep
SITE_KIT_01,B00934,ING_OIL,2026-01-09T09:00:00,consume,2.912,kg,prep
SITE_KIT_01,B01004,ING_SPINACH,2026-01-09T09:00:00,consume,3.2722,kg,prep
SITE_KIT_01,B01037,ING_SPINACH,2026-01-09T09:00:00,consume,6.5187,kg,prep
SITE_KIT_01,B00932,ING_ATTA,2026-01-09T09:00:00,consume,24.505,kg,prep
SITE_KIT_01,B01000,ING_MILK,2026-01-09T09:00:00,consume,0.704,kg,prep
SITE_KIT_01,B01033,ING_MILK,2026-01-09T09:00:00,consume,1.493,kg,prep
SITE_KIT_01,B00937,ING_TOORDAL,2026-01-09T09:00:00,consume,5.85,kg,prep
SITE_KIT_01,B01007,ING_CURRYLEAF,2026-01-09T09:00:00,consume,0.3535,kg,prep
SITE_KIT_01,B01021,ING_CURRYLEAF,2026-01-09T09:00:00,consume,0.1348,kg,prep
SITE_KIT_01,B00995,ING_MUTTON,2026-01-09T09:00:00,consume,3.32,kg,prep
SITE_KIT_01,B01028,ING_MUTTON,2026-01-09T09:00:00,consume,5.78,kg,prep
SITE_KIT_01,B01041,ING_BATTER,2026-01-09T09:00:00,consume,12.688,kg,prep
SITE_KIT_01,B00996,ING_FISH,2026-01-09T09:00:00,consume,1.04,kg,prep
SITE_KIT_01,B01029,ING_FISH,2026-01-09T09:00:00,consume,5.616,kg,prep
SITE_KIT_01,B00936,ING_COCONUT,2026-01-09T09:00:00,consume,1.664,kg,prep
SITE_KIT_01,B00989,ING_LEMON,2026-01-09T09:00:00,consume,1.5477,kg,prep
SITE_KIT_01,B01022,ING_LEMON,2026-01-09T09:00:00,consume,0.6352,kg,prep
SITE_KIT_01,B00955,ING_CUCUMBER,2026-01-09T09:00:00,consume,3.0821,kg,prep
SITE_KIT_01,B01025,ING_CUCUMBER,2026-01-09T09:00:00,consume,1.6103,kg,prep
SITE_KIT_01,B01016,ING_CABBAGE,2026-01-09T09:00:00,consume,2.6333,kg,prep
SITE_KIT_01,B00983,ING_CABBAGE,2026-01-09T09:00:00,consume,0.429,kg,prep
SITE_KIT_01,B01026,ING_BANANA,2026-01-09T09:00:00,consume,4.7998,kg,prep
SITE_KIT_01,B01030,ING_EGG,2026-01-09T09:00:00,consume,1.6483,kg,prep
SITE_KIT_01,B00997,ING_EGG,2026-01-09T09:00:00,consume,1.3352,kg,prep
SITE_KIT_01,B01017,ING_BRINJAL,2026-01-09T09:00:00,consume,4.1225,kg,prep
SITE_KIT_01,B00985,ING_OKRA,2026-01-09T09:00:00,consume,1.5038,kg,prep
SITE_KIT_01,B01018,ING_OKRA,2026-01-09T09:00:00,consume,3.333,kg,prep
SITE_KIT_01,B00991,ING_MUSHROOM,2026-01-09T09:00:00,consume,0.8067,kg,prep
SITE_KIT_01,B01024,ING_MUSHROOM,2026-01-09T09:00:00,consume,0.5721,kg,prep
SITE_KIT_01,B00962,ING_CURD,2026-01-09T23:00:00,waste,3.6817,kg,spoilage
SITE_KIT_01,B01042,ING_TOMATO,2026-01-10T07:00:00,receive,22.0,kg,LOT-B01042
SITE_KIT_01,B01043,ING_ONION,2026-01-10T07:00:00,receive,94.0,kg,LOT-B01043
SITE_KIT_01,B01044,ING_POTATO,2026-01-10T07:00:00,receive,46.0,kg,LOT-B01044
SITE_KIT_01,B01045,ING_CAULI,2026-01-10T07:00:00,receive,46.0,kg,LOT-B01045
SITE_KIT_01,B01046,ING_SPINACH,2026-01-10T07:00:00,receive,9.0,kg,LOT-B01046
SITE_KIT_01,B01047,ING_CORIANDER,2026-01-10T07:00:00,receive,1.5,kg,LOT-B01047
SITE_KIT_01,B01048,ING_GCHILLI,2026-01-10T07:00:00,receive,3.0,kg,LOT-B01048
SITE_KIT_01,B01049,ING_GINGER,2026-01-10T07:00:00,receive,4.0,kg,LOT-B01049
SITE_KIT_01,B01050,ING_GARLIC,2026-01-10T07:00:00,receive,4.0,kg,LOT-B01050
SITE_KIT_01,B01051,ING_CARROT,2026-01-10T07:00:00,receive,21.0,kg,LOT-B01051
SITE_KIT_01,B01052,ING_CAPSICUM,2026-01-10T07:00:00,receive,7.0,kg,LOT-B01052
SITE_KIT_01,B01053,ING_CABBAGE,2026-01-10T07:00:00,receive,5.0,kg,LOT-B01053
SITE_KIT_01,B01054,ING_BRINJAL,2026-01-10T07:00:00,receive,7.0,kg,LOT-B01054
SITE_KIT_01,B01055,ING_OKRA,2026-01-10T07:00:00,receive,8.0,kg,LOT-B01055
SITE_KIT_01,B01056,ING_PEAS,2026-01-10T07:00:00,receive,3.0,kg,LOT-B01056
SITE_KIT_01,B01057,ING_MINT,2026-01-10T07:00:00,receive,0.75,kg,LOT-B01057
SITE_KIT_01,B01058,ING_CURRYLEAF,2026-01-10T07:00:00,receive,0.5,kg,LOT-B01058
SITE_KIT_01,B01059,ING_LEMON,2026-01-10T07:00:00,receive,4.0,kg,LOT-B01059
SITE_KIT_01,B01060,ING_BEANS,2026-01-10T07:00:00,receive,7.0,kg,LOT-B01060
SITE_KIT_01,B01061,ING_MUSHROOM,2026-01-10T07:00:00,receive,2.0,kg,LOT-B01061
SITE_KIT_01,B01062,ING_CUCUMBER,2026-01-10T07:00:00,receive,7.0,kg,LOT-B01062
SITE_KIT_01,B01063,ING_BANANA,2026-01-10T07:00:00,receive,9.0,kg,LOT-B01063
SITE_KIT_01,B01064,ING_CHICKEN,2026-01-10T07:00:00,receive,28.0,kg,LOT-B01064
SITE_KIT_01,B01065,ING_MUTTON,2026-01-10T07:00:00,receive,14.0,kg,LOT-B01065
SITE_KIT_01,B01066,ING_FISH,2026-01-10T07:00:00,receive,11.0,kg,LOT-B01066
SITE_KIT_01,B01067,ING_EGG,2026-01-10T07:00:00,receive,5.0,kg,LOT-B01067
SITE_KIT_01,B01068,ING_PANEER,2026-01-10T07:00:00,receive,21.0,kg,LOT-B01068
SITE_KIT_01,B01069,ING_CURD,2026-01-10T07:00:00,receive,21.0,kg,LOT-B01069
SITE_KIT_01,B01070,ING_MILK,2026-01-10T07:00:00,receive,4.0,kg,LOT-B01070
SITE_KIT_01,B01071,ING_CREAM,2026-01-10T07:00:00,receive,2.0,kg,LOT-B01071
SITE_KIT_01,B01072,ING_BUTTER,2026-01-10T07:00:00,receive,6.0,kg,LOT-B01072
SITE_KIT_01,B01073,ING_GHEE,2026-01-10T07:00:00,receive,25.0,kg,LOT-B01073
SITE_KIT_01,B01074,ING_RICE,2026-01-10T07:00:00,receive,190.0,kg,LOT-B01074
SITE_KIT_01,B01075,ING_ATTA,2026-01-10T07:00:00,receive,170.0,kg,LOT-B01075
SITE_KIT_01,B01076,ING_BESAN,2026-01-10T07:00:00,receive,10.0,kg,LOT-B01076
SITE_KIT_01,B01077,ING_OIL,2026-01-10T07:00:00,receive,20.0,kg,LOT-B01077
SITE_KIT_01,B01078,ING_CASHEW,2026-01-10T07:00:00,receive,5.0,kg,LOT-B01078
SITE_KIT_01,B01079,ING_COCONUT,2026-01-10T07:00:00,receive,10.0,kg,LOT-B01079
SITE_KIT_01,B01080,ING_TOORDAL,2026-01-10T07:00:00,receive,30.0,kg,LOT-B01080
SITE_KIT_01,B01081,ING_BATTER,2026-01-10T07:00:00,receive,14.0,kg,LOT-B01081
SITE_KIT_01,B01027,ING_CHICKEN,2026-01-10T09:00:00,consume,2.184,kg,prep
SITE_KIT_01,B01064,ING_CHICKEN,2026-01-10T09:00:00,consume,16.068,kg,prep
SITE_KIT_01,B00931,ING_RICE,2026-01-10T09:00:00,consume,29.469,kg,prep
SITE_KIT_01,B01074,ING_RICE,2026-01-10T09:00:00,consume,5.774,kg,prep
SITE_KIT_01,B01043,ING_ONION,2026-01-10T09:00:00,consume,37.6095,kg,prep
SITE_KIT_01,B01042,ING_TOMATO,2026-01-10T09:00:00,consume,22.0,kg,prep
SITE_KIT_01,B01009,ING_TOMATO,2026-01-10T09:00:00,consume,5.6028,kg,prep
SITE_KIT_01,B01069,ING_CURD,2026-01-10T09:00:00,consume,13.5863,kg,prep
SITE_KIT_01,B00979,ING_GINGER,2026-01-10T09:00:00,consume,0.5368,kg,prep
SITE_KIT_01,B00901,ING_GINGER,2026-01-10T09:00:00,consume,0.7218,kg,prep
SITE_KIT_01,B01050,ING_GARLIC,2026-01-10T09:00:00,consume,1.9815,kg,prep
SITE_KIT_01,B01048,ING_GCHILLI,2026-01-10T09:00:00,consume,1.6496,kg,prep
SITE_KIT_01,B01039,ING_MINT,2026-01-10T09:00:00,consume,0.6347,kg,prep
SITE_KIT_01,B01020,ING_MINT,2026-01-10T09:00:00,consume,0.1387,kg,prep
SITE_KIT_01,B01005,ING_CORIANDER,2026-01-10T09:00:00,consume,0.3627,kg,prep
SITE_KIT_01,B01038,ING_CORIANDER,2026-01-10T09:00:00,consume,1.1928,kg,prep
SITE_KIT_01,B00930,ING_GHEE,2026-01-10T09:00:00,consume,3.0101,kg,prep
SITE_KIT_01,B01073,ING_GHEE,2026-01-10T09:00:00,consume,1.6309,kg,prep
SITE_KIT_01,B00935,ING_CASHEW,2026-01-10T09:00:00,consume,1.43,kg,prep
SITE_KIT_01,B01051,ING_CARROT,2026-01-10T09:00:00,consume,7.8066,kg,prep
SITE_KIT_01,B01023,ING_BEANS,2026-01-10T09:00:00,consume,3.3569,kg,prep
SITE_KIT_01,B01060,ING_BEANS,2026-01-10T09:00:00,consume,1.527,kg,prep
SITE_KIT_01,B01019,ING_PEAS,2026-01-10T09:00:00,consume,1.176,kg,prep
SITE_KIT_01,B00986,ING_PEAS,2026-01-10T09:00:00,consume,2.49,kg,prep
SITE_KIT_01,B01045,ING_CAULI,2026-01-10T09:00:00,consume,33.623,kg,prep
SITE_KIT_01,B00974,ING_POTATO,2026-01-10T09:00:00,consume,0.5974,kg,prep
SITE_KIT_01,B01044,ING_POTATO,2026-01-10T09:00:00,consume,13.2352,kg,prep
SITE_KIT_01,B01031,ING_PANEER,2026-01-10T09:00:00,consume,8.126,kg,prep
SITE_KIT_01,B01068,ING_PANEER,2026-01-10T09:00:00,consume,7.357,kg,prep
SITE_KIT_01,B01035,ING_BUTTER,2026-01-10T09:00:00,consume,1.1985,kg,prep
SITE_KIT_01,B01072,ING_BUTTER,2026-01-10T09:00:00,consume,2.279,kg,prep
SITE_KIT_01,B01071,ING_CREAM,2026-01-10T09:00:00,consume,2.0,kg,prep
SITE_KIT_01,B01034,ING_CREAM,2026-01-10T09:00:00,consume,1.2136,kg,prep
SITE_KIT_01,B01015,ING_CAPSICUM,2026-01-10T09:00:00,consume,3.1704,kg,prep
SITE_KIT_01,B01052,ING_CAPSICUM,2026-01-10T09:00:00,consume,1.4664,kg,prep
SITE_KIT_01,B00933,ING_BESAN,2026-01-10T09:00:00,consume,1.534,kg,prep
SITE_KIT_01,B00934,ING_OIL,2026-01-10T09:00:00,consume,3.1265,kg,prep
SITE_KIT_01,B01037,ING_SPINACH,2026-01-10T09:00:00,consume,2.4813,kg,prep
SITE_KIT_01,B01046,ING_SPINACH,2026-01-10T09:00:00,consume,8.5367,kg,prep
SITE_KIT_01,B00932,ING_ATTA,2026-01-10T09:00:00,consume,22.407,kg,prep
SITE_KIT_01,B01075,ING_ATTA,2026-01-10T09:00:00,consume,7.558,kg,prep
SITE_KIT_01,B01070,ING_MILK,2026-01-10T09:00:00,consume,2.431,kg,prep
SITE_KIT_01,B00937,ING_TOORDAL,2026-01-10T09:00:00,consume,5.212,kg,prep
SITE_KIT_01,B01080,ING_TOORDAL,2026-01-10T09:00:00,consume,1.262,kg,prep
SITE_KIT_01,B01021,ING_CURRYLEAF,2026-01-10T09:00:00,consume,0.3652,kg,prep
SITE_KIT_01,B01058,ING_CURRYLEAF,2026-01-10T09:00:00,consume,0.1606,kg,prep
SITE_KIT_01,B01065,ING_MUTTON,2026-01-10T09:00:00,consume,9.36,kg,prep
SITE_KIT_01,B01041,ING_BATTER,2026-01-10T09:00:00,consume,0.312,kg,prep
SITE_KIT_01,B01081,ING_BATTER,2026-01-10T09:00:00,consume,12.584,kg,prep
SITE_KIT_01,B01029,ING_FISH,2026-01-10T09:00:00,consume,2.384,kg,prep
SITE_KIT_01,B01066,ING_FISH,2026-01-10T09:00:00,consume,5.312,kg,prep
SITE_KIT_01,B00936,ING_COCONUT,2026-01-10T09:00:00,consume,0.224,kg,prep
SITE_KIT_01,B00816,ING_COCONUT,2026-01-10T09:00:00,consume,1.7,kg,prep
SITE_KIT_01,B01022,ING_LEMON,2026-01-10T09:00:00,consume,2.541,kg,prep
SITE_KIT_01,B01062,ING_CUCUMBER,2026-01-10T09:00:00,consume,5.44,kg,prep
SITE_KIT_01,B00983,ING_CABBAGE,2026-01-10T09:00:00,consume,2.7646,kg,prep
SITE_KIT_01,B01053,ING_CABBAGE,2026-01-10T09:00:00,consume,0.6676,kg,prep
SITE_KIT_01,B01026,ING_BANANA,2026-01-10T09:00:00,consume,4.1076,kg,prep
SITE_KIT_01,B01063,ING_BANANA,2026-01-10T09:00:00,consume,1.4237,kg,prep
SITE_KIT_01,B01067,ING_EGG,2026-01-10T09:00:00,consume,3.3813,kg,prep
SITE_KIT_01,B01017,ING_BRINJAL,2026-01-10T09:00:00,consume,3.101,kg,prep
SITE_KIT_01,B01054,ING_BRINJAL,2026-01-10T09:00:00,consume,1.7361,kg,prep
SITE_KIT_01,B01055,ING_OKRA,2026-01-10T09:00:00,consume,5.3818,kg,prep
SITE_KIT_01,B01061,ING_MUSHROOM,2026-01-10T09:00:00,consume,1.5629,kg,prep
SITE_KIT_01,B00976,ING_SPINACH,2026-01-10T23:00:00,waste,11.0,kg,spoilage
SITE_KIT_01,B00952,ING_LEMON,2026-01-10T23:00:00,waste,5.0,kg,spoilage
SITE_KIT_01,B00956,ING_BANANA,2026-01-10T23:00:00,waste,6.5628,kg,spoilage
SITE_KIT_01,B01036,ING_BATTER,2026-01-10T23:00:00,waste,15.0,kg,spoilage
SITE_KIT_01,B01082,ING_SPINACH,2026-01-11T07:00:00,receive,9.0,kg,LOT-B01082
SITE_KIT_01,B01083,ING_CORIANDER,2026-01-11T07:00:00,receive,1.25,kg,LOT-B01083
SITE_KIT_01,B01084,ING_MINT,2026-01-11T07:00:00,receive,0.75,kg,LOT-B01084
SITE_KIT_01,B01085,ING_CURRYLEAF,2026-01-11T07:00:00,receive,0.5,kg,LOT-B01085
SITE_KIT_01,B01086,ING_BATTER,2026-01-11T07:00:00,receive,16.0,kg,LOT-B01086
SITE_KIT_01,B01064,ING_CHICKEN,2026-01-11T09:00:00,consume,11.932,kg,prep
SITE_KIT_01,B01074,ING_RICE,2026-01-11T09:00:00,consume,31.655,kg,prep
SITE_KIT_01,B01043,ING_ONION,2026-01-11T09:00:00,consume,35.8462,kg,prep
SITE_KIT_01,B01009,ING_TOMATO,2026-01-11T09:00:00,consume,25.5494,kg,prep
SITE_KIT_01,B01069,ING_CURD,2026-01-11T09:00:00,consume,7.4137,kg,prep
SITE_KIT_01,B01032,ING_CURD,2026-01-11T09:00:00,consume,4.0,kg,prep
SITE_KIT_01,B00901,ING_GINGER,2026-01-11T09:00:00,consume,1.136,kg,prep
SITE_KIT_01,B01050,ING_GARLIC,2026-01-11T09:00:00,consume,1.8511,kg,prep
SITE_KIT_01,B01048,ING_GCHILLI,2026-01-11T09:00:00,consume,1.3504,kg,prep
SITE_KIT_01,B01013,ING_GCHILLI,2026-01-11T09:00:00,consume,0.2826,kg,prep
SITE_KIT_01,B01020,ING_MINT,2026-01-11T09:00:00,consume,0.6113,kg,prep
SITE_KIT_01,B01057,ING_MINT,2026-01-11T09:00:00,consume,0.0806,kg,prep
SITE_KIT_01,B01038,ING_CORIANDER,2026-01-11T09:00:00,consume,0.3072,kg,prep
SITE_KIT_01,B01047,ING_CORIANDER,2026-01-11T09:00:00,consume,1.148,kg,prep
SITE_KIT_01,B01073,ING_GHEE,2026-01-11T09:00:00,consume,4.1548,kg,prep
SITE_KIT_01,B00935,ING_CASHEW,2026-01-11T09:00:00,consume,1.2662,kg,prep
SITE_KIT_01,B01051,ING_CARROT,2026-01-11T09:00:00,consume,7.3331,kg,prep
SITE_KIT_01,B01060,ING_BEANS,2026-01-11T09:00:00,consume,4.2899,kg,prep
SITE_KIT_01,B00986,ING_PEAS,2026-01-11T09:00:00,consume,1.595,kg,prep
SITE_KIT_01,B01056,ING_PEAS,2026-01-11T09:00:00,consume,1.733,kg,prep
SITE_KIT_01,B01045,ING_CAULI,2026-01-11T09:00:00,consume,12.377,kg,prep
SITE_KIT_01,B01010,ING_CAULI,2026-01-11T09:00:00,consume,18.6845,kg,prep
SITE_KIT_01,B01044,ING_POTATO,2026-01-11T09:00:00,consume,16.4856,kg,prep
SITE_KIT_01,B01068,ING_PANEER,2026-01-11T09:00:00,consume,13.643,kg,prep
SITE_KIT_01,B01072,ING_BUTTER,2026-01-11T09:00:00,consume,3.2656,kg,prep
SITE_KIT_01,B01034,ING_CREAM,2026-01-11T09:00:00,consume,2.8522,kg,prep
SITE_KIT_01,B01052,ING_CAPSICUM,2026-01-11T09:00:00,consume,4.4582,kg,prep
SITE_KIT_01,B00933,ING_BESAN,2026-01-11T09:00:00,consume,1.254,kg,prep
SITE_KIT_01,B01076,ING_BESAN,2026-01-11T09:00:00,consume,0.254,kg,prep
SITE_KIT_01,B00934,ING_OIL,2026-01-11T09:00:00,consume,2.7325,kg,prep
SITE_KIT_01,B01077,ING_OIL,2026-01-11T09:00:00,consume,0.81,kg,prep
SITE_KIT_01,B01046,ING_SPINACH,2026-01-11T09:00:00,consume,0.4633,kg,prep
SITE_KIT_01,B01082,ING_SPINACH,2026-01-11T09:00:00,consume,9.0,kg,prep
SITE_KIT_01,B01011,ING_SPINACH,2026-01-11T09:00:00,consume,0.1622,kg,prep
SITE_KIT_01,B01075,ING_ATTA,2026-01-11T09:00:00,consume,27.573,kg,prep
SITE_KIT_01,B01070,ING_MILK,2026-01-11T09:00:00,consume,1.569,kg,prep
SITE_KIT_01,B01033,ING_MILK,2026-01-11T09:00:00,consume,0.888,kg,prep
SITE_KIT_01,B01080,ING_TOORDAL,2026-01-11T09:00:00,consume,5.772,kg,prep
SITE_KIT_01,B01058,ING_CURRYLEAF,2026-01-11T09:00:00,consume,0.3394,kg,prep
SITE_KIT_01,B01040,ING_CURRYLEAF,2026-01-11T09:00:00,consume,0.2144,kg,prep
SITE_KIT_01,B01065,ING_MUTTON,2026-01-11T09:00:00,consume,4.64,kg,prep
SITE_KIT_01,B01028,ING_MUTTON,2026-01-11T09:00:00,consume,2.22,kg,prep
SITE_KIT_01,B01081,ING_BATTER,2026-01-11T09:00:00,consume,1.416,kg,prep
SITE_KIT_01,B01086,ING_BATTER,2026-01-11T09:00:00,consume,16.0,kg,prep
SITE_KIT_01,B01066,ING_FISH,2026-01-11T09:00:00,consume,5.688,kg,prep
SITE_KIT_01,B00816,ING_COCONUT,2026-01-11T09:00:00,consume,1.272,kg,prep
SITE_KIT_01,B01079,ING_COCONUT,2026-01-11T09:00:00,consume,0.496,kg,prep
SITE_KIT_01,B01022,ING_LEMON,2026-01-11T09:00:00,consume,1.8238,kg,prep
SITE_KIT_01,B01059,ING_LEMON,2026-01-11T09:00:00,consume,0.4761,kg,prep
SITE_KIT_01,B01062,ING_CUCUMBER,2026-01-11T09:00:00,consume,1.56,kg,prep
SITE_KIT_01,B01025,ING_CUCUMBER,2026-01-11T09:00:00,consume,3.1973,kg,prep
SITE_KIT_01,B01053,ING_CABBAGE,2026-01-11T09:00:00,consume,3.2043,kg,prep
SITE_KIT_01,B01063,ING_BANANA,2026-01-11T09:00:00,consume,5.1253,kg,prep
SITE_KIT_01,B01067,ING_EGG,2026-01-11T09:00:00,consume,1.6187,kg,prep
SITE_KIT_01,B00997,ING_EGG,2026-01-11T09:00:00,consume,1.4935,kg,prep
SITE_KIT_01,B01054,ING_BRINJAL,2026-01-11T09:00:00,consume,4.3971,kg,prep
SITE_KIT_01,B01055,ING_OKRA,2026-01-11T09:00:00,consume,2.6182,kg,prep
SITE_KIT_01,B01018,ING_OKRA,2026-01-11T09:00:00,consume,2.2875,kg,prep
SITE_KIT_01,B01061,ING_MUSHROOM,2026-01-11T09:00:00,consume,0.4371,kg,prep
SITE_KIT_01,B01024,ING_MUSHROOM,2026-01-11T09:00:00,consume,0.9883,kg,prep
SITE_KIT_01,B01012,ING_CORIANDER,2026-01-11T23:00:00,waste,1.5,kg,spoilage
SITE_KIT_01,B01087,ING_TOMATO,2026-01-12T07:00:00,receive,47.0,kg,LOT-B01087
SITE_KIT_01,B01088,ING_CAULI,2026-01-12T07:00:00,receive,63.0,kg,LOT-B01088
SITE_KIT_01,B01089,ING_SPINACH,2026-01-12T07:00:00,receive,9.0,kg,LOT-B01089
SITE_KIT_01,B01090,ING_CORIANDER,2026-01-12T07:00:00,receive,1.306,kg,LOT-B01090
SITE_KIT_01,B01091,ING_GCHILLI,2026-01-12T07:00:00,receive,3.0,kg,LOT-B01091
SITE_KIT_01,B01092,ING_CARROT,2026-01-12T07:00:00,receive,7.0,kg,LOT-B01092
SITE_KIT_01,B01093,ING_CAPSICUM,2026-01-12T07:00:00,receive,9.0,kg,LOT-B01093
SITE_KIT_01,B01094,ING_CABBAGE,2026-01-12T07:00:00,receive,10.0,kg,LOT-B01094
SITE_KIT_01,B01095,ING_BRINJAL,2026-01-12T07:00:00,receive,9.0,kg,LOT-B01095
SITE_KIT_01,B01096,ING_OKRA,2026-01-12T07:00:00,receive,8.118,kg,LOT-B01096
SITE_KIT_01,B01097,ING_PEAS,2026-01-12T07:00:00,receive,7.0,kg,LOT-B01097
SITE_KIT_01,B01098,ING_MINT,2026-01-12T07:00:00,receive,0.75,kg,LOT-B01098
SITE_KIT_01,B01099,ING_CURRYLEAF,2026-01-12T07:00:00,receive,0.5,kg,LOT-B01099
SITE_KIT_01,B01100,ING_LEMON,2026-01-12T07:00:00,receive,4.0,kg,LOT-B01100
SITE_KIT_01,B01101,ING_BEANS,2026-01-12T07:00:00,receive,9.0,kg,LOT-B01101
SITE_KIT_01,B01102,ING_MUSHROOM,2026-01-12T07:00:00,receive,3.0,kg,LOT-B01102
SITE_KIT_01,B01103,ING_CUCUMBER,2026-01-12T07:00:00,receive,11.0,kg,LOT-B01103
SITE_KIT_01,B01104,ING_BANANA,2026-01-12T07:00:00,receive,9.0,kg,LOT-B01104
SITE_KIT_01,B01105,ING_CHICKEN,2026-01-12T07:00:00,receive,30.0,kg,LOT-B01105
SITE_KIT_01,B01106,ING_MUTTON,2026-01-12T07:00:00,receive,16.0,kg,LOT-B01106
SITE_KIT_01,B01107,ING_FISH,2026-01-12T07:00:00,receive,21.0,kg,LOT-B01107
SITE_KIT_01,B01108,ING_EGG,2026-01-12T07:00:00,receive,6.0,kg,LOT-B01108
SITE_KIT_01,B01109,ING_PANEER,2026-01-12T07:00:00,receive,29.0,kg,LOT-B01109
SITE_KIT_01,B01110,ING_CURD,2026-01-12T07:00:00,receive,23.0,kg,LOT-B01110
SITE_KIT_01,B01111,ING_MILK,2026-01-12T07:00:00,receive,4.0,kg,LOT-B01111
SITE_KIT_01,B01112,ING_CREAM,2026-01-12T07:00:00,receive,6.0,kg,LOT-B01112
SITE_KIT_01,B01113,ING_BUTTER,2026-01-12T07:00:00,receive,7.0,kg,LOT-B01113
SITE_KIT_01,B01114,ING_BATTER,2026-01-12T07:00:00,receive,28.0,kg,LOT-B01114
SITE_KIT_01,B01105,ING_CHICKEN,2026-01-12T09:00:00,consume,9.126,kg,prep
SITE_KIT_01,B01074,ING_RICE,2026-01-12T09:00:00,consume,19.617,kg,prep
SITE_KIT_01,B01043,ING_ONION,2026-01-12T09:00:00,consume,20.5443,kg,prep
SITE_KIT_01,B00973,ING_ONION,2026-01-12T09:00:00,consume,1.7749,kg,prep
SITE_KIT_01,B01009,ING_TOMATO,2026-01-12T09:00:00,consume,6.9499,kg,prep
SITE_KIT_01,B01087,ING_TOMATO,2026-01-12T09:00:00,consume,10.0823,kg,prep
SITE_KIT_01,B01110,ING_CURD,2026-01-12T09:00:00,consume,7.6011,kg,prep
SITE_KIT_01,B00901,ING_GINGER,2026-01-12T09:00:00,consume,0.2025,kg,prep
SITE_KIT_01,B01049,ING_GINGER,2026-01-12T09:00:00,consume,0.4973,kg,prep
SITE_KIT_01,B01050,ING_GARLIC,2026-01-12T09:00:00,consume,0.1674,kg,prep
SITE_KIT_01,B00902,ING_GARLIC,2026-01-12T09:00:00,consume,1.0076,kg,prep
SITE_KIT_01,B01091,ING_GCHILLI,2026-01-12T09:00:00,consume,0.9984,kg,prep
SITE_KIT_01,B01098,ING_MINT,2026-01-12T09:00:00,consume,0.4116,kg,prep
SITE_KIT_01,B01047,ING_CORIANDER,2026-01-12T09:00:00,consume,0.352,kg,prep
SITE_KIT_01,B01083,ING_CORIANDER,2026-01-12T09:00:00,consume,0.5267,kg,prep
SITE_KIT_01,B01073,ING_GHEE,2026-01-12T09:00:00,consume,2.509,kg,prep
SITE_KIT_01,B00935,ING_CASHEW,2026-01-12T09:00:00,consume,0.9074,kg,prep
SITE_KIT_01,B01051,ING_CARROT,2026-01-12T09:00:00,consume,4.5038,kg,prep
SITE_KIT_01,B01060,ING_BEANS,2026-01-12T09:00:00,consume,1.183,kg,prep
SITE_KIT_01,B01101,ING_BEANS,2026-01-12T09:00:00,consume,1.5757,kg,prep
SITE_KIT_01,B01056,ING_PEAS,2026-01-12T09:00:00,consume,1.267,kg,prep
SITE_KIT_01,B01097,ING_PEAS,2026-01-12T09:00:00,consume,0.813,kg,prep
SITE_KIT_01,B01088,ING_CAULI,2026-01-12T09:00:00,consume,18.1757,kg,prep
SITE_KIT_01,B01044,ING_POTATO,2026-01-12T09:00:00,consume,10.6467,kg,prep
SITE_KIT_01,B01109,ING_PANEER,2026-01-12T09:00:00,consume,10.66,kg,prep
SITE_KIT_01,B01113,ING_BUTTER,2026-01-12T09:00:00,consume,2.3296,kg,prep
SITE_KIT_01,B01034,ING_CREAM,2026-01-12T09:00:00,consume,0.3088,kg,prep
SITE_KIT_01,B01112,ING_CREAM,2026-01-12T09:00:00,consume,1.8388,kg,prep
SITE_KIT_01,B01052,ING_CAPSICUM,2026-01-12T09:00:00,consume,1.0754,kg,prep
SITE_KIT_01,B01093,ING_CAPSICUM,2026-01-12T09:00:00,consume,1.5555,kg,prep
SITE_KIT_01,B01076,ING_BESAN,2026-01-12T09:00:00,consume,0.858,kg,prep
SITE_KIT_01,B01077,ING_OIL,2026-01-12T09:00:00,consume,2.145,kg,prep
SITE_KIT_01,B01011,ING_SPINACH,2026-01-12T09:00:00,consume,6.304,kg,prep
SITE_KIT_01,B01075,ING_ATTA,2026-01-12T09:00:00,consume,17.927,kg,prep
SITE_KIT_01,B01111,ING_MILK,2026-01-12T09:00:00,consume,1.547,kg,prep
SITE_KIT_01,B01080,ING_TOORDAL,2026-01-12T09:00:00,consume,3.744,kg,prep
SITE_KIT_01,B01099,ING_CURRYLEAF,2026-01-12T09:00:00,consume,0.3562,kg,prep
SITE_KIT_01,B01106,ING_MUTTON,2026-01-12T09:00:00,consume,4.16,kg,prep
SITE_KIT_01,B01114,ING_BATTER,2026-01-12T09:00:00,consume,11.44,kg,prep
SITE_KIT_01,B01107,ING_FISH,2026-01-12T09:00:00,consume,4.16,kg,prep
SITE_KIT_01,B01079,ING_COCONUT,2026-01-12T09:00:00,consume,1.04,kg,prep
SITE_KIT_01,B01059,ING_LEMON,2026-01-12T09:00:00,consume,1.4395,kg,prep
SITE_KIT_01,B01025,ING_CUCUMBER,2026-01-12T09:00:00,consume,0.1925,kg,prep
SITE_KIT_01,B01103,ING_CUCUMBER,2026-01-12T09:00:00,consume,2.8332,kg,prep
SITE_KIT_01,B01094,ING_CABBAGE,2026-01-12T09:00:00,consume,1.9884,kg,prep
SITE_KIT_01,B01063,ING_BANANA,2026-01-12T09:00:00,consume,2.4511,kg,prep
SITE_KIT_01,B01104,ING_BANANA,2026-01-12T09:00:00,consume,0.8059,kg,prep
SITE_KIT_01,B01108,ING_EGG,2026-01-12T09:00:00,consume,1.9656,kg,prep
SITE_KIT_01,B01095,ING_BRINJAL,2026-01-12T09:00:00,consume,2.7154,kg,prep
SITE_KIT_01,B01018,ING_OKRA,2026-01-12T09:00:00,consume,1.3795,kg,prep
SITE_KIT_01,B01096,ING_OKRA,2026-01-12T09:00:00,consume,1.7756,kg,prep
SITE_KIT_01,B01102,ING_MUSHROOM,2026-01-12T09:00:00,consume,0.9094,kg,prep
SITE_KIT_01,B01011,ING_SPINACH,2026-01-12T23:00:00,waste,3.5339,kg,spoilage
SITE_KIT_01,B01040,ING_CURRYLEAF,2026-01-12T23:00:00,waste,0.2856,kg,spoilage
SITE_KIT_01,B00997,ING_EGG,2026-01-12T23:00:00,waste,0.5462,kg,spoilage
SITE_KIT_01,B01115,ING_SPINACH,2026-01-13T07:00:00,receive,9.0,kg,LOT-B01115
SITE_KIT_01,B01116,ING_CORIANDER,2026-01-13T07:00:00,receive,1.25,kg,LOT-B01116
SITE_KIT_01,B01117,ING_MINT,2026-01-13T07:00:00,receive,0.75,kg,LOT-B01117
SITE_KIT_01,B01118,ING_CURRYLEAF,2026-01-13T07:00:00,receive,0.444,kg,LOT-B01118
SITE_KIT_01,B01119,ING_BATTER,2026-01-13T07:00:00,receive,16.0,kg,LOT-B01119
SITE_KIT_01,B01105,ING_CHICKEN,2026-01-13T09:00:00,consume,9.828,kg,prep
SITE_KIT_01,B01074,ING_RICE,2026-01-13T09:00:00,consume,21.814,kg,prep
SITE_KIT_01,B00973,ING_ONION,2026-01-13T09:00:00,consume,23.0554,kg,prep
SITE_KIT_01,B01087,ING_TOMATO,2026-01-13T09:00:00,consume,16.606,kg,prep
SITE_KIT_01,B01110,ING_CURD,2026-01-13T09:00:00,consume,8.2394,kg,prep
SITE_KIT_01,B01049,ING_GINGER,2026-01-13T09:00:00,consume,0.6861,kg,prep
SITE_KIT_01,B00902,ING_GARLIC,2026-01-13T09:00:00,consume,1.1692,kg,prep
SITE_KIT_01,B01091,ING_GCHILLI,2026-01-13T09:00:00,consume,1.0346,kg,prep
SITE_KIT_01,B01098,ING_MINT,2026-01-13T09:00:00,consume,0.3384,kg,prep
SITE_KIT_01,B01057,ING_MINT,2026-01-13T09:00:00,consume,0.1599,kg,prep
SITE_KIT_01,B01083,ING_CORIANDER,2026-01-13T09:00:00,consume,0.7233,kg,prep
SITE_KIT_01,B01090,ING_CORIANDER,2026-01-13T09:00:00,consume,0.2954,kg,prep
SITE_KIT_01,B01073,ING_GHEE,2026-01-13T09:00:00,consume,2.7339,kg,prep
SITE_KIT_01,B00935,ING_CASHEW,2026-01-13T09:00:00,consume,0.8372,kg,prep
SITE_KIT_01,B01051,ING_CARROT,2026-01-13T09:00:00,consume,1.3565,kg,prep
SITE_KIT_01,B01092,ING_CARROT,2026-01-13T09:00:00,consume,3.9811,kg,prep
SITE_KIT_01,B01101,ING_BEANS,2026-01-13T09:00:00,consume,3.2678,kg,prep
SITE_KIT_01,B01097,ING_PEAS,2026-01-13T09:00:00,consume,2.496,kg,prep
SITE_KIT_01,B01088,ING_CAULI,2026-01-13T09:00:00,consume,22.2366,kg,prep
SITE_KIT_01,B01044,ING_POTATO,2026-01-13T09:00:00,consume,5.6325,kg,prep
SITE_KIT_01,B00896,ING_POTATO,2026-01-13T09:00:00,consume,6.1153,kg,prep
SITE_KIT_01,B01109,ING_PANEER,2026-01-13T09:00:00,consume,9.373,kg,prep
SITE_KIT_01,B01113,ING_BUTTER,2026-01-13T09:00:00,consume,2.2087,kg,prep
SITE_KIT_01,B01112,ING_CREAM,2026-01-13T09:00:00,consume,1.9448,kg,prep
SITE_KIT_01,B01093,ING_CAPSICUM,2026-01-13T09:00:00,consume,2.9507,kg,prep
SITE_KIT_01,B01076,ING_BESAN,2026-01-13T09:00:00,consume,0.936,kg,prep
SITE_KIT_01,B01077,ING_OIL,2026-01-13T09:00:00,consume,2.2425,kg,prep
SITE_KIT_01,B01089,ING_SPINACH,2026-01-13T09:00:00,consume,6.1339,kg,prep
SITE_KIT_01,B01075,ING_ATTA,2026-01-13T09:00:00,consume,18.096,kg,prep
SITE_KIT_01,B01111,ING_MILK,2026-01-13T09:00:00,consume,1.638,kg,prep
SITE_KIT_01,B01080,ING_TOORDAL,2026-01-13T09:00:00,consume,3.822,kg,prep
SITE_KIT_01,B01099,ING_CURRYLEAF,2026-01-13T09:00:00,consume,0.1438,kg,prep
SITE_KIT_01,B01085,ING_CURRYLEAF,2026-01-13T09:00:00,consume,0.2094,kg,prep
SITE_KIT_01,B01106,ING_MUTTON,2026-01-13T09:00:00,consume,4.42,kg,prep
SITE_KIT_01,B01114,ING_BATTER,2026-01-13T09:00:00,consume,11.44,kg,prep
SITE_KIT_01,B01107,ING_FISH,2026-01-13T09:00:00,consume,4.368,kg,prep
SITE_KIT_01,B01079,ING_COCONUT,2026-01-13T09:00:00,consume,1.092,kg,prep
SITE_KIT_01,B01059,ING_LEMON,2026-01-13T09:00:00,consume,1.4978,kg,prep
SITE_KIT_01,B01103,ING_CUCUMBER,2026-01-13T09:00:00,consume,3.084,kg,prep
SITE_KIT_01,B01094,ING_CABBAGE,2026-01-13T09:00:00,consume,1.9912,kg,prep
SITE_KIT_01,B01104,ING_BANANA,2026-01-13T09:00:00,consume,3.2722,kg,prep
SITE_KIT_01,B01108,ING_EGG,2026-01-13T09:00:00,consume,1.9773,kg,prep
SITE_KIT_01,B01095,ING_BRINJAL,2026-01-13T09:00:00,consume,2.7889,kg,prep
SITE_KIT_01,B01096,ING_OKRA,2026-01-13T09:00:00,consume,3.147,kg,prep
SITE_KIT_01,B01102,ING_MUSHROOM,2026-01-13T09:00:00,consume,0.9544,kg,prep
SITE_KIT_01,B01057,ING_MINT,2026-01-13T23:00:00,waste,0.5095,kg,spoilage
SITE_KIT_01,B01033,ING_MILK,2026-01-13T23:00:00,waste,0.619,kg,spoilage
SITE_KIT_01,B01120,ING_TOMATO,2026-01-14T07:00:00,receive,37.0,kg,LOT-B01120
SITE_KIT_01,B01121,ING_ONION,2026-01-14T07:00:00,receive,126.0,kg,LOT-B01121
SITE_KIT_01,B01122,ING_POTATO,2026-01-14T07:00:00,receive,52.0,kg,LOT-B01122
SITE_KIT_01,B01123,ING_CAULI,2026-01-14T07:00:00,receive,41.685,kg,LOT-B01123
SITE_KIT_01,B01124,ING_SPINACH,2026-01-14T07:00:00,receive,9.0,kg,LOT-B01124
SITE_KIT_01,B01125,ING_CORIANDER,2026-01-14T07:00:00,receive,1.5,kg,LOT-B01125
SITE_KIT_01,B01126,ING_GCHILLI,2026-01-14T07:00:00,receive,2.0,kg,LOT-B01126
SITE_KIT_01,B01127,ING_GINGER,2026-01-14T07:00:00,receive,4.0,kg,LOT-B01127
SITE_KIT_01,B01128,ING_GARLIC,2026-01-14T07:00:00,receive,6.0,kg,LOT-B01128
SITE_KIT_01,B01129,ING_CARROT,2026-01-14T07:00:00,receive,8.798,kg,LOT-B01129
SITE_KIT_01,B01130,ING_CAPSICUM,2026-01-14T07:00:00,receive,6.0,kg,LOT-B01130
SITE_KIT_01,B01131,ING_CABBAGE,2026-01-14T07:00:00,receive,1.0,kg,LOT-B01131
SITE_KIT_01,B01132,ING_BRINJAL,2026-01-14T07:00:00,receive,6.0,kg,LOT-B01132
SITE_KIT_01,B01133,ING_OKRA,2026-01-14T07:00:00,receive,8.0,kg,LOT-B01133
SITE_KIT_01,B01134,ING_PEAS,2026-01-14T07:00:00,receive,5.0,kg,LOT-B01134
SITE_KIT_01,B01135,ING_MINT,2026-01-14T07:00:00,receive,0.75,kg,LOT-B01135
SITE_KIT_01,B01136,ING_CURRYLEAF,2026-01-14T07:00:00,receive,0.5,kg,LOT-B01136
SITE_KIT_01,B01137,ING_LEMON,2026-01-14T07:00:00,receive,4.0,kg,LOT-B01137
SITE_KIT_01,B01138,ING_BEANS,2026-01-14T07:00:00,receive,5.702,kg,LOT-B01138
SITE_KIT_01,B01139,ING_MUSHROOM,2026-01-14T07:00:00,receive,2.0,kg,LOT-B01139
SITE_KIT_01,B01140,ING_CUCUMBER,2026-01-14T07:00:00,receive,6.0,kg,LOT-B01140
SITE_KIT_01,B01141,ING_BANANA,2026-01-14T07:00:00,receive,9.0,kg,LOT-B01141
SITE_KIT_01,B01142,ING_CHICKEN,2026-01-14T07:00:00,receive,23.0,kg,LOT-B01142
SITE_KIT_01,B01143,ING_MUTTON,2026-01-14T07:00:00,receive,8.0,kg,LOT-B01143
SITE_KIT_01,B01144,ING_FISH,2026-01-14T07:00:00,receive,4.0,kg,LOT-B01144
SITE_KIT_01,B01145,ING_EGG,2026-01-14T07:00:00,receive,5.0,kg,LOT-B01145
SITE_KIT_01,B01146,ING_PANEER,2026-01-14T07:00:00,receive,21.0,kg,LOT-B01146
SITE_KIT_01,B01147,ING_CURD,2026-01-14T07:00:00,receive,18.0,kg,LOT-B01147
SITE_KIT_01,B01148,ING_MILK,2026-01-14T07:00:00,receive,4.0,kg,LOT-B01148
SITE_KIT_01,B01149,ING_CREAM,2026-01-14T07:00:00,receive,4.0,kg,LOT-B01149
SITE_KIT_01,B01150,ING_BUTTER,2026-01-14T07:00:00,receive,5.0,kg,LOT-B01150
SITE_KIT_01,B01151,ING_BATTER,2026-01-14T07:00:00,receive,14.0,kg,LOT-B01151
SITE_KIT_01,B01105,ING_CHICKEN,2026-01-14T09:00:00,consume,11.046,kg,prep
SITE_KIT_01,B01142,ING_CHICKEN,2026-01-14T09:00:00,consume,2.058,kg,prep
SITE_KIT_01,B01074,ING_RICE,2026-01-14T09:00:00,consume,26.975,kg,prep
SITE_KIT_01,B01121,ING_ONION,2026-01-14T09:00:00,consume,30.9645,kg,prep
SITE_KIT_01,B01120,ING_TOMATO,2026-01-14T09:00:00,consume,22.0794,kg,prep
SITE_KIT_01,B01110,ING_CURD,2026-01-14T09:00:00,consume,7.1595,kg,prep
SITE_KIT_01,B01147,ING_CURD,2026-01-14T09:00:00,consume,3.7475,kg,prep
SITE_KIT_01,B01049,ING_GINGER,2026-01-14T09:00:00,consume,0.9345,kg,prep
SITE_KIT_01,B01128,ING_GARLIC,2026-01-14T09:00:00,consume,1.5678,kg,prep
SITE_KIT_01,B01091,ING_GCHILLI,2026-01-14T09:00:00,consume,0.967,kg,prep
SITE_KIT_01,B01013,ING_GCHILLI,2026-01-14T09:00:00,consume,0.5306,kg,prep
SITE_KIT_01,B01084,ING_MINT,2026-01-14T09:00:00,consume,0.5772,kg,prep
SITE_KIT_01,B01090,ING_CORIANDER,2026-01-14T09:00:00,consume,1.0106,kg,prep
SITE_KIT_01,B01116,ING_CORIANDER,2026-01-14T09:00:00,consume,0.2258,kg,prep
SITE_KIT_01,B01073,ING_GHEE,2026-01-14T09:00:00,consume,3.497,kg,prep
SITE_KIT_01,B00935,ING_CASHEW,2026-01-14T09:00:00,consume,0.1768,kg,prep
SITE_KIT_01,B01078,ING_CASHEW,2026-01-14T09:00:00,consume,0.9464,kg,prep
SITE_KIT_01,B01092,ING_CARROT,2026-01-14T09:00:00,consume,3.0189,kg,prep
SITE_KIT_01,B01129,ING_CARROT,2026-01-14T09:00:00,consume,3.261,kg,prep
SITE_KIT_01,B01101,ING_BEANS,2026-01-14T09:00:00,consume,3.7498,kg,prep
SITE_KIT_01,B01097,ING_PEAS,2026-01-14T09:00:00,consume,2.886,kg,prep
SITE_KIT_01,B01088,ING_CAULI,2026-01-14T09:00:00,consume,22.5877,kg,prep
SITE_KIT_01,B01123,ING_CAULI,2026-01-14T09:00:00,consume,3.9658,kg,prep
SITE_KIT_01,B00896,ING_POTATO,2026-01-14T09:00:00,consume,14.36,kg,prep
SITE_KIT_01,B01122,ING_POTATO,2026-01-14T09:00:00,consume,4.0784,kg,prep
SITE_KIT_01,B01109,ING_PANEER,2026-01-14T09:00:00,consume,8.967,kg,prep
SITE_KIT_01,B01146,ING_PANEER,2026-01-14T09:00:00,consume,3.838,kg,prep
SITE_KIT_01,B01113,ING_BUTTER,2026-01-14T09:00:00,consume,2.4617,kg,prep
SITE_KIT_01,B01150,ING_BUTTER,2026-01-14T09:00:00,consume,0.5751,kg,prep
SITE_KIT_01,B01149,ING_CREAM,2026-01-14T09:00:00,consume,2.6338,kg,prep
SITE_KIT_01,B01093,ING_CAPSICUM,2026-01-14T09:00:00,consume,3.7317,kg,prep
SITE_KIT_01,B01076,ING_BESAN,2026-01-14T09:00:00,consume,1.222,kg,prep
SITE_KIT_01,B01077,ING_OIL,2026-01-14T09:00:00,consume,3.536,kg,prep
SITE_KIT_01,B01124,ING_SPINACH,2026-01-14T09:00:00,consume,8.5962,kg,prep
SITE_KIT_01,B01075,ING_ATTA,2026-01-14T09:00:00,consume,24.973,kg,prep
SITE_KIT_01,B01111,ING_MILK,2026-01-14T09:00:00,consume,0.815,kg,prep
SITE_KIT_01,B01148,ING_MILK,2026-01-14T09:00:00,consume,1.46,kg,prep
SITE_KIT_01,B01080,ING_TOORDAL,2026-01-14T09:00:00,consume,5.148,kg,prep
SITE_KIT_01,B01136,ING_CURRYLEAF,2026-01-14T09:00:00,consume,0.5,kg,prep
SITE_KIT_01,B01085,ING_CURRYLEAF,2026-01-14T09:00:00,consume,0.0666,kg,prep
SITE_KIT_01,B01106,ING_MUTTON,2026-01-14T09:00:00,consume,6.24,kg,prep
SITE_KIT_01,B01114,ING_BATTER,2026-01-14T09:00:00,consume,5.12,kg,prep
SITE_KIT_01,B01119,ING_BATTER,2026-01-14T09:00:00,consume,16.0,kg,prep
SITE_KIT_01,B01151,ING_BATTER,2026-01-14T09:00:00,consume,0.304,kg,prep
SITE_KIT_01,B01107,ING_FISH,2026-01-14T09:00:00,consume,5.408,kg,prep
SITE_KIT_01,B01079,ING_COCONUT,2026-01-14T09:00:00,consume,1.352,kg,prep
SITE_KIT_01,B01059,ING_LEMON,2026-01-14T09:00:00,consume,0.5866,kg,prep
SITE_KIT_01,B01100,ING_LEMON,2026-01-14T09:00:00,consume,1.3961,kg,prep
SITE_KIT_01,B01103,ING_CUCUMBER,2026-01-14T09:00:00,consume,4.4398,kg,prep
SITE_KIT_01,B01094,ING_CABBAGE,2026-01-14T09:00:00,consume,2.8201,kg,prep
SITE_KIT_01,B01104,ING_BANANA,2026-01-14T09:00:00,consume,4.6333,kg,prep
SITE_KIT_01,B01108,ING_EGG,2026-01-14T09:00:00,consume,2.0571,kg,prep
SITE_KIT_01,B01145,ING_EGG,2026-01-14T09:00:00,consume,0.7626,kg,prep
SITE_KIT_01,B01095,ING_BRINJAL,2026-01-14T09:00:00,consume,3.4957,kg,prep
SITE_KIT_01,B01132,ING_BRINJAL,2026-01-14T09:00:00,consume,0.3838,kg,prep
SITE_KIT_01,B01133,ING_OKRA,2026-01-14T09:00:00,consume,4.5277,kg,prep
SITE_KIT_01,B01102,ING_MUSHROOM,2026-01-14T09:00:00,consume,1.1361,kg,prep
SITE_KIT_01,B01024,ING_MUSHROOM,2026-01-14T09:00:00,consume,0.1906,kg,prep
SITE_KIT_01,B00944,ING_CARROT,2026-01-14T23:00:00,waste,3.5506,kg,spoilage
SITE_KIT_01,B01084,ING_MINT,2026-01-14T23:00:00,waste,0.1728,kg,spoilage
SITE_KIT_01,B01085,ING_CURRYLEAF,2026-01-14T23:00:00,waste,0.224,kg,spoilage
SITE_KIT_01,B01024,ING_MUSHROOM,2026-01-14T23:00:00,waste,0.249,kg,spoilage
SITE_KIT_01,B01152,ING_SPINACH,2026-01-15T07:00:00,receive,9.0,kg,LOT-B01152
SITE_KIT_01,B01153,ING_CORIANDER,2026-01-15T07:00:00,receive,1.117,kg,LOT-B01153
SITE_KIT_01,B01154,ING_MINT,2026-01-15T07:00:00,receive,0.914,kg,LOT-B01154
SITE_KIT_01,B01155,ING_CURRYLEAF,2026-01-15T07:00:00,receive,0.5,kg,LOT-B01155
SITE_KIT_01,B01156,ING_BATTER,2026-01-15T07:00:00,receive,16.0,kg,LOT-B01156
SITE_KIT_01,B01142,ING_CHICKEN,2026-01-15T09:00:00,consume,13.104,kg,prep
SITE_KIT_01,B01074,ING_RICE,2026-01-15T09:00:00,consume,27.976,kg,prep
SITE_KIT_01,B01121,ING_ONION,2026-01-15T09:00:00,consume,30.8619,kg,prep
SITE_KIT_01,B01120,ING_TOMATO,2026-01-15T09:00:00,consume,14.9206,kg,prep
SITE_KIT_01,B01087,ING_TOMATO,2026-01-15T09:00:00,consume,6.6676,kg,prep
SITE_KIT_01,B01147,ING_CURD,2026-01-15T09:00:00,consume,10.4065,kg,prep
SITE_KIT_01,B01049,ING_GINGER,2026-01-15T09:00:00,consume,0.9328,kg,prep
SITE_KIT_01,B01128,ING_GARLIC,2026-01-15T09:00:00,consume,1.5723,kg,prep
SITE_KIT_01,B01013,ING_GCHILLI,2026-01-15T09:00:00,consume,0.6658,kg,prep
SITE_KIT_01,B01126,ING_GCHILLI,2026-01-15T09:00:00,consume,0.7484,kg,prep
SITE_KIT_01,B01117,ING_MINT,2026-01-15T09:00:00,consume,0.5698,kg,prep
SITE_KIT_01,B01153,ING_CORIANDER,2026-01-15T09:00:00,consume,1.117,kg,prep
SITE_KIT_01,B01116,ING_CORIANDER,2026-01-15T09:00:00,consume,0.1051,kg,prep
SITE_KIT_01,B01073,ING_GHEE,2026-01-15T09:00:00,consume,3.6257,kg,prep
SITE_KIT_01,B01078,ING_CASHEW,2026-01-15T09:00:00,consume,1.1024,kg,prep
SITE_KIT_01,B01129,ING_CARROT,2026-01-15T09:00:00,consume,5.537,kg,prep
SITE_KIT_01,B01101,ING_BEANS,2026-01-15T09:00:00,consume,0.4067,kg,prep
SITE_KIT_01,B01138,ING_BEANS,2026-01-15T09:00:00,consume,3.4347,kg,prep
SITE_KIT_01,B01097,ING_PEAS,2026-01-15T09:00:00,consume,0.805,kg,prep
SITE_KIT_01,B01134,ING_PEAS,2026-01-15T09:00:00,consume,2.159,kg,prep
SITE_KIT_01,B01123,ING_CAULI,2026-01-15T09:00:00,consume,26.6818,kg,prep
SITE_KIT_01,B01122,ING_POTATO,2026-01-15T09:00:00,consume,15.1468,kg,prep
SITE_KIT_01,B01146,ING_PANEER,2026-01-15T09:00:00,consume,12.519,kg,prep
SITE_KIT_01,B01150,ING_BUTTER,2026-01-15T09:00:00,consume,2.7248,kg,prep
SITE_KIT_01,B01149,ING_CREAM,2026-01-15T09:00:00,consume,1.3662,kg,prep
SITE_KIT_01,B01112,ING_CREAM,2026-01-15T09:00:00,consume,1.226,kg,prep
SITE_KIT_01,B01093,ING_CAPSICUM,2026-01-15T09:00:00,consume,0.7621,kg,prep
SITE_KIT_01,B01130,ING_CAPSICUM,2026-01-15T09:00:00,consume,3.1661,kg,prep
SITE_KIT_01,B01076,ING_BESAN,2026-01-15T09:00:00,consume,1.274,kg,prep
SITE_KIT_01,B01077,ING_OIL,2026-01-15T09:00:00,consume,3.133,kg,prep
SITE_KIT_01,B01124,ING_SPINACH,2026-01-15T09:00:00,consume,0.4038,kg,prep
SITE_KIT_01,B01152,ING_SPINACH,2026-01-15T09:00:00,consume,8.3429,kg,prep
SITE_KIT_01,B01075,ING_ATTA,2026-01-15T09:00:00,consume,22.49,kg,prep
SITE_KIT_01,B01148,ING_MILK,2026-01-15T09:00:00,consume,1.82,kg,prep
SITE_KIT_01,B01080,ING_TOORDAL,2026-01-15T09:00:00,consume,5.382,kg,prep
SITE_KIT_01,B01155,ING_CURRYLEAF,2026-01-15T09:00:00,consume,0.5,kg,prep
SITE_KIT_01,B01118,ING_CURRYLEAF,2026-01-15T09:00:00,consume,0.0202,kg,prep
SITE_KIT_01,B01106,ING_MUTTON,2026-01-15T09:00:00,consume,1.18,kg,prep
SITE_KIT_01,B01143,ING_MUTTON,2026-01-15T09:00:00,consume,5.32,kg,prep
SITE_KIT_01,B01151,ING_BATTER,2026-01-15T09:00:00,consume,13.696,kg,prep
SITE_KIT_01,B01156,ING_BATTER,2026-01-15T09:00:00,consume,2.736,kg,prep
SITE_KIT_01,B01107,ING_FISH,2026-01-15T09:00:00,consume,5.824,kg,prep
SITE_KIT_01,B01079,ING_COCONUT,2026-01-15T09:00:00,consume,1.456,kg,prep
SITE_KIT_01,B01100,ING_LEMON,2026-01-15T09:00:00,consume,1.9855,kg,prep
SITE_KIT_01,B01103,ING_CUCUMBER,2026-01-15T09:00:00,consume,0.643,kg,prep
SITE_KIT_01,B01140,ING_CUCUMBER,2026-01-15T09:00:00,consume,3.6575,kg,prep
SITE_KIT_01,B01094,ING_CABBAGE,2026-01-15T09:00:00,consume,2.6729,kg,prep
SITE_KIT_01,B01104,ING_BANANA,2026-01-15T09:00:00,consume,0.2886,kg,prep
SITE_KIT_01,B01141,ING_BANANA,2026-01-15T09:00:00,consume,4.0645,kg,prep
SITE_KIT_01,B01145,ING_EGG,2026-01-15T09:00:00,consume,2.7144,kg,prep
SITE_KIT_01,B01132,ING_BRINJAL,2026-01-15T09:00:00,consume,3.7975,kg,prep
SITE_KIT_01,B01133,ING_OKRA,2026-01-15T09:00:00,consume,3.4723,kg,prep
SITE_KIT_01,B01096,ING_OKRA,2026-01-15T09:00:00,consume,0.8336,kg,prep
SITE_KIT_01,B01139,ING_MUSHROOM,2026-01-15T09:00:00,consume,1.2967,kg,prep
SITE_KIT_01,B01157,ING_TOMATO,2026-01-16T07:00:00,receive,51.0,kg,LOT-B01157
SITE_KIT_01,B01158,ING_CAULI,2026-01-16T07:00:00,receive,57.0,kg,LOT-B01158
SITE_KIT_01,B01159,ING_SPINACH,2026-01-16T07:00:00,receive,9.0,kg,LOT-B01159
SITE_KIT_01,B01160,ING_CORIANDER,2026-01-16T07:00:00,receive,1.5,kg,LOT-B01160
SITE_KIT_01,B01161,ING_GCHILLI,2026-01-16T07:00:00,receive,3.0,kg,LOT-B01161
SITE_KIT_01,B01162,ING_CARROT,2026-01-16T07:00:00,receive,13.936,kg,LOT-B01162
SITE_KIT_01,B01163,ING_CAPSICUM,2026-01-16T07:00:00,receive,6.115,kg,LOT-B01163
SITE_KIT_01,B01164,ING_CABBAGE,2026-01-16T07:00:00,receive,5.0,kg,LOT-B01164
SITE_KIT_01,B01165,ING_BRINJAL,2026-01-16T07:00:00,receive,7.29,kg,LOT-B01165
SITE_KIT_01,B01166,ING_OKRA,2026-01-16T07:00:00,receive,9.0,kg,LOT-B01166
SITE_KIT_01,B01167,ING_PEAS,2026-01-16T07:00:00,receive,4.487,kg,LOT-B01167
SITE_KIT_01,B01168,ING_MINT,2026-01-16T07:00:00,receive,0.75,kg,LOT-B01168
SITE_KIT_01,B01169,ING_CURRYLEAF,2026-01-16T07:00:00,receive,1.0,kg,LOT-B01169
SITE_KIT_01,B01170,ING_LEMON,2026-01-16T07:00:00,receive,8.0,kg,LOT-B01170
SITE_KIT_01,B01171,ING_BEANS,2026-01-16T07:00:00,receive,8.0,kg,LOT-B01171
SITE_KIT_01,B01172,ING_MUSHROOM,2026-01-16T07:00:00,receive,3.0,kg,LOT-B01172
SITE_KIT_01,B01173,ING_CUCUMBER,2026-01-16T07:00:00,receive,9.0,kg,LOT-B01173
SITE_KIT_01,B01174,ING_BANANA,2026-01-16T07:00:00,receive,10.0,kg,LOT-B01174
SITE_KIT_01,B01175,ING_CHICKEN,2026-01-16T07:00:00,receive,41.0,kg,LOT-B01175
SITE_KIT_01,B01176,ING_MUTTON,2026-01-16T07:00:00,receive,14.0,kg,LOT-B01176
SITE_KIT_01,B01177,ING_FISH,2026-01-16T07:00:00,receive,9.0,kg,LOT-B01177
SITE_KIT_01,B01178,ING_EGG,2026-01-16T07:00:00,receive,5.0,kg,LOT-B01178
SITE_KIT_01,B01179,ING_PANEER,2026-01-16T07:00:00,receive,26.0,kg,LOT-B01179
SITE_KIT_01,B01180,ING_CURD,2026-01-16T07:00:00,receive,23.0,kg,LOT-B01180
SITE_KIT_01,B01181,ING_MILK,2026-01-16T07:00:00,receive,5.0,kg,LOT-B01181
SITE_KIT_01,B01182,ING_CREAM,2026-01-16T07:00:00,receive,6.0,kg,LOT-B01182
SITE_KIT_01,B01183,ING_BUTTER,2026-01-16T07:00:00,receive,6.0,kg,LOT-B01183
SITE_KIT_01,B01184,ING_BATTER,2026-01-16T07:00:00,receive,16.0,kg,LOT-B01184
SITE_KIT_01,B01175,ING_CHICKEN,2026-01-16T09:00:00,consume,19.656,kg,prep
SITE_KIT_01,B01074,ING_RICE,2026-01-16T09:00:00,consume,34.281,kg,prep
SITE_KIT_01,B01121,ING_ONION,2026-01-16T09:00:00,consume,35.8586,kg,prep
SITE_KIT_01,B01087,ING_TOMATO,2026-01-16T09:00:00,consume,13.644,kg,prep
SITE_KIT_01,B01157,ING_TOMATO,2026-01-16T09:00:00,consume,12.392,kg,prep
SITE_KIT_01,B01147,ING_CURD,2026-01-16T09:00:00,consume,3.846,kg,prep
SITE_KIT_01,B01180,ING_CURD,2026-01-16T09:00:00,consume,9.1943,kg,prep
SITE_KIT_01,B01049,ING_GINGER,2026-01-16T09:00:00,consume,0.9493,kg,prep
SITE_KIT_01,B01127,ING_GINGER,2026-01-16T09:00:00,consume,0.2669,kg,prep
SITE_KIT_01,B01128,ING_GARLIC,2026-01-16T09:00:00,consume,1.9073,kg,prep
SITE_KIT_01,B01126,ING_GCHILLI,2026-01-16T09:00:00,consume,1.2516,kg,prep
SITE_KIT_01,B01161,ING_GCHILLI,2026-01-16T09:00:00,consume,0.3598,kg,prep
SITE_KIT_01,B01117,ING_MINT,2026-01-16T09:00:00,consume,0.1802,kg,prep
SITE_KIT_01,B01135,ING_MINT,2026-01-16T09:00:00,consume,0.6024,kg,prep
SITE_KIT_01,B01116,ING_CORIANDER,2026-01-16T09:00:00,consume,0.9191,kg,prep
SITE_KIT_01,B01125,ING_CORIANDER,2026-01-16T09:00:00,consume,0.6651,kg,prep
SITE_KIT_01,B01073,ING_GHEE,2026-01-16T09:00:00,consume,4.498,kg,prep
SITE_KIT_01,B01078,ING_CASHEW,2026-01-16T09:00:00,consume,1.3936,kg,prep
SITE_KIT_01,B01162,ING_CARROT,2026-01-16T09:00:00,consume,7.3251,kg,prep
SITE_KIT_01,B01171,ING_BEANS,2026-01-16T09:00:00,consume,4.4712,kg,prep
SITE_KIT_01,B01134,ING_PEAS,2026-01-16T09:00:00,consume,2.841,kg,prep
SITE_KIT_01,B01167,ING_PEAS,2026-01-16T09:00:00,consume,0.513,kg,prep
SITE_KIT_01,B01158,ING_CAULI,2026-01-16T09:00:00,consume,30.1779,kg,prep
SITE_KIT_01,B01122,ING_POTATO,2026-01-16T09:00:00,consume,12.6573,kg,prep
SITE_KIT_01,B01146,ING_PANEER,2026-01-16T09:00:00,consume,4.643,kg,prep
SITE_KIT_01,B01179,ING_PANEER,2026-01-16T09:00:00,consume,9.241,kg,prep
SITE_KIT_01,B01150,ING_BUTTER,2026-01-16T09:00:00,consume,1.7001,kg,prep
SITE_KIT_01,B01072,ING_BUTTER,2026-01-16T09:00:00,consume,0.4554,kg,prep
SITE_KIT_01,B01183,ING_BUTTER,2026-01-16T09:00:00,consume,1.114,kg,prep
SITE_KIT_01,B01112,ING_CREAM,2026-01-16T09:00:00,consume,0.9904,kg,prep
SITE_KIT_01,B01182,ING_CREAM,2026-01-16T09:00:00,consume,1.9086,kg,prep
SITE_KIT_01,B01163,ING_CAPSICUM,2026-01-16T09:00:00,consume,4.3011,kg,prep
SITE_KIT_01,B01076,ING_BESAN,2026-01-16T09:00:00,consume,1.378,kg,prep
SITE_KIT_01,B01077,ING_OIL,2026-01-16T09:00:00,consume,2.795,kg,prep
SITE_KIT_01,B01152,ING_SPINACH,2026-01-16T09:00:00,consume,0.6571,kg,prep
SITE_KIT_01,B01089,ING_SPINACH,2026-01-16T09:00:00,consume,2.8661,kg,prep
SITE_KIT_01,B01115,ING_SPINACH,2026-01-16T09:00:00,consume,5.8164,kg,prep
SITE_KIT_01,B01075,ING_ATTA,2026-01-16T09:00:00,consume,26.377,kg,prep
SITE_KIT_01,B01181,ING_MILK,2026-01-16T09:00:00,consume,2.431,kg,prep
SITE_KIT_01,B01080,ING_TOORDAL,2026-01-16T09:00:00,consume,4.87,kg,prep
SITE_KIT_01,B00817,ING_TOORDAL,2026-01-16T09:00:00,consume,1.292,kg,prep
SITE_KIT_01,B01169,ING_CURRYLEAF,2026-01-16T09:00:00,consume,0.4875,kg,prep
SITE_KIT_01,B01176,ING_MUTTON,2026-01-16T09:00:00,consume,8.84,kg,prep
SITE_KIT_01,B01156,ING_BATTER,2026-01-16T09:00:00,consume,11.44,kg,prep
SITE_KIT_01,B01107,ING_FISH,2026-01-16T09:00:00,consume,1.24,kg,prep
SITE_KIT_01,B01144,ING_FISH,2026-01-16T09:00:00,consume,4.0,kg,prep
SITE_KIT_01,B01177,ING_FISH,2026-01-16T09:00:00,consume,1.624,kg,prep
SITE_KIT_01,B01079,ING_COCONUT,2026-01-16T09:00:00,consume,1.716,kg,prep
SITE_KIT_01,B01100,ING_LEMON,2026-01-16T09:00:00,consume,0.6183,kg,prep
SITE_KIT_01,B01137,ING_LEMON,2026-01-16T09:00:00,consume,1.5794,kg,prep
SITE_KIT_01,B01140,ING_CUCUMBER,2026-01-16T09:00:00,consume,2.3425,kg,prep
SITE_KIT_01,B01173,ING_CUCUMBER,2026-01-16T09:00:00,consume,2.4643,kg,prep
SITE_KIT_01,B01094,ING_CABBAGE,2026-01-16T09:00:00,consume,0.5274,kg,prep
SITE_KIT_01,B01131,ING_CABBAGE,2026-01-16T09:00:00,consume,1.0,kg,prep
SITE_KIT_01,B01164,ING_CABBAGE,2026-01-16T09:00:00,consume,1.4467,kg,prep
SITE_KIT_01,B01174,ING_BANANA,2026-01-16T09:00:00,consume,5.0017,kg,prep
SITE_KIT_01,B01178,ING_EGG,2026-01-16T09:00:00,consume,3.0186,kg,prep
SITE_KIT_01,B01132,ING_BRINJAL,2026-01-16T09:00:00,consume,1.8187,kg,prep
SITE_KIT_01,B01165,ING_BRINJAL,2026-01-16T09:00:00,consume,2.3261,kg,prep
SITE_KIT_01,B01096,ING_OKRA,2026-01-16T09:00:00,consume,2.3618,kg,prep
SITE_KIT_01,B01166,ING_OKRA,2026-01-16T09:00:00,consume,2.507,kg,prep
SITE_KIT_01,B01139,ING_MUSHROOM,2026-01-16T09:00:00,consume,0.7033,kg,prep
SITE_KIT_01,B01172,ING_MUSHROOM,2026-01-16T09:00:00,consume,0.7221,kg,prep
SITE_KIT_01,B01118,ING_CURRYLEAF,2026-01-16T23:00:00,waste,0.4238,kg,spoilage
SITE_KIT_01,B01185,ING_SPINACH,2026-01-17T07:00:00,receive,10.0,kg,LOT-B01185
SITE_KIT_01,B01186,ING_CORIANDER,2026-01-17T07:00:00,receive,1.5,kg,LOT-B01186
SITE_KIT_01,B01187,ING_MINT,2026-01-17T07:00:00,receive,0.75,kg,LOT-B01187
SITE_KIT_01,B01188,ING_CURRYLEAF,2026-01-17T07:00:00,receive,0.445,kg,LOT-B01188
SITE_KIT_01,B01189,ING_GHEE,2026-01-17T07:00:00,receive,25.0,kg,LOT-B01189
SITE_KIT_01,B01190,ING_RICE,2026-01-17T07:00:00,receive,190.0,kg,LOT-B01190
SITE_KIT_01,B01191,ING_ATTA,2026-01-17T07:00:00,receive,165.0,kg,LOT-B01191
SITE_KIT_01,B01192,ING_BESAN,2026-01-17T07:00:00,receive,5.0,kg,LOT-B01192
SITE_KIT_01,B01193,ING_OIL,2026-01-17T07:00:00,receive,20.0,kg,LOT-B01193
SITE_KIT_01,B01194,ING_CASHEW,2026-01-17T07:00:00,receive,10.0,kg,LOT-B01194
SITE_KIT_01,B01195,ING_COCONUT,2026-01-17T07:00:00,receive,10.0,kg,LOT-B01195
SITE_KIT_01,B01196,ING_TOORDAL,2026-01-17T07:00:00,receive,40.0,kg,LOT-B01196
SITE_KIT_01,B01197,ING_BATTER,2026-01-17T07:00:00,receive,15.0,kg,LOT-B01197
SITE_KIT_01,B01175,ING_CHICKEN,2026-01-17T09:00:00,consume,18.018,kg,prep
SITE_KIT_01,B01190,ING_RICE,2026-01-17T09:00:00,consume,35.841,kg,prep
SITE_KIT_01,B01121,ING_ONION,2026-01-17T09:00:00,consume,28.3149,kg,prep
SITE_KIT_01,B00973,ING_ONION,2026-01-17T09:00:00,consume,8.8321,kg,prep
SITE_KIT_01,B01157,ING_TOMATO,2026-01-17T09:00:00,consume,28.6571,kg,prep
SITE_KIT_01,B01180,ING_CURD,2026-01-17T09:00:00,consume,13.8057,kg,prep
SITE_KIT_01,B01127,ING_GINGER,2026-01-17T09:00:00,consume,1.2412,kg,prep
SITE_KIT_01,B01128,ING_GARLIC,2026-01-17T09:00:00,consume,0.9526,kg,prep
SITE_KIT_01,B00902,ING_GARLIC,2026-01-17T09:00:00,consume,1.0627,kg,prep
SITE_KIT_01,B01161,ING_GCHILLI,2026-01-17T09:00:00,consume,1.7262,kg,prep
SITE_KIT_01,B01187,ING_MINT,2026-01-17T09:00:00,consume,0.75,kg,prep
SITE_KIT_01,B01135,ING_MINT,2026-01-17T09:00:00,consume,0.0196,kg,prep
SITE_KIT_01,B01125,ING_CORIANDER,2026-01-17T09:00:00,consume,0.8349,kg,prep
SITE_KIT_01,B01160,ING_CORIANDER,2026-01-17T09:00:00,consume,0.7966,kg,prep
SITE_KIT_01,B01073,ING_GHEE,2026-01-17T09:00:00,consume,2.3507,kg,prep
SITE_KIT_01,B00551,ING_GHEE,2026-01-17T09:00:00,consume,2.3683,kg,prep
SITE_KIT_01,B01078,ING_CASHEW,2026-01-17T09:00:00,consume,1.4326,kg,prep
SITE_KIT_01,B01162,ING_CARROT,2026-01-17T09:00:00,consume,6.6109,kg,prep
SITE_KIT_01,B01171,ING_BEANS,2026-01-17T09:00:00,consume,3.5288,kg,prep
SITE_KIT_01,B01138,ING_BEANS,2026-01-17T09:00:00,consume,1.3737,kg,prep
SITE_KIT_01,B01167,ING_PEAS,2026-01-17T09:00:00,consume,3.744,kg,prep
SITE_KIT_01,B01158,ING_CAULI,2026-01-17T09:00:00,consume,26.8221,kg,prep
SITE_KIT_01,B01123,ING_CAULI,2026-01-17T09:00:00,consume,8.0941,kg,prep
SITE_KIT_01,B01122,ING_POTATO,2026-01-17T09:00:00,consume,15.1288,kg,prep
SITE_KIT_01,B01179,ING_PANEER,2026-01-17T09:00:00,consume,15.626,kg,prep
SITE_KIT_01,B01183,ING_BUTTER,2026-01-17T09:00:00,consume,3.653,kg,prep
SITE_KIT_01,B01182,ING_CREAM,2026-01-17T09:00:00,consume,3.2292,kg,prep
SITE_KIT_01,B01163,ING_CAPSICUM,2026-01-17T09:00:00,consume,1.8139,kg,prep
SITE_KIT_01,B01130,ING_CAPSICUM,2026-01-17T09:00:00,consume,2.8339,kg,prep
SITE_KIT_01,B01076,ING_BESAN,2026-01-17T09:00:00,consume,1.534,kg,prep
SITE_KIT_01,B01077,ING_OIL,2026-01-17T09:00:00,consume,3.3215,kg,prep
SITE_KIT_01,B01185,ING_SPINACH,2026-01-17T09:00:00,consume,10.0,kg,prep
SITE_KIT_01,B01115,ING_SPINACH,2026-01-17T09:00:00,consume,0.8294,kg,prep
SITE_KIT_01,B01075,ING_ATTA,2026-01-17T09:00:00,consume,25.006,kg,prep
SITE_KIT_01,B01191,ING_ATTA,2026-01-17T09:00:00,consume,4.049,kg,prep
SITE_KIT_01,B01181,ING_MILK,2026-01-17T09:00:00,consume,2.569,kg,prep
SITE_KIT_01,B01148,ING_MILK,2026-01-17T09:00:00,consume,0.122,kg,prep
SITE_KIT_01,B00817,ING_TOORDAL,2026-01-17T09:00:00,consume,4.014,kg,prep
SITE_KIT_01,B01196,ING_TOORDAL,2026-01-17T09:00:00,consume,2.694,kg,prep
SITE_KIT_01,B01169,ING_CURRYLEAF,2026-01-17T09:00:00,consume,0.5125,kg,prep
SITE_KIT_01,B01188,ING_CURRYLEAF,2026-01-17T09:00:00,consume,0.051,kg,prep
SITE_KIT_01,B01176,ING_MUTTON,2026-01-17T09:00:00,consume,5.16,kg,prep
SITE_KIT_01,B01143,ING_MUTTON,2026-01-17T09:00:00,consume,2.68,kg,prep
SITE_KIT_01,B01197,ING_BATTER,2026-01-17T09:00:00,consume,14.976,kg,prep
SITE_KIT_01,B01177,ING_FISH,2026-01-17T09:00:00,consume,7.376,kg,prep
SITE_KIT_01,B01195,ING_COCONUT,2026-01-17T09:00:00,consume,1.924,kg,prep
SITE_KIT_01,B01137,ING_LEMON,2026-01-17T09:00:00,consume,2.4206,kg,prep
SITE_KIT_01,B01170,ING_LEMON,2026-01-17T09:00:00,consume,0.0962,kg,prep
SITE_KIT_01,B01173,ING_CUCUMBER,2026-01-17T09:00:00,consume,5.2675,kg,prep
SITE_KIT_01,B01164,ING_CABBAGE,2026-01-17T09:00:00,consume,3.3726,kg,prep
SITE_KIT_01,B01174,ING_BANANA,2026-01-17T09:00:00,consume,4.9983,kg,prep
SITE_KIT_01,B01141,ING_BANANA,2026-01-17T09:00:00,consume,0.672,kg,prep
SITE_KIT_01,B01178,ING_EGG,2026-01-17T09:00:00,consume,1.9814,kg,prep
SITE_KIT_01,B01145,ING_EGG,2026-01-17T09:00:00,consume,1.4233,kg,prep
SITE_KIT_01,B01165,ING_BRINJAL,2026-01-17T09:00:00,consume,4.6798,kg,prep
SITE_KIT_01,B01166,ING_OKRA,2026-01-17T09:00:00,consume,5.4975,kg,prep
SITE_KIT_01,B01172,ING_MUSHROOM,2026-01-17T09:00:00,consume,1.5986,kg,prep
SITE_KIT_01,B01115,ING_SPINACH,2026-01-17T23:00:00,waste,2.3542,kg,spoilage
SITE_KIT_01,B01054,ING_BRINJAL,2026-01-17T23:00:00,waste,0.8668,kg,spoilage
SITE_KIT_01,B01135,ING_MINT,2026-01-17T23:00:00,waste,0.128,kg,spoilage
SITE_KIT_01,B01156,ING_BATTER,2026-01-17T23:00:00,waste,1.824,kg,spoilage
SITE_KIT_01,B01198,ING_TOMATO,2026-01-18T07:00:00,receive,47.0,kg,LOT-B01198
SITE_KIT_01,B01199,ING_ONION,2026-01-18T07:00:00,receive,146.0,kg,LOT-B01199
SITE_KIT_01,B01200,ING_POTATO,2026-01-18T07:00:00,receive,58.59,kg,LOT-B01200
SITE_KIT_01,B01201,ING_CAULI,2026-01-18T07:00:00,receive,68.0,kg,LOT-B01201
SITE_KIT_01,B01202,ING_SPINACH,2026-01-18T07:00:00,receive,12.69,kg,LOT-B01202
SITE_KIT_01,B01203,ING_CORIANDER,2026-01-18T07:00:00,receive,1.5,kg,LOT-B01203
SITE_KIT_01,B01204,ING_GCHILLI,2026-01-18T07:00:00,receive,3.0,kg,LOT-B01204
SITE_KIT_01,B01205,ING_GINGER,2026-01-18T07:00:00,receive,4.0,kg,LOT-B01205
SITE_KIT_01,B01206,ING_GARLIC,2026-01-18T07:00:00,receive,8.0,kg,LOT-B01206
SITE_KIT_01,B01207,ING_CARROT,2026-01-18T07:00:00,receive,14.078,kg,LOT-B01207
SITE_KIT_01,B01208,ING_CAPSICUM,2026-01-18T07:00:00,receive,10.0,kg,LOT-B01208
SITE_KIT_01,B01209,ING_CABBAGE,2026-01-18T07:00:00,receive,6.0,kg,LOT-B01209
SITE_KIT_01,B01210,ING_BRINJAL,2026-01-18T07:00:00,receive,10.0,kg,LOT-B01210
SITE_KIT_01,B01211,ING_OKRA,2026-01-18T07:00:00,receive,11.0,kg,LOT-B01211
SITE_KIT_01,B01212,ING_PEAS,2026-01-18T07:00:00,receive,6.998,kg,LOT-B01212
SITE_KIT_01,B01213,ING_MINT,2026-01-18T07:00:00,receive,0.75,kg,LOT-B01213
SITE_KIT_01,B01214,ING_CURRYLEAF,2026-01-18T07:00:00,receive,0.5,kg,LOT-B01214
SITE_KIT_01,B01215,ING_LEMON,2026-01-18T07:00:00,receive,4.0,kg,LOT-B01215
SITE_KIT_01,B01216,ING_BEANS,2026-01-18T07:00:00,receive,10.0,kg,LOT-B01216
SITE_KIT_01,B01217,ING_MUSHROOM,2026-01-18T07:00:00,receive,3.0,kg,LOT-B01217
SITE_KIT_01,B01218,ING_CUCUMBER,2026-01-18T07:00:00,receive,10.0,kg,LOT-B01218
SITE_KIT_01,B01219,ING_BANANA,2026-01-18T07:00:00,receive,9.0,kg,LOT-B01219
SITE_KIT_01,B01220,ING_CHICKEN,2026-01-18T07:00:00,receive,23.0,kg,LOT-B01220
SITE_KIT_01,B01221,ING_MUTTON,2026-01-18T07:00:00,receive,16.0,kg,LOT-B01221
SITE_KIT_01,B01222,ING_FISH,2026-01-18T07:00:00,receive,15.0,kg,LOT-B01222
SITE_KIT_01,B01223,ING_EGG,2026-01-18T07:00:00,receive,7.0,kg,LOT-B01223
SITE_KIT_01,B01224,ING_PANEER,2026-01-18T07:00:00,receive,30.0,kg,LOT-B01224
SITE_KIT_01,B01225,ING_CURD,2026-01-18T07:00:00,receive,24.0,kg,LOT-B01225
SITE_KIT_01,B01226,ING_MILK,2026-01-18T07:00:00,receive,5.0,kg,LOT-B01226
SITE_KIT_01,B01227,ING_CREAM,2026-01-18T07:00:00,receive,6.0,kg,LOT-B01227
SITE_KIT_01,B01228,ING_BUTTER,2026-01-18T07:00:00,receive,10.0,kg,LOT-B01228
SITE_KIT_01,B01229,ING_BATTER,2026-01-18T07:00:00,receive,17.0,kg,LOT-B01229
SITE_KIT_01,B01175,ING_CHICKEN,2026-01-18T09:00:00,consume,3.326,kg,prep
SITE_KIT_01,B01142,ING_CHICKEN,2026-01-18T09:00:00,consume,7.838,kg,prep
SITE_KIT_01,B01220,ING_CHICKEN,2026-01-18T09:00:00,consume,4.514,kg,prep
SITE_KIT_01,B01190,ING_RICE,2026-01-18T09:00:00,consume,32.201,kg,prep
SITE_KIT_01,B01199,ING_ONION,2026-01-18T09:00:00,consume,34.8417,kg,prep
SITE_KIT_01,B01157,ING_TOMATO,2026-01-18T09:00:00,consume,9.9509,kg,prep
SITE_KIT_01,B01198,ING_TOMATO,2026-01-18T09:00:00,consume,15.4839,kg,prep
SITE_KIT_01,B01225,ING_CURD,2026-01-18T09:00:00,consume,12.5489,kg,prep
SITE_KIT_01,B01127,ING_GINGER,2026-01-18T09:00:00,consume,1.1398,kg,prep
SITE_KIT_01,B00902,ING_GARLIC,2026-01-18T09:00:00,consume,0.8771,kg,prep
SITE_KIT_01,B01206,ING_GARLIC,2026-01-18T09:00:00,consume,0.9958,kg,prep
SITE_KIT_01,B01161,ING_GCHILLI,2026-01-18T09:00:00,consume,0.914,kg,prep
SITE_KIT_01,B01204,ING_GCHILLI,2026-01-18T09:00:00,consume,0.6887,kg,prep
SITE_KIT_01,B01213,ING_MINT,2026-01-18T09:00:00,consume,0.6717,kg,prep
SITE_KIT_01,B01203,ING_CORIANDER,2026-01-18T09:00:00,consume,1.4402,kg,prep
SITE_KIT_01,B00551,ING_GHEE,2026-01-18T09:00:00,consume,1.855,kg,prep
SITE_KIT_01,B01189,ING_GHEE,2026-01-18T09:00:00,consume,2.4532,kg,prep
SITE_KIT_01,B01078,ING_CASHEW,2026-01-18T09:00:00,consume,0.125,kg,prep
SITE_KIT_01,B01194,ING_CASHEW,2026-01-18T09:00:00,consume,1.1568,kg,prep
SITE_KIT_01,B01207,ING_CARROT,2026-01-18T09:00:00,consume,7.221,kg,prep
SITE_KIT_01,B01216,ING_BEANS,2026-01-18T09:00:00,consume,4.3568,kg,prep
SITE_KIT_01,B01167,ING_PEAS,2026-01-18T09:00:00,consume,0.23,kg,prep
SITE_KIT_01,B01212,ING_PEAS,2026-01-18T09:00:00,consume,3.072,kg,prep
SITE_KIT_01,B01201,ING_CAULI,2026-01-18T09:00:00,consume,31.6215,kg,prep
SITE_KIT_01,B01122,ING_POTATO,2026-01-18T09:00:00,consume,4.9887,kg,prep
SITE_KIT_01,B01200,ING_POTATO,2026-01-18T09:00:00,consume,10.3336,kg,prep
SITE_KIT_01,B01224,ING_PANEER,2026-01-18T09:00:00,consume,14.261,kg,prep
SITE_KIT_01,B01228,ING_BUTTER,2026-01-18T09:00:00,consume,3.2721,kg,prep
SITE_KIT_01,B01227,ING_CREAM,2026-01-18T09:00:00,consume,2.9328,kg,prep
SITE_KIT_01,B01208,ING_CAPSICUM,2026-01-18T09:00:00,consume,4.3204,kg,prep
SITE_KIT_01,B01076,ING_BESAN,2026-01-18T09:00:00,consume,1.404,kg,prep
SITE_KIT_01,B01077,ING_OIL,2026-01-18T09:00:00,consume,2.017,kg,prep
SITE_KIT_01,B01193,ING_OIL,2026-01-18T09:00:00,consume,1.1615,kg,prep
SITE_KIT_01,B01159,ING_SPINACH,2026-01-18T09:00:00,consume,9.0,kg,prep
SITE_KIT_01,B01202,ING_SPINACH,2026-01-18T09:00:00,consume,1.1249,kg,prep
SITE_KIT_01,B01191,ING_ATTA,2026-01-18T09:00:00,consume,28.873,kg,prep
SITE_KIT_01,B01148,ING_MILK,2026-01-18T09:00:00,consume,0.598,kg,prep
SITE_KIT_01,B01226,ING_MILK,2026-01-18T09:00:00,consume,1.755,kg,prep
SITE_KIT_01,B01196,ING_TOORDAL,2026-01-18T09:00:00,consume,6.396,kg,prep
SITE_KIT_01,B01188,ING_CURRYLEAF,2026-01-18T09:00:00,consume,0.394,kg,prep
SITE_KIT_01,B01214,ING_CURRYLEAF,2026-01-18T09:00:00,consume,0.1585,kg,prep
SITE_KIT_01,B01221,ING_MUTTON,2026-01-18T09:00:00,consume,8.84,kg,prep
SITE_KIT_01,B01197,ING_BATTER,2026-01-18T09:00:00,consume,0.024,kg,prep
SITE_KIT_01,B01229,ING_BATTER,2026-01-18T09:00:00,consume,15.16,kg,prep
SITE_KIT_01,B01222,ING_FISH,2026-01-18T09:00:00,consume,7.072,kg,prep
SITE_KIT_01,B01195,ING_COCONUT,2026-01-18T09:00:00,consume,1.768,kg,prep
SITE_KIT_01,B01215,ING_LEMON,2026-01-18T09:00:00,consume,2.3123,kg,prep
SITE_KIT_01,B01218,ING_CUCUMBER,2026-01-18T09:00:00,consume,4.9727,kg,prep
SITE_KIT_01,B01164,ING_CABBAGE,2026-01-18T09:00:00,consume,0.1807,kg,prep
SITE_KIT_01,B01053,ING_CABBAGE,2026-01-18T09:00:00,consume,1.128,kg,prep
SITE_KIT_01,B01209,ING_CABBAGE,2026-01-18T09:00:00,consume,1.9149,kg,prep
SITE_KIT_01,B01219,ING_BANANA,2026-01-18T09:00:00,consume,5.0622,kg,prep
SITE_KIT_01,B01145,ING_EGG,2026-01-18T09:00:00,consume,0.0997,kg,prep
SITE_KIT_01,B01223,ING_EGG,2026-01-18T09:00:00,consume,3.0593,kg,prep
SITE_KIT_01,B01165,ING_BRINJAL,2026-01-18T09:00:00,consume,0.2841,kg,prep
SITE_KIT_01,B01210,ING_BRINJAL,2026-01-18T09:00:00,consume,4.0663,kg,prep
SITE_KIT_01,B01211,ING_OKRA,2026-01-18T09:00:00,consume,5.0316,kg,prep
SITE_KIT_01,B01217,ING_MUSHROOM,2026-01-18T09:00:00,consume,1.4747,kg,prep
SITE_KIT_01,B01154,ING_MINT,2026-01-18T23:00:00,waste,0.914,kg,spoilage
SITE_KIT_01,B01184,ING_BATTER,2026-01-18T23:00:00,waste,16.0,kg,spoilage
SITE_KIT_01,B01230,ING_SPINACH,2026-01-19T07:00:00,receive,8.926,kg,LOT-B01230
SITE_KIT_01,B01231,ING_CORIANDER,2026-01-19T07:00:00,receive,1.5,kg,LOT-B01231
SITE_KIT_01,B01232,ING_MINT,2026-01-19T07:00:00,receive,0.75,kg,LOT-B01232
SITE_KIT_01,B01233,ING_CURRYLEAF,2026-01-19T07:00:00,receive,0.75,kg,LOT-B01233
SITE_KIT_01,B01234,ING_BATTER,2026-01-19T07:00:00,receive,15.0,kg,LOT-B01234
SITE_KIT_01,B01220,ING_CHICKEN,2026-01-19T09:00:00,consume,8.424,kg,prep
SITE_KIT_01,B01190,ING_RICE,2026-01-19T09:00:00,consume,19.136,kg,prep
SITE_KIT_01,B01199,ING_ONION,2026-01-19T09:00:00,consume,21.7089,kg,prep
SITE_KIT_01,B01198,ING_TOMATO,2026-01-19T09:00:00,consume,16.6536,kg,prep
SITE_KIT_01,B01225,ING_CURD,2026-01-19T09:00:00,consume,7.254,kg,prep
SITE_KIT_01,B01127,ING_GINGER,2026-01-19T09:00:00,consume,0.6589,kg,prep
SITE_KIT_01,B01206,ING_GARLIC,2026-01-19T09:00:00,consume,1.1281,kg,prep
SITE_KIT_01,B01204,ING_GCHILLI,2026-01-19T09:00:00,consume,1.0009,kg,prep
SITE_KIT_01,B01213,ING_MINT,2026-01-19T09:00:00,consume,0.0783,kg,prep
SITE_KIT_01,B01168,ING_MINT,2026-01-19T09:00:00,consume,0.3133,kg,prep
SITE_KIT_01,B01203,ING_CORIANDER,2026-01-19T09:00:00,consume,0.0598,kg,prep
SITE_KIT_01,B01231,ING_CORIANDER,2026-01-19T09:00:00,consume,0.7834,kg,prep
SITE_KIT_01,B01189,ING_GHEE,2026-01-19T09:00:00,consume,2.4804,kg,prep
SITE_KIT_01,B01194,ING_CASHEW,2026-01-19T09:00:00,consume,0.8528,kg,prep
SITE_KIT_01,B01207,ING_CARROT,2026-01-19T09:00:00,consume,4.6386,kg,prep
SITE_KIT_01,B01216,ING_BEANS,2026-01-19T09:00:00,consume,2.8074,kg,prep
SITE_KIT_01,B01212,ING_PEAS,2026-01-19T09:00:00,consume,2.132,kg,prep
SITE_KIT_01,B01201,ING_CAULI,2026-01-19T09:00:00,consume,19.5535,kg,prep
SITE_KIT_01,B01200,ING_POTATO,2026-01-19T09:00:00,consume,11.1321,kg,prep
SITE_KIT_01,B01224,ING_PANEER,2026-01-19T09:00:00,consume,10.231,kg,prep
SITE_KIT_01,B01228,ING_BUTTER,2026-01-19T09:00:00,consume,2.1229,kg,prep
SITE_KIT_01,B01227,ING_CREAM,2026-01-19T09:00:00,consume,2.1008,kg,prep
SITE_KIT_01,B01208,ING_CAPSICUM,2026-01-19T09:00:00,consume,2.7984,kg,prep
SITE_KIT_01,B01076,ING_BESAN,2026-01-19T09:00:00,consume,0.936,kg,prep
SITE_KIT_01,B01193,ING_OIL,2026-01-19T09:00:00,consume,2.3205,kg,prep
SITE_KIT_01,B01230,ING_SPINACH,2026-01-19T09:00:00,consume,5.9451,kg,prep
SITE_KIT_01,B01191,ING_ATTA,2026-01-19T09:00:00,consume,15.808,kg,prep
SITE_KIT_01,B01226,ING_MILK,2026-01-19T09:00:00,consume,1.3,kg,prep
SITE_KIT_01,B01196,ING_TOORDAL,2026-01-19T09:00:00,consume,3.9,kg,prep
SITE_KIT_01,B01214,ING_CURRYLEAF,2026-01-19T09:00:00,consume,0.3415,kg,prep
SITE_KIT_01,B01233,ING_CURRYLEAF,2026-01-19T09:00:00,consume,0.0476,kg,prep
SITE_KIT_01,B01221,ING_MUTTON,2026-01-19T09:00:00,consume,4.16,kg,prep
SITE_KIT_01,B01229,ING_BATTER,2026-01-19T09:00:00,consume,1.84,kg,prep
SITE_KIT_01,B01234,ING_BATTER,2026-01-19T09:00:00,consume,10.432,kg,prep
SITE_KIT_01,B01222,ING_FISH,2026-01-19T09:00:00,consume,4.368,kg,prep
SITE_KIT_01,B01195,ING_COCONUT,2026-01-19T09:00:00,consume,1.092,kg,prep
SITE_KIT_01,B01215,ING_LEMON,2026-01-19T09:00:00,consume,1.4084,kg,prep
SITE_KIT_01,B01218,ING_CUCUMBER,2026-01-19T09:00:00,consume,3.0878,kg,prep
SITE_KIT_01,B01209,ING_CABBAGE,2026-01-19T09:00:00,consume,2.0179,kg,prep
SITE_KIT_01,B01219,ING_BANANA,2026-01-19T09:00:00,consume,3.0908,kg,prep
SITE_KIT_01,B01223,ING_EGG,2026-01-19T09:00:00,consume,1.9656,kg,prep
SITE_KIT_01,B01210,ING_BRINJAL,2026-01-19T09:00:00,consume,2.7261,kg,prep
SITE_KIT_01,B01211,ING_OKRA,2026-01-19T09:00:00,consume,3.1399,kg,prep
SITE_KIT_01,B01217,ING_MUSHROOM,2026-01-19T09:00:00,consume,0.9174,kg,prep
SITE_KIT_01,B01160,ING_CORIANDER,2026-01-19T23:00:00,waste,0.7034,kg,spoilage
SITE_KIT_01,B01168,ING_MINT,2026-01-19T23:00:00,waste,0.4367,kg,spoilage
SITE_KIT_01,B01235,ING_TOMATO,2026-01-20T07:00:00,receive,40.0,kg,LOT-B01235
SITE_KIT_01,B01236,ING_CAULI,2026-01-20T07:00:00,receive,53.0,kg,LOT-B01236
SITE_KIT_01,B01237,ING_SPINACH,2026-01-20T07:00:00,receive,7.964,kg,LOT-B01237
SITE_KIT_01,B01238,ING_CORIANDER,2026-01-20T07:00:00,receive,1.5,kg,LOT-B01238
SITE_KIT_01,B01239,ING_GCHILLI,2026-01-20T07:00:00,receive,3.0,kg,LOT-B01239
SITE_KIT_01,B01240,ING_CARROT,2026-01-20T07:00:00,receive,14.0,kg,LOT-B01240
SITE_KIT_01,B01241,ING_CAPSICUM,2026-01-20T07:00:00,receive,7.0,kg,LOT-B01241
SITE_KIT_01,B01242,ING_CABBAGE,2026-01-20T07:00:00,receive,5.0,kg,LOT-B01242
SITE_KIT_01,B01243,ING_BRINJAL,2026-01-20T07:00:00,receive,8.0,kg,LOT-B01243
SITE_KIT_01,B01244,ING_OKRA,2026-01-20T07:00:00,receive,7.887,kg,LOT-B01244
SITE_KIT_01,B01245,ING_PEAS,2026-01-20T07:00:00,receive,10.0,kg,LOT-B01245
SITE_KIT_01,B01246,ING_MINT,2026-01-20T07:00:00,receive,0.75,kg,LOT-B01246
SITE_KIT_01,B01247,ING_CURRYLEAF,2026-01-20T07:00:00,receive,0.5,kg,LOT-B01247
SITE_KIT_01,B01248,ING_LEMON,2026-01-20T07:00:00,receive,5.0,kg,LOT-B01248
SITE_KIT_01,B01249,ING_BEANS,2026-01-20T07:00:00,receive,7.0,kg,LOT-B01249
SITE_KIT_01,B01250,ING_MUSHROOM,2026-01-20T07:00:00,receive,3.0,kg,LOT-B01250
SITE_KIT_01,B01251,ING_CUCUMBER,2026-01-20T07:00:00,receive,9.0,kg,LOT-B01251
SITE_KIT_01,B01252,ING_BANANA,2026-01-20T07:00:00,receive,8.438,kg,LOT-B01252
SITE_KIT_01,B01253,ING_CHICKEN,2026-01-20T07:00:00,receive,24.0,kg,LOT-B01253
SITE_KIT_01,B01254,ING_MUTTON,2026-01-20T07:00:00,receive,21.0,kg,LOT-B01254
SITE_KIT_01,B01255,ING_FISH,2026-01-20T07:00:00,receive,11.0,kg,LOT-B01255
SITE_KIT_01,B01256,ING_EGG,2026-01-20T07:00:00,receive,8.0,kg,LOT-B01256
SITE_KIT_01,B01257,ING_PANEER,2026-01-20T07:00:00,receive,24.0,kg,LOT-B01257
SITE_KIT_01,B01258,ING_CURD,2026-01-20T07:00:00,receive,22.0,kg,LOT-B01258
SITE_KIT_01,B01259,ING_MILK,2026-01-20T07:00:00,receive,4.0,kg,LOT-B01259
SITE_KIT_01,B01260,ING_CREAM,2026-01-20T07:00:00,receive,5.0,kg,LOT-B01260
SITE_KIT_01,B01261,ING_BUTTER,2026-01-20T07:00:00,receive,3.0,kg,LOT-B01261
SITE_KIT_01,B01262,ING_BATTER,2026-01-20T07:00:00,receive,17.0,kg,LOT-B01262
SITE_KIT_01,B01220,ING_CHICKEN,2026-01-20T09:00:00,consume,10.062,kg,prep
SITE_KIT_01,B01190,ING_RICE,2026-01-20T09:00:00,consume,21.801,kg,prep
SITE_KIT_01,B01199,ING_ONION,2026-01-20T09:00:00,consume,23.0792,kg,prep
SITE_KIT_01,B01235,ING_TOMATO,2026-01-20T09:00:00,consume,17.3144,kg,prep
SITE_KIT_01,B01225,ING_CURD,2026-01-20T09:00:00,consume,4.1971,kg,prep
SITE_KIT_01,B01258,ING_CURD,2026-01-20T09:00:00,consume,4.0618,kg,prep
SITE_KIT_01,B01127,ING_GINGER,2026-01-20T09:00:00,consume,0.6932,kg,prep
SITE_KIT_01,B01205,ING_GINGER,2026-01-20T09:00:00,consume,0.0124,kg,prep
SITE_KIT_01,B01206,ING_GARLIC,2026-01-20T09:00:00,consume,1.2131,kg,prep
SITE_KIT_01,B01239,ING_GCHILLI,2026-01-20T09:00:00,consume,1.0671,kg,prep
SITE_KIT_01,B01232,ING_MINT,2026-01-20T09:00:00,consume,0.5034,kg,prep
SITE_KIT_01,B01231,ING_CORIANDER,2026-01-20T09:00:00,consume,0.7166,kg,prep
SITE_KIT_01,B01238,ING_CORIANDER,2026-01-20T09:00:00,consume,0.3076,kg,prep
SITE_KIT_01,B01189,ING_GHEE,2026-01-20T09:00:00,consume,2.7729,kg,prep
SITE_KIT_01,B01194,ING_CASHEW,2026-01-20T09:00:00,consume,0.8554,kg,prep
SITE_KIT_01,B01207,ING_CARROT,2026-01-20T09:00:00,consume,2.2183,kg,prep
SITE_KIT_01,B01240,ING_CARROT,2026-01-20T09:00:00,consume,3.0135,kg,prep
SITE_KIT_01,B01216,ING_BEANS,2026-01-20T09:00:00,consume,2.8358,kg,prep
SITE_KIT_01,B01138,ING_BEANS,2026-01-20T09:00:00,consume,0.4335,kg,prep
SITE_KIT_01,B01245,ING_PEAS,2026-01-20T09:00:00,consume,2.444,kg,prep
SITE_KIT_01,B01201,ING_CAULI,2026-01-20T09:00:00,consume,16.825,kg,prep
SITE_KIT_01,B01123,ING_CAULI,2026-01-20T09:00:00,consume,2.9432,kg,prep
SITE_KIT_01,B01236,ING_CAULI,2026-01-20T09:00:00,consume,1.6759,kg,prep
SITE_KIT_01,B01200,ING_POTATO,2026-01-20T09:00:00,consume,11.2413,kg,prep
SITE_KIT_01,B01224,ING_PANEER,2026-01-20T09:00:00,consume,5.508,kg,prep
SITE_KIT_01,B01179,ING_PANEER,2026-01-20T09:00:00,consume,1.133,kg,prep
SITE_KIT_01,B01257,ING_PANEER,2026-01-20T09:00:00,consume,3.148,kg,prep
SITE_KIT_01,B01228,ING_BUTTER,2026-01-20T09:00:00,consume,2.2204,kg,prep
SITE_KIT_01,B01227,ING_CREAM,2026-01-20T09:00:00,consume,0.9664,kg,prep
SITE_KIT_01,B01260,ING_CREAM,2026-01-20T09:00:00,consume,1.0538,kg,prep
SITE_KIT_01,B01208,ING_CAPSICUM,2026-01-20T09:00:00,consume,2.835,kg,prep
SITE_KIT_01,B01076,ING_BESAN,2026-01-20T09:00:00,consume,0.204,kg,prep
SITE_KIT_01,B00670,ING_BESAN,2026-01-20T09:00:00,consume,0.706,kg,prep
SITE_KIT_01,B01193,ING_OIL,2026-01-20T09:00:00,consume,2.171,kg,prep
SITE_KIT_01,B01230,ING_SPINACH,2026-01-20T09:00:00,consume,2.9809,kg,prep
SITE_KIT_01,B01202,ING_SPINACH,2026-01-20T09:00:00,consume,3.7948,kg,prep
SITE_KIT_01,B01191,ING_ATTA,2026-01-20T09:00:00,consume,17.797,kg,prep
SITE_KIT_01,B01226,ING_MILK,2026-01-20T09:00:00,consume,1.573,kg,prep
SITE_KIT_01,B01196,ING_TOORDAL,2026-01-20T09:00:00,consume,4.134,kg,prep
SITE_KIT_01,B01247,ING_CURRYLEAF,2026-01-20T09:00:00,consume,0.3739,kg,prep
SITE_KIT_01,B01221,ING_MUTTON,2026-01-20T09:00:00,consume,3.0,kg,prep
SITE_KIT_01,B01254,ING_MUTTON,2026-01-20T09:00:00,consume,1.42,kg,prep
SITE_KIT_01,B01234,ING_BATTER,2026-01-20T09:00:00,consume,4.568,kg,prep
SITE_KIT_01,B01262,ING_BATTER,2026-01-20T09:00:00,consume,6.456,kg,prep
SITE_KIT_01,B01222,ING_FISH,2026-01-20T09:00:00,consume,3.56,kg,prep
SITE_KIT_01,B01255,ING_FISH,2026-01-20T09:00:00,consume,0.808,kg,prep
SITE_KIT_01,B01195,ING_COCONUT,2026-01-20T09:00:00,consume,1.092,kg,prep
SITE_KIT_01,B01215,ING_LEMON,2026-01-20T09:00:00,consume,0.2793,kg,prep
SITE_KIT_01,B01248,ING_LEMON,2026-01-20T09:00:00,consume,1.2443,kg,prep
SITE_KIT_01,B01218,ING_CUCUMBER,2026-01-20T09:00:00,consume,1.9395,kg,prep
SITE_KIT_01,B01251,ING_CUCUMBER,2026-01-20T09:00:00,consume,1.3018,kg,prep
SITE_KIT_01,B01209,ING_CABBAGE,2026-01-20T09:00:00,consume,2.0672,kg,prep
SITE_KIT_01,B01242,ING_CABBAGE,2026-01-20T09:00:00,consume,0.0383,kg,prep
SITE_KIT_01,B01219,ING_BANANA,2026-01-20T09:00:00,consume,0.847,kg,prep
SITE_KIT_01,B01141,ING_BANANA,2026-01-20T09:00:00,consume,2.5204,kg,prep
SITE_KIT_01,B01223,ING_EGG,2026-01-20T09:00:00,consume,1.9751,kg,prep
SITE_KIT_01,B01256,ING_EGG,2026-01-20T09:00:00,consume,0.0607,kg,prep
SITE_KIT_01,B01210,ING_BRINJAL,2026-01-20T09:00:00,consume,2.8314,kg,prep
SITE_KIT_01,B01211,ING_OKRA,2026-01-20T09:00:00,consume,2.8285,kg,prep
SITE_KIT_01,B01244,ING_OKRA,2026-01-20T09:00:00,consume,0.4425,kg,prep
SITE_KIT_01,B01217,ING_MUSHROOM,2026-01-20T09:00:00,consume,0.6079,kg,prep
SITE_KIT_01,B01172,ING_MUSHROOM,2026-01-20T09:00:00,consume,0.3657,kg,prep
SITE_KIT_01,B01186,ING_CORIANDER,2026-01-20T23:00:00,waste,1.5,kg,spoilage
SITE_KIT_01,B01141,ING_BANANA,2026-01-20T23:00:00,waste,1.7431,kg,spoilage
SITE_KIT_01,B01263,ING_SPINACH,2026-01-21T07:00:00,receive,10.0,kg,LOT-B01263
SITE_KIT_01,B01264,ING_CORIANDER,2026-01-21T07:00:00,receive,1.5,kg,LOT-B01264
SITE_KIT_01,B01265,ING_MINT,2026-01-21T07:00:00,receive,0.75,kg,LOT-B01265
SITE_KIT_01,B01266,ING_CURRYLEAF,2026-01-21T07:00:00,receive,0.885,kg,LOT-B01266
SITE_KIT_01,B01267,ING_BATTER,2026-01-21T07:00:00,receive,16.0,kg,LOT-B01267
SITE_KIT_01,B01253,ING_CHICKEN,2026-01-21T09:00:00,consume,9.594,kg,prep
SITE_KIT_01,B01190,ING_RICE,2026-01-21T09:00:00,consume,19.487,kg,prep
SITE_KIT_01,B01199,ING_ONION,2026-01-21T09:00:00,consume,22.0588,kg,prep
SITE_KIT_01,B01235,ING_TOMATO,2026-01-21T09:00:00,consume,15.3563,kg,prep
SITE_KIT_01,B01258,ING_CURD,2026-01-21T09:00:00,consume,7.93,kg,prep
SITE_KIT_01,B01205,ING_GINGER,2026-01-21T09:00:00,consume,0.6493,kg,prep
SITE_KIT_01,B01206,ING_GARLIC,2026-01-21T09:00:00,consume,1.1092,kg,prep
SITE_KIT_01,B01239,ING_GCHILLI,2026-01-21T09:00:00,consume,1.079,kg,prep
SITE_KIT_01,B01265,ING_MINT,2026-01-21T09:00:00,consume,0.4143,kg,prep
SITE_KIT_01,B01238,ING_CORIANDER,2026-01-21T09:00:00,consume,0.9067,kg,prep
SITE_KIT_01,B01189,ING_GHEE,2026-01-21T09:00:00,consume,2.5155,kg,prep
SITE_KIT_01,B01194,ING_CASHEW,2026-01-21T09:00:00,consume,0.7774,kg,prep
SITE_KIT_01,B01240,ING_CARROT,2026-01-21T09:00:00,consume,4.6255,kg,prep
SITE_KIT_01,B01138,ING_BEANS,2026-01-21T09:00:00,consume,0.4601,kg,prep
SITE_KIT_01,B01249,ING_BEANS,2026-01-21T09:00:00,consume,2.2269,kg,prep
SITE_KIT_01,B01245,ING_PEAS,2026-01-21T09:00:00,consume,2.08,kg,prep
SITE_KIT_01,B01236,ING_CAULI,2026-01-21T09:00:00,consume,19.2948,kg,prep
SITE_KIT_01,B01200,ING_POTATO,2026-01-21T09:00:00,consume,12.9778,kg,prep
SITE_KIT_01,B01257,ING_PANEER,2026-01-21T09:00:00,consume,8.658,kg,prep
SITE_KIT_01,B01228,ING_BUTTER,2026-01-21T09:00:00,consume,2.0644,kg,prep
SITE_KIT_01,B01260,ING_CREAM,2026-01-21T09:00:00,consume,1.794,kg,prep
SITE_KIT_01,B01208,ING_CAPSICUM,2026-01-21T09:00:00,consume,0.0462,kg,prep
SITE_KIT_01,B01241,ING_CAPSICUM,2026-01-21T09:00:00,consume,2.7158,kg,prep
SITE_KIT_01,B00670,ING_BESAN,2026-01-21T09:00:00,consume,0.91,kg,prep
SITE_KIT_01,B01193,ING_OIL,2026-01-21T09:00:00,consume,2.5415,kg,prep
SITE_KIT_01,B01202,ING_SPINACH,2026-01-21T09:00:00,consume,6.1773,kg,prep
SITE_KIT_01,B01191,ING_ATTA,2026-01-21T09:00:00,consume,16.848,kg,prep
SITE_KIT_01,B01226,ING_MILK,2026-01-21T09:00:00,consume,0.372,kg,prep
SITE_KIT_01,B01259,ING_MILK,2026-01-21T09:00:00,consume,1.188,kg,prep
SITE_KIT_01,B01196,ING_TOORDAL,2026-01-21T09:00:00,consume,3.666,kg,prep
SITE_KIT_01,B01247,ING_CURRYLEAF,2026-01-21T09:00:00,consume,0.1261,kg,prep
SITE_KIT_01,B01233,ING_CURRYLEAF,2026-01-21T09:00:00,consume,0.2776,kg,prep
SITE_KIT_01,B01254,ING_MUTTON,2026-01-21T09:00:00,consume,4.42,kg,prep
SITE_KIT_01,B01267,ING_BATTER,2026-01-21T09:00:00,consume,14.976,kg,prep
SITE_KIT_01,B01255,ING_FISH,2026-01-21T09:00:00,consume,3.952,kg,prep
SITE_KIT_01,B01195,ING_COCONUT,2026-01-21T09:00:00,consume,0.988,kg,prep
SITE_KIT_01,B01248,ING_LEMON,2026-01-21T09:00:00,consume,1.5554,kg,prep
SITE_KIT_01,B01251,ING_CUCUMBER,2026-01-21T09:00:00,consume,3.3172,kg,prep
SITE_KIT_01,B01242,ING_CABBAGE,2026-01-21T09:00:00,consume,2.0834,kg,prep
SITE_KIT_01,B01252,ING_BANANA,2026-01-21T09:00:00,consume,3.4239,kg,prep
SITE_KIT_01,B01256,ING_EGG,2026-01-21T09:00:00,consume,2.106,kg,prep
SITE_KIT_01,B01210,ING_BRINJAL,2026-01-21T09:00:00,consume,0.3763,kg,prep
SITE_KIT_01,B01243,ING_BRINJAL,2026-01-21T09:00:00,consume,2.5105,kg,prep
SITE_KIT_01,B01244,ING_OKRA,2026-01-21T09:00:00,consume,3.3879,kg,prep
SITE_KIT_01,B01172,ING_MUSHROOM,2026-01-21T09:00:00,consume,0.3136,kg,prep
SITE_KIT_01,B01250,ING_MUSHROOM,2026-01-21T09:00:00,consume,0.6875,kg,prep
SITE_KIT_01,B01183,ING_BUTTER,2026-01-21T23:00:00,waste,1.233,kg,spoilage
SITE_KIT_01,B01268,ING_TOMATO,2026-01-22T07:00:00,receive,35.025,kg,LOT-B01268
SITE_KIT_01,B01269,ING_ONION,2026-01-22T07:00:00,receive,96.0,kg,LOT-B01269
SITE_KIT_01,B01270,ING_POTATO,2026-01-22T07:00:00,receive,52.0,kg,LOT-B01270
SITE_KIT_01,B01271,ING_CAULI,2026-01-22T07:00:00,receive,39.0,kg,LOT-B01271
SITE_KIT_01,B01272,ING_SPINACH,2026-01-22T07:00:00,receive,8.0,kg,LOT-B01272
SITE_KIT_01,B01273,ING_CORIANDER,2026-01-22T07:00:00,receive,1.25,kg,LOT-B01273
SITE_KIT_01,B01274,ING_GCHILLI,2026-01-22T07:00:00,receive,2.0,kg,LOT-B01274
SITE_KIT_01,B01275,ING_GINGER,2026-01-22T07:00:00,receive,2.0,kg,LOT-B01275
SITE_KIT_01,B01276,ING_GARLIC,2026-01-22T07:00:00,receive,4.0,kg,LOT-B01276
SITE_KIT_01,B01277,ING_CARROT,2026-01-22T07:00:00,receive,10.0,kg,LOT-B01277
SITE_KIT_01,B01278,ING_CAPSICUM,2026-01-22T07:00:00,receive,6.0,kg,LOT-B01278
SITE_KIT_01,B01279,ING_CABBAGE,2026-01-22T07:00:00,receive,4.0,kg,LOT-B01279
SITE_KIT_01,B01280,ING_BRINJAL,2026-01-22T07:00:00,receive,5.0,kg,LOT-B01280
SITE_KIT_01,B01281,ING_OKRA,2026-01-22T07:00:00,receive,5.364,kg,LOT-B01281
SITE_KIT_01,B01282,ING_PEAS,2026-01-22T07:00:00,receive,2.0,kg,LOT-B01282
SITE_KIT_01,B01283,ING_MINT,2026-01-22T07:00:00,receive,0.75,kg,LOT-B01283
SITE_KIT_01,B01284,ING_CURRYLEAF,2026-01-22T07:00:00,receive,0.5,kg,LOT-B01284
SITE_KIT_01,B01285,ING_LEMON,2026-01-22T07:00:00,receive,4.794,kg,LOT-B01285
SITE_KIT_01,B01286,ING_BEANS,2026-01-22T07:00:00,receive,5.431,kg,LOT-B01286
SITE_KIT_01,B01287,ING_MUSHROOM,2026-01-22T07:00:00,receive,2.0,kg,LOT-B01287
SITE_KIT_01,B01288,ING_CUCUMBER,2026-01-22T07:00:00,receive,6.0,kg,LOT-B01288
SITE_KIT_01,B01289,ING_BANANA,2026-01-22T07:00:00,receive,7.076,kg,LOT-B01289
SITE_KIT_01,B01290,ING_CHICKEN,2026-01-22T07:00:00,receive,18.0,kg,LOT-B01290
SITE_KIT_01,B01291,ING_MUTTON,2026-01-22T07:00:00,receive,3.0,kg,LOT-B01291
SITE_KIT_01,B01292,ING_FISH,2026-01-22T07:00:00,receive,13.0,kg,LOT-B01292
SITE_KIT_01,B01293,ING_EGG,2026-01-22T07:00:00,receive,2.0,kg,LOT-B01293
SITE_KIT_01,B01294,ING_PANEER,2026-01-22T07:00:00,receive,19.0,kg,LOT-B01294
SITE_KIT_01,B01295,ING_CURD,2026-01-22T07:00:00,receive,17.0,kg,LOT-B01295
SITE_KIT_01,B01296,ING_MILK,2026-01-22T07:00:00,receive,3.0,kg,LOT-B01296
SITE_KIT_01,B01297,ING_CREAM,2026-01-22T07:00:00,receive,4.0,kg,LOT-B01297
SITE_KIT_01,B01298,ING_BUTTER,2026-01-22T07:00:00,receive,4.0,kg,LOT-B01298
SITE_KIT_01,B01299,ING_BATTER,2026-01-22T07:00:00,receive,14.0,kg,LOT-B01299
SITE_KIT_01,B01290,ING_CHICKEN,2026-01-22T09:00:00,consume,11.466,kg,prep
SITE_KIT_01,B01190,ING_RICE,2026-01-22T09:00:00,consume,23.816,kg,prep
SITE_KIT_01,B01199,ING_ONION,2026-01-22T09:00:00,consume,26.2885,kg,prep
SITE_KIT_01,B01235,ING_TOMATO,2026-01-22T09:00:00,consume,7.3292,kg,prep
SITE_KIT_01,B01268,ING_TOMATO,2026-01-22T09:00:00,consume,11.8559,kg,prep
SITE_KIT_01,B01258,ING_CURD,2026-01-22T09:00:00,consume,9.4588,kg,prep
SITE_KIT_01,B01275,ING_GINGER,2026-01-22T09:00:00,consume,0.8163,kg,prep
SITE_KIT_01,B01206,ING_GARLIC,2026-01-22T09:00:00,consume,1.398,kg,prep
SITE_KIT_01,B01239,ING_GCHILLI,2026-01-22T09:00:00,consume,0.854,kg,prep
SITE_KIT_01,B01274,ING_GCHILLI,2026-01-22T09:00:00,consume,0.3757,kg,prep
SITE_KIT_01,B01265,ING_MINT,2026-01-22T09:00:00,consume,0.3357,kg,prep
SITE_KIT_01,B01232,ING_MINT,2026-01-22T09:00:00,consume,0.1719,kg,prep
SITE_KIT_01,B01238,ING_CORIANDER,2026-01-22T09:00:00,consume,0.2857,kg,prep
SITE_KIT_01,B01264,ING_CORIANDER,2026-01-22T09:00:00,consume,0.7796,kg,prep
SITE_KIT_01,B01189,ING_GHEE,2026-01-22T09:00:00,consume,3.1005,kg,prep
SITE_KIT_01,B01194,ING_CASHEW,2026-01-22T09:00:00,consume,0.9958,kg,prep
SITE_KIT_01,B01240,ING_CARROT,2026-01-22T09:00:00,consume,5.6731,kg,prep
SITE_KIT_01,B01249,ING_BEANS,2026-01-22T09:00:00,consume,3.4027,kg,prep
SITE_KIT_01,B01245,ING_PEAS,2026-01-22T09:00:00,consume,2.548,kg,prep
SITE_KIT_01,B01236,ING_CAULI,2026-01-22T09:00:00,consume,23.8098,kg,prep
SITE_KIT_01,B01270,ING_POTATO,2026-01-22T09:00:00,consume,13.5073,kg,prep
SITE_KIT_01,B01257,ING_PANEER,2026-01-22T09:00:00,consume,11.349,kg,prep
SITE_KIT_01,B01228,ING_BUTTER,2026-01-22T09:00:00,consume,0.3202,kg,prep
SITE_KIT_01,B01298,ING_BUTTER,2026-01-22T09:00:00,consume,2.3097,kg,prep
SITE_KIT_01,B01260,ING_CREAM,2026-01-22T09:00:00,consume,2.1522,kg,prep
SITE_KIT_01,B01182,ING_CREAM,2026-01-22T09:00:00,consume,0.1826,kg,prep
SITE_KIT_01,B01241,ING_CAPSICUM,2026-01-22T09:00:00,consume,3.3084,kg,prep
SITE_KIT_01,B00670,ING_BESAN,2026-01-22T09:00:00,consume,0.674,kg,prep
SITE_KIT_01,B01192,ING_BESAN,2026-01-22T09:00:00,consume,0.418,kg,prep
SITE_KIT_01,B01193,ING_OIL,2026-01-22T09:00:00,consume,2.73,kg,prep
SITE_KIT_01,B01272,ING_SPINACH,2026-01-22T09:00:00,consume,7.4231,kg,prep
SITE_KIT_01,B01191,ING_ATTA,2026-01-22T09:00:00,consume,22.035,kg,prep
SITE_KIT_01,B01296,ING_MILK,2026-01-22T09:00:00,consume,1.911,kg,prep
SITE_KIT_01,B01196,ING_TOORDAL,2026-01-22T09:00:00,consume,4.68,kg,prep
SITE_KIT_01,B01284,ING_CURRYLEAF,2026-01-22T09:00:00,consume,0.4382,kg,prep
SITE_KIT_01,B01254,ING_MUTTON,2026-01-22T09:00:00,consume,5.46,kg,prep
SITE_KIT_01,B01267,ING_BATTER,2026-01-22T09:00:00,consume,1.024,kg,prep
SITE_KIT_01,B01299,ING_BATTER,2026-01-22T09:00:00,consume,13.536,kg,prep
SITE_KIT_01,B01292,ING_FISH,2026-01-22T09:00:00,consume,4.784,kg,prep
SITE_KIT_01,B01195,ING_COCONUT,2026-01-22T09:00:00,consume,1.196,kg,prep
SITE_KIT_01,B01248,ING_LEMON,2026-01-22T09:00:00,consume,1.7076,kg,prep
SITE_KIT_01,B01251,ING_CUCUMBER,2026-01-22T09:00:00,consume,3.8263,kg,prep
SITE_KIT_01,B01279,ING_CABBAGE,2026-01-22T09:00:00,consume,2.509,kg,prep
SITE_KIT_01,B01252,ING_BANANA,2026-01-22T09:00:00,consume,3.9564,kg,prep
SITE_KIT_01,B01293,ING_EGG,2026-01-22T09:00:00,consume,2.0,kg,prep
SITE_KIT_01,B01256,ING_EGG,2026-01-22T09:00:00,consume,0.457,kg,prep
SITE_KIT_01,B01243,ING_BRINJAL,2026-01-22T09:00:00,consume,3.3929,kg,prep
SITE_KIT_01,B01244,ING_OKRA,2026-01-22T09:00:00,consume,3.9066,kg,prep
SITE_KIT_01,B01250,ING_MUSHROOM,2026-01-22T09:00:00,consume,1.1493,kg,prep
SITE_KIT_01,B00973,ING_ONION,2026-01-22T23:00:00,waste,6.3481,kg,spoilage
SITE_KIT_01,B01202,ING_SPINACH,2026-01-22T23:00:00,waste,1.593,kg,spoilage
SITE_KIT_01,B01232,ING_MINT,2026-01-22T23:00:00,waste,0.0747,kg,spoilage
SITE_KIT_01,B01233,ING_CURRYLEAF,2026-01-22T23:00:00,waste,0.4249,kg,spoilage
SITE_KIT_01,B01170,ING_LEMON,2026-01-22T23:00:00,waste,7.9038,kg,spoilage
SITE_KIT_01,B01182,ING_CREAM,2026-01-22T23:00:00,waste,0.6796,kg,spoilage
SITE_KIT_01,B01262,ING_BATTER,2026-01-22T23:00:00,waste,10.544,kg,spoilage
SITE_KIT_01,B01300,ING_SPINACH,2026-01-23T07:00:00,receive,9.0,kg,LOT-B01300
SITE_KIT_01,B01301,ING_CORIANDER,2026-01-23T07:00:00,receive,1.347,kg,LOT-B01301
SITE_KIT_01,B01302,ING_MINT,2026-01-23T07:00:00,receive,1.0,kg,LOT-B01302
SITE_KIT_01,B01303,ING_CURRYLEAF,2026-01-23T07:00:00,receive,0.5,kg,LOT-B01303
SITE_KIT_01,B01304,ING_BATTER,2026-01-23T07:00:00,receive,16.0,kg,LOT-B01304
SITE_KIT_01,B01290,ING_CHICKEN,2026-01-23T09:00:00,consume,6.534,kg,prep
SITE_KIT_01,B01253,ING_CHICKEN,2026-01-23T09:00:00,consume,12.654,kg,prep
SITE_KIT_01,B01190,ING_RICE,2026-01-23T09:00:00,consume,33.67,kg,prep
SITE_KIT_01,B01199,ING_ONION,2026-01-23T09:00:00,consume,18.0229,kg,prep
SITE_KIT_01,B01269,ING_ONION,2026-01-23T09:00:00,consume,17.5388,kg,prep
SITE_KIT_01,B01268,ING_TOMATO,2026-01-23T09:00:00,consume,23.1691,kg,prep
SITE_KIT_01,B01198,ING_TOMATO,2026-01-23T09:00:00,consume,2.724,kg,prep
SITE_KIT_01,B01258,ING_CURD,2026-01-23T09:00:00,consume,0.5494,kg,prep
SITE_KIT_01,B01295,ING_CURD,2026-01-23T09:00:00,consume,12.5403,kg,prep
SITE_KIT_01,B01275,ING_GINGER,2026-01-23T09:00:00,consume,1.1837,kg,prep
SITE_KIT_01,B01205,ING_GINGER,2026-01-23T09:00:00,consume,0.0378,kg,prep
SITE_KIT_01,B01206,ING_GARLIC,2026-01-23T09:00:00,consume,1.9059,kg,prep
SITE_KIT_01,B01274,ING_GCHILLI,2026-01-23T09:00:00,consume,1.6243,kg,prep
SITE_KIT_01,B01204,ING_GCHILLI,2026-01-23T09:00:00,consume,0.0243,kg,prep
SITE_KIT_01,B01246,ING_MINT,2026-01-23T09:00:00,consume,0.7407,kg,prep
SITE_KIT_01,B01264,ING_CORIANDER,2026-01-23T09:00:00,consume,0.7204,kg,prep
SITE_KIT_01,B01273,ING_CORIANDER,2026-01-23T09:00:00,consume,0.823,kg,prep
SITE_KIT_01,B01189,ING_GHEE,2026-01-23T09:00:00,consume,4.4122,kg,prep
SITE_KIT_01,B01194,ING_CASHEW,2026-01-23T09:00:00,consume,1.378,kg,prep
SITE_KIT_01,B01240,ING_CARROT,2026-01-23T09:00:00,consume,0.6879,kg,prep
SITE_KIT_01,B01277,ING_CARROT,2026-01-23T09:00:00,consume,6.3057,kg,prep
SITE_KIT_01,B01249,ING_BEANS,2026-01-23T09:00:00,consume,1.3704,kg,prep
SITE_KIT_01,B01286,ING_BEANS,2026-01-23T09:00:00,consume,2.7259,kg,prep
SITE_KIT_01,B01245,ING_PEAS,2026-01-23T09:00:00,consume,2.928,kg,prep
SITE_KIT_01,B01282,ING_PEAS,2026-01-23T09:00:00,consume,0.27,kg,prep
SITE_KIT_01,B01236,ING_CAULI,2026-01-23T09:00:00,consume,8.2195,kg,prep
SITE_KIT_01,B01271,ING_CAULI,2026-01-23T09:00:00,consume,23.79,kg,prep
SITE_KIT_01,B01270,ING_POTATO,2026-01-23T09:00:00,consume,13.6305,kg,prep
SITE_KIT_01,B01257,ING_PANEER,2026-01-23T09:00:00,consume,0.845,kg,prep
SITE_KIT_01,B01294,ING_PANEER,2026-01-23T09:00:00,consume,13.13,kg,prep
SITE_KIT_01,B01298,ING_BUTTER,2026-01-23T09:00:00,consume,1.6903,kg,prep
SITE_KIT_01,B01261,ING_BUTTER,2026-01-23T09:00:00,consume,1.6364,kg,prep
SITE_KIT_01,B01297,ING_CREAM,2026-01-23T09:00:00,consume,2.86,kg,prep
SITE_KIT_01,B01241,ING_CAPSICUM,2026-01-23T09:00:00,consume,0.9758,kg,prep
SITE_KIT_01,B01278,ING_CAPSICUM,2026-01-23T09:00:00,consume,3.1795,kg,prep
SITE_KIT_01,B01192,ING_BESAN,2026-01-23T09:00:00,consume,1.43,kg,prep
SITE_KIT_01,B01193,ING_OIL,2026-01-23T09:00:00,consume,3.0745,kg,prep
SITE_KIT_01,B01272,ING_SPINACH,2026-01-23T09:00:00,consume,0.5769,kg,prep
SITE_KIT_01,B01300,ING_SPINACH,2026-01-23T09:00:00,consume,9.0,kg,prep
SITE_KIT_01,B01237,ING_SPINACH,2026-01-23T09:00:00,consume,0.341,kg,prep
SITE_KIT_01,B01191,ING_ATTA,2026-01-23T09:00:00,consume,26.689,kg,prep
SITE_KIT_01,B01296,ING_MILK,2026-01-23T09:00:00,consume,1.089,kg,prep
SITE_KIT_01,B01259,ING_MILK,2026-01-23T09:00:00,consume,1.42,kg,prep
SITE_KIT_01,B01196,ING_TOORDAL,2026-01-23T09:00:00,consume,5.928,kg,prep
SITE_KIT_01,B01284,ING_CURRYLEAF,2026-01-23T09:00:00,consume,0.0618,kg,prep
SITE_KIT_01,B01266,ING_CURRYLEAF,2026-01-23T09:00:00,consume,0.444,kg,prep
SITE_KIT_01,B01254,ING_MUTTON,2026-01-23T09:00:00,consume,8.84,kg,prep
SITE_KIT_01,B01299,ING_BATTER,2026-01-23T09:00:00,consume,0.464,kg,prep
SITE_KIT_01,B01304,ING_BATTER,2026-01-23T09:00:00,consume,13.264,kg,prep
SITE_KIT_01,B01292,ING_FISH,2026-01-23T09:00:00,consume,6.864,kg,prep
SITE_KIT_01,B01195,ING_COCONUT,2026-01-23T09:00:00,consume,1.716,kg,prep
SITE_KIT_01,B01248,ING_LEMON,2026-01-23T09:00:00,consume,0.4927,kg,prep
SITE_KIT_01,B01285,ING_LEMON,2026-01-23T09:00:00,consume,1.8128,kg,prep
SITE_KIT_01,B01251,ING_CUCUMBER,2026-01-23T09:00:00,consume,0.5547,kg,prep
SITE_KIT_01,B01288,ING_CUCUMBER,2026-01-23T09:00:00,consume,4.2149,kg,prep
SITE_KIT_01,B01279,ING_CABBAGE,2026-01-23T09:00:00,consume,1.491,kg,prep
SITE_KIT_01,B01242,ING_CABBAGE,2026-01-23T09:00:00,consume,1.6326,kg,prep
SITE_KIT_01,B01252,ING_BANANA,2026-01-23T09:00:00,consume,1.0576,kg,prep
SITE_KIT_01,B01289,ING_BANANA,2026-01-23T09:00:00,consume,3.9705,kg,prep
SITE_KIT_01,B01256,ING_EGG,2026-01-23T09:00:00,consume,3.0771,kg,prep
SITE_KIT_01,B01243,ING_BRINJAL,2026-01-23T09:00:00,consume,2.0965,kg,prep
SITE_KIT_01,B01280,ING_BRINJAL,2026-01-23T09:00:00,consume,2.0752,kg,prep
SITE_KIT_01,B01244,ING_OKRA,2026-01-23T09:00:00,consume,0.1501,kg,prep
SITE_KIT_01,B01166,ING_OKRA,2026-01-23T09:00:00,consume,0.9956,kg,prep
SITE_KIT_01,B01281,ING_OKRA,2026-01-23T09:00:00,consume,3.7316,kg,prep
SITE_KIT_01,B01250,ING_MUSHROOM,2026-01-23T09:00:00,consume,1.1632,kg,prep
SITE_KIT_01,B01287,ING_MUSHROOM,2026-01-23T09:00:00,consume,0.2736,kg,prep
SITE_KIT_01,B01246,ING_MINT,2026-01-23T23:00:00,waste,0.0093,kg,spoilage
SITE_KIT_01,B01173,ING_CUCUMBER,2026-01-23T23:00:00,waste,1.2682,kg,spoilage
SITE_KIT_01,B01305,ING_TOMATO,2026-01-24T07:00:00,receive,45.0,kg,LOT-B01305
SITE_KIT_01,B01306,ING_CAULI,2026-01-24T07:00:00,receive,50.0,kg,LOT-B01306
SITE_KIT_01,B01307,ING_SPINACH,2026-01-24T07:00:00,receive,14.0,kg,LOT-B01307
SITE_KIT_01,B01308,ING_CORIANDER,2026-01-24T07:00:00,receive,2.0,kg,LOT-B01308
SITE_KIT_01,B01309,ING_GCHILLI,2026-01-24T07:00:00,receive,2.741,kg,LOT-B01309
SITE_KIT_01,B01310,ING_CARROT,2026-01-24T07:00:00,receive,10.817,kg,LOT-B01310
SITE_KIT_01,B01311,ING_CAPSICUM,2026-01-24T07:00:00,receive,7.0,kg,LOT-B01311
SITE_KIT_01,B01312,ING_CABBAGE,2026-01-24T07:00:00,receive,10.0,kg,LOT-B01312
SITE_KIT_01,B01313,ING_BRINJAL,2026-01-24T07:00:00,receive,7.0,kg,LOT-B01313
SITE_KIT_01,B01314,ING_OKRA,2026-01-24T07:00:00,receive,10.0,kg,LOT-B01314
SITE_KIT_01,B01315,ING_PEAS,2026-01-24T07:00:00,receive,5.0,kg,LOT-B01315
SITE_KIT_01,B01316,ING_MINT,2026-01-24T07:00:00,receive,0.75,kg,LOT-B01316
SITE_KIT_01,B01317,ING_CURRYLEAF,2026-01-24T07:00:00,receive,0.5,kg,LOT-B01317
SITE_KIT_01,B01318,ING_LEMON,2026-01-24T07:00:00,receive,5.0,kg,LOT-B01318
SITE_KIT_01,B01319,ING_BEANS,2026-01-24T07:00:00,receive,7.259,kg,LOT-B01319
SITE_KIT_01,B01320,ING_MUSHROOM,2026-01-24T07:00:00,receive,2.0,kg,LOT-B01320
SITE_KIT_01,B01321,ING_CUCUMBER,2026-01-24T07:00:00,receive,9.0,kg,LOT-B01321
SITE_KIT_01,B01322,ING_BANANA,2026-01-24T07:00:00,receive,9.0,kg,LOT-B01322
SITE_KIT_01,B01323,ING_CHICKEN,2026-01-24T07:00:00,receive,27.0,kg,LOT-B01323
SITE_KIT_01,B01324,ING_MUTTON,2026-01-24T07:00:00,receive,12.0,kg,LOT-B01324
SITE_KIT_01,B01325,ING_FISH,2026-01-24T07:00:00,receive,7.0,kg,LOT-B01325
SITE_KIT_01,B01326,ING_EGG,2026-01-24T07:00:00,receive,5.0,kg,LOT-B01326
SITE_KIT_01,B01327,ING_PANEER,2026-01-24T07:00:00,receive,23.0,kg,LOT-B01327
SITE_KIT_01,B01328,ING_CURD,2026-01-24T07:00:00,receive,20.0,kg,LOT-B01328
SITE_KIT_01,B01329,ING_MILK,2026-01-24T07:00:00,receive,4.0,kg,LOT-B01329
SITE_KIT_01,B01330,ING_CREAM,2026-01-24T07:00:00,receive,5.0,kg,LOT-B01330
SITE_KIT_01,B01331,ING_BUTTER,2026-01-24T07:00:00,receive,6.0,kg,LOT-B01331
SITE_KIT_01,B01332,ING_GHEE,2026-01-24T07:00:00,receive,25.0,kg,LOT-B01332
SITE_KIT_01,B01333,ING_RICE,2026-01-24T07:00:00,receive,190.0,kg,LOT-B01333
SITE_KIT_01,B01334,ING_ATTA,2026-01-24T07:00:00,receive,145.0,kg,LOT-B01334
SITE_KIT_01,B01335,ING_BESAN,2026-01-24T07:00:00,receive,10.0,kg,LOT-B01335
SITE_KIT_01,B01336,ING_OIL,2026-01-24T07:00:00,receive,20.0,kg,LOT-B01336
SITE_KIT_01,B01337,ING_CASHEW,2026-01-24T07:00:00,receive,10.0,kg,LOT-B01337
SITE_KIT_01,B01338,ING_COCONUT,2026-01-24T07:00:00,receive,10.0,kg,LOT-B01338
SITE_KIT_01,B01339,ING_TOORDAL,2026-01-24T07:00:00,receive,35.0,kg,LOT-B01339
SITE_KIT_01,B01340,ING_BATTER,2026-01-24T07:00:00,receive,15.0,kg,LOT-B01340
SITE_KIT_01,B01253,ING_CHICKEN,2026-01-24T09:00:00,consume,1.752,kg,prep
SITE_KIT_01,B01323,ING_CHICKEN,2026-01-24T09:00:00,consume,16.5,kg,prep
SITE_KIT_01,B01190,ING_RICE,2026-01-24T09:00:00,consume,4.048,kg,prep
SITE_KIT_01,B01074,ING_RICE,2026-01-24T09:00:00,consume,21.908,kg,prep
SITE_KIT_01,B01333,ING_RICE,2026-01-24T09:00:00,consume,10.002,kg,prep
SITE_KIT_01,B01269,ING_ONION,2026-01-24T09:00:00,consume,37.4967,kg,prep
SITE_KIT_01,B01198,ING_TOMATO,2026-01-24T09:00:00,consume,12.1385,kg,prep
SITE_KIT_01,B01305,ING_TOMATO,2026-01-24T09:00:00,consume,16.0952,kg,prep
SITE_KIT_01,B01295,ING_CURD,2026-01-24T09:00:00,consume,4.4597,kg,prep
SITE_KIT_01,B01328,ING_CURD,2026-01-24T09:00:00,consume,9.0499,kg,prep
SITE_KIT_01,B01205,ING_GINGER,2026-01-24T09:00:00,consume,1.262,kg,prep
SITE_KIT_01,B01206,ING_GARLIC,2026-01-24T09:00:00,consume,0.2499,kg,prep
SITE_KIT_01,B01276,ING_GARLIC,2026-01-24T09:00:00,consume,1.8427,kg,prep
SITE_KIT_01,B01204,ING_GCHILLI,2026-01-24T09:00:00,consume,1.286,kg,prep
SITE_KIT_01,B01309,ING_GCHILLI,2026-01-24T09:00:00,consume,0.4742,kg,prep
SITE_KIT_01,B01283,ING_MINT,2026-01-24T09:00:00,consume,0.7466,kg,prep
SITE_KIT_01,B01273,ING_CORIANDER,2026-01-24T09:00:00,consume,0.427,kg,prep
SITE_KIT_01,B01301,ING_CORIANDER,2026-01-24T09:00:00,consume,1.1882,kg,prep
SITE_KIT_01,B01189,ING_GHEE,2026-01-24T09:00:00,consume,4.7528,kg,prep
SITE_KIT_01,B01337,ING_CASHEW,2026-01-24T09:00:00,consume,1.4404,kg,prep
SITE_KIT_01,B01277,ING_CARROT,2026-01-24T09:00:00,consume,3.6943,kg,prep
SITE_KIT_01,B01310,ING_CARROT,2026-01-24T09:00:00,consume,4.3711,kg,prep
SITE_KIT_01,B01319,ING_BEANS,2026-01-24T09:00:00,consume,4.9463,kg,prep
SITE_KIT_01,B01282,ING_PEAS,2026-01-24T09:00:00,consume,1.73,kg,prep
SITE_KIT_01,B01212,ING_PEAS,2026-01-24T09:00:00,consume,1.794,kg,prep
SITE_KIT_01,B01315,ING_PEAS,2026-01-24T09:00:00,consume,0.194,kg,prep
SITE_KIT_01,B01271,ING_CAULI,2026-01-24T09:00:00,consume,15.21,kg,prep
SITE_KIT_01,B01306,ING_CAULI,2026-01-24T09:00:00,consume,18.4598,kg,prep
SITE_KIT_01,B01270,ING_POTATO,2026-01-24T09:00:00,consume,15.9849,kg,prep
SITE_KIT_01,B01327,ING_PANEER,2026-01-24T09:00:00,consume,15.808,kg,prep
SITE_KIT_01,B01261,ING_BUTTER,2026-01-24T09:00:00,consume,1.3636,kg,prep
SITE_KIT_01,B01331,ING_BUTTER,2026-01-24T09:00:00,consume,2.0528,kg,prep
SITE_KIT_01,B01330,ING_CREAM,2026-01-24T09:00:00,consume,3.2864,kg,prep
SITE_KIT_01,B01278,ING_CAPSICUM,2026-01-24T09:00:00,consume,2.8205,kg,prep
SITE_KIT_01,B01311,ING_CAPSICUM,2026-01-24T09:00:00,consume,1.9837,kg,prep
SITE_KIT_01,B01192,ING_BESAN,2026-01-24T09:00:00,consume,1.56,kg,prep
SITE_KIT_01,B01193,ING_OIL,2026-01-24T09:00:00,consume,3.393,kg,prep
SITE_KIT_01,B01307,ING_SPINACH,2026-01-24T09:00:00,consume,11.3409,kg,prep
SITE_KIT_01,B01191,ING_ATTA,2026-01-24T09:00:00,consume,26.13,kg,prep
SITE_KIT_01,B01259,ING_MILK,2026-01-24T09:00:00,consume,1.392,kg,prep
SITE_KIT_01,B01329,ING_MILK,2026-01-24T09:00:00,consume,0.87,kg,prep
SITE_KIT_01,B01339,ING_TOORDAL,2026-01-24T09:00:00,consume,6.63,kg,prep
SITE_KIT_01,B01266,ING_CURRYLEAF,2026-01-24T09:00:00,consume,0.441,kg,prep
SITE_KIT_01,B01303,ING_CURRYLEAF,2026-01-24T09:00:00,consume,0.1349,kg,prep
SITE_KIT_01,B01254,ING_MUTTON,2026-01-24T09:00:00,consume,0.86,kg,prep
SITE_KIT_01,B01324,ING_MUTTON,2026-01-24T09:00:00,consume,9.02,kg,prep
SITE_KIT_01,B01304,ING_BATTER,2026-01-24T09:00:00,consume,2.736,kg,prep
SITE_KIT_01,B01340,ING_BATTER,2026-01-24T09:00:00,consume,12.656,kg,prep
SITE_KIT_01,B01292,ING_FISH,2026-01-24T09:00:00,consume,1.352,kg,prep
SITE_KIT_01,B01325,ING_FISH,2026-01-24T09:00:00,consume,6.344,kg,prep
SITE_KIT_01,B01195,ING_COCONUT,2026-01-24T09:00:00,consume,0.224,kg,prep
SITE_KIT_01,B01338,ING_COCONUT,2026-01-24T09:00:00,consume,1.7,kg,prep
SITE_KIT_01,B01285,ING_LEMON,2026-01-24T09:00:00,consume,2.4411,kg,prep
SITE_KIT_01,B01288,ING_CUCUMBER,2026-01-24T09:00:00,consume,1.7851,kg,prep
SITE_KIT_01,B01321,ING_CUCUMBER,2026-01-24T09:00:00,consume,3.3881,kg,prep
SITE_KIT_01,B01312,ING_CABBAGE,2026-01-24T09:00:00,consume,3.4441,kg,prep
SITE_KIT_01,B01289,ING_BANANA,2026-01-24T09:00:00,consume,3.1055,kg,prep
SITE_KIT_01,B01322,ING_BANANA,2026-01-24T09:00:00,consume,2.5806,kg,prep
SITE_KIT_01,B01256,ING_EGG,2026-01-24T09:00:00,consume,2.2992,kg,prep
SITE_KIT_01,B01326,ING_EGG,2026-01-24T09:00:00,consume,1.0704,kg,prep
SITE_KIT_01,B01280,ING_BRINJAL,2026-01-24T09:00:00,consume,2.9248,kg,prep
SITE_KIT_01,B01313,ING_BRINJAL,2026-01-24T09:00:00,consume,1.7728,kg,prep
SITE_KIT_01,B01281,ING_OKRA,2026-01-24T09:00:00,consume,1.6324,kg,prep
SITE_KIT_01,B01314,ING_OKRA,2026-01-24T09:00:00,consume,3.8171,kg,prep
SITE_KIT_01,B01320,ING_MUSHROOM,2026-01-24T09:00:00,consume,1.5828,kg,prep
SITE_KIT_01,B01237,ING_SPINACH,2026-01-24T23:00:00,waste,7.623,kg,spoilage
SITE_KIT_01,B01341,ING_SPINACH,2026-01-25T07:00:00,receive,9.0,kg,LOT-B01341
SITE_KIT_01,B01342,ING_CORIANDER,2026-01-25T07:00:00,receive,1.25,kg,LOT-B01342
SITE_KIT_01,B01343,ING_MINT,2026-01-25T07:00:00,receive,0.75,kg,LOT-B01343
SITE_KIT_01,B01344,ING_CURRYLEAF,2026-01-25T07:00:00,receive,1.0,kg,LOT-B01344
SITE_KIT_01,B01345,ING_BATTER,2026-01-25T07:00:00,receive,17.0,kg,LOT-B01345
SITE_KIT_01,B01323,ING_CHICKEN,2026-01-25T09:00:00,consume,10.5,kg,prep
SITE_KIT_01,B01333,ING_RICE,2026-01-25T09:00:00,consume,31.772,kg,prep
SITE_KIT_01,B01269,ING_ONION,2026-01-25T09:00:00,consume,34.7046,kg,prep
SITE_KIT_01,B01305,ING_TOMATO,2026-01-25T09:00:00,consume,25.914,kg,prep
SITE_KIT_01,B01328,ING_CURD,2026-01-25T09:00:00,consume,10.9501,kg,prep
SITE_KIT_01,B01205,ING_GINGER,2026-01-25T09:00:00,consume,1.1477,kg,prep
SITE_KIT_01,B01276,ING_GARLIC,2026-01-25T09:00:00,consume,1.8786,kg,prep
SITE_KIT_01,B01309,ING_GCHILLI,2026-01-25T09:00:00,consume,1.6508,kg,prep
SITE_KIT_01,B01343,ING_MINT,2026-01-25T09:00:00,consume,0.6749,kg,prep
SITE_KIT_01,B01342,ING_CORIANDER,2026-01-25T09:00:00,consume,1.25,kg,prep
SITE_KIT_01,B01301,ING_CORIANDER,2026-01-25T09:00:00,consume,0.1588,kg,prep
SITE_KIT_01,B01308,ING_CORIANDER,2026-01-25T09:00:00,consume,0.0275,kg,prep
SITE_KIT_01,B01189,ING_GHEE,2026-01-25T09:00:00,consume,2.5125,kg,prep
SITE_KIT_01,B01332,ING_GHEE,2026-01-25T09:00:00,consume,1.7281,kg,prep
SITE_KIT_01,B01337,ING_CASHEW,2026-01-25T09:00:00,consume,1.2844,kg,prep
SITE_KIT_01,B01310,ING_CARROT,2026-01-25T09:00:00,consume,6.4459,kg,prep
SITE_KIT_01,B01319,ING_BEANS,2026-01-25T09:00:00,consume,2.3127,kg,prep
SITE_KIT_01,B01286,ING_BEANS,2026-01-25T09:00:00,consume,2.0058,kg,prep
SITE_KIT_01,B01315,ING_PEAS,2026-01-25T09:00:00,consume,3.328,kg,prep
SITE_KIT_01,B01306,ING_CAULI,2026-01-25T09:00:00,consume,31.5402,kg,prep
SITE_KIT_01,B01270,ING_POTATO,2026-01-25T09:00:00,consume,8.8772,kg,prep
SITE_KIT_01,B01200,ING_POTATO,2026-01-25T09:00:00,consume,7.9537,kg,prep
SITE_KIT_01,B01327,ING_PANEER,2026-01-25T09:00:00,consume,7.192,kg,prep
SITE_KIT_01,B01294,ING_PANEER,2026-01-25T09:00:00,consume,5.87,kg,prep
SITE_KIT_01,B01331,ING_BUTTER,2026-01-25T09:00:00,consume,3.1382,kg,prep
SITE_KIT_01,B01330,ING_CREAM,2026-01-25T09:00:00,consume,1.7136,kg,prep
SITE_KIT_01,B01297,ING_CREAM,2026-01-25T09:00:00,consume,1.14,kg,prep
SITE_KIT_01,B01311,ING_CAPSICUM,2026-01-25T09:00:00,consume,4.3237,kg,prep
SITE_KIT_01,B01192,ING_BESAN,2026-01-25T09:00:00,consume,1.43,kg,prep
SITE_KIT_01,B01193,ING_OIL,2026-01-25T09:00:00,consume,2.608,kg,prep
SITE_KIT_01,B01336,ING_OIL,2026-01-25T09:00:00,consume,0.837,kg,prep
SITE_KIT_01,B01307,ING_SPINACH,2026-01-25T09:00:00,consume,2.6591,kg,prep
SITE_KIT_01,B01341,ING_SPINACH,2026-01-25T09:00:00,consume,7.0343,kg,prep
SITE_KIT_01,B01191,ING_ATTA,2026-01-25T09:00:00,consume,6.771,kg,prep
SITE_KIT_01,B01334,ING_ATTA,2026-01-25T09:00:00,consume,18.709,kg,prep
SITE_KIT_01,B01329,ING_MILK,2026-01-25T09:00:00,consume,2.08,kg,prep
SITE_KIT_01,B01339,ING_TOORDAL,2026-01-25T09:00:00,consume,6.162,kg,prep
SITE_KIT_01,B01344,ING_CURRYLEAF,2026-01-25T09:00:00,consume,0.573,kg,prep
SITE_KIT_01,B01324,ING_MUTTON,2026-01-25T09:00:00,consume,2.98,kg,prep
SITE_KIT_01,B01291,ING_MUTTON,2026-01-25T09:00:00,consume,3.0,kg,prep
SITE_KIT_01,B01340,ING_BATTER,2026-01-25T09:00:00,consume,2.344,kg,prep
SITE_KIT_01,B01345,ING_BATTER,2026-01-25T09:00:00,consume,15.336,kg,prep
SITE_KIT_01,B01325,ING_FISH,2026-01-25T09:00:00,consume,0.656,kg,prep
SITE_KIT_01,B01255,ING_FISH,2026-01-25T09:00:00,consume,6.24,kg,prep
SITE_KIT_01,B01338,ING_COCONUT,2026-01-25T09:00:00,consume,1.768,kg,prep
SITE_KIT_01,B01285,ING_LEMON,2026-01-25T09:00:00,consume,0.5401,kg,prep
SITE_KIT_01,B01318,ING_LEMON,2026-01-25T09:00:00,consume,1.8033,kg,prep
SITE_KIT_01,B01321,ING_CUCUMBER,2026-01-25T09:00:00,consume,5.1064,kg,prep
SITE_KIT_01,B01312,ING_CABBAGE,2026-01-25T09:00:00,consume,3.2301,kg,prep
SITE_KIT_01,B01322,ING_BANANA,2026-01-25T09:00:00,consume,5.3554,kg,prep
SITE_KIT_01,B01326,ING_EGG,2026-01-25T09:00:00,consume,3.1824,kg,prep
SITE_KIT_01,B01313,ING_BRINJAL,2026-01-25T09:00:00,consume,4.3588,kg,prep
SITE_KIT_01,B01314,ING_OKRA,2026-01-25T09:00:00,consume,5.1681,kg,prep
SITE_KIT_01,B01320,ING_MUSHROOM,2026-01-25T09:00:00,consume,0.4172,kg,prep
SITE_KIT_01,B01287,ING_MUSHROOM,2026-01-25T09:00:00,consume,1.1109,kg,prep
SITE_KIT_01,B01263,ING_SPINACH,2026-01-25T23:00:00,waste,10.0,kg,spoilage
SITE_KIT_01,B01283,ING_MINT,2026-01-25T23:00:00,waste,0.0034,kg,spoilage
SITE_KIT_01,B01346,ING_TOMATO,2026-01-26T07:00:00,receive,53.0,kg,LOT-B01346
SITE_KIT_01,B01347,ING_ONION,2026-01-26T07:00:00,receive,132.0,kg,LOT-B01347
SITE_KIT_01,B01348,ING_POTATO,2026-01-26T07:00:00,receive,66.0,kg,LOT-B01348
SITE_KIT_01,B01349,ING_CAULI,2026-01-26T07:00:00,receive,63.0,kg,LOT-B01349
SITE_KIT_01,B01350,ING_SPINACH,2026-01-26T07:00:00,receive,10.0,kg,LOT-B01350
SITE_KIT_01,B01351,ING_CORIANDER,2026-01-26T07:00:00,receive,1.428,kg,LOT-B01351
SITE_KIT_01,B01352,ING_GCHILLI,2026-01-26T07:00:00,receive,3.0,kg,LOT-B01352
SITE_KIT_01,B01353,ING_GINGER,2026-01-26T07:00:00,receive,4.0,kg,LOT-B01353
SITE_KIT_01,B01354,ING_GARLIC,2026-01-26T07:00:00,receive,8.0,kg,LOT-B01354
SITE_KIT_01,B01355,ING_CARROT,2026-01-26T07:00:00,receive,15.0,kg,LOT-B01355
SITE_KIT_01,B01356,ING_CAPSICUM,2026-01-26T07:00:00,receive,10.0,kg,LOT-B01356
SITE_KIT_01,B01357,ING_CABBAGE,2026-01-26T07:00:00,receive,2.721,kg,LOT-B01357
SITE_KIT_01,B01358,ING_BRINJAL,2026-01-26T07:00:00,receive,9.0,kg,LOT-B01358
SITE_KIT_01,B01359,ING_OKRA,2026-01-26T07:00:00,receive,10.0,kg,LOT-B01359
SITE_KIT_01,B01360,ING_PEAS,2026-01-26T07:00:00,receive,6.0,kg,LOT-B01360
SITE_KIT_01,B01361,ING_MINT,2026-01-26T07:00:00,receive,0.75,kg,LOT-B01361
SITE_KIT_01,B01362,ING_CURRYLEAF,2026-01-26T07:00:00,receive,0.479,kg,LOT-B01362
SITE_KIT_01,B01363,ING_LEMON,2026-01-26T07:00:00,receive,4.0,kg,LOT-B01363
SITE_KIT_01,B01364,ING_BEANS,2026-01-26T07:00:00,receive,9.0,kg,LOT-B01364
SITE_KIT_01,B01365,ING_MUSHROOM,2026-01-26T07:00:00,receive,3.0,kg,LOT-B01365
SITE_KIT_01,B01366,ING_CUCUMBER,2026-01-26T07:00:00,receive,8.142,kg,LOT-B01366
SITE_KIT_01,B01367,ING_BANANA,2026-01-26T07:00:00,receive,10.154,kg,LOT-B01367
SITE_KIT_01,B01368,ING_CHICKEN,2026-01-26T07:00:00,receive,29.0,kg,LOT-B01368
SITE_KIT_01,B01369,ING_MUTTON,2026-01-26T07:00:00,receive,15.0,kg,LOT-B01369
SITE_KIT_01,B01370,ING_FISH,2026-01-26T07:00:00,receive,12.0,kg,LOT-B01370
SITE_KIT_01,B01371,ING_EGG,2026-01-26T07:00:00,receive,6.0,kg,LOT-B01371
SITE_KIT_01,B01372,ING_PANEER,2026-01-26T07:00:00,receive,29.0,kg,LOT-B01372
SITE_KIT_01,B01373,ING_CURD,2026-01-26T07:00:00,receive,25.0,kg,LOT-B01373
SITE_KIT_01,B01374,ING_MILK,2026-01-26T07:00:00,receive,4.0,kg,LOT-B01374
SITE_KIT_01,B01375,ING_CREAM,2026-01-26T07:00:00,receive,6.0,kg,LOT-B01375
SITE_KIT_01,B01376,ING_BUTTER,2026-01-26T07:00:00,receive,7.0,kg,LOT-B01376
SITE_KIT_01,B01377,ING_BATTER,2026-01-26T07:00:00,receive,16.0,kg,LOT-B01377
SITE_KIT_01,B01368,ING_CHICKEN,2026-01-26T09:00:00,consume,12.168,kg,prep
SITE_KIT_01,B01333,ING_RICE,2026-01-26T09:00:00,consume,25.61,kg,prep
SITE_KIT_01,B01269,ING_ONION,2026-01-26T09:00:00,consume,6.2599,kg,prep
SITE_KIT_01,B01347,ING_ONION,2026-01-26T09:00:00,consume,23.1589,kg,prep
SITE_KIT_01,B01346,ING_TOMATO,2026-01-26T09:00:00,consume,22.5621,kg,prep
SITE_KIT_01,B01373,ING_CURD,2026-01-26T09:00:00,consume,9.9593,kg,prep
SITE_KIT_01,B01205,ING_GINGER,2026-01-26T09:00:00,consume,0.8909,kg,prep
SITE_KIT_01,B01353,ING_GINGER,2026-01-26T09:00:00,consume,0.0651,kg,prep
SITE_KIT_01,B01276,ING_GARLIC,2026-01-26T09:00:00,consume,0.2786,kg,prep
SITE_KIT_01,B01354,ING_GARLIC,2026-01-26T09:00:00,consume,1.2656,kg,prep
SITE_KIT_01,B01352,ING_GCHILLI,2026-01-26T09:00:00,consume,1.333,kg,prep
SITE_KIT_01,B01343,ING_MINT,2026-01-26T09:00:00,consume,0.0751,kg,prep
SITE_KIT_01,B01361,ING_MINT,2026-01-26T09:00:00,consume,0.4672,kg,prep
SITE_KIT_01,B01308,ING_CORIANDER,2026-01-26T09:00:00,consume,1.1389,kg,prep
SITE_KIT_01,B01332,ING_GHEE,2026-01-26T09:00:00,consume,3.3059,kg,prep
SITE_KIT_01,B01337,ING_CASHEW,2026-01-26T09:00:00,consume,1.2064,kg,prep
SITE_KIT_01,B01355,ING_CARROT,2026-01-26T09:00:00,consume,6.264,kg,prep
SITE_KIT_01,B01364,ING_BEANS,2026-01-26T09:00:00,consume,3.6114,kg,prep
SITE_KIT_01,B01315,ING_PEAS,2026-01-26T09:00:00,consume,1.478,kg,prep
SITE_KIT_01,B01360,ING_PEAS,2026-01-26T09:00:00,consume,1.304,kg,prep
SITE_KIT_01,B01349,ING_CAULI,2026-01-26T09:00:00,consume,25.0885,kg,prep
SITE_KIT_01,B01348,ING_POTATO,2026-01-26T09:00:00,consume,15.76,kg,prep
SITE_KIT_01,B01372,ING_PANEER,2026-01-26T09:00:00,consume,14.196,kg,prep
SITE_KIT_01,B01331,ING_BUTTER,2026-01-26T09:00:00,consume,0.809,kg,prep
SITE_KIT_01,B01376,ING_BUTTER,2026-01-26T09:00:00,consume,2.2421,kg,prep
SITE_KIT_01,B01375,ING_CREAM,2026-01-26T09:00:00,consume,2.8834,kg,prep
SITE_KIT_01,B01356,ING_CAPSICUM,2026-01-26T09:00:00,consume,3.5457,kg,prep
SITE_KIT_01,B01192,ING_BESAN,2026-01-26T09:00:00,consume,0.162,kg,prep
SITE_KIT_01,B01335,ING_BESAN,2026-01-26T09:00:00,consume,0.982,kg,prep
SITE_KIT_01,B01336,ING_OIL,2026-01-26T09:00:00,consume,2.99,kg,prep
SITE_KIT_01,B01341,ING_SPINACH,2026-01-26T09:00:00,consume,1.9657,kg,prep
SITE_KIT_01,B01350,ING_SPINACH,2026-01-26T09:00:00,consume,6.1354,kg,prep
SITE_KIT_01,B01334,ING_ATTA,2026-01-26T09:00:00,consume,21.632,kg,prep
SITE_KIT_01,B01374,ING_MILK,2026-01-26T09:00:00,consume,1.976,kg,prep
SITE_KIT_01,B01339,ING_TOORDAL,2026-01-26T09:00:00,consume,5.07,kg,prep
SITE_KIT_01,B01344,ING_CURRYLEAF,2026-01-26T09:00:00,consume,0.427,kg,prep
SITE_KIT_01,B01303,ING_CURRYLEAF,2026-01-26T09:00:00,consume,0.0719,kg,prep
SITE_KIT_01,B01369,ING_MUTTON,2026-01-26T09:00:00,consume,5.46,kg,prep
SITE_KIT_01,B01345,ING_BATTER,2026-01-26T09:00:00,consume,1.664,kg,prep
SITE_KIT_01,B01377,ING_BATTER,2026-01-26T09:00:00,consume,14.976,kg,prep
SITE_KIT_01,B01370,ING_FISH,2026-01-26T09:00:00,consume,5.408,kg,prep
SITE_KIT_01,B01338,ING_COCONUT,2026-01-26T09:00:00,consume,1.352,kg,prep
SITE_KIT_01,B01318,ING_LEMON,2026-01-26T09:00:00,consume,1.8283,kg,prep
SITE_KIT_01,B01321,ING_CUCUMBER,2026-01-26T09:00:00,consume,0.5056,kg,prep
SITE_KIT_01,B01366,ING_CUCUMBER,2026-01-26T09:00:00,consume,3.5909,kg,prep
SITE_KIT_01,B01312,ING_CABBAGE,2026-01-26T09:00:00,consume,2.593,kg,prep
SITE_KIT_01,B01367,ING_BANANA,2026-01-26T09:00:00,consume,4.2678,kg,prep
SITE_KIT_01,B01326,ING_EGG,2026-01-26T09:00:00,consume,0.7472,kg,prep
SITE_KIT_01,B01371,ING_EGG,2026-01-26T09:00:00,consume,1.8502,kg,prep
SITE_KIT_01,B01313,ING_BRINJAL,2026-01-26T09:00:00,consume,0.8684,kg,prep
SITE_KIT_01,B01358,ING_BRINJAL,2026-01-26T09:00:00,consume,2.6784,kg,prep
SITE_KIT_01,B01359,ING_OKRA,2026-01-26T09:00:00,consume,4.143,kg,prep
SITE_KIT_01,B01365,ING_MUSHROOM,2026-01-26T09:00:00,consume,1.2148,kg,prep
SITE_KIT_01,B01302,ING_MINT,2026-01-26T23:00:00,waste,1.0,kg,spoilage
SITE_KIT_01,B01303,ING_CURRYLEAF,2026-01-26T23:00:00,waste,0.2933,kg,spoilage
SITE_KIT_01,B01378,ING_SPINACH,2026-01-27T07:00:00,receive,9.0,kg,LOT-B01378
SITE_KIT_01,B01379,ING_CORIANDER,2026-01-27T07:00:00,receive,1.5,kg,LOT-B01379
SITE_KIT_01,B01380,ING_MINT,2026-01-27T07:00:00,receive,0.669,kg,LOT-B01380
SITE_KIT_01,B01381,ING_CURRYLEAF,2026-01-27T07:00:00,receive,0.5,kg,LOT-B01381
SITE_KIT_01,B01382,ING_BATTER,2026-01-27T07:00:00,receive,18.0,kg,LOT-B01382
SITE_KIT_01,B01368,ING_CHICKEN,2026-01-27T09:00:00,consume,9.594,kg,prep
SITE_KIT_01,B01333,ING_RICE,2026-01-27T09:00:00,consume,21.619,kg,prep
SITE_KIT_01,B01347,ING_ONION,2026-01-27T09:00:00,consume,22.5905,kg,prep
SITE_KIT_01,B01346,ING_TOMATO,2026-01-27T09:00:00,consume,16.5848,kg,prep
SITE_KIT_01,B01373,ING_CURD,2026-01-27T09:00:00,consume,8.6788,kg,prep
SITE_KIT_01,B01353,ING_GINGER,2026-01-27T09:00:00,consume,0.6975,kg,prep
SITE_KIT_01,B01354,ING_GARLIC,2026-01-27T09:00:00,consume,1.1694,kg,prep
SITE_KIT_01,B01352,ING_GCHILLI,2026-01-27T09:00:00,consume,1.0243,kg,prep
SITE_KIT_01,B01361,ING_MINT,2026-01-27T09:00:00,consume,0.2828,kg,prep
SITE_KIT_01,B01316,ING_MINT,2026-01-27T09:00:00,consume,0.1929,kg,prep
SITE_KIT_01,B01379,ING_CORIANDER,2026-01-27T09:00:00,consume,0.9782,kg,prep
SITE_KIT_01,B01332,ING_GHEE,2026-01-27T09:00:00,consume,2.7105,kg,prep
SITE_KIT_01,B01337,ING_CASHEW,2026-01-27T09:00:00,consume,0.8398,kg,prep
SITE_KIT_01,B01355,ING_CARROT,2026-01-27T09:00:00,consume,5.2436,kg,prep
SITE_KIT_01,B01364,ING_BEANS,2026-01-27T09:00:00,consume,3.1469,kg,prep
SITE_KIT_01,B01360,ING_PEAS,2026-01-27T09:00:00,consume,2.418,kg,prep
SITE_KIT_01,B01349,ING_CAULI,2026-01-27T09:00:00,consume,19.8325,kg,prep
SITE_KIT_01,B01348,ING_POTATO,2026-01-27T09:00:00,consume,11.6796,kg,prep
SITE_KIT_01,B01372,ING_PANEER,2026-01-27T09:00:00,consume,9.698,kg,prep
SITE_KIT_01,B01376,ING_BUTTER,2026-01-27T09:00:00,consume,2.3738,kg,prep
SITE_KIT_01,B01375,ING_CREAM,2026-01-27T09:00:00,consume,1.9968,kg,prep
SITE_KIT_01,B01356,ING_CAPSICUM,2026-01-27T09:00:00,consume,2.8351,kg,prep
SITE_KIT_01,B01335,ING_BESAN,2026-01-27T09:00:00,consume,0.91,kg,prep
SITE_KIT_01,B01336,ING_OIL,2026-01-27T09:00:00,consume,2.288,kg,prep
SITE_KIT_01,B01350,ING_SPINACH,2026-01-27T09:00:00,consume,3.8646,kg,prep
SITE_KIT_01,B01378,ING_SPINACH,2026-01-27T09:00:00,consume,2.5923,kg,prep
SITE_KIT_01,B01334,ING_ATTA,2026-01-27T09:00:00,consume,19.864,kg,prep
SITE_KIT_01,B01374,ING_MILK,2026-01-27T09:00:00,consume,1.846,kg,prep
SITE_KIT_01,B01339,ING_TOORDAL,2026-01-27T09:00:00,consume,3.822,kg,prep
SITE_KIT_01,B01317,ING_CURRYLEAF,2026-01-27T09:00:00,consume,0.378,kg,prep
SITE_KIT_01,B01369,ING_MUTTON,2026-01-27T09:00:00,consume,4.42,kg,prep
SITE_KIT_01,B01377,ING_BATTER,2026-01-27T09:00:00,consume,1.024,kg,prep
SITE_KIT_01,B01382,ING_BATTER,2026-01-27T09:00:00,consume,11.248,kg,prep
SITE_KIT_01,B01370,ING_FISH,2026-01-27T09:00:00,consume,4.576,kg,prep
SITE_KIT_01,B01338,ING_COCONUT,2026-01-27T09:00:00,consume,1.144,kg,prep
SITE_KIT_01,B01318,ING_LEMON,2026-01-27T09:00:00,consume,1.3684,kg,prep
SITE_KIT_01,B01363,ING_LEMON,2026-01-27T09:00:00,consume,0.2682,kg,prep
SITE_KIT_01,B01366,ING_CUCUMBER,2026-01-27T09:00:00,consume,3.5203,kg,prep
SITE_KIT_01,B01312,ING_CABBAGE,2026-01-27T09:00:00,consume,0.7328,kg,prep
SITE_KIT_01,B01242,ING_CABBAGE,2026-01-27T09:00:00,consume,1.2457,kg,prep
SITE_KIT_01,B01357,ING_CABBAGE,2026-01-27T09:00:00,consume,0.2578,kg,prep
SITE_KIT_01,B01367,ING_BANANA,2026-01-27T09:00:00,consume,3.6545,kg,prep
SITE_KIT_01,B01371,ING_EGG,2026-01-27T09:00:00,consume,2.223,kg,prep
SITE_KIT_01,B01358,ING_BRINJAL,2026-01-27T09:00:00,consume,3.0456,kg,prep
SITE_KIT_01,B01359,ING_OKRA,2026-01-27T09:00:00,consume,3.6014,kg,prep
SITE_KIT_01,B01365,ING_MUSHROOM,2026-01-27T09:00:00,consume,1.0396,kg,prep
SITE_KIT_01,B01308,ING_CORIANDER,2026-01-27T23:00:00,waste,0.8336,kg,spoilage
SITE_KIT_01,B01316,ING_MINT,2026-01-27T23:00:00,waste,0.5571,kg,spoilage
SITE_KIT_01,B01317,ING_CURRYLEAF,2026-01-27T23:00:00,waste,0.122,kg,spoilage
SITE_KIT_01,B01383,ING_TOMATO,2026-01-28T07:00:00,receive,43.0,kg,LOT-B01383
SITE_KIT_01,B01384,ING_CAULI,2026-01-28T07:00:00,receive,49.0,kg,LOT-B01384
SITE_KIT_01,B01385,ING_SPINACH,2026-01-28T07:00:00,receive,10.0,kg,LOT-B01385
SITE_KIT_01,B01386,ING_CORIANDER,2026-01-28T07:00:00,receive,1.148,kg,LOT-B01386
SITE_KIT_01,B01387,ING_GCHILLI,2026-01-28T07:00:00,receive,2.704,kg,LOT-B01387
SITE_KIT_01,B01388,ING_CARROT,2026-01-28T07:00:00,receive,13.0,kg,LOT-B01388
SITE_KIT_01,B01389,ING_CAPSICUM,2026-01-28T07:00:00,receive,6.0,kg,LOT-B01389
SITE_KIT_01,B01390,ING_CABBAGE,2026-01-28T07:00:00,receive,5.0,kg,LOT-B01390
SITE_KIT_01,B01391,ING_BRINJAL,2026-01-28T07:00:00,receive,8.0,kg,LOT-B01391
SITE_KIT_01,B01392,ING_OKRA,2026-01-28T07:00:00,receive,9.0,kg,LOT-B01392
SITE_KIT_01,B01393,ING_PEAS,2026-01-28T07:00:00,receive,6.0,kg,LOT-B01393
SITE_KIT_01,B01394,ING_MINT,2026-01-28T07:00:00,receive,0.75,kg,LOT-B01394
SITE_KIT_01,B01395,ING_CURRYLEAF,2026-01-28T07:00:00,receive,0.5,kg,LOT-B01395
SITE_KIT_01,B01396,ING_LEMON,2026-01-28T07:00:00,receive,5.0,kg,LOT-B01396
SITE_KIT_01,B01397,ING_BEANS,2026-01-28T07:00:00,receive,8.0,kg,LOT-B01397
SITE_KIT_01,B01398,ING_MUSHROOM,2026-01-28T07:00:00,receive,3.0,kg,LOT-B01398
SITE_KIT_01,B01399,ING_CUCUMBER,2026-01-28T07:00:00,receive,10.0,kg,LOT-B01399
SITE_KIT_01,B01400,ING_BANANA,2026-01-28T07:00:00,receive,10.0,kg,LOT-B01400
SITE_KIT_01,B01401,ING_CHICKEN,2026-01-28T07:00:00,receive,26.0,kg,LOT-B01401
SITE_KIT_01,B01402,ING_MUTTON,2026-01-28T07:00:00,receive,12.0,kg,LOT-B01402
SITE_KIT_01,B01403,ING_FISH,2026-01-28T07:00:00,receive,12.0,kg,LOT-B01403
SITE_KIT_01,B01404,ING_EGG,2026-01-28T07:00:00,receive,5.0,kg,LOT-B01404
SITE_KIT_01,B01405,ING_PANEER,2026-01-28T07:00:00,receive,25.0,kg,LOT-B01405
SITE_KIT_01,B01406,ING_CURD,2026-01-28T07:00:00,receive,20.0,kg,LOT-B01406
SITE_KIT_01,B01407,ING_MILK,2026-01-28T07:00:00,receive,4.0,kg,LOT-B01407
SITE_KIT_01,B01408,ING_CREAM,2026-01-28T07:00:00,receive,6.0,kg,LOT-B01408
SITE_KIT_01,B01409,ING_BUTTER,2026-01-28T07:00:00,receive,5.0,kg,LOT-B01409
SITE_KIT_01,B01410,ING_BATTER,2026-01-28T07:00:00,receive,16.0,kg,LOT-B01410
SITE_KIT_01,B01368,ING_CHICKEN,2026-01-28T09:00:00,consume,7.238,kg,prep
SITE_KIT_01,B01401,ING_CHICKEN,2026-01-28T09:00:00,consume,2.122,kg,prep
SITE_KIT_01,B01333,ING_RICE,2026-01-28T09:00:00,consume,19.773,kg,prep
SITE_KIT_01,B01347,ING_ONION,2026-01-28T09:00:00,consume,21.5733,kg,prep
SITE_KIT_01,B01346,ING_TOMATO,2026-01-28T09:00:00,consume,13.853,kg,prep
SITE_KIT_01,B01305,ING_TOMATO,2026-01-28T09:00:00,consume,1.7057,kg,prep
SITE_KIT_01,B01373,ING_CURD,2026-01-28T09:00:00,consume,6.3619,kg,prep
SITE_KIT_01,B01406,ING_CURD,2026-01-28T09:00:00,consume,1.0507,kg,prep
SITE_KIT_01,B01353,ING_GINGER,2026-01-28T09:00:00,consume,0.6618,kg,prep
SITE_KIT_01,B01354,ING_GARLIC,2026-01-28T09:00:00,consume,1.1047,kg,prep
SITE_KIT_01,B01352,ING_GCHILLI,2026-01-28T09:00:00,consume,0.6427,kg,prep
SITE_KIT_01,B01387,ING_GCHILLI,2026-01-28T09:00:00,consume,0.4195,kg,prep
SITE_KIT_01,B01394,ING_MINT,2026-01-28T09:00:00,consume,0.4171,kg,prep
SITE_KIT_01,B01379,ING_CORIANDER,2026-01-28T09:00:00,consume,0.5218,kg,prep
SITE_KIT_01,B01386,ING_CORIANDER,2026-01-28T09:00:00,consume,0.4175,kg,prep
SITE_KIT_01,B01332,ING_GHEE,2026-01-28T09:00:00,consume,2.5753,kg,prep
SITE_KIT_01,B01337,ING_CASHEW,2026-01-28T09:00:00,consume,0.7904,kg,prep
SITE_KIT_01,B01355,ING_CARROT,2026-01-28T09:00:00,consume,3.4924,kg,prep
SITE_KIT_01,B01388,ING_CARROT,2026-01-28T09:00:00,consume,1.0419,kg,prep
SITE_KIT_01,B01364,ING_BEANS,2026-01-28T09:00:00,consume,2.2416,kg,prep
SITE_KIT_01,B01397,ING_BEANS,2026-01-28T09:00:00,consume,0.5352,kg,prep
SITE_KIT_01,B01393,ING_PEAS,2026-01-28T09:00:00,consume,2.106,kg,prep
SITE_KIT_01,B01349,ING_CAULI,2026-01-28T09:00:00,consume,18.079,kg,prep
SITE_KIT_01,B01384,ING_CAULI,2026-01-28T09:00:00,consume,1.2551,kg,prep
SITE_KIT_01,B01348,ING_POTATO,2026-01-28T09:00:00,consume,12.168,kg,prep
SITE_KIT_01,B01372,ING_PANEER,2026-01-28T09:00:00,consume,5.106,kg,prep
SITE_KIT_01,B01405,ING_PANEER,2026-01-28T09:00:00,consume,3.838,kg,prep
SITE_KIT_01,B01376,ING_BUTTER,2026-01-28T09:00:00,consume,1.9396,kg,prep
SITE_KIT_01,B01375,ING_CREAM,2026-01-28T09:00:00,consume,1.1198,kg,prep
SITE_KIT_01,B01408,ING_CREAM,2026-01-28T09:00:00,consume,0.7262,kg,prep
SITE_KIT_01,B01356,ING_CAPSICUM,2026-01-28T09:00:00,consume,2.7271,kg,prep
SITE_KIT_01,B01335,ING_BESAN,2026-01-28T09:00:00,consume,0.884,kg,prep
SITE_KIT_01,B01336,ING_OIL,2026-01-28T09:00:00,consume,2.353,kg,prep
SITE_KIT_01,B01378,ING_SPINACH,2026-01-28T09:00:00,consume,6.0137,kg,prep
SITE_KIT_01,B01334,ING_ATTA,2026-01-28T09:00:00,consume,15.093,kg,prep
SITE_KIT_01,B01374,ING_MILK,2026-01-28T09:00:00,consume,0.178,kg,prep
SITE_KIT_01,B01407,ING_MILK,2026-01-28T09:00:00,consume,1.109,kg,prep
SITE_KIT_01,B01339,ING_TOORDAL,2026-01-28T09:00:00,consume,3.978,kg,prep
SITE_KIT_01,B01395,ING_CURRYLEAF,2026-01-28T09:00:00,consume,0.3805,kg,prep
SITE_KIT_01,B01369,ING_MUTTON,2026-01-28T09:00:00,consume,4.42,kg,prep
SITE_KIT_01,B01382,ING_BATTER,2026-01-28T09:00:00,consume,6.752,kg,prep
SITE_KIT_01,B01410,ING_BATTER,2026-01-28T09:00:00,consume,6.56,kg,prep
SITE_KIT_01,B01370,ING_FISH,2026-01-28T09:00:00,consume,2.016,kg,prep
SITE_KIT_01,B01403,ING_FISH,2026-01-28T09:00:00,consume,1.728,kg,prep
SITE_KIT_01,B01338,ING_COCONUT,2026-01-28T09:00:00,consume,0.936,kg,prep
SITE_KIT_01,B01396,ING_LEMON,2026-01-28T09:00:00,consume,1.3623,kg,prep
SITE_KIT_01,B01399,ING_CUCUMBER,2026-01-28T09:00:00,consume,3.056,kg,prep
SITE_KIT_01,B01390,ING_CABBAGE,2026-01-28T09:00:00,consume,1.9244,kg,prep
SITE_KIT_01,B01367,ING_BANANA,2026-01-28T09:00:00,consume,2.2317,kg,prep
SITE_KIT_01,B01400,ING_BANANA,2026-01-28T09:00:00,consume,0.977,kg,prep
SITE_KIT_01,B01371,ING_EGG,2026-01-28T09:00:00,consume,1.9268,kg,prep
SITE_KIT_01,B01404,ING_EGG,2026-01-28T09:00:00,consume,0.0037,kg,prep
SITE_KIT_01,B01358,ING_BRINJAL,2026-01-28T09:00:00,consume,2.6499,kg,prep
SITE_KIT_01,B01359,ING_OKRA,2026-01-28T09:00:00,consume,2.2556,kg,prep
SITE_KIT_01,B01392,ING_OKRA,2026-01-28T09:00:00,consume,0.8279,kg,prep
SITE_KIT_01,B01365,ING_MUSHROOM,2026-01-28T09:00:00,consume,0.7456,kg,prep
SITE_KIT_01,B01398,ING_MUSHROOM,2026-01-28T09:00:00,consume,0.1567,kg,prep
SITE_KIT_01,B01411,ING_SPINACH,2026-01-29T07:00:00,receive,9.0,kg,LOT-B01411
SITE_KIT_01,B01412,ING_CORIANDER,2026-01-29T07:00:00,receive,1.5,kg,LOT-B01412
SITE_KIT_01,B01413,ING_MINT,2026-01-29T07:00:00,receive,0.682,kg,LOT-B01413
SITE_KIT_01,B01414,ING_CURRYLEAF,2026-01-29T07:00:00,receive,0.75,kg,LOT-B01414
SITE_KIT_01,B01415,ING_BATTER,2026-01-29T07:00:00,receive,18.0,kg,LOT-B01415
SITE_KIT_01,B01401,ING_CHICKEN,2026-01-29T09:00:00,consume,11.232,kg,prep
SITE_KIT_01,B01333,ING_RICE,2026-01-29T09:00:00,consume,23.959,kg,prep
SITE_KIT_01,B01347,ING_ONION,2026-01-29T09:00:00,consume,25.7606,kg,prep
SITE_KIT_01,B01305,ING_TOMATO,2026-01-29T09:00:00,consume,1.2851,kg,prep
SITE_KIT_01,B01383,ING_TOMATO,2026-01-29T09:00:00,consume,18.1354,kg,prep
SITE_KIT_01,B01406,ING_CURD,2026-01-29T09:00:00,consume,9.2924,kg,prep
SITE_KIT_01,B01353,ING_GINGER,2026-01-29T09:00:00,consume,0.8228,kg,prep
SITE_KIT_01,B01354,ING_GARLIC,2026-01-29T09:00:00,consume,1.3716,kg,prep
SITE_KIT_01,B01387,ING_GCHILLI,2026-01-29T09:00:00,consume,1.1993,kg,prep
SITE_KIT_01,B01394,ING_MINT,2026-01-29T09:00:00,consume,0.3329,kg,prep
SITE_KIT_01,B01413,ING_MINT,2026-01-29T09:00:00,consume,0.1681,kg,prep
SITE_KIT_01,B01386,ING_CORIANDER,2026-01-29T09:00:00,consume,0.7305,kg,prep
SITE_KIT_01,B01351,ING_CORIANDER,2026-01-29T09:00:00,consume,0.3418,kg,prep
SITE_KIT_01,B01332,ING_GHEE,2026-01-29T09:00:00,consume,3.1174,kg,prep
SITE_KIT_01,B01337,ING_CASHEW,2026-01-29T09:00:00,consume,0.9672,kg,prep
SITE_KIT_01,B01388,ING_CARROT,2026-01-29T09:00:00,consume,5.5622,kg,prep
SITE_KIT_01,B01397,ING_BEANS,2026-01-29T09:00:00,consume,3.4122,kg,prep
SITE_KIT_01,B01393,ING_PEAS,2026-01-29T09:00:00,consume,2.574,kg,prep
SITE_KIT_01,B01384,ING_CAULI,2026-01-29T09:00:00,consume,22.952,kg,prep
SITE_KIT_01,B01348,ING_POTATO,2026-01-29T09:00:00,consume,12.7817,kg,prep
SITE_KIT_01,B01405,ING_PANEER,2026-01-29T09:00:00,consume,10.972,kg,prep
SITE_KIT_01,B01376,ING_BUTTER,2026-01-29T09:00:00,consume,0.4445,kg,prep
SITE_KIT_01,B01409,ING_BUTTER,2026-01-29T09:00:00,consume,2.0892,kg,prep
SITE_KIT_01,B01408,ING_CREAM,2026-01-29T09:00:00,consume,2.2698,kg,prep
SITE_KIT_01,B01356,ING_CAPSICUM,2026-01-29T09:00:00,consume,0.8921,kg,prep
SITE_KIT_01,B01311,ING_CAPSICUM,2026-01-29T09:00:00,consume,0.6926,kg,prep
SITE_KIT_01,B01389,ING_CAPSICUM,2026-01-29T09:00:00,consume,1.6645,kg,prep
SITE_KIT_01,B01335,ING_BESAN,2026-01-29T09:00:00,consume,1.066,kg,prep
SITE_KIT_01,B01336,ING_OIL,2026-01-29T09:00:00,consume,2.5805,kg,prep
SITE_KIT_01,B01411,ING_SPINACH,2026-01-29T09:00:00,consume,7.2071,kg,prep
SITE_KIT_01,B01334,ING_ATTA,2026-01-29T09:00:00,consume,21.099,kg,prep
SITE_KIT_01,B01407,ING_MILK,2026-01-29T09:00:00,consume,1.833,kg,prep
SITE_KIT_01,B01339,ING_TOORDAL,2026-01-29T09:00:00,consume,4.602,kg,prep
SITE_KIT_01,B01395,ING_CURRYLEAF,2026-01-29T09:00:00,consume,0.1195,kg,prep
SITE_KIT_01,B01362,ING_CURRYLEAF,2026-01-29T09:00:00,consume,0.3115,kg,prep
SITE_KIT_01,B01369,ING_MUTTON,2026-01-29T09:00:00,consume,0.7,kg,prep
SITE_KIT_01,B01402,ING_MUTTON,2026-01-29T09:00:00,consume,5.02,kg,prep
SITE_KIT_01,B01415,ING_BATTER,2026-01-29T09:00:00,consume,13.312,kg,prep
SITE_KIT_01,B01403,ING_FISH,2026-01-29T09:00:00,consume,5.2,kg,prep
SITE_KIT_01,B01338,ING_COCONUT,2026-01-29T09:00:00,consume,1.3,kg,prep
SITE_KIT_01,B01396,ING_LEMON,2026-01-29T09:00:00,consume,1.7214,kg,prep
SITE_KIT_01,B01399,ING_CUCUMBER,2026-01-29T09:00:00,consume,3.6674,kg,prep
SITE_KIT_01,B01390,ING_CABBAGE,2026-01-29T09:00:00,consume,2.4118,kg,prep
SITE_KIT_01,B01400,ING_BANANA,2026-01-29T09:00:00,consume,3.9083,kg,prep
SITE_KIT_01,B01404,ING_EGG,2026-01-29T09:00:00,consume,2.3751,kg,prep
SITE_KIT_01,B01358,ING_BRINJAL,2026-01-29T09:00:00,consume,0.6262,kg,prep
SITE_KIT_01,B01391,ING_BRINJAL,2026-01-29T09:00:00,consume,2.5993,kg,prep
SITE_KIT_01,B01392,ING_OKRA,2026-01-29T09:00:00,consume,3.8354,kg,prep
SITE_KIT_01,B01398,ING_MUSHROOM,2026-01-29T09:00:00,consume,1.1195,kg,prep
SITE_KIT_01,B01351,ING_CORIANDER,2026-01-29T23:00:00,waste,1.0862,kg,spoilage
SITE_KIT_01,B01362,ING_CURRYLEAF,2026-01-29T23:00:00,waste,0.1675,kg,spoilage
SITE_KIT_01,B01286,ING_BEANS,2026-01-29T23:00:00,waste,0.6992,kg,spoilage
SITE_KIT_01,B01287,ING_MUSHROOM,2026-01-29T23:00:00,waste,0.6154,kg,spoilage
SITE_KIT_01,B01416,ING_TOMATO,2026-01-30T07:00:00,receive,35.0,kg,LOT-B01416
SITE_KIT_01,B01417,ING_ONION,2026-01-30T07:00:00,receive,108.0,kg,LOT-B01417
SITE_KIT_01,B01418,ING_POTATO,2026-01-30T07:00:00,receive,52.0,kg,LOT-B01418
SITE_KIT_01,B01419,ING_CAULI,2026-01-30T07:00:00,receive,45.0,kg,LOT-B01419
SITE_KIT_01,B01420,ING_SPINACH,2026-01-30T07:00:00,receive,9.0,kg,LOT-B01420
SITE_KIT_01,B01421,ING_CORIANDER,2026-01-30T07:00:00,receive,1.5,kg,LOT-B01421
SITE_KIT_01,B01422,ING_GCHILLI,2026-01-30T07:00:00,receive,2.0,kg,LOT-B01422
SITE_KIT_01,B01423,ING_GINGER,2026-01-30T07:00:00,receive,3.728,kg,LOT-B01423
SITE_KIT_01,B01424,ING_GARLIC,2026-01-30T07:00:00,receive,6.0,kg,LOT-B01424
SITE_KIT_01,B01425,ING_CARROT,2026-01-30T07:00:00,receive,10.199,kg,LOT-B01425
SITE_KIT_01,B01426,ING_CAPSICUM,2026-01-30T07:00:00,receive,6.0,kg,LOT-B01426
SITE_KIT_01,B01427,ING_CABBAGE,2026-01-30T07:00:00,receive,5.0,kg,LOT-B01427
SITE_KIT_01,B01428,ING_BRINJAL,2026-01-30T07:00:00,receive,6.0,kg,LOT-B01428
SITE_KIT_01,B01429,ING_OKRA,2026-01-30T07:00:00,receive,8.0,kg,LOT-B01429
SITE_KIT_01,B01430,ING_PEAS,2026-01-30T07:00:00,receive,5.0,kg,LOT-B01430
SITE_KIT_01,B01431,ING_MINT,2026-01-30T07:00:00,receive,0.75,kg,LOT-B01431
SITE_KIT_01,B01432,ING_CURRYLEAF,2026-01-30T07:00:00,receive,0.75,kg,LOT-B01432
SITE_KIT_01,B01433,ING_LEMON,2026-01-30T07:00:00,receive,4.0,kg,LOT-B01433
SITE_KIT_01,B01434,ING_BEANS,2026-01-30T07:00:00,receive,7.0,kg,LOT-B01434
SITE_KIT_01,B01435,ING_MUSHROOM,2026-01-30T07:00:00,receive,1.78,kg,LOT-B01435
SITE_KIT_01,B01436,ING_CUCUMBER,2026-01-30T07:00:00,receive,8.0,kg,LOT-B01436
SITE_KIT_01,B01437,ING_BANANA,2026-01-30T07:00:00,receive,10.0,kg,LOT-B01437
SITE_KIT_01,B01438,ING_CHICKEN,2026-01-30T07:00:00,receive,20.0,kg,LOT-B01438
SITE_KIT_01,B01439,ING_MUTTON,2026-01-30T07:00:00,receive,10.0,kg,LOT-B01439
SITE_KIT_01,B01440,ING_FISH,2026-01-30T07:00:00,receive,10.0,kg,LOT-B01440
SITE_KIT_01,B01441,ING_EGG,2026-01-30T07:00:00,receive,7.0,kg,LOT-B01441
SITE_KIT_01,B01442,ING_PANEER,2026-01-30T07:00:00,receive,33.0,kg,LOT-B01442
SITE_KIT_01,B01443,ING_CURD,2026-01-30T07:00:00,receive,16.0,kg,LOT-B01443
SITE_KIT_01,B01444,ING_MILK,2026-01-30T07:00:00,receive,3.0,kg,LOT-B01444
SITE_KIT_01,B01445,ING_CREAM,2026-01-30T07:00:00,receive,4.0,kg,LOT-B01445
SITE_KIT_01,B01446,ING_BUTTER,2026-01-30T07:00:00,receive,5.0,kg,LOT-B01446
SITE_KIT_01,B01447,ING_BATTER,2026-01-30T07:00:00,receive,16.0,kg,LOT-B01447
SITE_KIT_01,B01401,ING_CHICKEN,2026-01-30T09:00:00,consume,12.646,kg,prep
SITE_KIT_01,B01438,ING_CHICKEN,2026-01-30T09:00:00,consume,6.776,kg,prep
SITE_KIT_01,B01333,ING_RICE,2026-01-30T09:00:00,consume,34.58,kg,prep
SITE_KIT_01,B01347,ING_ONION,2026-01-30T09:00:00,consume,37.1134,kg,prep
SITE_KIT_01,B01383,ING_TOMATO,2026-01-30T09:00:00,consume,24.8646,kg,prep
SITE_KIT_01,B01416,ING_TOMATO,2026-01-30T09:00:00,consume,2.0782,kg,prep
SITE_KIT_01,B01406,ING_CURD,2026-01-30T09:00:00,consume,9.6569,kg,prep
SITE_KIT_01,B01443,ING_CURD,2026-01-30T09:00:00,consume,3.6434,kg,prep
SITE_KIT_01,B01423,ING_GINGER,2026-01-30T09:00:00,consume,1.1994,kg,prep
SITE_KIT_01,B01354,ING_GARLIC,2026-01-30T09:00:00,consume,1.9682,kg,prep
SITE_KIT_01,B01387,ING_GCHILLI,2026-01-30T09:00:00,consume,1.0852,kg,prep
SITE_KIT_01,B01309,ING_GCHILLI,2026-01-30T09:00:00,consume,0.5547,kg,prep
SITE_KIT_01,B01413,ING_MINT,2026-01-30T09:00:00,consume,0.5139,kg,prep
SITE_KIT_01,B01380,ING_MINT,2026-01-30T09:00:00,consume,0.2681,kg,prep
SITE_KIT_01,B01421,ING_CORIANDER,2026-01-30T09:00:00,consume,1.5,kg,prep
SITE_KIT_01,B01412,ING_CORIANDER,2026-01-30T09:00:00,consume,0.1305,kg,prep
SITE_KIT_01,B01332,ING_GHEE,2026-01-30T09:00:00,consume,4.5552,kg,prep
SITE_KIT_01,B01337,ING_CASHEW,2026-01-30T09:00:00,consume,1.4066,kg,prep
SITE_KIT_01,B01425,ING_CARROT,2026-01-30T09:00:00,consume,7.5657,kg,prep
SITE_KIT_01,B01397,ING_BEANS,2026-01-30T09:00:00,consume,4.0526,kg,prep
SITE_KIT_01,B01434,ING_BEANS,2026-01-30T09:00:00,consume,0.4883,kg,prep
SITE_KIT_01,B01393,ING_PEAS,2026-01-30T09:00:00,consume,1.32,kg,prep
SITE_KIT_01,B01430,ING_PEAS,2026-01-30T09:00:00,consume,2.138,kg,prep
SITE_KIT_01,B01384,ING_CAULI,2026-01-30T09:00:00,consume,24.7929,kg,prep
SITE_KIT_01,B01419,ING_CAULI,2026-01-30T09:00:00,consume,8.1713,kg,prep
SITE_KIT_01,B01348,ING_POTATO,2026-01-30T09:00:00,consume,13.4506,kg,prep
SITE_KIT_01,B01405,ING_PANEER,2026-01-30T09:00:00,consume,10.19,kg,prep
SITE_KIT_01,B01442,ING_PANEER,2026-01-30T09:00:00,consume,3.889,kg,prep
SITE_KIT_01,B01446,ING_BUTTER,2026-01-30T09:00:00,consume,3.2981,kg,prep
SITE_KIT_01,B01408,ING_CREAM,2026-01-30T09:00:00,consume,2.938,kg,prep
SITE_KIT_01,B01389,ING_CAPSICUM,2026-01-30T09:00:00,consume,4.3355,kg,prep
SITE_KIT_01,B01426,ING_CAPSICUM,2026-01-30T09:00:00,consume,0.0108,kg,prep
SITE_KIT_01,B01335,ING_BESAN,2026-01-30T09:00:00,consume,1.482,kg,prep
SITE_KIT_01,B01336,ING_OIL,2026-01-30T09:00:00,consume,3.003,kg,prep
SITE_KIT_01,B01411,ING_SPINACH,2026-01-30T09:00:00,consume,1.7929,kg,prep
SITE_KIT_01,B01420,ING_SPINACH,2026-01-30T09:00:00,consume,7.478,kg,prep
SITE_KIT_01,B01334,ING_ATTA,2026-01-30T09:00:00,consume,28.093,kg,prep
SITE_KIT_01,B01407,ING_MILK,2026-01-30T09:00:00,consume,1.058,kg,prep
SITE_KIT_01,B01444,ING_MILK,2026-01-30T09:00:00,consume,1.373,kg,prep
SITE_KIT_01,B01339,ING_TOORDAL,2026-01-30T09:00:00,consume,4.736,kg,prep
SITE_KIT_01,B01196,ING_TOORDAL,2026-01-30T09:00:00,consume,1.66,kg,prep
SITE_KIT_01,B01432,ING_CURRYLEAF,2026-01-30T09:00:00,consume,0.512,kg,prep
SITE_KIT_01,B01402,ING_MUTTON,2026-01-30T09:00:00,consume,6.98,kg,prep
SITE_KIT_01,B01439,ING_MUTTON,2026-01-30T09:00:00,consume,1.86,kg,prep
SITE_KIT_01,B01415,ING_BATTER,2026-01-30T09:00:00,consume,4.688,kg,prep
SITE_KIT_01,B01410,ING_BATTER,2026-01-30T09:00:00,consume,7.584,kg,prep
SITE_KIT_01,B01403,ING_FISH,2026-01-30T09:00:00,consume,5.072,kg,prep
SITE_KIT_01,B01440,ING_FISH,2026-01-30T09:00:00,consume,2.0,kg,prep
SITE_KIT_01,B01338,ING_COCONUT,2026-01-30T09:00:00,consume,1.768,kg,prep
SITE_KIT_01,B01396,ING_LEMON,2026-01-30T09:00:00,consume,1.9163,kg,prep
SITE_KIT_01,B01363,ING_LEMON,2026-01-30T09:00:00,consume,0.3439,kg,prep
SITE_KIT_01,B01399,ING_CUCUMBER,2026-01-30T09:00:00,consume,3.2766,kg,prep
SITE_KIT_01,B01366,ING_CUCUMBER,2026-01-30T09:00:00,consume,1.0308,kg,prep
SITE_KIT_01,B01436,ING_CUCUMBER,2026-01-30T09:00:00,consume,0.6369,kg,prep
SITE_KIT_01,B01390,ING_CABBAGE,2026-01-30T09:00:00,consume,0.6639,kg,prep
SITE_KIT_01,B01427,ING_CABBAGE,2026-01-30T09:00:00,consume,2.5307,kg,prep
SITE_KIT_01,B01400,ING_BANANA,2026-01-30T09:00:00,consume,5.1041,kg,prep
SITE_KIT_01,B01441,ING_EGG,2026-01-30T09:00:00,consume,3.159,kg,prep
SITE_KIT_01,B01391,ING_BRINJAL,2026-01-30T09:00:00,consume,4.3408,kg,prep
SITE_KIT_01,B01392,ING_OKRA,2026-01-30T09:00:00,consume,4.3367,kg,prep
SITE_KIT_01,B01314,ING_OKRA,2026-01-30T09:00:00,consume,0.8148,kg,prep
SITE_KIT_01,B01398,ING_MUSHROOM,2026-01-30T09:00:00,consume,1.484,kg,prep
SITE_KIT_01,B01380,ING_MINT,2026-01-30T23:00:00,waste,0.4009,kg,spoilage
SITE_KIT_01,B01381,ING_CURRYLEAF,2026-01-30T23:00:00,waste,0.5,kg,spoilage
SITE_KIT_01,B01322,ING_BANANA,2026-01-30T23:00:00,waste,1.064,kg,spoilage
SITE_KIT_01,B01329,ING_MILK,2026-01-30T23:00:00,waste,1.05,kg,spoilage
SITE_KIT_01,B01410,ING_BATTER,2026-01-30T23:00:00,waste,1.856,kg,spoilage
SITE_KIT_01,B01448,ING_SPINACH,2026-01-31T07:00:00,receive,9.0,kg,LOT-B01448
SITE_KIT_01,B01449,ING_CORIANDER,2026-01-31T07:00:00,receive,1.5,kg,LOT-B01449
SITE_KIT_01,B01450,ING_MINT,2026-01-31T07:00:00,receive,0.75,kg,LOT-B01450
SITE_KIT_01,B01451,ING_CURRYLEAF,2026-01-31T07:00:00,receive,0.75,kg,LOT-B01451
SITE_KIT_01,B01452,ING_GHEE,2026-01-31T07:00:00,receive,25.0,kg,LOT-B01452
SITE_KIT_01,B01453,ING_RICE,2026-01-31T07:00:00,receive,190.0,kg,LOT-B01453
SITE_KIT_01,B01454,ING_ATTA,2026-01-31T07:00:00,receive,165.0,kg,LOT-B01454
SITE_KIT_01,B01455,ING_BESAN,2026-01-31T07:00:00,receive,10.0,kg,LOT-B01455
SITE_KIT_01,B01456,ING_OIL,2026-01-31T07:00:00,receive,20.0,kg,LOT-B01456
SITE_KIT_01,B01457,ING_CASHEW,2026-01-31T07:00:00,receive,5.0,kg,LOT-B01457
SITE_KIT_01,B01458,ING_COCONUT,2026-01-31T07:00:00,receive,10.0,kg,LOT-B01458
SITE_KIT_01,B01459,ING_TOORDAL,2026-01-31T07:00:00,receive,35.0,kg,LOT-B01459
SITE_KIT_01,B01460,ING_BATTER,2026-01-31T07:00:00,receive,16.0,kg,LOT-B01460
SITE_KIT_01,B01438,ING_CHICKEN,2026-01-31T09:00:00,consume,13.224,kg,prep
SITE_KIT_01,B01453,ING_RICE,2026-01-31T09:00:00,consume,35.971,kg,prep
SITE_KIT_01,B01347,ING_ONION,2026-01-31T09:00:00,consume,1.8033,kg,prep
SITE_KIT_01,B01417,ING_ONION,2026-01-31T09:00:00,consume,35.7371,kg,prep
SITE_KIT_01,B01416,ING_TOMATO,2026-01-31T09:00:00,consume,28.044,kg,prep
SITE_KIT_01,B01443,ING_CURD,2026-01-31T09:00:00,consume,12.3566,kg,prep
SITE_KIT_01,B01423,ING_GINGER,2026-01-31T09:00:00,consume,1.2357,kg,prep
SITE_KIT_01,B01354,ING_GARLIC,2026-01-31T09:00:00,consume,1.1205,kg,prep
SITE_KIT_01,B01424,ING_GARLIC,2026-01-31T09:00:00,consume,0.9426,kg,prep
SITE_KIT_01,B01309,ING_GCHILLI,2026-01-31T09:00:00,consume,0.0612,kg,prep
SITE_KIT_01,B01422,ING_GCHILLI,2026-01-31T09:00:00,consume,1.6348,kg,prep
SITE_KIT_01,B01450,ING_MINT,2026-01-31T09:00:00,consume,0.75,kg,prep
SITE_KIT_01,B01431,ING_MINT,2026-01-31T09:00:00,consume,0.025,kg,prep
SITE_KIT_01,B01412,ING_CORIANDER,2026-01-31T09:00:00,consume,1.3695,kg,prep
SITE_KIT_01,B01449,ING_CORIANDER,2026-01-31T09:00:00,consume,0.2586,kg,prep
SITE_KIT_01,B01332,ING_GHEE,2026-01-31T09:00:00,consume,4.7333,kg,prep
SITE_KIT_01,B01337,ING_CASHEW,2026-01-31T09:00:00,consume,1.443,kg,prep
SITE_KIT_01,B01425,ING_CARROT,2026-01-31T09:00:00,consume,2.6333,kg,prep
SITE_KIT_01,B01388,ING_CARROT,2026-01-31T09:00:00,consume,5.5623,kg,prep
SITE_KIT_01,B01434,ING_BEANS,2026-01-31T09:00:00,consume,4.8748,kg,prep
SITE_KIT_01,B01430,ING_PEAS,2026-01-31T09:00:00,consume,2.862,kg,prep
SITE_KIT_01,B01360,ING_PEAS,2026-01-31T09:00:00,consume,0.882,kg,prep
SITE_KIT_01,B01419,ING_CAULI,2026-01-31T09:00:00,consume,33.6545,kg,prep
SITE_KIT_01,B01348,ING_POTATO,2026-01-31T09:00:00,consume,0.1602,kg,prep
SITE_KIT_01,B01418,ING_POTATO,2026-01-31T09:00:00,consume,13.9164,kg,prep
SITE_KIT_01,B01442,ING_PANEER,2026-01-31T09:00:00,consume,15.86,kg,prep
SITE_KIT_01,B01446,ING_BUTTER,2026-01-31T09:00:00,consume,1.7019,kg,prep
SITE_KIT_01,B01409,ING_BUTTER,2026-01-31T09:00:00,consume,2.0434,kg,prep
SITE_KIT_01,B01408,ING_CREAM,2026-01-31T09:00:00,consume,0.066,kg,prep
SITE_KIT_01,B01445,ING_CREAM,2026-01-31T09:00:00,consume,3.223,kg,prep
SITE_KIT_01,B01426,ING_CAPSICUM,2026-01-31T09:00:00,consume,4.8382,kg,prep
SITE_KIT_01,B01335,ING_BESAN,2026-01-31T09:00:00,consume,1.586,kg,prep
SITE_KIT_01,B01336,ING_OIL,2026-01-31T09:00:00,consume,3.2305,kg,prep
SITE_KIT_01,B01420,ING_SPINACH,2026-01-31T09:00:00,consume,1.522,kg,prep
SITE_KIT_01,B01448,ING_SPINACH,2026-01-31T09:00:00,consume,9.0,kg,prep
SITE_KIT_01,B01378,ING_SPINACH,2026-01-31T09:00:00,consume,0.394,kg,prep
SITE_KIT_01,B01385,ING_SPINACH,2026-01-31T09:00:00,consume,0.1701,kg,prep
SITE_KIT_01,B01454,ING_ATTA,2026-01-31T09:00:00,consume,30.953,kg,prep
SITE_KIT_01,B01444,ING_MILK,2026-01-31T09:00:00,consume,1.627,kg,prep
SITE_KIT_01,B01196,ING_TOORDAL,2026-01-31T09:00:00,consume,6.63,kg,prep
SITE_KIT_01,B01432,ING_CURRYLEAF,2026-01-31T09:00:00,consume,0.238,kg,prep
SITE_KIT_01,B01451,ING_CURRYLEAF,2026-01-31T09:00:00,consume,0.3019,kg,prep
SITE_KIT_01,B01439,ING_MUTTON,2026-01-31T09:00:00,consume,8.14,kg,prep
SITE_KIT_01,B01447,ING_BATTER,2026-01-31T09:00:00,consume,13.312,kg,prep
SITE_KIT_01,B01440,ING_FISH,2026-01-31T09:00:00,consume,7.904,kg,prep
SITE_KIT_01,B01338,ING_COCONUT,2026-01-31T09:00:00,consume,0.032,kg,prep
SITE_KIT_01,B01458,ING_COCONUT,2026-01-31T09:00:00,consume,1.944,kg,prep
SITE_KIT_01,B01363,ING_LEMON,2026-01-31T09:00:00,consume,2.6785,kg,prep
SITE_KIT_01,B01436,ING_CUCUMBER,2026-01-31T09:00:00,consume,5.6364,kg,prep
SITE_KIT_01,B01427,ING_CABBAGE,2026-01-31T09:00:00,consume,2.4693,kg,prep
SITE_KIT_01,B01357,ING_CABBAGE,2026-01-31T09:00:00,consume,1.0369,kg,prep
SITE_KIT_01,B01400,ING_BANANA,2026-01-31T09:00:00,consume,0.0106,kg,prep
SITE_KIT_01,B01437,ING_BANANA,2026-01-31T09:00:00,consume,5.7788,kg,prep
SITE_KIT_01,B01441,ING_EGG,2026-01-31T09:00:00,consume,3.4983,kg,prep
SITE_KIT_01,B01391,ING_BRINJAL,2026-01-31T09:00:00,consume,1.0599,kg,prep
SITE_KIT_01,B01428,ING_BRINJAL,2026-01-31T09:00:00,consume,3.8638,kg,prep
SITE_KIT_01,B01314,ING_OKRA,2026-01-31T09:00:00,consume,0.2,kg,prep
SITE_KIT_01,B01429,ING_OKRA,2026-01-31T09:00:00,consume,5.3477,kg,prep
SITE_KIT_01,B01398,ING_MUSHROOM,2026-01-31T09:00:00,consume,0.2399,kg,prep
SITE_KIT_01,B01435,ING_MUSHROOM,2026-01-31T09:00:00,consume,1.4175,kg,prep
SITE_KIT_01,B01385,ING_SPINACH,2026-01-31T23:00:00,waste,9.8299,kg,spoilage
SITE_KIT_01,B01461,ING_TOMATO,2026-02-01T07:00:00,receive,78.684,kg,LOT-B01461
SITE_KIT_01,B01462,ING_CAULI,2026-02-01T07:00:00,receive,93.121,kg,LOT-B01462
SITE_KIT_01,B01463,ING_SPINACH,2026-02-01T07:00:00,receive,12.0,kg,LOT-B01463
SITE_KIT_01,B01464,ING_CORIANDER,2026-02-01T07:00:00,receive,1.25,kg,LOT-B01464
SITE_KIT_01,B01465,ING_GCHILLI,2026-02-01T07:00:00,receive,4.0,kg,LOT-B01465
SITE_KIT_01,B01466,ING_CARROT,2026-02-01T07:00:00,receive,16.0,kg,LOT-B01466
SITE_KIT_01,B01467,ING_CAPSICUM,2026-02-01T07:00:00,receive,9.0,kg,LOT-B01467
SITE_KIT_01,B01468,ING_CABBAGE,2026-02-01T07:00:00,receive,6.0,kg,LOT-B01468
SITE_KIT_01,B01469,ING_BRINJAL,2026-02-01T07:00:00,receive,7.062,kg,LOT-B01469
SITE_KIT_01,B01470,ING_OKRA,2026-02-01T07:00:00,receive,9.0,kg,LOT-B01470
SITE_KIT_01,B01471,ING_PEAS,2026-02-01T07:00:00,receive,7.0,kg,LOT-B01471
SITE_KIT_01,B01472,ING_MINT,2026-02-01T07:00:00,receive,0.75,kg,LOT-B01472
SITE_KIT_01,B01473,ING_CURRYLEAF,2026-02-01T07:00:00,receive,0.5,kg,LOT-B01473
SITE_KIT_01,B01474,ING_LEMON,2026-02-01T07:00:00,receive,4.0,kg,LOT-B01474
SITE_KIT_01,B01475,ING_BEANS,2026-02-01T07:00:00,receive,8.589,kg,LOT-B01475
SITE_KIT_01,B01476,ING_MUSHROOM,2026-02-01T07:00:00,receive,4.0,kg,LOT-B01476
SITE_KIT_01,B01477,ING_CUCUMBER,2026-02-01T07:00:00,receive,10.0,kg,LOT-B01477
SITE_KIT_01,B01478,ING_BANANA,2026-02-01T07:00:00,receive,16.0,kg,LOT-B01478
SITE_KIT_01,B01479,ING_CHICKEN,2026-02-01T07:00:00,receive,32.0,kg,LOT-B01479
SITE_KIT_01,B01480,ING_MUTTON,2026-02-01T07:00:00,receive,15.0,kg,LOT-B01480
SITE_KIT_01,B01481,ING_FISH,2026-02-01T07:00:00,receive,15.0,kg,LOT-B01481
SITE_KIT_01,B01482,ING_EGG,2026-02-01T07:00:00,receive,7.0,kg,LOT-B01482
SITE_KIT_01,B01483,ING_PANEER,2026-02-01T07:00:00,receive,20.0,kg,LOT-B01483
SITE_KIT_01,B01484,ING_CURD,2026-02-01T07:00:00,receive,24.0,kg,LOT-B01484
SITE_KIT_01,B01485,ING_MILK,2026-02-01T07:00:00,receive,8.0,kg,LOT-B01485
SITE_KIT_01,B01486,ING_CREAM,2026-02-01T07:00:00,receive,6.0,kg,LOT-B01486
SITE_KIT_01,B01487,ING_BUTTER,2026-02-01T07:00:00,receive,7.0,kg,LOT-B01487
SITE_KIT_01,B01488,ING_BATTER,2026-02-01T07:00:00,receive,13.0,kg,LOT-B01488
SITE_KIT_01,B01479,ING_CHICKEN,2026-02-01T09:00:00,consume,16.38,kg,prep
SITE_KIT_01,B01453,ING_RICE,2026-02-01T09:00:00,consume,31.967,kg,prep
SITE_KIT_01,B01417,ING_ONION,2026-02-01T09:00:00,consume,36.1107,kg,prep
SITE_KIT_01,B01461,ING_TOMATO,2026-02-01T09:00:00,consume,26.319,kg,prep
SITE_KIT_01,B01484,ING_CURD,2026-02-01T09:00:00,consume,12.9246,kg,prep
SITE_KIT_01,B01423,ING_GINGER,2026-02-01T09:00:00,consume,1.1348,kg,prep
SITE_KIT_01,B01424,ING_GARLIC,2026-02-01T09:00:00,consume,1.8822,kg,prep
SITE_KIT_01,B01465,ING_GCHILLI,2026-02-01T09:00:00,consume,1.7071,kg,prep
SITE_KIT_01,B01431,ING_MINT,2026-02-01T09:00:00,consume,0.6943,kg,prep
SITE_KIT_01,B01449,ING_CORIANDER,2026-02-01T09:00:00,consume,1.2414,kg,prep
SITE_KIT_01,B01464,ING_CORIANDER,2026-02-01T09:00:00,consume,0.258,kg,prep
SITE_KIT_01,B01332,ING_GHEE,2026-02-01T09:00:00,consume,2.2743,kg,prep
SITE_KIT_01,B01452,ING_GHEE,2026-02-01T09:00:00,consume,2.0391,kg,prep
SITE_KIT_01,B01337,ING_CASHEW,2026-02-01T09:00:00,consume,0.6218,kg,prep
SITE_KIT_01,B01194,ING_CASHEW,2026-02-01T09:00:00,consume,0.7042,kg,prep
SITE_KIT_01,B01388,ING_CARROT,2026-02-01T09:00:00,consume,0.8336,kg,prep
SITE_KIT_01,B01466,ING_CARROT,2026-02-01T09:00:00,consume,6.3449,kg,prep
SITE_KIT_01,B01475,ING_BEANS,2026-02-01T09:00:00,consume,4.4018,kg,prep
SITE_KIT_01,B01360,ING_PEAS,2026-02-01T09:00:00,consume,1.396,kg,prep
SITE_KIT_01,B01471,ING_PEAS,2026-02-01T09:00:00,consume,1.958,kg,prep
SITE_KIT_01,B01419,ING_CAULI,2026-02-01T09:00:00,consume,3.1742,kg,prep
SITE_KIT_01,B01462,ING_CAULI,2026-02-01T09:00:00,consume,28.2084,kg,prep
SITE_KIT_01,B01418,ING_POTATO,2026-02-01T09:00:00,consume,17.355,kg,prep
SITE_KIT_01,B01442,ING_PANEER,2026-02-01T09:00:00,consume,13.251,kg,prep
SITE_KIT_01,B01483,ING_PANEER,2026-02-01T09:00:00,consume,1.387,kg,prep
SITE_KIT_01,B01487,ING_BUTTER,2026-02-01T09:00:00,consume,3.4619,kg,prep
SITE_KIT_01,B01445,ING_CREAM,2026-02-01T09:00:00,consume,0.777,kg,prep
SITE_KIT_01,B01486,ING_CREAM,2026-02-01T09:00:00,consume,2.2416,kg,prep
SITE_KIT_01,B01467,ING_CAPSICUM,2026-02-01T09:00:00,consume,4.359,kg,prep
SITE_KIT_01,B01335,ING_BESAN,2026-02-01T09:00:00,consume,1.482,kg,prep
SITE_KIT_01,B01336,ING_OIL,2026-02-01T09:00:00,consume,2.718,kg,prep
SITE_KIT_01,B01456,ING_OIL,2026-02-01T09:00:00,consume,0.87,kg,prep
SITE_KIT_01,B01463,ING_SPINACH,2026-02-01T09:00:00,consume,10.0777,kg,prep
SITE_KIT_01,B01454,ING_ATTA,2026-02-01T09:00:00,consume,27.157,kg,prep
SITE_KIT_01,B01485,ING_MILK,2026-02-01T09:00:00,consume,2.587,kg,prep
SITE_KIT_01,B01196,ING_TOORDAL,2026-02-01T09:00:00,consume,0.312,kg,prep
SITE_KIT_01,B01459,ING_TOORDAL,2026-02-01T09:00:00,consume,6.162,kg,prep
SITE_KIT_01,B01451,ING_CURRYLEAF,2026-02-01T09:00:00,consume,0.4481,kg,prep
SITE_KIT_01,B01414,ING_CURRYLEAF,2026-02-01T09:00:00,consume,0.1491,kg,prep
SITE_KIT_01,B01480,ING_MUTTON,2026-02-01T09:00:00,consume,8.84,kg,prep
SITE_KIT_01,B01488,ING_BATTER,2026-02-01T09:00:00,consume,13.0,kg,prep
SITE_KIT_01,B01447,ING_BATTER,2026-02-01T09:00:00,consume,2.688,kg,prep
SITE_KIT_01,B01460,ING_BATTER,2026-02-01T09:00:00,consume,2.824,kg,prep
SITE_KIT_01,B01440,ING_FISH,2026-02-01T09:00:00,consume,0.096,kg,prep
SITE_KIT_01,B01481,ING_FISH,2026-02-01T09:00:00,consume,6.768,kg,prep
SITE_KIT_01,B01458,ING_COCONUT,2026-02-01T09:00:00,consume,1.716,kg,prep
SITE_KIT_01,B01363,ING_LEMON,2026-02-01T09:00:00,consume,0.7094,kg,prep
SITE_KIT_01,B01433,ING_LEMON,2026-02-01T09:00:00,consume,1.6147,kg,prep
SITE_KIT_01,B01436,ING_CUCUMBER,2026-02-01T09:00:00,consume,1.7267,kg,prep
SITE_KIT_01,B01477,ING_CUCUMBER,2026-02-01T09:00:00,consume,3.3524,kg,prep
SITE_KIT_01,B01357,ING_CABBAGE,2026-02-01T09:00:00,consume,1.4263,kg,prep
SITE_KIT_01,B01468,ING_CABBAGE,2026-02-01T09:00:00,consume,1.7272,kg,prep
SITE_KIT_01,B01437,ING_BANANA,2026-02-01T09:00:00,consume,4.2212,kg,prep
SITE_KIT_01,B01478,ING_BANANA,2026-02-01T09:00:00,consume,0.7843,kg,prep
SITE_KIT_01,B01441,ING_EGG,2026-02-01T09:00:00,consume,0.3427,kg,prep
SITE_KIT_01,B01482,ING_EGG,2026-02-01T09:00:00,consume,2.8397,kg,prep
SITE_KIT_01,B01428,ING_BRINJAL,2026-02-01T09:00:00,consume,2.1362,kg,prep
SITE_KIT_01,B01469,ING_BRINJAL,2026-02-01T09:00:00,consume,2.2762,kg,prep
SITE_KIT_01,B01429,ING_OKRA,2026-02-01T09:00:00,consume,2.6523,kg,prep
SITE_KIT_01,B01470,ING_OKRA,2026-02-01T09:00:00,consume,2.4251,kg,prep
SITE_KIT_01,B01435,ING_MUSHROOM,2026-02-01T09:00:00,consume,0.3625,kg,prep
SITE_KIT_01,B01476,ING_MUSHROOM,2026-02-01T09:00:00,consume,1.107,kg,prep
SITE_KIT_01,B01414,ING_CURRYLEAF,2026-02-01T23:00:00,waste,0.6009,kg,spoilage
SITE_KIT_01,B01489,ING_SPINACH,2026-02-02T07:00:00,receive,11.0,kg,LOT-B01489
SITE_KIT_01,B01490,ING_CORIANDER,2026-02-02T07:00:00,receive,1.5,kg,LOT-B01490
SITE_KIT_01,B01491,ING_MINT,2026-02-02T07:00:00,receive,0.75,kg,LOT-B01491
SITE_KIT_01,B01492,ING_CURRYLEAF,2026-02-02T07:00:00,receive,0.75,kg,LOT-B01492
SITE_KIT_01,B01493,ING_BATTER,2026-02-02T07:00:00,receive,15.0,kg,LOT-B01493
SITE_KIT_01,B01479,ING_CHICKEN,2026-02-02T09:00:00,consume,8.658,kg,prep
SITE_KIT_01,B01453,ING_RICE,2026-02-02T09:00:00,consume,19.604,kg,prep
SITE_KIT_01,B01417,ING_ONION,2026-02-02T09:00:00,consume,22.2782,kg,prep
SITE_KIT_01,B01461,ING_TOMATO,2026-02-02T09:00:00,consume,17.4192,kg,prep
SITE_KIT_01,B01484,ING_CURD,2026-02-02T09:00:00,consume,7.839,kg,prep
SITE_KIT_01,B01423,ING_GINGER,2026-02-02T09:00:00,consume,0.1581,kg,prep
SITE_KIT_01,B01353,ING_GINGER,2026-02-02T09:00:00,consume,0.534,kg,prep
SITE_KIT_01,B01424,ING_GARLIC,2026-02-02T09:00:00,consume,1.1602,kg,prep
SITE_KIT_01,B01465,ING_GCHILLI,2026-02-02T09:00:00,consume,0.9879,kg,prep
SITE_KIT_01,B01491,ING_MINT,2026-02-02T09:00:00,consume,0.3911,kg,prep
SITE_KIT_01,B01490,ING_CORIANDER,2026-02-02T09:00:00,consume,0.9017,kg,prep
SITE_KIT_01,B01452,ING_GHEE,2026-02-02T09:00:00,consume,2.5142,kg,prep
SITE_KIT_01,B01194,ING_CASHEW,2026-02-02T09:00:00,consume,0.9022,kg,prep
SITE_KIT_01,B01466,ING_CARROT,2026-02-02T09:00:00,consume,4.737,kg,prep
SITE_KIT_01,B01475,ING_BEANS,2026-02-02T09:00:00,consume,2.9645,kg,prep
SITE_KIT_01,B01471,ING_PEAS,2026-02-02T09:00:00,consume,2.184,kg,prep
SITE_KIT_01,B01462,ING_CAULI,2026-02-02T09:00:00,consume,20.6514,kg,prep
SITE_KIT_01,B01418,ING_POTATO,2026-02-02T09:00:00,consume,10.8427,kg,prep
SITE_KIT_01,B01483,ING_PANEER,2026-02-02T09:00:00,consume,10.803,kg,prep
SITE_KIT_01,B01487,ING_BUTTER,2026-02-02T09:00:00,consume,2.3569,kg,prep
SITE_KIT_01,B01486,ING_CREAM,2026-02-02T09:00:00,consume,2.1944,kg,prep
SITE_KIT_01,B01467,ING_CAPSICUM,2026-02-02T09:00:00,consume,2.8142,kg,prep
SITE_KIT_01,B01335,ING_BESAN,2026-02-02T09:00:00,consume,0.91,kg,prep
SITE_KIT_01,B01456,ING_OIL,2026-02-02T09:00:00,consume,2.249,kg,prep
SITE_KIT_01,B01463,ING_SPINACH,2026-02-02T09:00:00,consume,1.9223,kg,prep
SITE_KIT_01,B01489,ING_SPINACH,2026-02-02T09:00:00,consume,4.0784,kg,prep
SITE_KIT_01,B01454,ING_ATTA,2026-02-02T09:00:00,consume,18.174,kg,prep
SITE_KIT_01,B01485,ING_MILK,2026-02-02T09:00:00,consume,1.56,kg,prep
SITE_KIT_01,B01459,ING_TOORDAL,2026-02-02T09:00:00,consume,3.822,kg,prep
SITE_KIT_01,B01492,ING_CURRYLEAF,2026-02-02T09:00:00,consume,0.3634,kg,prep
SITE_KIT_01,B01480,ING_MUTTON,2026-02-02T09:00:00,consume,4.16,kg,prep
SITE_KIT_01,B01493,ING_BATTER,2026-02-02T09:00:00,consume,11.856,kg,prep
SITE_KIT_01,B01481,ING_FISH,2026-02-02T09:00:00,consume,4.16,kg,prep
SITE_KIT_01,B01458,ING_COCONUT,2026-02-02T09:00:00,consume,1.04,kg,prep
SITE_KIT_01,B01433,ING_LEMON,2026-02-02T09:00:00,consume,1.513,kg,prep
SITE_KIT_01,B01477,ING_CUCUMBER,2026-02-02T09:00:00,consume,3.3375,kg,prep
SITE_KIT_01,B01468,ING_CABBAGE,2026-02-02T09:00:00,consume,2.1349,kg,prep
SITE_KIT_01,B01478,ING_BANANA,2026-02-02T09:00:00,consume,3.466,kg,prep
SITE_KIT_01,B01482,ING_EGG,2026-02-02T09:00:00,consume,2.1294,kg,prep
SITE_KIT_01,B01469,ING_BRINJAL,2026-02-02T09:00:00,consume,3.0398,kg,prep
SITE_KIT_01,B01470,ING_OKRA,2026-02-02T09:00:00,consume,3.4764,kg,prep
SITE_KIT_01,B01476,ING_MUSHROOM,2026-02-02T09:00:00,consume,0.9795,kg,prep
SITE_KIT_01,B01200,ING_POTATO,2026-02-02T23:00:00,waste,4.9516,kg,spoilage
SITE_KIT_01,B01431,ING_MINT,2026-02-02T23:00:00,waste,0.0308,kg,spoilage
SITE_KIT_01,B01460,ING_BATTER,2026-02-02T23:00:00,waste,13.176,kg,spoilage
SITE_KIT_01,B01494,ING_TOMATO,2026-02-03T07:00:00,receive,21.0,kg,LOT-B01494
SITE_KIT_01,B01495,ING_ONION,2026-02-03T07:00:00,receive,105.559,kg,LOT-B01495
SITE_KIT_01,B01496,ING_POTATO,2026-02-03T07:00:00,receive,78.0,kg,LOT-B01496
SITE_KIT_01,B01497,ING_CAULI,2026-02-03T07:00:00,receive,27.0,kg,LOT-B01497
SITE_KIT_01,B01498,ING_SPINACH,2026-02-03T07:00:00,receive,8.0,kg,LOT-B01498
SITE_KIT_01,B01499,ING_CORIANDER,2026-02-03T07:00:00,receive,1.25,kg,LOT-B01499
SITE_KIT_01,B01500,ING_GCHILLI,2026-02-03T07:00:00,receive,3.0,kg,LOT-B01500
SITE_KIT_01,B01501,ING_GINGER,2026-02-03T07:00:00,receive,3.578,kg,LOT-B01501
SITE_KIT_01,B01502,ING_GARLIC,2026-02-03T07:00:00,receive,5.294,kg,LOT-B01502
SITE_KIT_01,B01503,ING_CARROT,2026-02-03T07:00:00,receive,11.0,kg,LOT-B01503
SITE_KIT_01,B01504,ING_CAPSICUM,2026-02-03T07:00:00,receive,7.0,kg,LOT-B01504
SITE_KIT_01,B01505,ING_CABBAGE,2026-02-03T07:00:00,receive,4.502,kg,LOT-B01505
SITE_KIT_01,B01506,ING_BRINJAL,2026-02-03T07:00:00,receive,7.862,kg,LOT-B01506
SITE_KIT_01,B01507,ING_OKRA,2026-02-03T07:00:00,receive,9.0,kg,LOT-B01507
SITE_KIT_01,B01508,ING_PEAS,2026-02-03T07:00:00,receive,4.75,kg,LOT-B01508
SITE_KIT_01,B01509,ING_MINT,2026-02-03T07:00:00,receive,0.75,kg,LOT-B01509
SITE_KIT_01,B01510,ING_CURRYLEAF,2026-02-03T07:00:00,receive,0.463,kg,LOT-B01510
SITE_KIT_01,B01511,ING_LEMON,2026-02-03T07:00:00,receive,5.0,kg,LOT-B01511
SITE_KIT_01,B01512,ING_BEANS,2026-02-03T07:00:00,receive,8.0,kg,LOT-B01512
SITE_KIT_01,B01513,ING_MUSHROOM,2026-02-03T07:00:00,receive,2.0,kg,LOT-B01513
SITE_KIT_01,B01514,ING_CUCUMBER,2026-02-03T07:00:00,receive,8.0,kg,LOT-B01514
SITE_KIT_01,B01515,ING_BANANA,2026-02-03T07:00:00,receive,10.0,kg,LOT-B01515
SITE_KIT_01,B01516,ING_CHICKEN,2026-02-03T07:00:00,receive,24.0,kg,LOT-B01516
SITE_KIT_01,B01517,ING_MUTTON,2026-02-03T07:00:00,receive,22.0,kg,LOT-B01517
SITE_KIT_01,B01518,ING_FISH,2026-02-03T07:00:00,receive,10.0,kg,LOT-B01518
SITE_KIT_01,B01519,ING_EGG,2026-02-03T07:00:00,receive,3.0,kg,LOT-B01519
SITE_KIT_01,B01520,ING_PANEER,2026-02-03T07:00:00,receive,35.0,kg,LOT-B01520
SITE_KIT_01,B01521,ING_CURD,2026-02-03T07:00:00,receive,24.0,kg,LOT-B01521
SITE_KIT_01,B01522,ING_MILK,2026-02-03T07:00:00,receive,2.0,kg,LOT-B01522
SITE_KIT_01,B01523,ING_CREAM,2026-02-03T07:00:00,receive,5.0,kg,LOT-B01523
SITE_KIT_01,B01524,ING_BUTTER,2026-02-03T07:00:00,receive,5.0,kg,LOT-B01524
SITE_KIT_01,B01525,ING_BATTER,2026-02-03T07:00:00,receive,13.0,kg,LOT-B01525
SITE_KIT_01,B01479,ING_CHICKEN,2026-02-03T09:00:00,consume,6.962,kg,prep
SITE_KIT_01,B01516,ING_CHICKEN,2026-02-03T09:00:00,consume,2.632,kg,prep
SITE_KIT_01,B01453,ING_RICE,2026-02-03T09:00:00,consume,22.23,kg,prep
SITE_KIT_01,B01417,ING_ONION,2026-02-03T09:00:00,consume,13.874,kg,prep
SITE_KIT_01,B01495,ING_ONION,2026-02-03T09:00:00,consume,9.6823,kg,prep
SITE_KIT_01,B01461,ING_TOMATO,2026-02-03T09:00:00,consume,16.946,kg,prep
SITE_KIT_01,B01484,ING_CURD,2026-02-03T09:00:00,consume,3.2364,kg,prep
SITE_KIT_01,B01521,ING_CURD,2026-02-03T09:00:00,consume,5.2747,kg,prep
SITE_KIT_01,B01501,ING_GINGER,2026-02-03T09:00:00,consume,0.7003,kg,prep
SITE_KIT_01,B01502,ING_GARLIC,2026-02-03T09:00:00,consume,1.1454,kg,prep
SITE_KIT_01,B01465,ING_GCHILLI,2026-02-03T09:00:00,consume,1.0701,kg,prep
SITE_KIT_01,B01491,ING_MINT,2026-02-03T09:00:00,consume,0.3589,kg,prep
SITE_KIT_01,B01509,ING_MINT,2026-02-03T09:00:00,consume,0.1387,kg,prep
SITE_KIT_01,B01490,ING_CORIANDER,2026-02-03T09:00:00,consume,0.5983,kg,prep
SITE_KIT_01,B01499,ING_CORIANDER,2026-02-03T09:00:00,consume,0.4376,kg,prep
SITE_KIT_01,B01452,ING_GHEE,2026-02-03T09:00:00,consume,2.7937,kg,prep
SITE_KIT_01,B01194,ING_CASHEW,2026-02-03T09:00:00,consume,0.819,kg,prep
SITE_KIT_01,B01466,ING_CARROT,2026-02-03T09:00:00,consume,4.9181,kg,prep
SITE_KIT_01,B01503,ING_CARROT,2026-02-03T09:00:00,consume,0.4993,kg,prep
SITE_KIT_01,B01475,ING_BEANS,2026-02-03T09:00:00,consume,1.2227,kg,prep
SITE_KIT_01,B01512,ING_BEANS,2026-02-03T09:00:00,consume,2.1614,kg,prep
SITE_KIT_01,B01508,ING_PEAS,2026-02-03T09:00:00,consume,2.522,kg,prep
SITE_KIT_01,B01497,ING_CAULI,2026-02-03T09:00:00,consume,20.261,kg,prep
SITE_KIT_01,B01418,ING_POTATO,2026-02-03T09:00:00,consume,9.886,kg,prep
SITE_KIT_01,B01496,ING_POTATO,2026-02-03T09:00:00,consume,2.902,kg,prep
SITE_KIT_01,B01483,ING_PANEER,2026-02-03T09:00:00,consume,7.81,kg,prep
SITE_KIT_01,B01520,ING_PANEER,2026-02-03T09:00:00,consume,1.693,kg,prep
SITE_KIT_01,B01487,ING_BUTTER,2026-02-03T09:00:00,consume,1.1812,kg,prep
SITE_KIT_01,B01409,ING_BUTTER,2026-02-03T09:00:00,consume,0.8674,kg,prep
SITE_KIT_01,B01524,ING_BUTTER,2026-02-03T09:00:00,consume,0.1562,kg,prep
SITE_KIT_01,B01486,ING_CREAM,2026-02-03T09:00:00,consume,1.564,kg,prep
SITE_KIT_01,B01523,ING_CREAM,2026-02-03T09:00:00,consume,0.3938,kg,prep
SITE_KIT_01,B01467,ING_CAPSICUM,2026-02-03T09:00:00,consume,1.8269,kg,prep
SITE_KIT_01,B01504,ING_CAPSICUM,2026-02-03T09:00:00,consume,1.0353,kg,prep
SITE_KIT_01,B01335,ING_BESAN,2026-02-03T09:00:00,consume,0.698,kg,prep
SITE_KIT_01,B01455,ING_BESAN,2026-02-03T09:00:00,consume,0.212,kg,prep
SITE_KIT_01,B01456,ING_OIL,2026-02-03T09:00:00,consume,2.3855,kg,prep
SITE_KIT_01,B01489,ING_SPINACH,2026-02-03T09:00:00,consume,6.7578,kg,prep
SITE_KIT_01,B01454,ING_ATTA,2026-02-03T09:00:00,consume,19.006,kg,prep
SITE_KIT_01,B01485,ING_MILK,2026-02-03T09:00:00,consume,1.612,kg,prep
SITE_KIT_01,B01459,ING_TOORDAL,2026-02-03T09:00:00,consume,4.056,kg,prep
SITE_KIT_01,B01492,ING_CURRYLEAF,2026-02-03T09:00:00,consume,0.3865,kg,prep
SITE_KIT_01,B01480,ING_MUTTON,2026-02-03T09:00:00,consume,2.0,kg,prep
SITE_KIT_01,B01517,ING_MUTTON,2026-02-03T09:00:00,consume,2.42,kg,prep
SITE_KIT_01,B01493,ING_BATTER,2026-02-03T09:00:00,consume,3.144,kg,prep
SITE_KIT_01,B01525,ING_BATTER,2026-02-03T09:00:00,consume,10.168,kg,prep
SITE_KIT_01,B01481,ING_FISH,2026-02-03T09:00:00,consume,4.072,kg,prep
SITE_KIT_01,B01518,ING_FISH,2026-02-03T09:00:00,consume,0.296,kg,prep
SITE_KIT_01,B01458,ING_COCONUT,2026-02-03T09:00:00,consume,1.092,kg,prep
SITE_KIT_01,B01511,ING_LEMON,2026-02-03T09:00:00,consume,1.6138,kg,prep
SITE_KIT_01,B01514,ING_CUCUMBER,2026-02-03T09:00:00,consume,3.4421,kg,prep
SITE_KIT_01,B01468,ING_CABBAGE,2026-02-03T09:00:00,consume,2.1379,kg,prep
SITE_KIT_01,B01505,ING_CABBAGE,2026-02-03T09:00:00,consume,0.0806,kg,prep
SITE_KIT_01,B01478,ING_BANANA,2026-02-03T09:00:00,consume,3.6015,kg,prep
SITE_KIT_01,B01482,ING_EGG,2026-02-03T09:00:00,consume,2.0309,kg,prep
SITE_KIT_01,B01519,ING_EGG,2026-02-03T09:00:00,consume,0.1453,kg,prep
SITE_KIT_01,B01469,ING_BRINJAL,2026-02-03T09:00:00,consume,1.746,kg,prep
SITE_KIT_01,B01506,ING_BRINJAL,2026-02-03T09:00:00,consume,1.2409,kg,prep
SITE_KIT_01,B01507,ING_OKRA,2026-02-03T09:00:00,consume,3.5813,kg,prep
SITE_KIT_01,B01476,ING_MUSHROOM,2026-02-03T09:00:00,consume,1.0101,kg,prep
SITE_KIT_01,B01404,ING_EGG,2026-02-03T23:00:00,waste,2.6212,kg,spoilage
SITE_KIT_01,B01526,ING_SPINACH,2026-02-04T07:00:00,receive,9.0,kg,LOT-B01526
SITE_KIT_01,B01527,ING_CORIANDER,2026-02-04T07:00:00,receive,2.0,kg,LOT-B01527
SITE_KIT_01,B01528,ING_MINT,2026-02-04T07:00:00,receive,0.75,kg,LOT-B01528
SITE_KIT_01,B01529,ING_CURRYLEAF,2026-02-04T07:00:00,receive,0.5,kg,LOT-B01529
SITE_KIT_01,B01530,ING_BATTER,2026-02-04T07:00:00,receive,14.0,kg,LOT-B01530
SITE_KIT_01,B01516,ING_CHICKEN,2026-02-04T09:00:00,consume,10.296,kg,prep
SITE_KIT_01,B01453,ING_RICE,2026-02-04T09:00:00,consume,22.451,kg,prep
SITE_KIT_01,B01495,ING_ONION,2026-02-04T09:00:00,consume,25.0421,kg,prep
SITE_KIT_01,B01461,ING_TOMATO,2026-02-04T09:00:00,consume,17.0361,kg,prep
SITE_KIT_01,B01521,ING_CURD,2026-02-04T09:00:00,consume,8.7685,kg,prep
SITE_KIT_01,B01501,ING_GINGER,2026-02-04T09:00:00,consume,0.7108,kg,prep
SITE_KIT_01,B01502,ING_GARLIC,2026-02-04T09:00:00,consume,1.2295,kg,prep
SITE_KIT_01,B01465,ING_GCHILLI,2026-02-04T09:00:00,consume,0.2348,kg,prep
SITE_KIT_01,B01500,ING_GCHILLI,2026-02-04T09:00:00,consume,1.0014,kg,prep
SITE_KIT_01,B01509,ING_MINT,2026-02-04T09:00:00,consume,0.4644,kg,prep
SITE_KIT_01,B01499,ING_CORIANDER,2026-02-04T09:00:00,consume,0.8124,kg,prep
SITE_KIT_01,B01464,ING_CORIANDER,2026-02-04T09:00:00,consume,0.1991,kg,prep
SITE_KIT_01,B01452,ING_GHEE,2026-02-04T09:00:00,consume,2.8548,kg,prep
SITE_KIT_01,B01194,ING_CASHEW,2026-02-04T09:00:00,consume,0.8632,kg,prep
SITE_KIT_01,B01503,ING_CARROT,2026-02-04T09:00:00,consume,5.0841,kg,prep
SITE_KIT_01,B01512,ING_BEANS,2026-02-04T09:00:00,consume,3.126,kg,prep
SITE_KIT_01,B01508,ING_PEAS,2026-02-04T09:00:00,consume,2.228,kg,prep
SITE_KIT_01,B01471,ING_PEAS,2026-02-04T09:00:00,consume,0.138,kg,prep
SITE_KIT_01,B01497,ING_CAULI,2026-02-04T09:00:00,consume,6.739,kg,prep
SITE_KIT_01,B01462,ING_CAULI,2026-02-04T09:00:00,consume,17.1877,kg,prep
SITE_KIT_01,B01496,ING_POTATO,2026-02-04T09:00:00,consume,15.1772,kg,prep
SITE_KIT_01,B01520,ING_PANEER,2026-02-04T09:00:00,consume,9.789,kg,prep
SITE_KIT_01,B01524,ING_BUTTER,2026-02-04T09:00:00,consume,2.3686,kg,prep
SITE_KIT_01,B01523,ING_CREAM,2026-02-04T09:00:00,consume,2.0098,kg,prep
SITE_KIT_01,B01504,ING_CAPSICUM,2026-02-04T09:00:00,consume,3.0595,kg,prep
SITE_KIT_01,B01455,ING_BESAN,2026-02-04T09:00:00,consume,1.04,kg,prep
SITE_KIT_01,B01456,ING_OIL,2026-02-04T09:00:00,consume,2.938,kg,prep
SITE_KIT_01,B01489,ING_SPINACH,2026-02-04T09:00:00,consume,0.1638,kg,prep
SITE_KIT_01,B01526,ING_SPINACH,2026-02-04T09:00:00,consume,6.6354,kg,prep
SITE_KIT_01,B01454,ING_ATTA,2026-02-04T09:00:00,consume,19.214,kg,prep
SITE_KIT_01,B01485,ING_MILK,2026-02-04T09:00:00,consume,1.82,kg,prep
SITE_KIT_01,B01459,ING_TOORDAL,2026-02-04T09:00:00,consume,4.212,kg,prep
SITE_KIT_01,B01492,ING_CURRYLEAF,2026-02-04T09:00:00,consume,0.0002,kg,prep
SITE_KIT_01,B01510,ING_CURRYLEAF,2026-02-04T09:00:00,consume,0.463,kg,prep
SITE_KIT_01,B01529,ING_CURRYLEAF,2026-02-04T09:00:00,consume,0.0001,kg,prep
SITE_KIT_01,B01517,ING_MUTTON,2026-02-04T09:00:00,consume,4.68,kg,prep
SITE_KIT_01,B01525,ING_BATTER,2026-02-04T09:00:00,consume,2.832,kg,prep
SITE_KIT_01,B01530,ING_BATTER,2026-02-04T09:00:00,consume,14.0,kg,prep
SITE_KIT_01,B01518,ING_FISH,2026-02-04T09:00:00,consume,4.576,kg,prep
SITE_KIT_01,B01458,ING_COCONUT,2026-02-04T09:00:00,consume,1.144,kg,prep
SITE_KIT_01,B01511,ING_LEMON,2026-02-04T09:00:00,consume,1.7186,kg,prep
SITE_KIT_01,B01514,ING_CUCUMBER,2026-02-04T09:00:00,consume,3.4993,kg,prep
SITE_KIT_01,B01505,ING_CABBAGE,2026-02-04T09:00:00,consume,2.3517,kg,prep
SITE_KIT_01,B01478,ING_BANANA,2026-02-04T09:00:00,consume,3.799,kg,prep
SITE_KIT_01,B01519,ING_EGG,2026-02-04T09:00:00,consume,2.2932,kg,prep
SITE_KIT_01,B01506,ING_BRINJAL,2026-02-04T09:00:00,consume,3.1964,kg,prep
SITE_KIT_01,B01507,ING_OKRA,2026-02-04T09:00:00,consume,3.7281,kg,prep
SITE_KIT_01,B01476,ING_MUSHROOM,2026-02-04T09:00:00,consume,0.9035,kg,prep
SITE_KIT_01,B01513,ING_MUSHROOM,2026-02-04T09:00:00,consume,0.1903,kg,prep
SITE_KIT_01,B01464,ING_CORIANDER,2026-02-04T23:00:00,waste,0.7929,kg,spoilage
SITE_KIT_01,B01472,ING_MINT,2026-02-04T23:00:00,waste,0.75,kg,spoilage
SITE_KIT_01,B01473,ING_CURRYLEAF,2026-02-04T23:00:00,waste,0.5,kg,spoilage
SITE_KIT_01,B01531,ING_TOMATO,2026-02-05T07:00:00,receive,34.0,kg,LOT-B01531
SITE_KIT_01,B01532,ING_CAULI,2026-02-05T07:00:00,receive,45.0,kg,LOT-B01532
SITE_KIT_01,B01533,ING_SPINACH,2026-02-05T07:00:00,receive,9.0,kg,LOT-B01533
SITE_KIT_01,B01534,ING_CORIANDER,2026-02-05T07:00:00,receive,1.399,kg,LOT-B01534
SITE_KIT_01,B01535,ING_GCHILLI,2026-02-05T07:00:00,receive,2.0,kg,LOT-B01535
SITE_KIT_01,B01536,ING_CARROT,2026-02-05T07:00:00,receive,11.0,kg,LOT-B01536
SITE_KIT_01,B01537,ING_CAPSICUM,2026-02-05T07:00:00,receive,6.0,kg,LOT-B01537
SITE_KIT_01,B01538,ING_CABBAGE,2026-02-05T07:00:00,receive,6.0,kg,LOT-B01538
SITE_KIT_01,B01539,ING_BRINJAL,2026-02-05T07:00:00,receive,7.0,kg,LOT-B01539
SITE_KIT_01,B01540,ING_OKRA,2026-02-05T07:00:00,receive,7.0,kg,LOT-B01540
SITE_KIT_01,B01541,ING_PEAS,2026-02-05T07:00:00,receive,6.0,kg,LOT-B01541
SITE_KIT_01,B01542,ING_MINT,2026-02-05T07:00:00,receive,1.0,kg,LOT-B01542
SITE_KIT_01,B01543,ING_CURRYLEAF,2026-02-05T07:00:00,receive,0.75,kg,LOT-B01543
SITE_KIT_01,B01544,ING_LEMON,2026-02-05T07:00:00,receive,4.0,kg,LOT-B01544
SITE_KIT_01,B01545,ING_BEANS,2026-02-05T07:00:00,receive,7.0,kg,LOT-B01545
SITE_KIT_01,B01546,ING_MUSHROOM,2026-02-05T07:00:00,receive,2.0,kg,LOT-B01546
SITE_KIT_01,B01547,ING_CUCUMBER,2026-02-05T07:00:00,receive,11.949,kg,LOT-B01547
SITE_KIT_01,B01548,ING_BANANA,2026-02-05T07:00:00,receive,9.0,kg,LOT-B01548
SITE_KIT_01,B01549,ING_CHICKEN,2026-02-05T07:00:00,receive,22.0,kg,LOT-B01549
SITE_KIT_01,B01550,ING_MUTTON,2026-02-05T07:00:00,receive,3.0,kg,LOT-B01550
SITE_KIT_01,B01551,ING_FISH,2026-02-05T07:00:00,receive,9.0,kg,LOT-B01551
SITE_KIT_01,B01552,ING_EGG,2026-02-05T07:00:00,receive,6.0,kg,LOT-B01552
SITE_KIT_01,B01553,ING_PANEER,2026-02-05T07:00:00,receive,9.0,kg,LOT-B01553
SITE_KIT_01,B01554,ING_CURD,2026-02-05T07:00:00,receive,17.0,kg,LOT-B01554
SITE_KIT_01,B01555,ING_MILK,2026-02-05T07:00:00,receive,3.0,kg,LOT-B01555
SITE_KIT_01,B01556,ING_CREAM,2026-02-05T07:00:00,receive,4.0,kg,LOT-B01556
SITE_KIT_01,B01557,ING_BUTTER,2026-02-05T07:00:00,receive,5.0,kg,LOT-B01557
SITE_KIT_01,B01558,ING_BATTER,2026-02-05T07:00:00,receive,17.0,kg,LOT-B01558
SITE_KIT_01,B01549,ING_CHICKEN,2026-02-05T09:00:00,consume,11.232,kg,prep
SITE_KIT_01,B01453,ING_RICE,2026-02-05T09:00:00,consume,24.258,kg,prep
SITE_KIT_01,B01495,ING_ONION,2026-02-05T09:00:00,consume,25.7122,kg,prep
SITE_KIT_01,B01461,ING_TOMATO,2026-02-05T09:00:00,consume,0.9637,kg,prep
SITE_KIT_01,B01531,ING_TOMATO,2026-02-05T09:00:00,consume,18.5336,kg,prep
SITE_KIT_01,B01521,ING_CURD,2026-02-05T09:00:00,consume,9.3288,kg,prep
SITE_KIT_01,B01501,ING_GINGER,2026-02-05T09:00:00,consume,0.829,kg,prep
SITE_KIT_01,B01502,ING_GARLIC,2026-02-05T09:00:00,consume,1.4148,kg,prep
SITE_KIT_01,B01500,ING_GCHILLI,2026-02-05T09:00:00,consume,1.1674,kg,prep
SITE_KIT_01,B01509,ING_MINT,2026-02-05T09:00:00,consume,0.1469,kg,prep
SITE_KIT_01,B01528,ING_MINT,2026-02-05T09:00:00,consume,0.3633,kg,prep
SITE_KIT_01,B01527,ING_CORIANDER,2026-02-05T09:00:00,consume,1.0927,kg,prep
SITE_KIT_01,B01452,ING_GHEE,2026-02-05T09:00:00,consume,3.1512,kg,prep
SITE_KIT_01,B01194,ING_CASHEW,2026-02-05T09:00:00,consume,0.6952,kg,prep
SITE_KIT_01,B01457,ING_CASHEW,2026-02-05T09:00:00,consume,0.2928,kg,prep
SITE_KIT_01,B01536,ING_CARROT,2026-02-05T09:00:00,consume,5.5958,kg,prep
SITE_KIT_01,B01512,ING_BEANS,2026-02-05T09:00:00,consume,2.7126,kg,prep
SITE_KIT_01,B01434,ING_BEANS,2026-02-05T09:00:00,consume,0.7035,kg,prep
SITE_KIT_01,B01541,ING_PEAS,2026-02-05T09:00:00,consume,2.6,kg,prep
SITE_KIT_01,B01532,ING_CAULI,2026-02-05T09:00:00,consume,25.0448,kg,prep
SITE_KIT_01,B01496,ING_POTATO,2026-02-05T09:00:00,consume,11.8549,kg,prep
SITE_KIT_01,B01520,ING_PANEER,2026-02-05T09:00:00,consume,11.349,kg,prep
SITE_KIT_01,B01524,ING_BUTTER,2026-02-05T09:00:00,consume,2.4752,kg,prep
SITE_KIT_01,B01557,ING_BUTTER,2026-02-05T09:00:00,consume,0.1547,kg,prep
SITE_KIT_01,B01556,ING_CREAM,2026-02-05T09:00:00,consume,2.3348,kg,prep
SITE_KIT_01,B01504,ING_CAPSICUM,2026-02-05T09:00:00,consume,2.9053,kg,prep
SITE_KIT_01,B01537,ING_CAPSICUM,2026-02-05T09:00:00,consume,0.3789,kg,prep
SITE_KIT_01,B01455,ING_BESAN,2026-02-05T09:00:00,consume,1.092,kg,prep
SITE_KIT_01,B01456,ING_OIL,2026-02-05T09:00:00,consume,2.496,kg,prep
SITE_KIT_01,B01526,ING_SPINACH,2026-02-05T09:00:00,consume,2.3646,kg,prep
SITE_KIT_01,B01533,ING_SPINACH,2026-02-05T09:00:00,consume,5.1799,kg,prep
SITE_KIT_01,B01454,ING_ATTA,2026-02-05T09:00:00,consume,20.787,kg,prep
SITE_KIT_01,B01485,ING_MILK,2026-02-05T09:00:00,consume,0.421,kg,prep
SITE_KIT_01,B01522,ING_MILK,2026-02-05T09:00:00,consume,1.49,kg,prep
SITE_KIT_01,B01459,ING_TOORDAL,2026-02-05T09:00:00,consume,4.68,kg,prep
SITE_KIT_01,B01529,ING_CURRYLEAF,2026-02-05T09:00:00,consume,0.4024,kg,prep
SITE_KIT_01,B01517,ING_MUTTON,2026-02-05T09:00:00,consume,5.72,kg,prep
SITE_KIT_01,B01558,ING_BATTER,2026-02-05T09:00:00,consume,12.064,kg,prep
SITE_KIT_01,B01518,ING_FISH,2026-02-05T09:00:00,consume,4.784,kg,prep
SITE_KIT_01,B01458,ING_COCONUT,2026-02-05T09:00:00,consume,1.196,kg,prep
SITE_KIT_01,B01511,ING_LEMON,2026-02-05T09:00:00,consume,1.6541,kg,prep
SITE_KIT_01,B01514,ING_CUCUMBER,2026-02-05T09:00:00,consume,1.0586,kg,prep
SITE_KIT_01,B01547,ING_CUCUMBER,2026-02-05T09:00:00,consume,2.6206,kg,prep
SITE_KIT_01,B01505,ING_CABBAGE,2026-02-05T09:00:00,consume,2.0697,kg,prep
SITE_KIT_01,B01538,ING_CABBAGE,2026-02-05T09:00:00,consume,0.3115,kg,prep
SITE_KIT_01,B01548,ING_BANANA,2026-02-05T09:00:00,consume,3.8129,kg,prep
SITE_KIT_01,B01519,ING_EGG,2026-02-05T09:00:00,consume,0.5615,kg,prep
SITE_KIT_01,B01552,ING_EGG,2026-02-05T09:00:00,consume,1.7785,kg,prep
SITE_KIT_01,B01539,ING_BRINJAL,2026-02-05T09:00:00,consume,3.2757,kg,prep
SITE_KIT_01,B01507,ING_OKRA,2026-02-05T09:00:00,consume,1.6906,kg,prep
SITE_KIT_01,B01470,ING_OKRA,2026-02-05T09:00:00,consume,2.0823,kg,prep
SITE_KIT_01,B01546,ING_MUSHROOM,2026-02-05T09:00:00,consume,1.0782,kg,prep
SITE_KIT_01,B01433,ING_LEMON,2026-02-05T23:00:00,waste,0.8722,kg,spoilage
SITE_KIT_01,B01559,ING_SPINACH,2026-02-06T07:00:00,receive,9.0,kg,LOT-B01559
SITE_KIT_01,B01560,ING_CORIANDER,2026-02-06T07:00:00,receive,1.5,kg,LOT-B01560
SITE_KIT_01,B01561,ING_MINT,2026-02-06T07:00:00,receive,0.75,kg,LOT-B01561
SITE_KIT_01,B01562,ING_CURRYLEAF,2026-02-06T07:00:00,receive,0.5,kg,LOT-B01562
SITE_KIT_01,B01563,ING_BATTER,2026-02-06T07:00:00,receive,15.0,kg,LOT-B01563
SITE_KIT_01,B01549,ING_CHICKEN,2026-02-06T09:00:00,consume,10.768,kg,prep
SITE_KIT_01,B01516,ING_CHICKEN,2026-02-06T09:00:00,consume,9.59,kg,prep
SITE_KIT_01,B01453,ING_RICE,2026-02-06T09:00:00,consume,33.519,kg,prep
SITE_KIT_01,B01333,ING_RICE,2026-02-06T09:00:00,consume,1.516,kg,prep
SITE_KIT_01,B01495,ING_ONION,2026-02-06T09:00:00,consume,37.0514,kg,prep
SITE_KIT_01,B01531,ING_TOMATO,2026-02-06T09:00:00,consume,15.4664,kg,prep
SITE_KIT_01,B01416,ING_TOMATO,2026-02-06T09:00:00,consume,4.8778,kg,prep
SITE_KIT_01,B01494,ING_TOMATO,2026-02-06T09:00:00,consume,6.3818,kg,prep
SITE_KIT_01,B01521,ING_CURD,2026-02-06T09:00:00,consume,0.628,kg,prep
SITE_KIT_01,B01554,ING_CURD,2026-02-06T09:00:00,consume,13.0844,kg,prep
SITE_KIT_01,B01501,ING_GINGER,2026-02-06T09:00:00,consume,1.2641,kg,prep
SITE_KIT_01,B01502,ING_GARLIC,2026-02-06T09:00:00,consume,1.5043,kg,prep
SITE_KIT_01,B01424,ING_GARLIC,2026-02-06T09:00:00,consume,0.4631,kg,prep
SITE_KIT_01,B01500,ING_GCHILLI,2026-02-06T09:00:00,consume,0.8312,kg,prep
SITE_KIT_01,B01535,ING_GCHILLI,2026-02-06T09:00:00,consume,0.9013,kg,prep
SITE_KIT_01,B01528,ING_MINT,2026-02-06T09:00:00,consume,0.3867,kg,prep
SITE_KIT_01,B01542,ING_MINT,2026-02-06T09:00:00,consume,0.4049,kg,prep
SITE_KIT_01,B01527,ING_CORIANDER,2026-02-06T09:00:00,consume,0.9073,kg,prep
SITE_KIT_01,B01534,ING_CORIANDER,2026-02-06T09:00:00,consume,0.6837,kg,prep
SITE_KIT_01,B01452,ING_GHEE,2026-02-06T09:00:00,consume,4.5812,kg,prep
SITE_KIT_01,B01457,ING_CASHEW,2026-02-06T09:00:00,consume,1.4378,kg,prep
SITE_KIT_01,B01536,ING_CARROT,2026-02-06T09:00:00,consume,5.4042,kg,prep
SITE_KIT_01,B01503,ING_CARROT,2026-02-06T09:00:00,consume,2.1921,kg,prep
SITE_KIT_01,B01434,ING_BEANS,2026-02-06T09:00:00,consume,0.9334,kg,prep
SITE_KIT_01,B01545,ING_BEANS,2026-02-06T09:00:00,consume,3.6198,kg,prep
SITE_KIT_01,B01541,ING_PEAS,2026-02-06T09:00:00,consume,3.4,kg,prep
SITE_KIT_01,B01471,ING_PEAS,2026-02-06T09:00:00,consume,0.058,kg,prep
SITE_KIT_01,B01532,ING_CAULI,2026-02-06T09:00:00,consume,19.9552,kg,prep
SITE_KIT_01,B01462,ING_CAULI,2026-02-06T09:00:00,consume,12.1855,kg,prep
SITE_KIT_01,B01496,ING_POTATO,2026-02-06T09:00:00,consume,15.0051,kg,prep
SITE_KIT_01,B01520,ING_PANEER,2026-02-06T09:00:00,consume,12.169,kg,prep
SITE_KIT_01,B01553,ING_PANEER,2026-02-06T09:00:00,consume,2.001,kg,prep
SITE_KIT_01,B01557,ING_BUTTER,2026-02-06T09:00:00,consume,3.4177,kg,prep
SITE_KIT_01,B01556,ING_CREAM,2026-02-06T09:00:00,consume,1.6652,kg,prep
SITE_KIT_01,B01523,ING_CREAM,2026-02-06T09:00:00,consume,1.2962,kg,prep
SITE_KIT_01,B01537,ING_CAPSICUM,2026-02-06T09:00:00,consume,4.612,kg,prep
SITE_KIT_01,B01455,ING_BESAN,2026-02-06T09:00:00,consume,1.43,kg,prep
SITE_KIT_01,B01456,ING_OIL,2026-02-06T09:00:00,consume,3.211,kg,prep
SITE_KIT_01,B01533,ING_SPINACH,2026-02-06T09:00:00,consume,3.8201,kg,prep
SITE_KIT_01,B01559,ING_SPINACH,2026-02-06T09:00:00,consume,5.9308,kg,prep
SITE_KIT_01,B01454,ING_ATTA,2026-02-06T09:00:00,consume,29.211,kg,prep
SITE_KIT_01,B01522,ING_MILK,2026-02-06T09:00:00,consume,0.51,kg,prep
SITE_KIT_01,B01555,ING_MILK,2026-02-06T09:00:00,consume,2.103,kg,prep
SITE_KIT_01,B01459,ING_TOORDAL,2026-02-06T09:00:00,consume,5.928,kg,prep
SITE_KIT_01,B01529,ING_CURRYLEAF,2026-02-06T09:00:00,consume,0.0976,kg,prep
SITE_KIT_01,B01562,ING_CURRYLEAF,2026-02-06T09:00:00,consume,0.4205,kg,prep
SITE_KIT_01,B01517,ING_MUTTON,2026-02-06T09:00:00,consume,9.18,kg,prep
SITE_KIT_01,B01550,ING_MUTTON,2026-02-06T09:00:00,consume,0.18,kg,prep
SITE_KIT_01,B01558,ING_BATTER,2026-02-06T09:00:00,consume,4.936,kg,prep
SITE_KIT_01,B01563,ING_BATTER,2026-02-06T09:00:00,consume,10.248,kg,prep
SITE_KIT_01,B01518,ING_FISH,2026-02-06T09:00:00,consume,0.344,kg,prep
SITE_KIT_01,B01551,ING_FISH,2026-02-06T09:00:00,consume,6.52,kg,prep
SITE_KIT_01,B01458,ING_COCONUT,2026-02-06T09:00:00,consume,1.716,kg,prep
SITE_KIT_01,B01511,ING_LEMON,2026-02-06T09:00:00,consume,0.0134,kg,prep
SITE_KIT_01,B01544,ING_LEMON,2026-02-06T09:00:00,consume,2.2665,kg,prep
SITE_KIT_01,B01547,ING_CUCUMBER,2026-02-06T09:00:00,consume,5.0911,kg,prep
SITE_KIT_01,B01538,ING_CABBAGE,2026-02-06T09:00:00,consume,3.2445,kg,prep
SITE_KIT_01,B01548,ING_BANANA,2026-02-06T09:00:00,consume,5.1871,kg,prep
SITE_KIT_01,B01478,ING_BANANA,2026-02-06T09:00:00,consume,0.0125,kg,prep
SITE_KIT_01,B01552,ING_EGG,2026-02-06T09:00:00,consume,3.2175,kg,prep
SITE_KIT_01,B01539,ING_BRINJAL,2026-02-06T09:00:00,consume,3.7243,kg,prep
SITE_KIT_01,B01506,ING_BRINJAL,2026-02-06T09:00:00,consume,0.7318,kg,prep
SITE_KIT_01,B01470,ING_OKRA,2026-02-06T09:00:00,consume,1.0161,kg,prep
SITE_KIT_01,B01540,ING_OKRA,2026-02-06T09:00:00,consume,4.0817,kg,prep
SITE_KIT_01,B01546,ING_MUSHROOM,2026-02-06T09:00:00,consume,0.9218,kg,prep
SITE_KIT_01,B01513,ING_MUSHROOM,2026-02-06T09:00:00,consume,0.5881,kg,prep
SITE_KIT_01,B01422,ING_GCHILLI,2026-02-06T23:00:00,waste,0.3652,kg,spoilage
SITE_KIT_01,B01426,ING_CAPSICUM,2026-02-06T23:00:00,waste,1.151,kg,spoilage
SITE_KIT_01,B01564,ING_TOMATO,2026-02-07T07:00:00,receive,43.0,kg,LOT-B01564
SITE_KIT_01,B01565,ING_ONION,2026-02-07T07:00:00,receive,134.0,kg,LOT-B01565
SITE_KIT_01,B01566,ING_POTATO,2026-02-07T07:00:00,receive,36.0,kg,LOT-B01566
SITE_KIT_01,B01567,ING_CAULI,2026-02-07T07:00:00,receive,47.319,kg,LOT-B01567
SITE_KIT_01,B01568,ING_SPINACH,2026-02-07T07:00:00,receive,14.0,kg,LOT-B01568
SITE_KIT_01,B01569,ING_CORIANDER,2026-02-07T07:00:00,receive,1.399,kg,LOT-B01569
SITE_KIT_01,B01570,ING_GCHILLI,2026-02-07T07:00:00,receive,3.0,kg,LOT-B01570
SITE_KIT_01,B01571,ING_GINGER,2026-02-07T07:00:00,receive,3.483,kg,LOT-B01571
SITE_KIT_01,B01572,ING_GARLIC,2026-02-07T07:00:00,receive,6.0,kg,LOT-B01572
SITE_KIT_01,B01573,ING_CARROT,2026-02-07T07:00:00,receive,11.389,kg,LOT-B01573
SITE_KIT_01,B01574,ING_CAPSICUM,2026-02-07T07:00:00,receive,8.151,kg,LOT-B01574
SITE_KIT_01,B01575,ING_CABBAGE,2026-02-07T07:00:00,receive,5.0,kg,LOT-B01575
SITE_KIT_01,B01576,ING_BRINJAL,2026-02-07T07:00:00,receive,8.0,kg,LOT-B01576
SITE_KIT_01,B01577,ING_OKRA,2026-02-07T07:00:00,receive,9.0,kg,LOT-B01577
SITE_KIT_01,B01578,ING_PEAS,2026-02-07T07:00:00,receive,5.0,kg,LOT-B01578
SITE_KIT_01,B01579,ING_MINT,2026-02-07T07:00:00,receive,0.75,kg,LOT-B01579
SITE_KIT_01,B01580,ING_CURRYLEAF,2026-02-07T07:00:00,receive,0.5,kg,LOT-B01580
SITE_KIT_01,B01581,ING_LEMON,2026-02-07T07:00:00,receive,5.0,kg,LOT-B01581
SITE_KIT_01,B01582,ING_BEANS,2026-02-07T07:00:00,receive,7.0,kg,LOT-B01582
SITE_KIT_01,B01583,ING_MUSHROOM,2026-02-07T07:00:00,receive,3.0,kg,LOT-B01583
SITE_KIT_01,B01584,ING_CUCUMBER,2026-02-07T07:00:00,receive,5.0,kg,LOT-B01584
SITE_KIT_01,B01585,ING_BANANA,2026-02-07T07:00:00,receive,9.0,kg,LOT-B01585
SITE_KIT_01,B01586,ING_CHICKEN,2026-02-07T07:00:00,receive,27.0,kg,LOT-B01586
SITE_KIT_01,B01587,ING_MUTTON,2026-02-07T07:00:00,receive,22.0,kg,LOT-B01587
SITE_KIT_01,B01588,ING_FISH,2026-02-07T07:00:00,receive,11.0,kg,LOT-B01588
SITE_KIT_01,B01589,ING_EGG,2026-02-07T07:00:00,receive,6.0,kg,LOT-B01589
SITE_KIT_01,B01590,ING_PANEER,2026-02-07T07:00:00,receive,22.0,kg,LOT-B01590
SITE_KIT_01,B01591,ING_CURD,2026-02-07T07:00:00,receive,33.0,kg,LOT-B01591
SITE_KIT_01,B01592,ING_MILK,2026-02-07T07:00:00,receive,5.0,kg,LOT-B01592
SITE_KIT_01,B01593,ING_CREAM,2026-02-07T07:00:00,receive,5.0,kg,LOT-B01593
SITE_KIT_01,B01594,ING_BUTTER,2026-02-07T07:00:00,receive,6.0,kg,LOT-B01594
SITE_KIT_01,B01595,ING_GHEE,2026-02-07T07:00:00,receive,40.0,kg,LOT-B01595
SITE_KIT_01,B01596,ING_RICE,2026-02-07T07:00:00,receive,185.0,kg,LOT-B01596
SITE_KIT_01,B01597,ING_ATTA,2026-02-07T07:00:00,receive,180.0,kg,LOT-B01597
SITE_KIT_01,B01598,ING_BESAN,2026-02-07T07:00:00,receive,5.0,kg,LOT-B01598
SITE_KIT_01,B01599,ING_OIL,2026-02-07T07:00:00,receive,20.0,kg,LOT-B01599
SITE_KIT_01,B01600,ING_CASHEW,2026-02-07T07:00:00,receive,10.0,kg,LOT-B01600
SITE_KIT_01,B01601,ING_COCONUT,2026-02-07T07:00:00,receive,10.0,kg,LOT-B01601
SITE_KIT_01,B01602,ING_TOORDAL,2026-02-07T07:00:00,receive,40.0,kg,LOT-B01602
SITE_KIT_01,B01603,ING_BATTER,2026-02-07T07:00:00,receive,24.0,kg,LOT-B01603
SITE_KIT_01,B01516,ING_CHICKEN,2026-02-07T09:00:00,consume,1.482,kg,prep
SITE_KIT_01,B01586,ING_CHICKEN,2026-02-07T09:00:00,consume,17.004,kg,prep
SITE_KIT_01,B01596,ING_RICE,2026-02-07T09:00:00,consume,35.412,kg,prep
SITE_KIT_01,B01495,ING_ONION,2026-02-07T09:00:00,consume,8.071,kg,prep
SITE_KIT_01,B01565,ING_ONION,2026-02-07T09:00:00,consume,30.4839,kg,prep
SITE_KIT_01,B01564,ING_TOMATO,2026-02-07T09:00:00,consume,28.9788,kg,prep
SITE_KIT_01,B01554,ING_CURD,2026-02-07T09:00:00,consume,3.9156,kg,prep
SITE_KIT_01,B01591,ING_CURD,2026-02-07T09:00:00,consume,10.4351,kg,prep
SITE_KIT_01,B01501,ING_GINGER,2026-02-07T09:00:00,consume,0.0739,kg,prep
SITE_KIT_01,B01353,ING_GINGER,2026-02-07T09:00:00,consume,1.2188,kg,prep
SITE_KIT_01,B01571,ING_GINGER,2026-02-07T09:00:00,consume,0.016,kg,prep
SITE_KIT_01,B01424,ING_GARLIC,2026-02-07T09:00:00,consume,1.5519,kg,prep
SITE_KIT_01,B01572,ING_GARLIC,2026-02-07T09:00:00,consume,0.5485,kg,prep
SITE_KIT_01,B01535,ING_GCHILLI,2026-02-07T09:00:00,consume,1.0987,kg,prep
SITE_KIT_01,B01570,ING_GCHILLI,2026-02-07T09:00:00,consume,0.7045,kg,prep
SITE_KIT_01,B01542,ING_MINT,2026-02-07T09:00:00,consume,0.5951,kg,prep
SITE_KIT_01,B01579,ING_MINT,2026-02-07T09:00:00,consume,0.1864,kg,prep
SITE_KIT_01,B01534,ING_CORIANDER,2026-02-07T09:00:00,consume,0.7153,kg,prep
SITE_KIT_01,B01560,ING_CORIANDER,2026-02-07T09:00:00,consume,0.9146,kg,prep
SITE_KIT_01,B01595,ING_GHEE,2026-02-07T09:00:00,consume,4.7619,kg,prep
SITE_KIT_01,B01600,ING_CASHEW,2026-02-07T09:00:00,consume,1.4794,kg,prep
SITE_KIT_01,B01573,ING_CARROT,2026-02-07T09:00:00,consume,8.1584,kg,prep
SITE_KIT_01,B01545,ING_BEANS,2026-02-07T09:00:00,consume,3.3802,kg,prep
SITE_KIT_01,B01582,ING_BEANS,2026-02-07T09:00:00,consume,1.4283,kg,prep
SITE_KIT_01,B01471,ING_PEAS,2026-02-07T09:00:00,consume,2.662,kg,prep
SITE_KIT_01,B01578,ING_PEAS,2026-02-07T09:00:00,consume,1.03,kg,prep
SITE_KIT_01,B01462,ING_CAULI,2026-02-07T09:00:00,consume,14.8879,kg,prep
SITE_KIT_01,B01567,ING_CAULI,2026-02-07T09:00:00,consume,19.4808,kg,prep
SITE_KIT_01,B01496,ING_POTATO,2026-02-07T09:00:00,consume,15.8505,kg,prep
SITE_KIT_01,B01590,ING_PANEER,2026-02-07T09:00:00,consume,16.237,kg,prep
SITE_KIT_01,B01557,ING_BUTTER,2026-02-07T09:00:00,consume,1.4276,kg,prep
SITE_KIT_01,B01594,ING_BUTTER,2026-02-07T09:00:00,consume,2.3905,kg,prep
SITE_KIT_01,B01523,ING_CREAM,2026-02-07T09:00:00,consume,1.3002,kg,prep
SITE_KIT_01,B01593,ING_CREAM,2026-02-07T09:00:00,consume,2.033,kg,prep
SITE_KIT_01,B01537,ING_CAPSICUM,2026-02-07T09:00:00,consume,1.0091,kg,prep
SITE_KIT_01,B01574,ING_CAPSICUM,2026-02-07T09:00:00,consume,3.7847,kg,prep
SITE_KIT_01,B01455,ING_BESAN,2026-02-07T09:00:00,consume,1.56,kg,prep
SITE_KIT_01,B01599,ING_OIL,2026-02-07T09:00:00,consume,3.4125,kg,prep
SITE_KIT_01,B01559,ING_SPINACH,2026-02-07T09:00:00,consume,3.0692,kg,prep
SITE_KIT_01,B01568,ING_SPINACH,2026-02-07T09:00:00,consume,8.1142,kg,prep
SITE_KIT_01,B01454,ING_ATTA,2026-02-07T09:00:00,consume,0.498,kg,prep
SITE_KIT_01,B01597,ING_ATTA,2026-02-07T09:00:00,consume,30.026,kg,prep
SITE_KIT_01,B01592,ING_MILK,2026-02-07T09:00:00,consume,2.834,kg,prep
SITE_KIT_01,B01602,ING_TOORDAL,2026-02-07T09:00:00,consume,6.786,kg,prep
SITE_KIT_01,B01562,ING_CURRYLEAF,2026-02-07T09:00:00,consume,0.0795,kg,prep
SITE_KIT_01,B01543,ING_CURRYLEAF,2026-02-07T09:00:00,consume,0.4995,kg,prep
SITE_KIT_01,B01550,ING_MUTTON,2026-02-07T09:00:00,consume,2.82,kg,prep
SITE_KIT_01,B01587,ING_MUTTON,2026-02-07T09:00:00,consume,7.32,kg,prep
SITE_KIT_01,B01563,ING_BATTER,2026-02-07T09:00:00,consume,4.752,kg,prep
SITE_KIT_01,B01603,ING_BATTER,2026-02-07T09:00:00,consume,10.848,kg,prep
SITE_KIT_01,B01588,ING_FISH,2026-02-07T09:00:00,consume,8.112,kg,prep
SITE_KIT_01,B01458,ING_COCONUT,2026-02-07T09:00:00,consume,0.152,kg,prep
SITE_KIT_01,B01601,ING_COCONUT,2026-02-07T09:00:00,consume,1.876,kg,prep
SITE_KIT_01,B01544,ING_LEMON,2026-02-07T09:00:00,consume,1.7335,kg,prep
SITE_KIT_01,B01581,ING_LEMON,2026-02-07T09:00:00,consume,0.9272,kg,prep
SITE_KIT_01,B01547,ING_CUCUMBER,2026-02-07T09:00:00,consume,4.2372,kg,prep
SITE_KIT_01,B01477,ING_CUCUMBER,2026-02-07T09:00:00,consume,1.3421,kg,prep
SITE_KIT_01,B01538,ING_CABBAGE,2026-02-07T09:00:00,consume,2.444,kg,prep
SITE_KIT_01,B01575,ING_CABBAGE,2026-02-07T09:00:00,consume,1.2115,kg,prep
SITE_KIT_01,B01585,ING_BANANA,2026-02-07T09:00:00,consume,5.8052,kg,prep
SITE_KIT_01,B01552,ING_EGG,2026-02-07T09:00:00,consume,1.004,kg,prep
SITE_KIT_01,B01589,ING_EGG,2026-02-07T09:00:00,consume,2.5294,kg,prep
SITE_KIT_01,B01576,ING_BRINJAL,2026-02-07T09:00:00,consume,4.7766,kg,prep
SITE_KIT_01,B01577,ING_OKRA,2026-02-07T09:00:00,consume,5.5745,kg,prep
SITE_KIT_01,B01513,ING_MUSHROOM,2026-02-07T09:00:00,consume,1.2216,kg,prep
SITE_KIT_01,B01583,ING_MUSHROOM,2026-02-07T09:00:00,consume,0.4413,kg,prep
SITE_KIT_01,B01498,ING_SPINACH,2026-02-07T23:00:00,waste,8.0,kg,spoilage
SITE_KIT_01,B01474,ING_LEMON,2026-02-07T23:00:00,waste,4.0,kg,spoilage
SITE_KIT_01,B01478,ING_BANANA,2026-02-07T23:00:00,waste,4.3368,kg,spoilage
SITE_KIT_01,B01604,ING_SPINACH,2026-02-08T07:00:00,receive,9.0,kg,LOT-B01604
SITE_KIT_01,B01605,ING_CORIANDER,2026-02-08T07:00:00,receive,1.307,kg,LOT-B01605
SITE_KIT_01,B01606,ING_MINT,2026-02-08T07:00:00,receive,0.75,kg,LOT-B01606
SITE_KIT_01,B01607,ING_CURRYLEAF,2026-02-08T07:00:00,receive,0.5,kg,LOT-B01607
SITE_KIT_01,B01608,ING_BATTER,2026-02-08T07:00:00,receive,16.0,kg,LOT-B01608
SITE_KIT_01,B01586,ING_CHICKEN,2026-02-08T09:00:00,consume,9.996,kg,prep
SITE_KIT_01,B01596,ING_RICE,2026-02-08T09:00:00,consume,34.957,kg,prep
SITE_KIT_01,B01565,ING_ONION,2026-02-08T09:00:00,consume,39.794,kg,prep
SITE_KIT_01,B01564,ING_TOMATO,2026-02-08T09:00:00,consume,14.0212,kg,prep
SITE_KIT_01,B01494,ING_TOMATO,2026-02-08T09:00:00,consume,13.6753,kg,prep
SITE_KIT_01,B01591,ING_CURD,2026-02-08T09:00:00,consume,13.5551,kg,prep
SITE_KIT_01,B01571,ING_GINGER,2026-02-08T09:00:00,consume,1.2675,kg,prep
SITE_KIT_01,B01572,ING_GARLIC,2026-02-08T09:00:00,consume,2.0715,kg,prep
SITE_KIT_01,B01570,ING_GCHILLI,2026-02-08T09:00:00,consume,1.845,kg,prep
SITE_KIT_01,B01579,ING_MINT,2026-02-08T09:00:00,consume,0.5636,kg,prep
SITE_KIT_01,B01606,ING_MINT,2026-02-08T09:00:00,consume,0.1888,kg,prep
SITE_KIT_01,B01605,ING_CORIANDER,2026-02-08T09:00:00,consume,1.307,kg,prep
SITE_KIT_01,B01560,ING_CORIANDER,2026-02-08T09:00:00,consume,0.3135,kg,prep
SITE_KIT_01,B01595,ING_GHEE,2026-02-08T09:00:00,consume,4.6527,kg,prep
SITE_KIT_01,B01600,ING_CASHEW,2026-02-08T09:00:00,consume,1.4248,kg,prep
SITE_KIT_01,B01573,ING_CARROT,2026-02-08T09:00:00,consume,3.2306,kg,prep
SITE_KIT_01,B01503,ING_CARROT,2026-02-08T09:00:00,consume,3.2245,kg,prep
SITE_KIT_01,B01582,ING_BEANS,2026-02-08T09:00:00,consume,4.8088,kg,prep
SITE_KIT_01,B01578,ING_PEAS,2026-02-08T09:00:00,consume,3.666,kg,prep
SITE_KIT_01,B01567,ING_CAULI,2026-02-08T09:00:00,consume,27.8382,kg,prep
SITE_KIT_01,B01496,ING_POTATO,2026-02-08T09:00:00,consume,17.2103,kg,prep
SITE_KIT_01,B01566,ING_POTATO,2026-02-08T09:00:00,consume,2.0556,kg,prep
SITE_KIT_01,B01590,ING_PANEER,2026-02-08T09:00:00,consume,5.763,kg,prep
SITE_KIT_01,B01553,ING_PANEER,2026-02-08T09:00:00,consume,6.999,kg,prep
SITE_KIT_01,B01594,ING_BUTTER,2026-02-08T09:00:00,consume,3.406,kg,prep
SITE_KIT_01,B01593,ING_CREAM,2026-02-08T09:00:00,consume,2.967,kg,prep
SITE_KIT_01,B01574,ING_CAPSICUM,2026-02-08T09:00:00,consume,4.3663,kg,prep
SITE_KIT_01,B01455,ING_BESAN,2026-02-08T09:00:00,consume,1.586,kg,prep
SITE_KIT_01,B01599,ING_OIL,2026-02-08T09:00:00,consume,3.991,kg,prep
SITE_KIT_01,B01568,ING_SPINACH,2026-02-08T09:00:00,consume,5.8858,kg,prep
SITE_KIT_01,B01604,ING_SPINACH,2026-02-08T09:00:00,consume,5.0824,kg,prep
SITE_KIT_01,B01597,ING_ATTA,2026-02-08T09:00:00,consume,27.378,kg,prep
SITE_KIT_01,B01592,ING_MILK,2026-02-08T09:00:00,consume,2.166,kg,prep
SITE_KIT_01,B01555,ING_MILK,2026-02-08T09:00:00,consume,0.096,kg,prep
SITE_KIT_01,B01602,ING_TOORDAL,2026-02-08T09:00:00,consume,6.63,kg,prep
SITE_KIT_01,B01607,ING_CURRYLEAF,2026-02-08T09:00:00,consume,0.5,kg,prep
SITE_KIT_01,B01543,ING_CURRYLEAF,2026-02-08T09:00:00,consume,0.1474,kg,prep
SITE_KIT_01,B01587,ING_MUTTON,2026-02-08T09:00:00,consume,9.62,kg,prep
SITE_KIT_01,B01603,ING_BATTER,2026-02-08T09:00:00,consume,13.152,kg,prep
SITE_KIT_01,B01608,ING_BATTER,2026-02-08T09:00:00,consume,8.272,kg,prep
SITE_KIT_01,B01588,ING_FISH,2026-02-08T09:00:00,consume,2.888,kg,prep
SITE_KIT_01,B01551,ING_FISH,2026-02-08T09:00:00,consume,2.48,kg,prep
SITE_KIT_01,B01601,ING_COCONUT,2026-02-08T09:00:00,consume,1.82,kg,prep
SITE_KIT_01,B01581,ING_LEMON,2026-02-08T09:00:00,consume,2.5092,kg,prep
SITE_KIT_01,B01477,ING_CUCUMBER,2026-02-08T09:00:00,consume,1.968,kg,prep
SITE_KIT_01,B01584,ING_CUCUMBER,2026-02-08T09:00:00,consume,3.3896,kg,prep
SITE_KIT_01,B01575,ING_CABBAGE,2026-02-08T09:00:00,consume,3.5295,kg,prep
SITE_KIT_01,B01585,ING_BANANA,2026-02-08T09:00:00,consume,3.1948,kg,prep
SITE_KIT_01,B01515,ING_BANANA,2026-02-08T09:00:00,consume,2.3752,kg,prep
SITE_KIT_01,B01589,ING_EGG,2026-02-08T09:00:00,consume,3.4281,kg,prep
SITE_KIT_01,B01576,ING_BRINJAL,2026-02-08T09:00:00,consume,3.2234,kg,prep
SITE_KIT_01,B01506,ING_BRINJAL,2026-02-08T09:00:00,consume,1.4663,kg,prep
SITE_KIT_01,B01577,ING_OKRA,2026-02-08T09:00:00,consume,3.4255,kg,prep
SITE_KIT_01,B01540,ING_OKRA,2026-02-08T09:00:00,consume,2.0442,kg,prep
SITE_KIT_01,B01583,ING_MUSHROOM,2026-02-08T09:00:00,consume,1.6201,kg,prep
SITE_KIT_01,B01543,ING_CURRYLEAF,2026-02-08T23:00:00,waste,0.103,kg,spoilage
SITE_KIT_01,B01609,ING_TOMATO,2026-02-09T07:00:00,receive,54.0,kg,LOT-B01609
SITE_KIT_01,B01610,ING_CAULI,2026-02-09T07:00:00,receive,106.0,kg,LOT-B01610
SITE_KIT_01,B01611,ING_SPINACH,2026-02-09T07:00:00,receive,10.0,kg,LOT-B01611
SITE_KIT_01,B01612,ING_CORIANDER,2026-02-09T07:00:00,receive,1.32,kg,LOT-B01612
SITE_KIT_01,B01613,ING_GCHILLI,2026-02-09T07:00:00,receive,4.0,kg,LOT-B01613
SITE_KIT_01,B01614,ING_CARROT,2026-02-09T07:00:00,receive,16.0,kg,LOT-B01614
SITE_KIT_01,B01615,ING_CAPSICUM,2026-02-09T07:00:00,receive,10.0,kg,LOT-B01615
SITE_KIT_01,B01616,ING_CABBAGE,2026-02-09T07:00:00,receive,7.0,kg,LOT-B01616
SITE_KIT_01,B01617,ING_BRINJAL,2026-02-09T07:00:00,receive,7.033,kg,LOT-B01617
SITE_KIT_01,B01618,ING_OKRA,2026-02-09T07:00:00,receive,11.0,kg,LOT-B01618
SITE_KIT_01,B01619,ING_PEAS,2026-02-09T07:00:00,receive,7.0,kg,LOT-B01619
SITE_KIT_01,B01620,ING_MINT,2026-02-09T07:00:00,receive,1.0,kg,LOT-B01620
SITE_KIT_01,B01621,ING_CURRYLEAF,2026-02-09T07:00:00,receive,0.5,kg,LOT-B01621
SITE_KIT_01,B01622,ING_LEMON,2026-02-09T07:00:00,receive,5.0,kg,LOT-B01622
SITE_KIT_01,B01623,ING_BEANS,2026-02-09T07:00:00,receive,8.413,kg,LOT-B01623
SITE_KIT_01,B01624,ING_MUSHROOM,2026-02-09T07:00:00,receive,3.0,kg,LOT-B01624
SITE_KIT_01,B01625,ING_CUCUMBER,2026-02-09T07:00:00,receive,9.602,kg,LOT-B01625
SITE_KIT_01,B01626,ING_BANANA,2026-02-09T07:00:00,receive,10.0,kg,LOT-B01626
SITE_KIT_01,B01627,ING_CHICKEN,2026-02-09T07:00:00,receive,30.0,kg,LOT-B01627
SITE_KIT_01,B01628,ING_MUTTON,2026-02-09T07:00:00,receive,12.0,kg,LOT-B01628
SITE_KIT_01,B01629,ING_FISH,2026-02-09T07:00:00,receive,15.0,kg,LOT-B01629
SITE_KIT_01,B01630,ING_EGG,2026-02-09T07:00:00,receive,7.0,kg,LOT-B01630
SITE_KIT_01,B01631,ING_PANEER,2026-02-09T07:00:00,receive,26.0,kg,LOT-B01631
SITE_KIT_01,B01632,ING_CURD,2026-02-09T07:00:00,receive,18.0,kg,LOT-B01632
SITE_KIT_01,B01633,ING_MILK,2026-02-09T07:00:00,receive,5.0,kg,LOT-B01633
SITE_KIT_01,B01634,ING_CREAM,2026-02-09T07:00:00,receive,6.0,kg,LOT-B01634
SITE_KIT_01,B01635,ING_BUTTER,2026-02-09T07:00:00,receive,7.0,kg,LOT-B01635
SITE_KIT_01,B01636,ING_BATTER,2026-02-09T07:00:00,receive,17.0,kg,LOT-B01636
SITE_KIT_01,B01627,ING_CHICKEN,2026-02-09T09:00:00,consume,9.594,kg,prep
SITE_KIT_01,B01596,ING_RICE,2026-02-09T09:00:00,consume,20.059,kg,prep
SITE_KIT_01,B01565,ING_ONION,2026-02-09T09:00:00,consume,23.201,kg,prep
SITE_KIT_01,B01494,ING_TOMATO,2026-02-09T09:00:00,consume,0.943,kg,prep
SITE_KIT_01,B01609,ING_TOMATO,2026-02-09T09:00:00,consume,16.6145,kg,prep
SITE_KIT_01,B01591,ING_CURD,2026-02-09T09:00:00,consume,8.1497,kg,prep
SITE_KIT_01,B01571,ING_GINGER,2026-02-09T09:00:00,consume,0.7391,kg,prep
SITE_KIT_01,B01572,ING_GARLIC,2026-02-09T09:00:00,consume,1.188,kg,prep
SITE_KIT_01,B01613,ING_GCHILLI,2026-02-09T09:00:00,consume,1.062,kg,prep
SITE_KIT_01,B01606,ING_MINT,2026-02-09T09:00:00,consume,0.4186,kg,prep
SITE_KIT_01,B01612,ING_CORIANDER,2026-02-09T09:00:00,consume,0.8967,kg,prep
SITE_KIT_01,B01595,ING_GHEE,2026-02-09T09:00:00,consume,2.5883,kg,prep
SITE_KIT_01,B01600,ING_CASHEW,2026-02-09T09:00:00,consume,0.9438,kg,prep
SITE_KIT_01,B01614,ING_CARROT,2026-02-09T09:00:00,consume,4.741,kg,prep
SITE_KIT_01,B01582,ING_BEANS,2026-02-09T09:00:00,consume,0.7629,kg,prep
SITE_KIT_01,B01623,ING_BEANS,2026-02-09T09:00:00,consume,1.9948,kg,prep
SITE_KIT_01,B01619,ING_PEAS,2026-02-09T09:00:00,consume,2.106,kg,prep
SITE_KIT_01,B01610,ING_CAULI,2026-02-09T09:00:00,consume,19.4986,kg,prep
SITE_KIT_01,B01566,ING_POTATO,2026-02-09T09:00:00,consume,12.2558,kg,prep
SITE_KIT_01,B01631,ING_PANEER,2026-02-09T09:00:00,consume,11.037,kg,prep
SITE_KIT_01,B01635,ING_BUTTER,2026-02-09T09:00:00,consume,2.4492,kg,prep
SITE_KIT_01,B01634,ING_CREAM,2026-02-09T09:00:00,consume,2.2334,kg,prep
SITE_KIT_01,B01615,ING_CAPSICUM,2026-02-09T09:00:00,consume,2.725,kg,prep
SITE_KIT_01,B01455,ING_BESAN,2026-02-09T09:00:00,consume,0.884,kg,prep
SITE_KIT_01,B01599,ING_OIL,2026-02-09T09:00:00,consume,2.3725,kg,prep
SITE_KIT_01,B01604,ING_SPINACH,2026-02-09T09:00:00,consume,3.9176,kg,prep
SITE_KIT_01,B01611,ING_SPINACH,2026-02-09T09:00:00,consume,2.4073,kg,prep
SITE_KIT_01,B01597,ING_ATTA,2026-02-09T09:00:00,consume,18.044,kg,prep
SITE_KIT_01,B01633,ING_MILK,2026-02-09T09:00:00,consume,1.664,kg,prep
SITE_KIT_01,B01602,ING_TOORDAL,2026-02-09T09:00:00,consume,3.9,kg,prep
SITE_KIT_01,B01580,ING_CURRYLEAF,2026-02-09T09:00:00,consume,0.3959,kg,prep
SITE_KIT_01,B01587,ING_MUTTON,2026-02-09T09:00:00,consume,4.42,kg,prep
SITE_KIT_01,B01608,ING_BATTER,2026-02-09T09:00:00,consume,7.728,kg,prep
SITE_KIT_01,B01636,ING_BATTER,2026-02-09T09:00:00,consume,5.792,kg,prep
SITE_KIT_01,B01629,ING_FISH,2026-02-09T09:00:00,consume,4.368,kg,prep
SITE_KIT_01,B01601,ING_COCONUT,2026-02-09T09:00:00,consume,1.092,kg,prep
SITE_KIT_01,B01581,ING_LEMON,2026-02-09T09:00:00,consume,1.5278,kg,prep
SITE_KIT_01,B01625,ING_CUCUMBER,2026-02-09T09:00:00,consume,3.4209,kg,prep
SITE_KIT_01,B01616,ING_CABBAGE,2026-02-09T09:00:00,consume,2.1801,kg,prep
SITE_KIT_01,B01515,ING_BANANA,2026-02-09T09:00:00,consume,3.46,kg,prep
SITE_KIT_01,B01630,ING_EGG,2026-02-09T09:00:00,consume,2.1879,kg,prep
SITE_KIT_01,B01506,ING_BRINJAL,2026-02-09T09:00:00,consume,1.2267,kg,prep
SITE_KIT_01,B01617,ING_BRINJAL,2026-02-09T09:00:00,consume,1.6816,kg,prep
SITE_KIT_01,B01618,ING_OKRA,2026-02-09T09:00:00,consume,3.5802,kg,prep
SITE_KIT_01,B01583,ING_MUSHROOM,2026-02-09T09:00:00,consume,0.9385,kg,prep
SITE_KIT_01,B01624,ING_MUSHROOM,2026-02-09T09:00:00,consume,0.0768,kg,prep
SITE_KIT_01,B01560,ING_CORIANDER,2026-02-09T23:00:00,waste,0.2719,kg,spoilage
SITE_KIT_01,B01561,ING_MINT,2026-02-09T23:00:00,waste,0.75,kg,spoilage
SITE_KIT_01,B01515,ING_BANANA,2026-02-09T23:00:00,waste,4.1648,kg,spoilage
SITE_KIT_01,B01637,ING_SPINACH,2026-02-10T07:00:00,receive,10.0,kg,LOT-B01637
SITE_KIT_01,B01638,ING_CORIANDER,2026-02-10T07:00:00,receive,1.5,kg,LOT-B01638
SITE_KIT_01,B01639,ING_MINT,2026-02-10T07:00:00,receive,0.75,kg,LOT-B01639
SITE_KIT_01,B01640,ING_CURRYLEAF,2026-02-10T07:00:00,receive,0.455,kg,LOT-B01640
SITE_KIT_01,B01641,ING_BATTER,2026-02-10T07:00:00,receive,17.0,kg,LOT-B01641
SITE_KIT_01,B01627,ING_CHICKEN,2026-02-10T09:00:00,consume,9.828,kg,prep
SITE_KIT_01,B01596,ING_RICE,2026-02-10T09:00:00,consume,22.529,kg,prep
SITE_KIT_01,B01565,ING_ONION,2026-02-10T09:00:00,consume,23.9965,kg,prep
SITE_KIT_01,B01609,ING_TOMATO,2026-02-10T09:00:00,consume,17.3884,kg,prep
SITE_KIT_01,B01591,ING_CURD,2026-02-10T09:00:00,consume,0.8601,kg,prep
SITE_KIT_01,B01632,ING_CURD,2026-02-10T09:00:00,consume,7.5925,kg,prep
SITE_KIT_01,B01571,ING_GINGER,2026-02-10T09:00:00,consume,0.716,kg,prep
SITE_KIT_01,B01572,ING_GARLIC,2026-02-10T09:00:00,consume,1.1961,kg,prep
SITE_KIT_01,B01613,ING_GCHILLI,2026-02-10T09:00:00,consume,1.0478,kg,prep
SITE_KIT_01,B01606,ING_MINT,2026-02-10T09:00:00,consume,0.1425,kg,prep
SITE_KIT_01,B01639,ING_MINT,2026-02-10T09:00:00,consume,0.3584,kg,prep
SITE_KIT_01,B01612,ING_CORIANDER,2026-02-10T09:00:00,consume,0.4233,kg,prep
SITE_KIT_01,B01569,ING_CORIANDER,2026-02-10T09:00:00,consume,0.6232,kg,prep
SITE_KIT_01,B01595,ING_GHEE,2026-02-10T09:00:00,consume,2.8392,kg,prep
SITE_KIT_01,B01600,ING_CASHEW,2026-02-10T09:00:00,consume,0.8476,kg,prep
SITE_KIT_01,B01614,ING_CARROT,2026-02-10T09:00:00,consume,5.4361,kg,prep
SITE_KIT_01,B01623,ING_BEANS,2026-02-10T09:00:00,consume,3.3471,kg,prep
SITE_KIT_01,B01619,ING_PEAS,2026-02-10T09:00:00,consume,2.522,kg,prep
SITE_KIT_01,B01610,ING_CAULI,2026-02-10T09:00:00,consume,21.5434,kg,prep
SITE_KIT_01,B01566,ING_POTATO,2026-02-10T09:00:00,consume,12.3726,kg,prep
SITE_KIT_01,B01631,ING_PANEER,2026-02-10T09:00:00,consume,9.698,kg,prep
SITE_KIT_01,B01635,ING_BUTTER,2026-02-10T09:00:00,consume,2.1164,kg,prep
SITE_KIT_01,B01634,ING_CREAM,2026-02-10T09:00:00,consume,1.9968,kg,prep
SITE_KIT_01,B01615,ING_CAPSICUM,2026-02-10T09:00:00,consume,2.9229,kg,prep
SITE_KIT_01,B01455,ING_BESAN,2026-02-10T09:00:00,consume,0.962,kg,prep
SITE_KIT_01,B01599,ING_OIL,2026-02-10T09:00:00,consume,2.3335,kg,prep
SITE_KIT_01,B01611,ING_SPINACH,2026-02-10T09:00:00,consume,6.6664,kg,prep
SITE_KIT_01,B01597,ING_ATTA,2026-02-10T09:00:00,consume,16.861,kg,prep
SITE_KIT_01,B01633,ING_MILK,2026-02-10T09:00:00,consume,1.417,kg,prep
SITE_KIT_01,B01602,ING_TOORDAL,2026-02-10T09:00:00,consume,4.056,kg,prep
SITE_KIT_01,B01640,ING_CURRYLEAF,2026-02-10T09:00:00,consume,0.3819,kg,prep
SITE_KIT_01,B01587,ING_MUTTON,2026-02-10T09:00:00,consume,0.64,kg,prep
SITE_KIT_01,B01628,ING_MUTTON,2026-02-10T09:00:00,consume,4.04,kg,prep
SITE_KIT_01,B01636,ING_BATTER,2026-02-10T09:00:00,consume,11.208,kg,prep
SITE_KIT_01,B01641,ING_BATTER,2026-02-10T09:00:00,consume,0.856,kg,prep
SITE_KIT_01,B01629,ING_FISH,2026-02-10T09:00:00,consume,4.368,kg,prep
SITE_KIT_01,B01601,ING_COCONUT,2026-02-10T09:00:00,consume,1.092,kg,prep
SITE_KIT_01,B01581,ING_LEMON,2026-02-10T09:00:00,consume,0.0358,kg,prep
SITE_KIT_01,B01622,ING_LEMON,2026-02-10T09:00:00,consume,1.5166,kg,prep
SITE_KIT_01,B01625,ING_CUCUMBER,2026-02-10T09:00:00,consume,3.4379,kg,prep
SITE_KIT_01,B01616,ING_CABBAGE,2026-02-10T09:00:00,consume,2.1954,kg,prep
SITE_KIT_01,B01626,ING_BANANA,2026-02-10T09:00:00,consume,3.6022,kg,prep
SITE_KIT_01,B01630,ING_EGG,2026-02-10T09:00:00,consume,2.1879,kg,prep
SITE_KIT_01,B01617,ING_BRINJAL,2026-02-10T09:00:00,consume,3.0562,kg,prep
SITE_KIT_01,B01618,ING_OKRA,2026-02-10T09:00:00,consume,3.4742,kg,prep
SITE_KIT_01,B01624,ING_MUSHROOM,2026-02-10T09:00:00,consume,1.0101,kg,prep
SITE_KIT_01,B01569,ING_CORIANDER,2026-02-10T23:00:00,waste,0.7758,kg,spoilage
SITE_KIT_01,B01580,ING_CURRYLEAF,2026-02-10T23:00:00,waste,0.1041,kg,spoilage
SITE_KIT_01,B01642,ING_TOMATO,2026-02-11T07:00:00,receive,40.0,kg,LOT-B01642
SITE_KIT_01,B01643,ING_ONION,2026-02-11T07:00:00,receive,138.0,kg,LOT-B01643
SITE_KIT_01,B01644,ING_POTATO,2026-02-11T07:00:00,receive,58.0,kg,LOT-B01644
SITE_KIT_01,B01645,ING_CAULI,2026-02-11T07:00:00,receive,13.925,kg,LOT-B01645
SITE_KIT_01,B01646,ING_SPINACH,2026-02-11T07:00:00,receive,9.0,kg,LOT-B01646
SITE_KIT_01,B01647,ING_CORIANDER,2026-02-11T07:00:00,receive,1.5,kg,LOT-B01647
SITE_KIT_01,B01648,ING_GCHILLI,2026-02-11T07:00:00,receive,3.0,kg,LOT-B01648
SITE_KIT_01,B01649,ING_GINGER,2026-02-11T07:00:00,receive,6.0,kg,LOT-B01649
SITE_KIT_01,B01650,ING_GARLIC,2026-02-11T07:00:00,receive,7.386,kg,LOT-B01650
SITE_KIT_01,B01651,ING_CARROT,2026-02-11T07:00:00,receive,12.0,kg,LOT-B01651
SITE_KIT_01,B01652,ING_CAPSICUM,2026-02-11T07:00:00,receive,6.0,kg,LOT-B01652
SITE_KIT_01,B01653,ING_CABBAGE,2026-02-11T07:00:00,receive,4.456,kg,LOT-B01653
SITE_KIT_01,B01654,ING_BRINJAL,2026-02-11T07:00:00,receive,12.0,kg,LOT-B01654
SITE_KIT_01,B01655,ING_OKRA,2026-02-11T07:00:00,receive,8.0,kg,LOT-B01655
SITE_KIT_01,B01656,ING_PEAS,2026-02-11T07:00:00,receive,5.0,kg,LOT-B01656
SITE_KIT_01,B01657,ING_MINT,2026-02-11T07:00:00,receive,0.887,kg,LOT-B01657
SITE_KIT_01,B01658,ING_CURRYLEAF,2026-02-11T07:00:00,receive,0.75,kg,LOT-B01658
SITE_KIT_01,B01659,ING_LEMON,2026-02-11T07:00:00,receive,5.0,kg,LOT-B01659
SITE_KIT_01,B01660,ING_BEANS,2026-02-11T07:00:00,receive,7.322,kg,LOT-B01660
SITE_KIT_01,B01661,ING_MUSHROOM,2026-02-11T07:00:00,receive,2.0,kg,LOT-B01661
SITE_KIT_01,B01662,ING_CUCUMBER,2026-02-11T07:00:00,receive,7.0,kg,LOT-B01662
SITE_KIT_01,B01663,ING_BANANA,2026-02-11T07:00:00,receive,9.0,kg,LOT-B01663
SITE_KIT_01,B01664,ING_CHICKEN,2026-02-11T07:00:00,receive,23.0,kg,LOT-B01664
SITE_KIT_01,B01665,ING_MUTTON,2026-02-11T07:00:00,receive,10.0,kg,LOT-B01665
SITE_KIT_01,B01666,ING_FISH,2026-02-11T07:00:00,receive,8.0,kg,LOT-B01666
SITE_KIT_01,B01667,ING_EGG,2026-02-11T07:00:00,receive,5.0,kg,LOT-B01667
SITE_KIT_01,B01668,ING_PANEER,2026-02-11T07:00:00,receive,24.0,kg,LOT-B01668
SITE_KIT_01,B01669,ING_CURD,2026-02-11T07:00:00,receive,19.0,kg,LOT-B01669
SITE_KIT_01,B01670,ING_MILK,2026-02-11T07:00:00,receive,3.0,kg,LOT-B01670
SITE_KIT_01,B01671,ING_CREAM,2026-02-11T07:00:00,receive,5.0,kg,LOT-B01671
SITE_KIT_01,B01672,ING_BUTTER,2026-02-11T07:00:00,receive,5.0,kg,LOT-B01672
SITE_KIT_01,B01673,ING_BATTER,2026-02-11T07:00:00,receive,16.0,kg,LOT-B01673
SITE_KIT_01,B01627,ING_CHICKEN,2026-02-11T09:00:00,consume,10.578,kg,prep
SITE_KIT_01,B01664,ING_CHICKEN,2026-02-11T09:00:00,consume,0.186,kg,prep
SITE_KIT_01,B01596,ING_RICE,2026-02-11T09:00:00,consume,22.477,kg,prep
SITE_KIT_01,B01643,ING_ONION,2026-02-11T09:00:00,consume,25.206,kg,prep
SITE_KIT_01,B01642,ING_TOMATO,2026-02-11T09:00:00,consume,17.8156,kg,prep
SITE_KIT_01,B01632,ING_CURD,2026-02-11T09:00:00,consume,8.6463,kg,prep
SITE_KIT_01,B01649,ING_GINGER,2026-02-11T09:00:00,consume,0.7481,kg,prep
SITE_KIT_01,B01572,ING_GARLIC,2026-02-11T09:00:00,consume,0.9959,kg,prep
SITE_KIT_01,B01650,ING_GARLIC,2026-02-11T09:00:00,consume,0.2411,kg,prep
SITE_KIT_01,B01613,ING_GCHILLI,2026-02-11T09:00:00,consume,1.226,kg,prep
SITE_KIT_01,B01639,ING_MINT,2026-02-11T09:00:00,consume,0.3916,kg,prep
SITE_KIT_01,B01620,ING_MINT,2026-02-11T09:00:00,consume,0.0812,kg,prep
SITE_KIT_01,B01638,ING_CORIANDER,2026-02-11T09:00:00,consume,1.0336,kg,prep
SITE_KIT_01,B01595,ING_GHEE,2026-02-11T09:00:00,consume,2.8821,kg,prep
SITE_KIT_01,B01600,ING_CASHEW,2026-02-11T09:00:00,consume,0.8892,kg,prep
SITE_KIT_01,B01614,ING_CARROT,2026-02-11T09:00:00,consume,5.2436,kg,prep
SITE_KIT_01,B01623,ING_BEANS,2026-02-11T09:00:00,consume,3.0711,kg,prep
SITE_KIT_01,B01660,ING_BEANS,2026-02-11T09:00:00,consume,0.0562,kg,prep
SITE_KIT_01,B01619,ING_PEAS,2026-02-11T09:00:00,consume,2.34,kg,prep
SITE_KIT_01,B01610,ING_CAULI,2026-02-11T09:00:00,consume,21.9294,kg,prep
SITE_KIT_01,B01566,ING_POTATO,2026-02-11T09:00:00,consume,9.316,kg,prep
SITE_KIT_01,B01644,ING_POTATO,2026-02-11T09:00:00,consume,5.2394,kg,prep
SITE_KIT_01,B01631,ING_PANEER,2026-02-11T09:00:00,consume,5.265,kg,prep
SITE_KIT_01,B01668,ING_PANEER,2026-02-11T09:00:00,consume,4.576,kg,prep
SITE_KIT_01,B01635,ING_BUTTER,2026-02-11T09:00:00,consume,2.3153,kg,prep
SITE_KIT_01,B01634,ING_CREAM,2026-02-11T09:00:00,consume,1.7698,kg,prep
SITE_KIT_01,B01671,ING_CREAM,2026-02-11T09:00:00,consume,0.253,kg,prep
SITE_KIT_01,B01615,ING_CAPSICUM,2026-02-11T09:00:00,consume,3.0223,kg,prep
SITE_KIT_01,B01455,ING_BESAN,2026-02-11T09:00:00,consume,1.014,kg,prep
SITE_KIT_01,B01599,ING_OIL,2026-02-11T09:00:00,consume,2.847,kg,prep
SITE_KIT_01,B01611,ING_SPINACH,2026-02-11T09:00:00,consume,0.9263,kg,prep
SITE_KIT_01,B01637,ING_SPINACH,2026-02-11T09:00:00,consume,5.5623,kg,prep
SITE_KIT_01,B01597,ING_ATTA,2026-02-11T09:00:00,consume,18.876,kg,prep
SITE_KIT_01,B01633,ING_MILK,2026-02-11T09:00:00,consume,1.716,kg,prep
SITE_KIT_01,B01602,ING_TOORDAL,2026-02-11T09:00:00,consume,4.212,kg,prep
SITE_KIT_01,B01640,ING_CURRYLEAF,2026-02-11T09:00:00,consume,0.0731,kg,prep
SITE_KIT_01,B01658,ING_CURRYLEAF,2026-02-11T09:00:00,consume,0.3774,kg,prep
SITE_KIT_01,B01628,ING_MUTTON,2026-02-11T09:00:00,consume,4.94,kg,prep
SITE_KIT_01,B01673,ING_BATTER,2026-02-11T09:00:00,consume,16.0,kg,prep
SITE_KIT_01,B01641,ING_BATTER,2026-02-11T09:00:00,consume,0.848,kg,prep
SITE_KIT_01,B01629,ING_FISH,2026-02-11T09:00:00,consume,4.576,kg,prep
SITE_KIT_01,B01601,ING_COCONUT,2026-02-11T09:00:00,consume,1.144,kg,prep
SITE_KIT_01,B01622,ING_LEMON,2026-02-11T09:00:00,consume,1.5573,kg,prep
SITE_KIT_01,B01625,ING_CUCUMBER,2026-02-11T09:00:00,consume,2.7432,kg,prep
SITE_KIT_01,B01584,ING_CUCUMBER,2026-02-11T09:00:00,consume,0.6209,kg,prep
SITE_KIT_01,B01616,ING_CABBAGE,2026-02-11T09:00:00,consume,2.1904,kg,prep
SITE_KIT_01,B01626,ING_BANANA,2026-02-11T09:00:00,consume,3.5633,kg,prep
SITE_KIT_01,B01630,ING_EGG,2026-02-11T09:00:00,consume,2.1996,kg,prep
SITE_KIT_01,B01654,ING_BRINJAL,2026-02-11T09:00:00,consume,3.0275,kg,prep
SITE_KIT_01,B01618,ING_OKRA,2026-02-11T09:00:00,consume,3.4956,kg,prep
SITE_KIT_01,B01624,ING_MUSHROOM,2026-02-11T09:00:00,consume,1.0113,kg,prep
SITE_KIT_01,B01540,ING_OKRA,2026-02-11T23:00:00,waste,0.8741,kg,spoilage
SITE_KIT_01,B01555,ING_MILK,2026-02-11T23:00:00,waste,0.801,kg,spoilage
SITE_KIT_01,B01674,ING_SPINACH,2026-02-12T07:00:00,receive,23.4,kg,LOT-B01674
SITE_KIT_01,B01675,ING_CORIANDER,2026-02-12T07:00:00,receive,2.0,kg,LOT-B01675
SITE_KIT_01,B01676,ING_MINT,2026-02-12T07:00:00,receive,0.75,kg,LOT-B01676
SITE_KIT_01,B01677,ING_CURRYLEAF,2026-02-12T07:00:00,receive,0.75,kg,LOT-B01677
SITE_KIT_01,B01678,ING_BATTER,2026-02-12T07:00:00,receive,17.0,kg,LOT-B01678
SITE_KIT_01,B01664,ING_CHICKEN,2026-02-12T09:00:00,consume,10.764,kg,prep
SITE_KIT_01,B01596,ING_RICE,2026-02-12T09:00:00,consume,23.946,kg,prep
SITE_KIT_01,B01643,ING_ONION,2026-02-12T09:00:00,consume,26.3264,kg,prep
SITE_KIT_01,B01642,ING_TOMATO,2026-02-12T09:00:00,consume,18.9252,kg,prep
SITE_KIT_01,B01632,ING_CURD,2026-02-12T09:00:00,consume,1.7612,kg,prep
SITE_KIT_01,B01669,ING_CURD,2026-02-12T09:00:00,consume,7.6456,kg,prep
SITE_KIT_01,B01649,ING_GINGER,2026-02-12T09:00:00,consume,0.8176,kg,prep
SITE_KIT_01,B01650,ING_GARLIC,2026-02-12T09:00:00,consume,1.3686,kg,prep
SITE_KIT_01,B01613,ING_GCHILLI,2026-02-12T09:00:00,consume,0.6641,kg,prep
SITE_KIT_01,B01648,ING_GCHILLI,2026-02-12T09:00:00,consume,0.5507,kg,prep
SITE_KIT_01,B01620,ING_MINT,2026-02-12T09:00:00,consume,0.5044,kg,prep
SITE_KIT_01,B01638,ING_CORIANDER,2026-02-12T09:00:00,consume,0.4664,kg,prep
SITE_KIT_01,B01647,ING_CORIANDER,2026-02-12T09:00:00,consume,0.6274,kg,prep
SITE_KIT_01,B01595,ING_GHEE,2026-02-12T09:00:00,consume,3.0914,kg,prep
SITE_KIT_01,B01600,ING_CASHEW,2026-02-12T09:00:00,consume,0.9516,kg,prep
SITE_KIT_01,B01614,ING_CARROT,2026-02-12T09:00:00,consume,0.5793,kg,prep
SITE_KIT_01,B01651,ING_CARROT,2026-02-12T09:00:00,consume,5.078,kg,prep
SITE_KIT_01,B01660,ING_BEANS,2026-02-12T09:00:00,consume,3.3866,kg,prep
SITE_KIT_01,B01619,ING_PEAS,2026-02-12T09:00:00,consume,0.032,kg,prep
SITE_KIT_01,B01656,ING_PEAS,2026-02-12T09:00:00,consume,2.568,kg,prep
SITE_KIT_01,B01610,ING_CAULI,2026-02-12T09:00:00,consume,24.7966,kg,prep
SITE_KIT_01,B01644,ING_POTATO,2026-02-12T09:00:00,consume,12.8361,kg,prep
SITE_KIT_01,B01668,ING_PANEER,2026-02-12T09:00:00,consume,11.245,kg,prep
SITE_KIT_01,B01635,ING_BUTTER,2026-02-12T09:00:00,consume,0.1191,kg,prep
SITE_KIT_01,B01594,ING_BUTTER,2026-02-12T09:00:00,consume,0.2035,kg,prep
SITE_KIT_01,B01672,ING_BUTTER,2026-02-12T09:00:00,consume,2.2891,kg,prep
SITE_KIT_01,B01671,ING_CREAM,2026-02-12T09:00:00,consume,2.2984,kg,prep
SITE_KIT_01,B01615,ING_CAPSICUM,2026-02-12T09:00:00,consume,1.3299,kg,prep
SITE_KIT_01,B01652,ING_CAPSICUM,2026-02-12T09:00:00,consume,2.0254,kg,prep
SITE_KIT_01,B01455,ING_BESAN,2026-02-12T09:00:00,consume,0.22,kg,prep
SITE_KIT_01,B01598,ING_BESAN,2026-02-12T09:00:00,consume,0.924,kg,prep
SITE_KIT_01,B01599,ING_OIL,2026-02-12T09:00:00,consume,2.6975,kg,prep
SITE_KIT_01,B01637,ING_SPINACH,2026-02-12T09:00:00,consume,4.4377,kg,prep
SITE_KIT_01,B01646,ING_SPINACH,2026-02-12T09:00:00,consume,3.5813,kg,prep
SITE_KIT_01,B01597,ING_ATTA,2026-02-12T09:00:00,consume,21.801,kg,prep
SITE_KIT_01,B01633,ING_MILK,2026-02-12T09:00:00,consume,0.203,kg,prep
SITE_KIT_01,B01670,ING_MILK,2026-02-12T09:00:00,consume,1.708,kg,prep
SITE_KIT_01,B01602,ING_TOORDAL,2026-02-12T09:00:00,consume,4.446,kg,prep
SITE_KIT_01,B01658,ING_CURRYLEAF,2026-02-12T09:00:00,consume,0.3726,kg,prep
SITE_KIT_01,B01677,ING_CURRYLEAF,2026-02-12T09:00:00,consume,0.0626,kg,prep
SITE_KIT_01,B01628,ING_MUTTON,2026-02-12T09:00:00,consume,3.02,kg,prep
SITE_KIT_01,B01665,ING_MUTTON,2026-02-12T09:00:00,consume,2.7,kg,prep
SITE_KIT_01,B01678,ING_BATTER,2026-02-12T09:00:00,consume,13.52,kg,prep
SITE_KIT_01,B01629,ING_FISH,2026-02-12T09:00:00,consume,1.688,kg,prep
SITE_KIT_01,B01666,ING_FISH,2026-02-12T09:00:00,consume,3.304,kg,prep
SITE_KIT_01,B01601,ING_COCONUT,2026-02-12T09:00:00,consume,1.248,kg,prep
SITE_KIT_01,B01622,ING_LEMON,2026-02-12T09:00:00,consume,1.7892,kg,prep
SITE_KIT_01,B01584,ING_CUCUMBER,2026-02-12T09:00:00,consume,0.9895,kg,prep
SITE_KIT_01,B01662,ING_CUCUMBER,2026-02-12T09:00:00,consume,2.7936,kg,prep
SITE_KIT_01,B01616,ING_CABBAGE,2026-02-12T09:00:00,consume,0.4342,kg,prep
SITE_KIT_01,B01575,ING_CABBAGE,2026-02-12T09:00:00,consume,0.2589,kg,prep
SITE_KIT_01,B01653,ING_CABBAGE,2026-02-12T09:00:00,consume,1.7345,kg,prep
SITE_KIT_01,B01626,ING_BANANA,2026-02-12T09:00:00,consume,2.8345,kg,prep
SITE_KIT_01,B01663,ING_BANANA,2026-02-12T09:00:00,consume,1.2082,kg,prep
SITE_KIT_01,B01630,ING_EGG,2026-02-12T09:00:00,consume,0.4246,kg,prep
SITE_KIT_01,B01667,ING_EGG,2026-02-12T09:00:00,consume,2.009,kg,prep
SITE_KIT_01,B01654,ING_BRINJAL,2026-02-12T09:00:00,consume,3.3683,kg,prep
SITE_KIT_01,B01618,ING_OKRA,2026-02-12T09:00:00,consume,0.45,kg,prep
SITE_KIT_01,B01655,ING_OKRA,2026-02-12T09:00:00,consume,3.4453,kg,prep
SITE_KIT_01,B01624,ING_MUSHROOM,2026-02-12T09:00:00,consume,0.9019,kg,prep
SITE_KIT_01,B01661,ING_MUSHROOM,2026-02-12T09:00:00,consume,0.2274,kg,prep
SITE_KIT_01,B01620,ING_MINT,2026-02-12T23:00:00,waste,0.4144,kg,spoilage
SITE_KIT_01,B01621,ING_CURRYLEAF,2026-02-12T23:00:00,waste,0.5,kg,spoilage
SITE_KIT_01,B01641,ING_BATTER,2026-02-12T23:00:00,waste,15.296,kg,spoilage
