sale_id,site_id,product_id,business_date,qty,revenue,channel
S_2025-11-15_DSH_CHBIRYANI,SITE_KIT_01,DSH_CHBIRYANI,2025-11-15,69,18975.0,dine_in
S_2025-11-15_DSH_VGBIRYANI,SITE_KIT_01,DSH_VGBIRYANI,2025-11-15,43,9030.0,dine_in
S_2025-11-15_DSH_PBM,SITE_KIT_01,DSH_PBM,2025-11-15,65,15275.0,dine_in
S_2025-11-15_DSH_GOBIMANCH,SITE_KIT_01,DSH_GOBIMANCH,2025-11-15,46,8280.0,dine_in
S_2025-11-15_DSH_PALAK,SITE_KIT_01,DSH_PALAK,2025-11-15,46,10120.0,dine_in
S_2025-11-15_DSH_NAAN,SITE_KIT_01,DSH_NAAN,2025-11-15,200,9600.0,dine_in
S_2025-11-15_DSH_ROTI,SITE_KIT_01,DSH_ROTI,2025-11-15,107,2996.0,dine_in
S_2025-11-15_DSH_JEERARICE,SITE_KIT_01,DSH_JEERARICE,2025-11-15,49,6370.0,dine_in
S_2025-11-15_DSH_DALTADKA,SITE_KIT_01,DSH_DALTADKA,2025-11-15,53,7685.0,dine_in
S_2025-11-15_DSH_ROGANJOSH,SITE_KIT_01,DSH_ROGANJOSH,2025-11-15,28,10780.0,dine_in
S_2025-11-15_DSH_VEGPULAO,SITE_KIT_01,DSH_VEGPULAO,2025-11-15,31,5270.0,dine_in
S_2025-11-15_DSH_DOSA,SITE_KIT_01,DSH_DOSA,2025-11-15,74,7770.0,dine_in
S_2025-11-15_DSH_MIXVEG,SITE_KIT_01,DSH_MIXVEG,2025-11-15,51,9435.0,dine_in
S_2025-11-15_DSH_FISHCURRY,SITE_KIT_01,DSH_FISHCURRY,2025-11-15,30,8700.0,dine_in
S_2025-11-15_DSH_SIDES,SITE_KIT_01,DSH_SIDES,2025-11-15,270,0.0,dine_in
S_2025-11-16_DSH_CHBIRYANI,SITE_KIT_01,DSH_CHBIRYANI,2025-11-16,62,17050.0,dine_in
S_2025-11-16_DSH_VGBIRYANI,SITE_KIT_01,DSH_VGBIRYANI,2025-11-16,41,8610.0,dine_in
S_2025-11-16_DSH_PBM,SITE_KIT_01,DSH_PBM,2025-11-16,61,14335.0,dine_in
S_2025-11-16_DSH_GOBIMANCH,SITE_KIT_01,DSH_GOBIMANCH,2025-11-16,44,7920.0,dine_in
S_2025-11-16_DSH_PALAK,SITE_KIT_01,DSH_PALAK,2025-11-16,39,8580.0,dine_in
S_2025-11-16_DSH_NAAN,SITE_KIT_01,DSH_NAAN,2025-11-16,174,8352.0,dine_in
S_2025-11-16_DSH_ROTI,SITE_KIT_01,DSH_ROTI,2025-11-16,120,3360.0,dine_in
S_2025-11-16_DSH_JEERARICE,SITE_KIT_01,DSH_JEERARICE,2025-11-16,55,7150.0,dine_in
S_2025-11-16_DSH_DALTADKA,SITE_KIT_01,DSH_DALTADKA,2025-11-16,67,9715.0,dine_in
S_2025-11-16_DSH_ROGANJOSH,SITE_KIT_01,DSH_ROGANJOSH,2025-11-16,22,8470.0,dine_in
S_2025-11-16_DSH_VEGPULAO,SITE_KIT_01,DSH_VEGPULAO,2025-11-16,25,4250.0,dine_in
S_2025-11-16_DSH_DOSA,SITE_KIT_01,DSH_DOSA,2025-11-16,66,6930.0,dine_in
S_2025-11-16_DSH_MIXVEG,SITE_KIT_01,DSH_MIXVEG,2025-11-16,33,6105.0,dine_in
S_2025-11-16_DSH_FISHCURRY,SITE_KIT_01,DSH_FISHCURRY,2025-11-16,23,6670.0,dine_in
S_2025-11-16_DSH_SIDES,SITE_KIT_01,DSH_SIDES,2025-11-16,252,0.0,dine_in
S_2025-11-17_DSH_CHBIRYANI,SITE_KIT_01,DSH_CHBIRYANI,2025-11-17,36,9900.0,dine_in
S_2025-11-17_DSH_VGBIRYANI,SITE_KIT_01,DSH_VGBIRYANI,2025-11-17,22,4620.0,dine_in
S_2025-11-17_DSH_PBM,SITE_KIT_01,DSH_PBM,2025-11-17,49,11515.0,dine_in
S_2025-11-17_DSH_GOBIMANCH,SITE_KIT_01,DSH_GOBIMANCH,2025-11-17,31,5580.0,dine_in
S_2025-11-17_DSH_PALAK,SITE_KIT_01,DSH_PALAK,2025-11-17,25,5500.0,dine_in
S_2025-11-17_DSH_NAAN,SITE_KIT_01,DSH_NAAN,2025-11-17,93,4464.0,dine_in
S_2025-11-17_DSH_ROTI,SITE_KIT_01,DSH_ROTI,2025-11-17,88,2464.0,dine_in
S_2025-11-17_DSH_JEERARICE,SITE_KIT_01,DSH_JEERARICE,2025-11-17,33,4290.0,dine_in
S_2025-11-17_DSH_DALTADKA,SITE_KIT_01,DSH_DALTADKA,2025-11-17,47,6815.0,dine_in
S_2025-11-17_DSH_ROGANJOSH,SITE_KIT_01,DSH_ROGANJOSH,2025-11-17,15,5775.0,dine_in
S_2025-11-17_DSH_VEGPULAO,SITE_KIT_01,DSH_VEGPULAO,2025-11-17,13,2210.0,dine_in
S_2025-11-17_DSH_DOSA,SITE_KIT_01,DSH_DOSA,2025-11-17,57,5985.0,dine_in
S_2025-11-17_DSH_MIXVEG,SITE_KIT_01,DSH_MIXVEG,2025-11-17,27,4995.0,dine_in
S_2025-11-17_DSH_FISHCURRY,SITE_KIT_01,DSH_FISHCURRY,2025-11-17,15,4350.0,dine_in
S_2025-11-17_DSH_SIDES,SITE_KIT_01,DSH_SIDES,2025-11-17,167,0.0,dine_in
S_2025-11-18_DSH_CHBIRYANI,SITE_KIT_01,DSH_CHBIRYANI,2025-11-18,39,10725.0,dine_in
S_2025-11-18_DSH_VGBIRYANI,SITE_KIT_01,DSH_VGBIRYANI,2025-11-18,30,6300.0,dine_in
S_2025-11-18_DSH_PBM,SITE_KIT_01,DSH_PBM,2025-11-18,30,7050.0,dine_in
S_2025-11-18_DSH_GOBIMANCH,SITE_KIT_01,DSH_GOBIMANCH,2025-11-18,34,6120.0,dine_in
S_2025-11-18_DSH_PALAK,SITE_KIT_01,DSH_PALAK,2025-11-18,21,4620.0,dine_in
S_2025-11-18_DSH_NAAN,SITE_KIT_01,DSH_NAAN,2025-11-18,99,4752.0,dine_in
S_2025-11-18_DSH_ROTI,SITE_KIT_01,DSH_ROTI,2025-11-18,76,2128.0,dine_in
S_2025-11-18_DSH_JEERARICE,SITE_KIT_01,DSH_JEERARICE,2025-11-18,36,4680.0,dine_in
S_2025-11-18_DSH_DALTADKA,SITE_KIT_01,DSH_DALTADKA,2025-11-18,31,4495.0,dine_in
S_2025-11-18_DSH_ROGANJOSH,SITE_KIT_01,DSH_ROGANJOSH,2025-11-18,13,5005.0,dine_in
S_2025-11-18_DSH_VEGPULAO,SITE_KIT_01,DSH_VEGPULAO,2025-11-18,22,3740.0,dine_in
S_2025-11-18_DSH_DOSA,SITE_KIT_01,DSH_DOSA,2025-11-18,54,5670.0,dine_in
S_2025-11-18_DSH_MIXVEG,SITE_KIT_01,DSH_MIXVEG,2025-11-18,25,4625.0,dine_in
S_2025-11-18_DSH_FISHCURRY,SITE_KIT_01,DSH_FISHCURRY,2025-11-18,12,3480.0,dine_in
S_2025-11-18_DSH_SIDES,SITE_KIT_01,DSH_SIDES,2025-11-18,158,0.0,dine_in
S_2025-11-19_DSH_CHBIRYANI,SITE_KIT_01,DSH_CHBIRYANI,2025-11-19,35,9625.0,dine_in
S_2025-11-19_DSH_VGBIRYANI,SITE_KIT_01,DSH_VGBIRYANI,2025-11-19,29,6090.0,dine_in
S_2025-11-19_DSH_PBM,SITE_KIT_01,DSH_PBM,2025-11-19,32,7520.0,dine_in
S_2025-11-19_DSH_GOBIMANCH,SITE_KIT_01,DSH_GOBIMANCH,2025-11-19,18,3240.0,dine_in
S_2025-11-19_DSH_PALAK,SITE_KIT_01,DSH_PALAK,2025-11-19,28,6160.0,dine_in
S_2025-11-19_DSH_NAAN,SITE_KIT_01,DSH_NAAN,2025-11-19,97,4656.0,dine_in
S_2025-11-19_DSH_ROTI,SITE_KIT_01,DSH_ROTI,2025-11-19,82,2296.0,dine_in
S_2025-11-19_DSH_JEERARICE,SITE_KIT_01,DSH_JEERARICE,2025-11-19,32,4160.0,dine_in
S_2025-11-19_DSH_DALTADKA,SITE_KIT_01,DSH_DALTADKA,2025-11-19,44,6380.0,dine_in
S_2025-11-19_DSH_ROGANJOSH,SITE_KIT_01,DSH_ROGANJOSH,2025-11-19,14,5390.0,dine_in
S_2025-11-19_DSH_VEGPULAO,SITE_KIT_01,DSH_VEGPULAO,2025-11-19,14,2380.0,dine_in
S_2025-11-19_DSH_DOSA,SITE_KIT_01,DSH_DOSA,2025-11-19,68,7140.0,dine_in
S_2025-11-19_DSH_MIXVEG,SITE_KIT_01,DSH_MIXVEG,2025-11-19,26,4810.0,dine_in
S_2025-11-19_DSH_FISHCURRY,SITE_KIT_01,DSH_FISHCURRY,2025-11-19,21,6090.0,dine_in
S_2025-11-19_DSH_SIDES,SITE_KIT_01,DSH_SIDES,2025-11-19,164,0.0,dine_in
S_2025-11-20_DSH_CHBIRYANI,SITE_KIT_01,DSH_CHBIRYANI,2025-11-20,35,9625.0,dine_in
S_2025-11-20_DSH_VGBIRYANI,SITE_KIT_01,DSH_VGBIRYANI,2025-11-20,32,6720.0,dine_in
S_2025-11-20_DSH_PBM,SITE_KIT_01,DSH_PBM,2025-11-20,50,11750.0,dine_in
S_2025-11-20_DSH_GOBIMANCH,SITE_KIT_01,DSH_GOBIMANCH,2025-11-20,39,7020.0,dine_in
S_2025-11-20_DSH_PALAK,SITE_KIT_01,DSH_PALAK,2025-11-20,30,6600.0,dine_in
S_2025-11-20_DSH_NAAN,SITE_KIT_01,DSH_NAAN,2025-11-20,138,6624.0,dine_in
S_2025-11-20_DSH_ROTI,SITE_KIT_01,DSH_ROTI,2025-11-20,73,2044.0,dine_in
S_2025-11-20_DSH_JEERARICE,SITE_KIT_01,DSH_JEERARICE,2025-11-20,41,5330.0,dine_in
S_2025-11-20_DSH_DALTADKA,SITE_KIT_01,DSH_DALTADKA,2025-11-20,52,7540.0,dine_in
S_2025-11-20_DSH_ROGANJOSH,SITE_KIT_01,DSH_ROGANJOSH,2025-11-20,16,6160.0,dine_in
S_2025-11-20_DSH_VEGPULAO,SITE_KIT_01,DSH_VEGPULAO,2025-11-20,21,3570.0,dine_in
S_2025-11-20_DSH_DOSA,SITE_KIT_01,DSH_DOSA,2025-11-20,49,5145.0,dine_in
S_2025-11-20_DSH_MIXVEG,SITE_KIT_01,DSH_MIXVEG,2025-11-20,24,4440.0,dine_in
S_2025-11-20_DSH_FISHCURRY,SITE_KIT_01,DSH_FISHCURRY,2025-11-20,22,6380.0,dine_in
S_2025-11-20_DSH_SIDES,SITE_KIT_01,DSH_SIDES,2025-11-20,188,0.0,dine_in
S_2025-11-21_DSH_CHBIRYANI,SITE_KIT_01,DSH_CHBIRYANI,2025-11-21,46,12650.0,dine_in
S_2025-11-21_DSH_VGBIRYANI,SITE_KIT_01,DSH_VGBIRYANI,2025-11-21,43,9030.0,dine_in
S_2025-11-21_DSH_PBM,SITE_KIT_01,DSH_PBM,2025-11-21,54,12690.0,dine_in
S_2025-11-21_DSH_GOBIMANCH,SITE_KIT_01,DSH_GOBIMANCH,2025-11-21,37,6660.0,dine_in
S_2025-11-21_DSH_PALAK,SITE_KIT_01,DSH_PALAK,2025-11-21,31,6820.0,dine_in
S_2025-11-21_DSH_NAAN,SITE_KIT_01,DSH_NAAN,2025-11-21,191,9168.0,dine_in
S_2025-11-21_DSH_ROTI,SITE_KIT_01,DSH_ROTI,2025-11-21,145,4060.0,dine_in
S_2025-11-21_DSH_JEERARICE,SITE_KIT_01,DSH_JEERARICE,2025-11-21,58,7540.0,dine_in
S_2025-11-21_DSH_DALTADKA,SITE_KIT_01,DSH_DALTADKA,2025-11-21,64,9280.0,dine_in
S_2025-11-21_DSH_ROGANJOSH,SITE_KIT_01,DSH_ROGANJOSH,2025-11-21,22,8470.0,dine_in
S_2025-11-21_DSH_VEGPULAO,SITE_KIT_01,DSH_VEGPULAO,2025-11-21,26,4420.0,dine_in
S_2025-11-21_DSH_DOSA,SITE_KIT_01,DSH_DOSA,2025-11-21,63,6615.0,dine_in
S_2025-11-21_DSH_MIXVEG,SITE_KIT_01,DSH_MIXVEG,2025-11-21,34,6290.0,dine_in
S_2025-11-21_DSH_FISHCURRY,SITE_KIT_01,DSH_FISHCURRY,2025-11-21,29,8410.0,dine_in
S_2025-11-21_DSH_SIDES,SITE_KIT_01,DSH_SIDES,2025-11-21,255,0.0,dine_in
S_2025-11-22_DSH_CHBIRYANI,SITE_KIT_01,DSH_CHBIRYANI,2025-11-22,60,16500.0,dine_in
S_2025-11-22_DSH_VGBIRYANI,SITE_KIT_01,DSH_VGBIRYANI,2025-11-22,34,7140.0,dine_in
S_2025-11-22_DSH_PBM,SITE_KIT_01,DSH_PBM,2025-11-22,64,15040.0,dine_in
S_2025-11-22_DSH_GOBIMANCH,SITE_KIT_01,DSH_GOBIMANCH,2025-11-22,56,10080.0,dine_in
S_2025-11-22_DSH_PALAK,SITE_KIT_01,DSH_PALAK,2025-11-22,22,4840.0,dine_in
S_2025-11-22_DSH_NAAN,SITE_KIT_01,DSH_NAAN,2025-11-22,180,8640.0,dine_in
S_2025-11-22_DSH_ROTI,SITE_KIT_01,DSH_ROTI,2025-11-22,134,3752.0,dine_in
S_2025-11-22_DSH_JEERARICE,SITE_KIT_01,DSH_JEERARICE,2025-11-22,57,7410.0,dine_in
S_2025-11-22_DSH_DALTADKA,SITE_KIT_01,DSH_DALTADKA,2025-11-22,80,11600.0,dine_in
S_2025-11-22_DSH_ROGANJOSH,SITE_KIT_01,DSH_ROGANJOSH,2025-11-22,33,12705.0,dine_in
S_2025-11-22_DSH_VEGPULAO,SITE_KIT_01,DSH_VEGPULAO,2025-11-22,36,6120.0,dine_in
S_2025-11-22_DSH_DOSA,SITE_KIT_01,DSH_DOSA,2025-11-22,69,7245.0,dine_in
S_2025-11-22_DSH_MIXVEG,SITE_KIT_01,DSH_MIXVEG,2025-11-22,32,5920.0,dine_in
S_2025-11-22_DSH_FISHCURRY,SITE_KIT_01,DSH_FISHCURRY,2025-11-22,30,8700.0,dine_in
S_2025-11-22_DSH_SIDES,SITE_KIT_01,DSH_SIDES,2025-11-22,269,0.0,dine_in
S_2025-11-23_DSH_CHBIRYANI,SITE_KIT_01,DSH_CHBIRYANI,2025-11-23,48,13200.0,dine_in
S_2025-11-23_DSH_VGBIRYANI,SITE_KIT_01,DSH_VGBIRYANI,2025-11-23,35,7350.0,dine_in
S_2025-11-23_DSH_PBM,SITE_KIT_01,DSH_PBM,2025-11-23,54,12690.0,dine_in
S_2025-11-23_DSH_GOBIMANCH,SITE_KIT_01,DSH_GOBIMANCH,2025-11-23,33,5940.0,dine_in
S_2025-11-23_DSH_PALAK,SITE_KIT_01,DSH_PALAK,2025-11-23,26,5720.0,dine_in
S_2025-11-23_DSH_NAAN,SITE_KIT_01,DSH_NAAN,2025-11-23,141,6768.0,dine_in
S_2025-11-23_DSH_ROTI,SITE_KIT_01,DSH_ROTI,2025-11-23,107,2996.0,dine_in
S_2025-11-23_DSH_JEERARICE,SITE_KIT_01,DSH_JEERARICE,2025-11-23,46,5980.0,dine_in
S_2025-11-23_DSH_DALTADKA,SITE_KIT_01,DSH_DALTADKA,2025-11-23,63,9135.0,dine_in
S_2025-11-23_DSH_ROGANJOSH,SITE_KIT_01,DSH_ROGANJOSH,2025-11-23,22,8470.0,dine_in
S_2025-11-23_DSH_VEGPULAO,SITE_KIT_01,DSH_VEGPULAO,2025-11-23,25,4250.0,dine_in
S_2025-11-23_DSH_DOSA,SITE_KIT_01,DSH_DOSA,2025-11-23,54,5670.0,dine_in
S_2025-11-23_DSH_MIXVEG,SITE_KIT_01,DSH_MIXVEG,2025-11-23,36,6660.0,dine_in
S_2025-11-23_DSH_FISHCURRY,SITE_KIT_01,DSH_FISHCURRY,2025-11-23,18,5220.0,dine_in
S_2025-11-23_DSH_SIDES,SITE_KIT_01,DSH_SIDES,2025-11-23,215,0.0,dine_in
S_2025-11-24_DSH_CHBIRYANI,SITE_KIT_01,DSH_CHBIRYANI,2025-11-24,34,9350.0,dine_in
S_2025-11-24_DSH_VGBIRYANI,SITE_KIT_01,DSH_VGBIRYANI,2025-11-24,27,5670.0,dine_in
S_2025-11-24_DSH_PBM,SITE_KIT_01,DSH_PBM,2025-11-24,50,11750.0,dine_in
S_2025-11-24_DSH_GOBIMANCH,SITE_KIT_01,DSH_GOBIMANCH,2025-11-24,25,4500.0,dine_in
S_2025-11-24_DSH_PALAK,SITE_KIT_01,DSH_PALAK,2025-11-24,18,3960.0,dine_in
S_2025-11-24_DSH_NAAN,SITE_KIT_01,DSH_NAAN,2025-11-24,96,4608.0,dine_in
S_2025-11-24_DSH_ROTI,SITE_KIT_01,DSH_ROTI,2025-11-24,84,2352.0,dine_in
S_2025-11-24_DSH_JEERARICE,SITE_KIT_01,DSH_JEERARICE,2025-11-24,34,4420.0,dine_in
S_2025-11-24_DSH_DALTADKA,SITE_KIT_01,DSH_DALTADKA,2025-11-24,44,6380.0,dine_in
S_2025-11-24_DSH_ROGANJOSH,SITE_KIT_01,DSH_ROGANJOSH,2025-11-24,15,5775.0,dine_in
S_2025-11-24_DSH_VEGPULAO,SITE_KIT_01,DSH_VEGPULAO,2025-11-24,21,3570.0,dine_in
S_2025-11-24_DSH_DOSA,SITE_KIT_01,DSH_DOSA,2025-11-24,61,6405.0,dine_in
S_2025-11-24_DSH_MIXVEG,SITE_KIT_01,DSH_MIXVEG,2025-11-24,26,4810.0,dine_in
S_2025-11-24_DSH_FISHCURRY,SITE_KIT_01,DSH_FISHCURRY,2025-11-24,19,5510.0,dine_in
S_2025-11-24_DSH_SIDES,SITE_KIT_01,DSH_SIDES,2025-11-24,168,0.0,dine_in
S_2025-11-25_DSH_CHBIRYANI,SITE_KIT_01,DSH_CHBIRYANI,2025-11-25,30,8250.0,dine_in
S_2025-11-25_DSH_VGBIRYANI,SITE_KIT_01,DSH_VGBIRYANI,2025-11-25,23,4830.0,dine_in
S_2025-11-25_DSH_PBM,SITE_KIT_01,DSH_PBM,2025-11-25,44,10340.0,dine_in
S_2025-11-25_DSH_GOBIMANCH,SITE_KIT_01,DSH_GOBIMANCH,2025-11-25,27,4860.0,dine_in
S_2025-11-25_DSH_PALAK,SITE_KIT_01,DSH_PALAK,2025-11-25,20,4400.0,dine_in
S_2025-11-25_DSH_NAAN,SITE_KIT_01,DSH_NAAN,2025-11-25,97,4656.0,dine_in
S_2025-11-25_DSH_ROTI,SITE_KIT_01,DSH_ROTI,2025-11-25,72,2016.0,dine_in
S_2025-11-25_DSH_JEERARICE,SITE_KIT_01,DSH_JEERARICE,2025-11-25,34,4420.0,dine_in
S_2025-11-25_DSH_DALTADKA,SITE_KIT_01,DSH_DALTADKA,2025-11-25,42,6090.0,dine_in
S_2025-11-25_DSH_ROGANJOSH,SITE_KIT_01,DSH_ROGANJOSH,2025-11-25,10,3850.0,dine_in
S_2025-11-25_DSH_VEGPULAO,SITE_KIT_01,DSH_VEGPULAO,2025-11-25,23,3910.0,dine_in
S_2025-11-25_DSH_DOSA,SITE_KIT_01,DSH_DOSA,2025-11-25,61,6405.0,dine_in
S_2025-11-25_DSH_MIXVEG,SITE_KIT_01,DSH_MIXVEG,2025-11-25,29,5365.0,dine_in
S_2025-11-25_DSH_FISHCURRY,SITE_KIT_01,DSH_FISHCURRY,2025-11-25,12,3480.0,dine_in
S_2025-11-25_DSH_SIDES,SITE_KIT_01,DSH_SIDES,2025-11-25,159,0.0,dine_in
S_2025-11-26_DSH_CHBIRYANI,SITE_KIT_01,DSH_CHBIRYANI,2025-11-26,24,6600.0,dine_in
S_2025-11-26_DSH_VGBIRYANI,SITE_KIT_01,DSH_VGBIRYANI,2025-11-26,24,5040.0,dine_in
S_2025-11-26_DSH_PBM,SITE_KIT_01,DSH_PBM,2025-11-26,37,8695.0,dine_in
S_2025-11-26_DSH_GOBIMANCH,SITE_KIT_01,DSH_GOBIMANCH,2025-11-26,24,4320.0,dine_in
S_2025-11-26_DSH_PALAK,SITE_KIT_01,DSH_PALAK,2025-11-26,21,4620.0,dine_in
S_2025-11-26_DSH_NAAN,SITE_KIT_01,DSH_NAAN,2025-11-26,133,6384.0,dine_in
S_2025-11-26_DSH_ROTI,SITE_KIT_01,DSH_ROTI,2025-11-26,80,2240.0,dine_in
S_2025-11-26_DSH_JEERARICE,SITE_KIT_01,DSH_JEERARICE,2025-11-26,24,3120.0,dine_in
S_2025-11-26_DSH_DALTADKA,SITE_KIT_01,DSH_DALTADKA,2025-11-26,41,5945.0,dine_in
S_2025-11-26_DSH_ROGANJOSH,SITE_KIT_01,DSH_ROGANJOSH,2025-11-26,18,6930.0,dine_in
S_2025-11-26_DSH_VEGPULAO,SITE_KIT_01,DSH_VEGPULAO,2025-11-26,14,2380.0,dine_in
S_2025-11-26_DSH_DOSA,SITE_KIT_01,DSH_DOSA,2025-11-26,75,7875.0,dine_in
S_2025-11-26_DSH_MIXVEG,SITE_KIT_01,DSH_MIXVEG,2025-11-26,23,4255.0,dine_in
S_2025-11-26_DSH_FISHCURRY,SITE_KIT_01,DSH_FISHCURRY,2025-11-26,17,4930.0,dine_in
S_2025-11-26_DSH_SIDES,SITE_KIT_01,DSH_SIDES,2025-11-26,168,0.0,dine_in
S_2025-11-27_DSH_CHBIRYANI,SITE_KIT_01,DSH_CHBIRYANI,2025-11-27,34,9350.0,dine_in
S_2025-11-27_DSH_VGBIRYANI,SITE_KIT_01,DSH_VGBIRYANI,2025-11-27,25,5250.0,dine_in
S_2025-11-27_DSH_PBM,SITE_KIT_01,DSH_PBM,2025-11-27,48,11280.0,dine_in
S_2025-11-27_DSH_GOBIMANCH,SITE_KIT_01,DSH_GOBIMANCH,2025-11-27,27,4860.0,dine_in
S_2025-11-27_DSH_PALAK,SITE_KIT_01,DSH_PALAK,2025-11-27,22,4840.0,dine_in
S_2025-11-27_DSH_NAAN,SITE_KIT_01,DSH_NAAN,2025-11-27,110,5280.0,dine_in
S_2025-11-27_DSH_ROTI,SITE_KIT_01,DSH_ROTI,2025-11-27,94,2632.0,dine_in
S_2025-11-27_DSH_JEERARICE,SITE_KIT_01,DSH_JEERARICE,2025-11-27,37,4810.0,dine_in
S_2025-11-27_DSH_DALTADKA,SITE_KIT_01,DSH_DALTADKA,2025-11-27,52,7540.0,dine_in
S_2025-11-27_DSH_ROGANJOSH,SITE_KIT_01,DSH_ROGANJOSH,2025-11-27,19,7315.0,dine_in
S_2025-11-27_DSH_VEGPULAO,SITE_KIT_01,DSH_VEGPULAO,2025-11-27,24,4080.0,dine_in
S_2025-11-27_DSH_DOSA,SITE_KIT_01,DSH_DOSA,2025-11-27,67,7035.0,dine_in
S_2025-11-27_DSH_MIXVEG,SITE_KIT_01,DSH_MIXVEG,2025-11-27,33,6105.0,dine_in
S_2025-11-27_DSH_FISHCURRY,SITE_KIT_01,DSH_FISHCURRY,2025-11-27,18,5220.0,dine_in
S_2025-11-27_DSH_SIDES,SITE_KIT_01,DSH_SIDES,2025-11-27,185,0.0,dine_in
S_2025-11-28_DSH_CHBIRYANI,SITE_KIT_01,DSH_CHBIRYANI,2025-11-28,50,13750.0,dine_in
S_2025-11-28_DSH_VGBIRYANI,SITE_KIT_01,DSH_VGBIRYANI,2025-11-28,31,6510.0,dine_in
S_2025-11-28_DSH_PBM,SITE_KIT_01,DSH_PBM,2025-11-28,60,14100.0,dine_in
S_2025-11-28_DSH_GOBIMANCH,SITE_KIT_01,DSH_GOBIMANCH,2025-11-28,32,5760.0,dine_in
S_2025-11-28_DSH_PALAK,SITE_KIT_01,DSH_PALAK,2025-11-28,31,6820.0,dine_in
S_2025-11-28_DSH_NAAN,SITE_KIT_01,DSH_NAAN,2025-11-28,160,7680.0,dine_in
S_2025-11-28_DSH_ROTI,SITE_KIT_01,DSH_ROTI,2025-11-28,115,3220.0,dine_in
S_2025-11-28_DSH_JEERARICE,SITE_KIT_01,DSH_JEERARICE,2025-11-28,51,6630.0,dine_in
S_2025-11-28_DSH_DALTADKA,SITE_KIT_01,DSH_DALTADKA,2025-11-28,58,8410.0,dine_in
S_2025-11-28_DSH_ROGANJOSH,SITE_KIT_01,DSH_ROGANJOSH,2025-11-28,30,11550.0,dine_in
S_2025-11-28_DSH_VEGPULAO,SITE_KIT_01,DSH_VEGPULAO,2025-11-28,18,3060.0,dine_in
S_2025-11-28_DSH_DOSA,SITE_KIT_01,DSH_DOSA,2025-11-28,58,6090.0,dine_in
S_2025-11-28_DSH_MIXVEG,SITE_KIT_01,DSH_MIXVEG,2025-11-28,31,5735.0,dine_in
S_2025-11-28_DSH_FISHCURRY,SITE_KIT_01,DSH_FISHCURRY,2025-11-28,23,6670.0,dine_in
S_2025-11-28_DSH_SIDES,SITE_KIT_01,DSH_SIDES,2025-11-28,227,0.0,dine_in
S_2025-11-29_DSH_CHBIRYANI,SITE_KIT_01,DSH_CHBIRYANI,2025-11-29,71,19525.0,dine_in
S_2025-11-29_DSH_VGBIRYANI,SITE_KIT_01,DSH_VGBIRYANI,2025-11-29,38,7980.0,dine_in
S_2025-11-29_DSH_PBM,SITE_KIT_01,DSH_PBM,2025-11-29,57,13395.0,dine_in
S_2025-11-29_DSH_GOBIMANCH,SITE_KIT_01,DSH_GOBIMANCH,2025-11-29,52,9360.0,dine_in
S_2025-11-29_DSH_PALAK,SITE_KIT_01,DSH_PALAK,2025-11-29,41,9020.0,dine_in
S_2025-11-29_DSH_NAAN,SITE_KIT_01,DSH_NAAN,2025-11-29,183,8784.0,dine_in
S_2025-11-29_DSH_ROTI,SITE_KIT_01,DSH_ROTI,2025-11-29,122,3416.0,dine_in
S_2025-11-29_DSH_JEERARICE,SITE_KIT_01,DSH_JEERARICE,2025-11-29,58,7540.0,dine_in
S_2025-11-29_DSH_DALTADKA,SITE_KIT_01,DSH_DALTADKA,2025-11-29,72,10440.0,dine_in
S_2025-11-29_DSH_ROGANJOSH,SITE_KIT_01,DSH_ROGANJOSH,2025-11-29,27,10395.0,dine_in
S_2025-11-29_DSH_VEGPULAO,SITE_KIT_01,DSH_VEGPULAO,2025-11-29,27,4590.0,dine_in
S_2025-11-29_DSH_DOSA,SITE_KIT_01,DSH_DOSA,2025-11-29,64,6720.0,dine_in
S_2025-11-29_DSH_MIXVEG,SITE_KIT_01,DSH_MIXVEG,2025-11-29,36,6660.0,dine_in
S_2025-11-29_DSH_FISHCURRY,SITE_KIT_01,DSH_FISHCURRY,2025-11-29,27,7830.0,dine_in
S_2025-11-29_DSH_SIDES,SITE_KIT_01,DSH_SIDES,2025-11-29,265,0.0,dine_in
S_2025-11-30_DSH_CHBIRYANI,SITE_KIT_01,DSH_CHBIRYANI,2025-11-30,66,18150.0,dine_in
S_2025-11-30_DSH_VGBIRYANI,SITE_KIT_01,DSH_VGBIRYANI,2025-11-30,36,7560.0,dine_in
S_2025-11-30_DSH_PBM,SITE_KIT_01,DSH_PBM,2025-11-30,65,15275.0,dine_in
S_2025-11-30_DSH_GOBIMANCH,SITE_KIT_01,DSH_GOBIMANCH,2025-11-30,43,7740.0,dine_in
S_2025-11-30_DSH_PALAK,SITE_KIT_01,DSH_PALAK,2025-11-30,38,8360.0,dine_in
S_2025-11-30_DSH_NAAN,SITE_KIT_01,DSH_NAAN,2025-11-30,152,7296.0,dine_in
S_2025-11-30_DSH_ROTI,SITE_KIT_01,DSH_ROTI,2025-11-30,128,3584.0,dine_in
S_2025-11-30_DSH_JEERARICE,SITE_KIT_01,DSH_JEERARICE,2025-11-30,55,7150.0,dine_in
S_2025-11-30_DSH_DALTADKA,SITE_KIT_01,DSH_DALTADKA,2025-11-30,64,9280.0,dine_in
S_2025-11-30_DSH_ROGANJOSH,SITE_KIT_01,DSH_ROGANJOSH,2025-11-30,31,11935.0,dine_in
S_2025-11-30_DSH_VEGPULAO,SITE_KIT_01,DSH_VEGPULAO,2025-11-30,29,4930.0,dine_in
S_2025-11-30_DSH_DOSA,SITE_KIT_01,DSH_DOSA,2025-11-30,81,8505.0,dine_in
S_2025-11-30_DSH_MIXVEG,SITE_KIT_01,DSH_MIXVEG,2025-11-30,40,7400.0,dine_in
S_2025-11-30_DSH_FISHCURRY,SITE_KIT_01,DSH_FISHCURRY,2025-11-30,27,7830.0,dine_in
S_2025-11-30_DSH_SIDES,SITE_KIT_01,DSH_SIDES,2025-11-30,259,0.0,dine_in
S_2025-12-01_DSH_CHBIRYANI,SITE_KIT_01,DSH_CHBIRYANI,2025-12-01,36,9900.0,dine_in
S_2025-12-01_DSH_VGBIRYANI,SITE_KIT_01,DSH_VGBIRYANI,2025-12-01,23,4830.0,dine_in
S_2025-12-01_DSH_PBM,SITE_KIT_01,DSH_PBM,2025-12-01,47,11045.0,dine_in
S_2025-12-01_DSH_GOBIMANCH,SITE_KIT_01,DSH_GOBIMANCH,2025-12-01,32,5760.0,dine_in
S_2025-12-01_DSH_PALAK,SITE_KIT_01,DSH_PALAK,2025-12-01,20,4400.0,dine_in
S_2025-12-01_DSH_NAAN,SITE_KIT_01,DSH_NAAN,2025-12-01,135,6480.0,dine_in
S_2025-12-01_DSH_ROTI,SITE_KIT_01,DSH_ROTI,2025-12-01,80,2240.0,dine_in
S_2025-12-01_DSH_JEERARICE,SITE_KIT_01,DSH_JEERARICE,2025-12-01,36,4680.0,dine_in
S_2025-12-01_DSH_DALTADKA,SITE_KIT_01,DSH_DALTADKA,2025-12-01,43,6235.0,dine_in
S_2025-12-01_DSH_ROGANJOSH,SITE_KIT_01,DSH_ROGANJOSH,2025-12-01,14,5390.0,dine_in
S_2025-12-01_DSH_VEGPULAO,SITE_KIT_01,DSH_VEGPULAO,2025-12-01,21,3570.0,dine_in
S_2025-12-01_DSH_DOSA,SITE_KIT_01,DSH_DOSA,2025-12-01,62,6510.0,dine_in
S_2025-12-01_DSH_MIXVEG,SITE_KIT_01,DSH_MIXVEG,2025-12-01,21,3885.0,dine_in
S_2025-12-01_DSH_FISHCURRY,SITE_KIT_01,DSH_FISHCURRY,2025-12-01,11,3190.0,dine_in
S_2025-12-01_DSH_SIDES,SITE_KIT_01,DSH_SIDES,2025-12-01,176,0.0,dine_in
S_2025-12-02_DSH_CHBIRYANI,SITE_KIT_01,DSH_CHBIRYANI,2025-12-02,25,6875.0,dine_in
S_2025-12-02_DSH_VGBIRYANI,SITE_KIT_01,DSH_VGBIRYANI,2025-12-02,38,7980.0,dine_in
S_2025-12-02_DSH_PBM,SITE_KIT_01,DSH_PBM,2025-12-02,46,10810.0,dine_in
S_2025-12-02_DSH_GOBIMANCH,SITE_KIT_01,DSH_GOBIMANCH,2025-12-02,34,6120.0,dine_in
S_2025-12-02_DSH_PALAK,SITE_KIT_01,DSH_PALAK,2025-12-02,25,5500.0,dine_in
S_2025-12-02_DSH_NAAN,SITE_KIT_01,DSH_NAAN,2025-12-02,118,5664.0,dine_in
S_2025-12-02_DSH_ROTI,SITE_KIT_01,DSH_ROTI,2025-12-02,94,2632.0,dine_in
S_2025-12-02_DSH_JEERARICE,SITE_KIT_01,DSH_JEERARICE,2025-12-02,33,4290.0,dine_in
S_2025-12-02_DSH_DALTADKA,SITE_KIT_01,DSH_DALTADKA,2025-12-02,46,6670.0,dine_in
S_2025-12-02_DSH_ROGANJOSH,SITE_KIT_01,DSH_ROGANJOSH,2025-12-02,10,3850.0,dine_in
S_2025-12-02_DSH_VEGPULAO,SITE_KIT_01,DSH_VEGPULAO,2025-12-02,21,3570.0,dine_in
S_2025-12-02_DSH_DOSA,SITE_KIT_01,DSH_DOSA,2025-12-02,63,6615.0,dine_in
S_2025-12-02_DSH_MIXVEG,SITE_KIT_01,DSH_MIXVEG,2025-12-02,20,3700.0,dine_in
S_2025-12-02_DSH_FISHCURRY,SITE_KIT_01,DSH_FISHCURRY,2025-12-02,17,4930.0,dine_in
S_2025-12-02_DSH_SIDES,SITE_KIT_01,DSH_SIDES,2025-12-02,179,0.0,dine_in
S_2025-12-03_DSH_CHBIRYANI,SITE_KIT_01,DSH_CHBIRYANI,2025-12-03,37,10175.0,dine_in
S_2025-12-03_DSH_VGBIRYANI,SITE_KIT_01,DSH_VGBIRYANI,2025-12-03,30,6300.0,dine_in
S_2025-12-03_DSH_PBM,SITE_KIT_01,DSH_PBM,2025-12-03,34,7990.0,dine_in
S_2025-12-03_DSH_GOBIMANCH,SITE_KIT_01,DSH_GOBIMANCH,2025-12-03,36,6480.0,dine_in
S_2025-12-03_DSH_PALAK,SITE_KIT_01,DSH_PALAK,2025-12-03,20,4400.0,dine_in
S_2025-12-03_DSH_NAAN,SITE_KIT_01,DSH_NAAN,2025-12-03,121,5808.0,dine_in
S_2025-12-03_DSH_ROTI,SITE_KIT_01,DSH_ROTI,2025-12-03,74,2072.0,dine_in
S_2025-12-03_DSH_JEERARICE,SITE_KIT_01,DSH_JEERARICE,2025-12-03,43,5590.0,dine_in
S_2025-12-03_DSH_DALTADKA,SITE_KIT_01,DSH_DALTADKA,2025-12-03,40,5800.0,dine_in
S_2025-12-03_DSH_ROGANJOSH,SITE_KIT_01,DSH_ROGANJOSH,2025-12-03,18,6930.0,dine_in
S_2025-12-03_DSH_VEGPULAO,SITE_KIT_01,DSH_VEGPULAO,2025-12-03,12,2040.0,dine_in
S_2025-12-03_DSH_DOSA,SITE_KIT_01,DSH_DOSA,2025-12-03,68,7140.0,dine_in
S_2025-12-03_DSH_MIXVEG,SITE_KIT_01,DSH_MIXVEG,2025-12-03,15,2775.0,dine_in
S_2025-12-03_DSH_FISHCURRY,SITE_KIT_01,DSH_FISHCURRY,2025-12-03,17,4930.0,dine_in
S_2025-12-03_DSH_SIDES,SITE_KIT_01,DSH_SIDES,2025-12-03,171,0.0,dine_in
S_2025-12-04_DSH_CHBIRYANI,SITE_KIT_01,DSH_CHBIRYANI,2025-12-04,44,12100.0,dine_in
S_2025-12-04_DSH_VGBIRYANI,SITE_KIT_01,DSH_VGBIRYANI,2025-12-04,31,6510.0,dine_in
S_2025-12-04_DSH_PBM,SITE_KIT_01,DSH_PBM,2025-12-04,47,11045.0,dine_in
S_2025-12-04_DSH_GOBIMANCH,SITE_KIT_01,DSH_GOBIMANCH,2025-12-04,35,6300.0,dine_in
S_2025-12-04_DSH_PALAK,SITE_KIT_01,DSH_PALAK,2025-12-04,30,6600.0,dine_in
S_2025-12-04_DSH_NAAN,SITE_KIT_01,DSH_NAAN,2025-12-04,146,7008.0,dine_in
S_2025-12-04_DSH_ROTI,SITE_KIT_01,DSH_ROTI,2025-12-04,90,2520.0,dine_in
S_2025-12-04_DSH_JEERARICE,SITE_KIT_01,DSH_JEERARICE,2025-12-04,40,5200.0,dine_in
S_2025-12-04_DSH_DALTADKA,SITE_KIT_01,DSH_DALTADKA,2025-12-04,53,7685.0,dine_in
S_2025-12-04_DSH_ROGANJOSH,SITE_KIT_01,DSH_ROGANJOSH,2025-12-04,10,3850.0,dine_in
S_2025-12-04_DSH_VEGPULAO,SITE_KIT_01,DSH_VEGPULAO,2025-12-04,26,4420.0,dine_in
S_2025-12-04_DSH_DOSA,SITE_KIT_01,DSH_DOSA,2025-12-04,60,6300.0,dine_in
S_2025-12-04_DSH_MIXVEG,SITE_KIT_01,DSH_MIXVEG,2025-12-04,25,4625.0,dine_in
S_2025-12-04_DSH_FISHCURRY,SITE_KIT_01,DSH_FISHCURRY,2025-12-04,21,6090.0,dine_in
S_2025-12-04_DSH_SIDES,SITE_KIT_01,DSH_SIDES,2025-12-04,199,0.0,dine_in
S_2025-12-05_DSH_CHBIRYANI,SITE_KIT_01,DSH_CHBIRYANI,2025-12-05,69,18975.0,dine_in
S_2025-12-05_DSH_VGBIRYANI,SITE_KIT_01,DSH_VGBIRYANI,2025-12-05,21,4410.0,dine_in
S_2025-12-05_DSH_PBM,SITE_KIT_01,DSH_PBM,2025-12-05,65,15275.0,dine_in
S_2025-12-05_DSH_GOBIMANCH,SITE_KIT_01,DSH_GOBIMANCH,2025-12-05,53,9540.0,dine_in
S_2025-12-05_DSH_PALAK,SITE_KIT_01,DSH_PALAK,2025-12-05,34,7480.0,dine_in
S_2025-12-05_DSH_NAAN,SITE_KIT_01,DSH_NAAN,2025-12-05,179,8592.0,dine_in
S_2025-12-05_DSH_ROTI,SITE_KIT_01,DSH_ROTI,2025-12-05,123,3444.0,dine_in
S_2025-12-05_DSH_JEERARICE,SITE_KIT_01,DSH_JEERARICE,2025-12-05,61,7930.0,dine_in
S_2025-12-05_DSH_DALTADKA,SITE_KIT_01,DSH_DALTADKA,2025-12-05,62,8990.0,dine_in
S_2025-12-05_DSH_ROGANJOSH,SITE_KIT_01,DSH_ROGANJOSH,2025-12-05,21,8085.0,dine_in
S_2025-12-05_DSH_VEGPULAO,SITE_KIT_01,DSH_VEGPULAO,2025-12-05,18,3060.0,dine_in
S_2025-12-05_DSH_DOSA,SITE_KIT_01,DSH_DOSA,2025-12-05,69,7245.0,dine_in
S_2025-12-05_DSH_MIXVEG,SITE_KIT_01,DSH_MIXVEG,2025-12-05,43,7955.0,dine_in
S_2025-12-05_DSH_FISHCURRY,SITE_KIT_01,DSH_FISHCURRY,2025-12-05,22,6380.0,dine_in
S_2025-12-05_DSH_SIDES,SITE_KIT_01,DSH_SIDES,2025-12-05,255,0.0,dine_in
S_2025-12-06_DSH_CHBIRYANI,SITE_KIT_01,DSH_CHBIRYANI,2025-12-06,72,19800.0,dine_in
S_2025-12-06_DSH_VGBIRYANI,SITE_KIT_01,DSH_VGBIRYANI,2025-12-06,44,9240.0,dine_in
S_2025-12-06_DSH_PBM,SITE_KIT_01,DSH_PBM,2025-12-06,71,16685.0,dine_in
S_2025-12-06_DSH_GOBIMANCH,SITE_KIT_01,DSH_GOBIMANCH,2025-12-06,51,9180.0,dine_in
S_2025-12-06_DSH_PALAK,SITE_KIT_01,DSH_PALAK,2025-12-06,39,8580.0,dine_in
S_2025-12-06_DSH_NAAN,SITE_KIT_01,DSH_NAAN,2025-12-06,183,8784.0,dine_in
S_2025-12-06_DSH_ROTI,SITE_KIT_01,DSH_ROTI,2025-12-06,122,3416.0,dine_in
S_2025-12-06_DSH_JEERARICE,SITE_KIT_01,DSH_JEERARICE,2025-12-06,64,8320.0,dine_in
S_2025-12-06_DSH_DALTADKA,SITE_KIT_01,DSH_DALTADKA,2025-12-06,79,11455.0,dine_in
S_2025-12-06_DSH_ROGANJOSH,SITE_KIT_01,DSH_ROGANJOSH,2025-12-06,25,9625.0,dine_in
S_2025-12-06_DSH_VEGPULAO,SITE_KIT_01,DSH_VEGPULAO,2025-12-06,29,4930.0,dine_in
S_2025-12-06_DSH_DOSA,SITE_KIT_01,DSH_DOSA,2025-12-06,68,7140.0,dine_in
S_2025-12-06_DSH_MIXVEG,SITE_KIT_01,DSH_MIXVEG,2025-12-06,44,8140.0,dine_in
S_2025-12-06_DSH_FISHCURRY,SITE_KIT_01,DSH_FISHCURRY,2025-12-06,25,7250.0,dine_in
S_2025-12-06_DSH_SIDES,SITE_KIT_01,DSH_SIDES,2025-12-06,278,0.0,dine_in
S_2025-12-07_DSH_CHBIRYANI,SITE_KIT_01,DSH_CHBIRYANI,2025-12-07,66,18150.0,dine_in
S_2025-12-07_DSH_VGBIRYANI,SITE_KIT_01,DSH_VGBIRYANI,2025-12-07,44,9240.0,dine_in
S_2025-12-07_DSH_PBM,SITE_KIT_01,DSH_PBM,2025-12-07,60,14100.0,dine_in
S_2025-12-07_DSH_GOBIMANCH,SITE_KIT_01,DSH_GOBIMANCH,2025-12-07,38,6840.0,dine_in
S_2025-12-07_DSH_PALAK,SITE_KIT_01,DSH_PALAK,2025-12-07,34,7480.0,dine_in
S_2025-12-07_DSH_NAAN,SITE_KIT_01,DSH_NAAN,2025-12-07,165,7920.0,dine_in
S_2025-12-07_DSH_ROTI,SITE_KIT_01,DSH_ROTI,2025-12-07,127,3556.0,dine_in
S_2025-12-07_DSH_JEERARICE,SITE_KIT_01,DSH_JEERARICE,2025-12-07,48,6240.0,dine_in
S_2025-12-07_DSH_DALTADKA,SITE_KIT_01,DSH_DALTADKA,2025-12-07,59,8555.0,dine_in
S_2025-12-07_DSH_ROGANJOSH,SITE_KIT_01,DSH_ROGANJOSH,2025-12-07,21,8085.0,dine_in
S_2025-12-07_DSH_VEGPULAO,SITE_KIT_01,DSH_VEGPULAO,2025-12-07,33,5610.0,dine_in
S_2025-12-07_DSH_DOSA,SITE_KIT_01,DSH_DOSA,2025-12-07,77,8085.0,dine_in
S_2025-12-07_DSH_MIXVEG,SITE_KIT_01,DSH_MIXVEG,2025-12-07,28,5180.0,dine_in
S_2025-12-07_DSH_FISHCURRY,SITE_KIT_01,DSH_FISHCURRY,2025-12-07,32,9280.0,dine_in
S_2025-12-07_DSH_SIDES,SITE_KIT_01,DSH_SIDES,2025-12-07,252,0.0,dine_in
S_2025-12-08_DSH_CHBIRYANI,SITE_KIT_01,DSH_CHBIRYANI,2025-12-08,34,9350.0,dine_in
S_2025-12-08_DSH_VGBIRYANI,SITE_KIT_01,DSH_VGBIRYANI,2025-12-08,22,4620.0,dine_in
S_2025-12-08_DSH_PBM,SITE_KIT_01,DSH_PBM,2025-12-08,38,8930.0,dine_in
S_2025-12-08_DSH_GOBIMANCH,SITE_KIT_01,DSH_GOBIMANCH,2025-12-08,34,6120.0,dine_in
S_2025-12-08_DSH_PALAK,SITE_KIT_01,DSH_PALAK,2025-12-08,23,5060.0,dine_in
S_2025-12-08_DSH_NAAN,SITE_KIT_01,DSH_NAAN,2025-12-08,124,5952.0,dine_in
S_2025-12-08_DSH_ROTI,SITE_KIT_01,DSH_ROTI,2025-12-08,72,2016.0,dine_in
S_2025-12-08_DSH_JEERARICE,SITE_KIT_01,DSH_JEERARICE,2025-12-08,36,4680.0,dine_in
S_2025-12-08_DSH_DALTADKA,SITE_KIT_01,DSH_DALTADKA,2025-12-08,46,6670.0,dine_in
S_2025-12-08_DSH_ROGANJOSH,SITE_KIT_01,DSH_ROGANJOSH,2025-12-08,11,4235.0,dine_in
S_2025-12-08_DSH_VEGPULAO,SITE_KIT_01,DSH_VEGPULAO,2025-12-08,15,2550.0,dine_in
S_2025-12-08_DSH_DOSA,SITE_KIT_01,DSH_DOSA,2025-12-08,49,5145.0,dine_in
S_2025-12-08_DSH_MIXVEG,SITE_KIT_01,DSH_MIXVEG,2025-12-08,27,4995.0,dine_in
S_2025-12-08_DSH_FISHCURRY,SITE_KIT_01,DSH_FISHCURRY,2025-12-08,19,5510.0,dine_in
S_2025-12-08_DSH_SIDES,SITE_KIT_01,DSH_SIDES,2025-12-08,167,0.0,dine_in
S_2025-12-09_DSH_CHBIRYANI,SITE_KIT_01,DSH_CHBIRYANI,2025-12-09,38,10450.0,dine_in
S_2025-12-09_DSH_VGBIRYANI,SITE_KIT_01,DSH_VGBIRYANI,2025-12-09,39,8190.0,dine_in
S_2025-12-09_DSH_PBM,SITE_KIT_01,DSH_PBM,2025-12-09,45,10575.0,dine_in
S_2025-12-09_DSH_GOBIMANCH,SITE_KIT_01,DSH_GOBIMANCH,2025-12-09,21,3780.0,dine_in
S_2025-12-09_DSH_PALAK,SITE_KIT_01,DSH_PALAK,2025-12-09,16,3520.0,dine_in
S_2025-12-09_DSH_NAAN,SITE_KIT_01,DSH_NAAN,2025-12-09,119,5712.0,dine_in
S_2025-12-09_DSH_ROTI,SITE_KIT_01,DSH_ROTI,2025-12-09,91,2548.0,dine_in
S_2025-12-09_DSH_JEERARICE,SITE_KIT_01,DSH_JEERARICE,2025-12-09,32,4160.0,dine_in
S_2025-12-09_DSH_DALTADKA,SITE_KIT_01,DSH_DALTADKA,2025-12-09,40,5800.0,dine_in
S_2025-12-09_DSH_ROGANJOSH,SITE_KIT_01,DSH_ROGANJOSH,2025-12-09,12,4620.0,dine_in
S_2025-12-09_DSH_VEGPULAO,SITE_KIT_01,DSH_VEGPULAO,2025-12-09,19,3230.0,dine_in
S_2025-12-09_DSH_DOSA,SITE_KIT_01,DSH_DOSA,2025-12-09,59,6195.0,dine_in
S_2025-12-09_DSH_MIXVEG,SITE_KIT_01,DSH_MIXVEG,2025-12-09,17,3145.0,dine_in
S_2025-12-09_DSH_FISHCURRY,SITE_KIT_01,DSH_FISHCURRY,2025-12-09,20,5800.0,dine_in
S_2025-12-09_DSH_SIDES,SITE_KIT_01,DSH_SIDES,2025-12-09,172,0.0,dine_in
S_2025-12-10_DSH_CHBIRYANI,SITE_KIT_01,DSH_CHBIRYANI,2025-12-10,32,8800.0,dine_in
S_2025-12-10_DSH_VGBIRYANI,SITE_KIT_01,DSH_VGBIRYANI,2025-12-10,27,5670.0,dine_in
S_2025-12-10_DSH_PBM,SITE_KIT_01,DSH_PBM,2025-12-10,38,8930.0,dine_in
S_2025-12-10_DSH_GOBIMANCH,SITE_KIT_01,DSH_GOBIMANCH,2025-12-10,30,5400.0,dine_in
S_2025-12-10_DSH_PALAK,SITE_KIT_01,DSH_PALAK,2025-12-10,21,4620.0,dine_in
S_2025-12-10_DSH_NAAN,SITE_KIT_01,DSH_NAAN,2025-12-10,103,4944.0,dine_in
S_2025-12-10_DSH_ROTI,SITE_KIT_01,DSH_ROTI,2025-12-10,80,2240.0,dine_in
S_2025-12-10_DSH_JEERARICE,SITE_KIT_01,DSH_JEERARICE,2025-12-10,29,3770.0,dine_in
S_2025-12-10_DSH_DALTADKA,SITE_KIT_01,DSH_DALTADKA,2025-12-10,36,5220.0,dine_in
S_2025-12-10_DSH_ROGANJOSH,SITE_KIT_01,DSH_ROGANJOSH,2025-12-10,14,5390.0,dine_in
S_2025-12-10_DSH_VEGPULAO,SITE_KIT_01,DSH_VEGPULAO,2025-12-10,17,2890.0,dine_in
S_2025-12-10_DSH_DOSA,SITE_KIT_01,DSH_DOSA,2025-12-10,67,7035.0,dine_in
S_2025-12-10_DSH_MIXVEG,SITE_KIT_01,DSH_MIXVEG,2025-12-10,20,3700.0,dine_in
S_2025-12-10_DSH_FISHCURRY,SITE_KIT_01,DSH_FISHCURRY,2025-12-10,18,5220.0,dine_in
S_2025-12-10_DSH_SIDES,SITE_KIT_01,DSH_SIDES,2025-12-10,161,0.0,dine_in
S_2025-12-11_DSH_CHBIRYANI,SITE_KIT_01,DSH_CHBIRYANI,2025-12-11,48,13200.0,dine_in
S_2025-12-11_DSH_VGBIRYANI,SITE_KIT_01,DSH_VGBIRYANI,2025-12-11,30,6300.0,dine_in
S_2025-12-11_DSH_PBM,SITE_KIT_01,DSH_PBM,2025-12-11,44,10340.0,dine_in
S_2025-12-11_DSH_GOBIMANCH,SITE_KIT_01,DSH_GOBIMANCH,2025-12-11,31,5580.0,dine_in
S_2025-12-11_DSH_PALAK,SITE_KIT_01,DSH_PALAK,2025-12-11,23,5060.0,dine_in
S_2025-12-11_DSH_NAAN,SITE_KIT_01,DSH_NAAN,2025-12-11,121,5808.0,dine_in
S_2025-12-11_DSH_ROTI,SITE_KIT_01,DSH_ROTI,2025-12-11,99,2772.0,dine_in
S_2025-12-11_DSH_JEERARICE,SITE_KIT_01,DSH_JEERARICE,2025-12-11,39,5070.0,dine_in
S_2025-12-11_DSH_DALTADKA,SITE_KIT_01,DSH_DALTADKA,2025-12-11,43,6235.0,dine_in
S_2025-12-11_DSH_ROGANJOSH,SITE_KIT_01,DSH_ROGANJOSH,2025-12-11,17,6545.0,dine_in
S_2025-12-11_DSH_VEGPULAO,SITE_KIT_01,DSH_VEGPULAO,2025-12-11,13,2210.0,dine_in
S_2025-12-11_DSH_DOSA,SITE_KIT_01,DSH_DOSA,2025-12-11,45,4725.0,dine_in
S_2025-12-11_DSH_MIXVEG,SITE_KIT_01,DSH_MIXVEG,2025-12-11,29,5365.0,dine_in
S_2025-12-11_DSH_FISHCURRY,SITE_KIT_01,DSH_FISHCURRY,2025-12-11,21,6090.0,dine_in
S_2025-12-11_DSH_SIDES,SITE_KIT_01,DSH_SIDES,2025-12-11,183,0.0,dine_in
S_2025-12-12_DSH_CHBIRYANI,SITE_KIT_01,DSH_CHBIRYANI,2025-12-12,51,14025.0,dine_in
S_2025-12-12_DSH_VGBIRYANI,SITE_KIT_01,DSH_VGBIRYANI,2025-12-12,39,8190.0,dine_in
S_2025-12-12_DSH_PBM,SITE_KIT_01,DSH_PBM,2025-12-12,69,16215.0,dine_in
S_2025-12-12_DSH_GOBIMANCH,SITE_KIT_01,DSH_GOBIMANCH,2025-12-12,49,8820.0,dine_in
S_2025-12-12_DSH_PALAK,SITE_KIT_01,DSH_PALAK,2025-12-12,33,7260.0,dine_in
S_2025-12-12_DSH_NAAN,SITE_KIT_01,DSH_NAAN,2025-12-12,186,8928.0,dine_in
S_2025-12-12_DSH_ROTI,SITE_KIT_01,DSH_ROTI,2025-12-12,120,3360.0,dine_in
S_2025-12-12_DSH_JEERARICE,SITE_KIT_01,DSH_JEERARICE,2025-12-12,58,7540.0,dine_in
S_2025-12-12_DSH_DALTADKA,SITE_KIT_01,DSH_DALTADKA,2025-12-12,65,9425.0,dine_in
S_2025-12-12_DSH_ROGANJOSH,SITE_KIT_01,DSH_ROGANJOSH,2025-12-12,23,8855.0,dine_in
S_2025-12-12_DSH_VEGPULAO,SITE_KIT_01,DSH_VEGPULAO,2025-12-12,31,5270.0,dine_in
S_2025-12-12_DSH_DOSA,SITE_KIT_01,DSH_DOSA,2025-12-12,72,7560.0,dine_in
S_2025-12-12_DSH_MIXVEG,SITE_KIT_01,DSH_MIXVEG,2025-12-12,42,7770.0,dine_in
S_2025-12-12_DSH_FISHCURRY,SITE_KIT_01,DSH_FISHCURRY,2025-12-12,29,8410.0,dine_in
S_2025-12-12_DSH_SIDES,SITE_KIT_01,DSH_SIDES,2025-12-12,263,0.0,dine_in
S_2025-12-13_DSH_CHBIRYANI,SITE_KIT_01,DSH_CHBIRYANI,2025-12-13,60,16500.0,dine_in
S_2025-12-13_DSH_VGBIRYANI,SITE_KIT_01,DSH_VGBIRYANI,2025-12-13,40,8400.0,dine_in
S_2025-12-13_DSH_PBM,SITE_KIT_01,DSH_PBM,2025-12-13,66,15510.0,dine_in
S_2025-12-13_DSH_GOBIMANCH,SITE_KIT_01,DSH_GOBIMANCH,2025-12-13,55,9900.0,dine_in
S_2025-12-13_DSH_PALAK,SITE_KIT_01,DSH_PALAK,2025-12-13,44,9680.0,dine_in
S_2025-12-13_DSH_NAAN,SITE_KIT_01,DSH_NAAN,2025-12-13,191,9168.0,dine_in
S_2025-12-13_DSH_ROTI,SITE_KIT_01,DSH_ROTI,2025-12-13,141,3948.0,dine_in
S_2025-12-13_DSH_JEERARICE,SITE_KIT_01,DSH_JEERARICE,2025-12-13,57,7410.0,dine_in
S_2025-12-13_DSH_DALTADKA,SITE_KIT_01,DSH_DALTADKA,2025-12-13,73,10585.0,dine_in
S_2025-12-13_DSH_ROGANJOSH,SITE_KIT_01,DSH_ROGANJOSH,2025-12-13,32,12320.0,dine_in
S_2025-12-13_DSH_VEGPULAO,SITE_KIT_01,DSH_VEGPULAO,2025-12-13,29,4930.0,dine_in
S_2025-12-13_DSH_DOSA,SITE_KIT_01,DSH_DOSA,2025-12-13,66,6930.0,dine_in
S_2025-12-13_DSH_MIXVEG,SITE_KIT_01,DSH_MIXVEG,2025-12-13,39,7215.0,dine_in
S_2025-12-13_DSH_FISHCURRY,SITE_KIT_01,DSH_FISHCURRY,2025-12-13,33,9570.0,dine_in
S_2025-12-13_DSH_SIDES,SITE_KIT_01,DSH_SIDES,2025-12-13,281,0.0,dine_in
S_2025-12-14_DSH_CHBIRYANI,SITE_KIT_01,DSH_CHBIRYANI,2025-12-14,46,12650.0,dine_in
S_2025-12-14_DSH_VGBIRYANI,SITE_KIT_01,DSH_VGBIRYANI,2025-12-14,40,8400.0,dine_in
S_2025-12-14_DSH_PBM,SITE_KIT_01,DSH_PBM,2025-12-14,55,12925.0,dine_in
S_2025-12-14_DSH_GOBIMANCH,SITE_KIT_01,DSH_GOBIMANCH,2025-12-14,44,7920.0,dine_in
S_2025-12-14_DSH_PALAK,SITE_KIT_01,DSH_PALAK,2025-12-14,40,8800.0,dine_in
S_2025-12-14_DSH_NAAN,SITE_KIT_01,DSH_NAAN,2025-12-14,179,8592.0,dine_in
S_2025-12-14_DSH_ROTI,SITE_KIT_01,DSH_ROTI,2025-12-14,128,3584.0,dine_in
S_2025-12-14_DSH_JEERARICE,SITE_KIT_01,DSH_JEERARICE,2025-12-14,59,7670.0,dine_in
S_2025-12-14_DSH_DALTADKA,SITE_KIT_01,DSH_DALTADKA,2025-12-14,69,10005.0,dine_in
S_2025-12-14_DSH_ROGANJOSH,SITE_KIT_01,DSH_ROGANJOSH,2025-12-14,27,10395.0,dine_in
S_2025-12-14_DSH_VEGPULAO,SITE_KIT_01,DSH_VEGPULAO,2025-12-14,33,5610.0,dine_in
S_2025-12-14_DSH_DOSA,SITE_KIT_01,DSH_DOSA,2025-12-14,79,8295.0,dine_in
S_2025-12-14_DSH_MIXVEG,SITE_KIT_01,DSH_MIXVEG,2025-12-14,39,7215.0,dine_in
S_2025-12-14_DSH_FISHCURRY,SITE_KIT_01,DSH_FISHCURRY,2025-12-14,30,8700.0,dine_in
S_2025-12-14_DSH_SIDES,SITE_KIT_01,DSH_SIDES,2025-12-14,263,0.0,dine_in
S_2025-12-15_DSH_CHBIRYANI,SITE_KIT_01,DSH_CHBIRYANI,2025-12-15,34,9350.0,dine_in
S_2025-12-15_DSH_VGBIRYANI,SITE_KIT_01,DSH_VGBIRYANI,2025-12-15,25,5250.0,dine_in
S_2025-12-15_DSH_PBM,SITE_KIT_01,DSH_PBM,2025-12-15,55,12925.0,dine_in
S_2025-12-15_DSH_GOBIMANCH,SITE_KIT_01,DSH_GOBIMANCH,2025-12-15,32,5760.0,dine_in
S_2025-12-15_DSH_PALAK,SITE_KIT_01,DSH_PALAK,2025-12-15,26,5720.0,dine_in
S_2025-12-15_DSH_NAAN,SITE_KIT_01,DSH_NAAN,2025-12-15,111,5328.0,dine_in
S_2025-12-15_DSH_ROTI,SITE_KIT_01,DSH_ROTI,2025-12-15,77,2156.0,dine_in
S_2025-12-15_DSH_JEERARICE,SITE_KIT_01,DSH_JEERARICE,2025-12-15,37,4810.0,dine_in
S_2025-12-15_DSH_DALTADKA,SITE_KIT_01,DSH_DALTADKA,2025-12-15,37,5365.0,dine_in
S_2025-12-15_DSH_ROGANJOSH,SITE_KIT_01,DSH_ROGANJOSH,2025-12-15,10,3850.0,dine_in
S_2025-12-15_DSH_VEGPULAO,SITE_KIT_01,DSH_VEGPULAO,2025-12-15,23,3910.0,dine_in
S_2025-12-15_DSH_DOSA,SITE_KIT_01,DSH_DOSA,2025-12-15,59,6195.0,dine_in
S_2025-12-15_DSH_MIXVEG,SITE_KIT_01,DSH_MIXVEG,2025-12-15,23,4255.0,dine_in
S_2025-12-15_DSH_FISHCURRY,SITE_KIT_01,DSH_FISHCURRY,2025-12-15,18,5220.0,dine_in
S_2025-12-15_DSH_SIDES,SITE_KIT_01,DSH_SIDES,2025-12-15,172,0.0,dine_in
S_2025-12-16_DSH_CHBIRYANI,SITE_KIT_01,DSH_CHBIRYANI,2025-12-16,29,7975.0,dine_in
S_2025-12-16_DSH_VGBIRYANI,SITE_KIT_01,DSH_VGBIRYANI,2025-12-16,23,4830.0,dine_in
S_2025-12-16_DSH_PBM,SITE_KIT_01,DSH_PBM,2025-12-16,42,9870.0,dine_in
S_2025-12-16_DSH_GOBIMANCH,SITE_KIT_01,DSH_GOBIMANCH,2025-12-16,26,4680.0,dine_in
S_2025-12-16_DSH_PALAK,SITE_KIT_01,DSH_PALAK,2025-12-16,14,3080.0,dine_in
S_2025-12-16_DSH_NAAN,SITE_KIT_01,DSH_NAAN,2025-12-16,112,5376.0,dine_in
S_2025-12-16_DSH_ROTI,SITE_KIT_01,DSH_ROTI,2025-12-16,93,2604.0,dine_in
S_2025-12-16_DSH_JEERARICE,SITE_KIT_01,DSH_JEERARICE,2025-12-16,42,5460.0,dine_in
S_2025-12-16_DSH_DALTADKA,SITE_KIT_01,DSH_DALTADKA,2025-12-16,35,5075.0,dine_in
S_2025-12-16_DSH_ROGANJOSH,SITE_KIT_01,DSH_ROGANJOSH,2025-12-16,13,5005.0,dine_in
S_2025-12-16_DSH_VEGPULAO,SITE_KIT_01,DSH_VEGPULAO,2025-12-16,22,3740.0,dine_in
S_2025-12-16_DSH_DOSA,SITE_KIT_01,DSH_DOSA,2025-12-16,62,6510.0,dine_in
S_2025-12-16_DSH_MIXVEG,SITE_KIT_01,DSH_MIXVEG,2025-12-16,30,5550.0,dine_in
S_2025-12-16_DSH_FISHCURRY,SITE_KIT_01,DSH_FISHCURRY,2025-12-16,20,5800.0,dine_in
S_2025-12-16_DSH_SIDES,SITE_KIT_01,DSH_SIDES,2025-12-16,171,0.0,dine_in
S_2025-12-17_DSH_CHBIRYANI,SITE_KIT_01,DSH_CHBIRYANI,2025-12-17,34,9350.0,dine_in
S_2025-12-17_DSH_VGBIRYANI,SITE_KIT_01,DSH_VGBIRYANI,2025-12-17,30,6300.0,dine_in
S_2025-12-17_DSH_PBM,SITE_KIT_01,DSH_PBM,2025-12-17,37,8695.0,dine_in
S_2025-12-17_DSH_GOBIMANCH,SITE_KIT_01,DSH_GOBIMANCH,2025-12-17,36,6480.0,dine_in
S_2025-12-17_DSH_PALAK,SITE_KIT_01,DSH_PALAK,2025-12-17,26,5720.0,dine_in
S_2025-12-17_DSH_NAAN,SITE_KIT_01,DSH_NAAN,2025-12-17,105,5040.0,dine_in
S_2025-12-17_DSH_ROTI,SITE_KIT_01,DSH_ROTI,2025-12-17,82,2296.0,dine_in
S_2025-12-17_DSH_JEERARICE,SITE_KIT_01,DSH_JEERARICE,2025-12-17,43,5590.0,dine_in
S_2025-12-17_DSH_DALTADKA,SITE_KIT_01,DSH_DALTADKA,2025-12-17,42,6090.0,dine_in
S_2025-12-17_DSH_ROGANJOSH,SITE_KIT_01,DSH_ROGANJOSH,2025-12-17,9,3465.0,dine_in
S_2025-12-17_DSH_VEGPULAO,SITE_KIT_01,DSH_VEGPULAO,2025-12-17,23,3910.0,dine_in
S_2025-12-17_DSH_DOSA,SITE_KIT_01,DSH_DOSA,2025-12-17,72,7560.0,dine_in
S_2025-12-17_DSH_MIXVEG,SITE_KIT_01,DSH_MIXVEG,2025-12-17,30,5550.0,dine_in
S_2025-12-17_DSH_FISHCURRY,SITE_KIT_01,DSH_FISHCURRY,2025-12-17,16,4640.0,dine_in
S_2025-12-17_DSH_SIDES,SITE_KIT_01,DSH_SIDES,2025-12-17,177,0.0,dine_in
S_2025-12-18_DSH_CHBIRYANI,SITE_KIT_01,DSH_CHBIRYANI,2025-12-18,41,11275.0,dine_in
S_2025-12-18_DSH_VGBIRYANI,SITE_KIT_01,DSH_VGBIRYANI,2025-12-18,26,5460.0,dine_in
S_2025-12-18_DSH_PBM,SITE_KIT_01,DSH_PBM,2025-12-18,41,9635.0,dine_in
S_2025-12-18_DSH_GOBIMANCH,SITE_KIT_01,DSH_GOBIMANCH,2025-12-18,28,5040.0,dine_in
S_2025-12-18_DSH_PALAK,SITE_KIT_01,DSH_PALAK,2025-12-18,29,6380.0,dine_in
S_2025-12-18_DSH_NAAN,SITE_KIT_01,DSH_NAAN,2025-12-18,125,6000.0,dine_in
S_2025-12-18_DSH_ROTI,SITE_KIT_01,DSH_ROTI,2025-12-18,112,3136.0,dine_in
S_2025-12-18_DSH_JEERARICE,SITE_KIT_01,DSH_JEERARICE,2025-12-18,47,6110.0,dine_in
S_2025-12-18_DSH_DALTADKA,SITE_KIT_01,DSH_DALTADKA,2025-12-18,58,8410.0,dine_in
S_2025-12-18_DSH_ROGANJOSH,SITE_KIT_01,DSH_ROGANJOSH,2025-12-18,15,5775.0,dine_in
S_2025-12-18_DSH_VEGPULAO,SITE_KIT_01,DSH_VEGPULAO,2025-12-18,26,4420.0,dine_in
S_2025-12-18_DSH_DOSA,SITE_KIT_01,DSH_DOSA,2025-12-18,70,7350.0,dine_in
S_2025-12-18_DSH_MIXVEG,SITE_KIT_01,DSH_MIXVEG,2025-12-18,21,3885.0,dine_in
S_2025-12-18_DSH_FISHCURRY,SITE_KIT_01,DSH_FISHCURRY,2025-12-18,18,5220.0,dine_in
S_2025-12-18_DSH_SIDES,SITE_KIT_01,DSH_SIDES,2025-12-18,199,0.0,dine_in
S_2025-12-19_DSH_CHBIRYANI,SITE_KIT_01,DSH_CHBIRYANI,2025-12-19,55,15125.0,dine_in
S_2025-12-19_DSH_VGBIRYANI,SITE_KIT_01,DSH_VGBIRYANI,2025-12-19,40,8400.0,dine_in
S_2025-12-19_DSH_PBM,SITE_KIT_01,DSH_PBM,2025-12-19,63,14805.0,dine_in
S_2025-12-19_DSH_GOBIMANCH,SITE_KIT_01,DSH_GOBIMANCH,2025-12-19,41,7380.0,dine_in
S_2025-12-19_DSH_PALAK,SITE_KIT_01,DSH_PALAK,2025-12-19,28,6160.0,dine_in
S_2025-12-19_DSH_NAAN,SITE_KIT_01,DSH_NAAN,2025-12-19,165,7920.0,dine_in
S_2025-12-19_DSH_ROTI,SITE_KIT_01,DSH_ROTI,2025-12-19,139,3892.0,dine_in
S_2025-12-19_DSH_JEERARICE,SITE_KIT_01,DSH_JEERARICE,2025-12-19,59,7670.0,dine_in
S_2025-12-19_DSH_DALTADKA,SITE_KIT_01,DSH_DALTADKA,2025-12-19,57,8265.0,dine_in
S_2025-12-19_DSH_ROGANJOSH,SITE_KIT_01,DSH_ROGANJOSH,2025-12-19,36,13860.0,dine_in
S_2025-12-19_DSH_VEGPULAO,SITE_KIT_01,DSH_VEGPULAO,2025-12-19,33,5610.0,dine_in
S_2025-12-19_DSH_DOSA,SITE_KIT_01,DSH_DOSA,2025-12-19,67,7035.0,dine_in
S_2025-12-19_DSH_MIXVEG,SITE_KIT_01,DSH_MIXVEG,2025-12-19,35,6475.0,dine_in
S_2025-12-19_DSH_FISHCURRY,SITE_KIT_01,DSH_FISHCURRY,2025-12-19,28,8120.0,dine_in
S_2025-12-19_DSH_SIDES,SITE_KIT_01,DSH_SIDES,2025-12-19,256,0.0,dine_in
S_2025-12-20_DSH_CHBIRYANI,SITE_KIT_01,DSH_CHBIRYANI,2025-12-20,57,15675.0,dine_in
S_2025-12-20_DSH_VGBIRYANI,SITE_KIT_01,DSH_VGBIRYANI,2025-12-20,36,7560.0,dine_in
S_2025-12-20_DSH_PBM,SITE_KIT_01,DSH_PBM,2025-12-20,58,13630.0,dine_in
S_2025-12-20_DSH_GOBIMANCH,SITE_KIT_01,DSH_GOBIMANCH,2025-12-20,51,9180.0,dine_in
S_2025-12-20_DSH_PALAK,SITE_KIT_01,DSH_PALAK,2025-12-20,40,8800.0,dine_in
S_2025-12-20_DSH_NAAN,SITE_KIT_01,DSH_NAAN,2025-12-20,211,10128.0,dine_in
S_2025-12-20_DSH_ROTI,SITE_KIT_01,DSH_ROTI,2025-12-20,137,3836.0,dine_in
S_2025-12-20_DSH_JEERARICE,SITE_KIT_01,DSH_JEERARICE,2025-12-20,56,7280.0,dine_in
S_2025-12-20_DSH_DALTADKA,SITE_KIT_01,DSH_DALTADKA,2025-12-20,81,11745.0,dine_in
S_2025-12-20_DSH_ROGANJOSH,SITE_KIT_01,DSH_ROGANJOSH,2025-12-20,36,13860.0,dine_in
S_2025-12-20_DSH_VEGPULAO,SITE_KIT_01,DSH_VEGPULAO,2025-12-20,34,5780.0,dine_in
S_2025-12-20_DSH_DOSA,SITE_KIT_01,DSH_DOSA,2025-12-20,87,9135.0,dine_in
S_2025-12-20_DSH_MIXVEG,SITE_KIT_01,DSH_MIXVEG,2025-12-20,37,6845.0,dine_in
S_2025-12-20_DSH_FISHCURRY,SITE_KIT_01,DSH_FISHCURRY,2025-12-20,33,9570.0,dine_in
S_2025-12-20_DSH_SIDES,SITE_KIT_01,DSH_SIDES,2025-12-20,289,0.0,dine_in
S_2025-12-21_DSH_CHBIRYANI,SITE_KIT_01,DSH_CHBIRYANI,2025-12-21,57,15675.0,dine_in
S_2025-12-21_DSH_VGBIRYANI,SITE_KIT_01,DSH_VGBIRYANI,2025-12-21,41,8610.0,dine_in
S_2025-12-21_DSH_PBM,SITE_KIT_01,DSH_PBM,2025-12-21,57,13395.0,dine_in
S_2025-12-21_DSH_GOBIMANCH,SITE_KIT_01,DSH_GOBIMANCH,2025-12-21,52,9360.0,dine_in
S_2025-12-21_DSH_PALAK,SITE_KIT_01,DSH_PALAK,2025-12-21,28,6160.0,dine_in
S_2025-12-21_DSH_NAAN,SITE_KIT_01,DSH_NAAN,2025-12-21,166,7968.0,dine_in
S_2025-12-21_DSH_ROTI,SITE_KIT_01,DSH_ROTI,2025-12-21,129,3612.0,dine_in
S_2025-12-21_DSH_JEERARICE,SITE_KIT_01,DSH_JEERARICE,2025-12-21,48,6240.0,dine_in
S_2025-12-21_DSH_DALTADKA,SITE_KIT_01,DSH_DALTADKA,2025-12-21,59,8555.0,dine_in
S_2025-12-21_DSH_ROGANJOSH,SITE_KIT_01,DSH_ROGANJOSH,2025-12-21,30,11550.0,dine_in
S_2025-12-21_DSH_VEGPULAO,SITE_KIT_01,DSH_VEGPULAO,2025-12-21,29,4930.0,dine_in
S_2025-12-21_DSH_DOSA,SITE_KIT_01,DSH_DOSA,2025-12-21,75,7875.0,dine_in
S_2025-12-21_DSH_MIXVEG,SITE_KIT_01,DSH_MIXVEG,2025-12-21,50,9250.0,dine_in
S_2025-12-21_DSH_FISHCURRY,SITE_KIT_01,DSH_FISHCURRY,2025-12-21,28,8120.0,dine_in
S_2025-12-21_DSH_SIDES,SITE_KIT_01,DSH_SIDES,2025-12-21,257,0.0,dine_in
S_2025-12-22_DSH_CHBIRYANI,SITE_KIT_01,DSH_CHBIRYANI,2025-12-22,33,9075.0,dine_in
S_2025-12-22_DSH_VGBIRYANI,SITE_KIT_01,DSH_VGBIRYANI,2025-12-22,27,5670.0,dine_in
S_2025-12-22_DSH_PBM,SITE_KIT_01,DSH_PBM,2025-12-22,35,8225.0,dine_in
S_2025-12-22_DSH_GOBIMANCH,SITE_KIT_01,DSH_GOBIMANCH,2025-12-22,31,5580.0,dine_in
S_2025-12-22_DSH_PALAK,SITE_KIT_01,DSH_PALAK,2025-12-22,22,4840.0,dine_in
S_2025-12-22_DSH_NAAN,SITE_KIT_01,DSH_NAAN,2025-12-22,123,5904.0,dine_in
S_2025-12-22_DSH_ROTI,SITE_KIT_01,DSH_ROTI,2025-12-22,75,2100.0,dine_in
S_2025-12-22_DSH_JEERARICE,SITE_KIT_01,DSH_JEERARICE,2025-12-22,37,4810.0,dine_in
S_2025-12-22_DSH_DALTADKA,SITE_KIT_01,DSH_DALTADKA,2025-12-22,49,7105.0,dine_in
S_2025-12-22_DSH_ROGANJOSH,SITE_KIT_01,DSH_ROGANJOSH,2025-12-22,16,6160.0,dine_in
S_2025-12-22_DSH_VEGPULAO,SITE_KIT_01,DSH_VEGPULAO,2025-12-22,14,2380.0,dine_in
S_2025-12-22_DSH_DOSA,SITE_KIT_01,DSH_DOSA,2025-12-22,67,7035.0,dine_in
S_2025-12-22_DSH_MIXVEG,SITE_KIT_01,DSH_MIXVEG,2025-12-22,14,2590.0,dine_in
S_2025-12-22_DSH_FISHCURRY,SITE_KIT_01,DSH_FISHCURRY,2025-12-22,16,4640.0,dine_in
S_2025-12-22_DSH_SIDES,SITE_KIT_01,DSH_SIDES,2025-12-22,169,0.0,dine_in
S_2025-12-23_DSH_CHBIRYANI,SITE_KIT_01,DSH_CHBIRYANI,2025-12-23,31,8525.0,dine_in
S_2025-12-23_DSH_VGBIRYANI,SITE_KIT_01,DSH_VGBIRYANI,2025-12-23,31,6510.0,dine_in
S_2025-12-23_DSH_PBM,SITE_KIT_01,DSH_PBM,2025-12-23,47,11045.0,dine_in
S_2025-12-23_DSH_GOBIMANCH,SITE_KIT_01,DSH_GOBIMANCH,2025-12-23,22,3960.0,dine_in
S_2025-12-23_DSH_PALAK,SITE_KIT_01,DSH_PALAK,2025-12-23,25,5500.0,dine_in
S_2025-12-23_DSH_NAAN,SITE_KIT_01,DSH_NAAN,2025-12-23,116,5568.0,dine_in
S_2025-12-23_DSH_ROTI,SITE_KIT_01,DSH_ROTI,2025-12-23,95,2660.0,dine_in
S_2025-12-23_DSH_JEERARICE,SITE_KIT_01,DSH_JEERARICE,2025-12-23,32,4160.0,dine_in
S_2025-12-23_DSH_DALTADKA,SITE_KIT_01,DSH_DALTADKA,2025-12-23,44,6380.0,dine_in
S_2025-12-23_DSH_ROGANJOSH,SITE_KIT_01,DSH_ROGANJOSH,2025-12-23,18,6930.0,dine_in
S_2025-12-23_DSH_VEGPULAO,SITE_KIT_01,DSH_VEGPULAO,2025-12-23,16,2720.0,dine_in
S_2025-12-23_DSH_DOSA,SITE_KIT_01,DSH_DOSA,2025-12-23,54,5670.0,dine_in
S_2025-12-23_DSH_MIXVEG,SITE_KIT_01,DSH_MIXVEG,2025-12-23,19,3515.0,dine_in
S_2025-12-23_DSH_FISHCURRY,SITE_KIT_01,DSH_FISHCURRY,2025-12-23,20,5800.0,dine_in
S_2025-12-23_DSH_SIDES,SITE_KIT_01,DSH_SIDES,2025-12-23,173,0.0,dine_in
S_2025-12-24_DSH_CHBIRYANI,SITE_KIT_01,DSH_CHBIRYANI,2025-12-24,44,12100.0,dine_in
S_2025-12-24_DSH_VGBIRYANI,SITE_KIT_01,DSH_VGBIRYANI,2025-12-24,38,7980.0,dine_in
S_2025-12-24_DSH_PBM,SITE_KIT_01,DSH_PBM,2025-12-24,60,14100.0,dine_in
S_2025-12-24_DSH_GOBIMANCH,SITE_KIT_01,DSH_GOBIMANCH,2025-12-24,36,6480.0,dine_in
S_2025-12-24_DSH_PALAK,SITE_KIT_01,DSH_PALAK,2025-12-24,22,4840.0,dine_in
S_2025-12-24_DSH_NAAN,SITE_KIT_01,DSH_NAAN,2025-12-24,145,6960.0,dine_in
S_2025-12-24_DSH_ROTI,SITE_KIT_01,DSH_ROTI,2025-12-24,85,2380.0,dine_in
S_2025-12-24_DSH_JEERARICE,SITE_KIT_01,DSH_JEERARICE,2025-12-24,38,4940.0,dine_in
S_2025-12-24_DSH_DALTADKA,SITE_KIT_01,DSH_DALTADKA,2025-12-24,64,9280.0,dine_in
S_2025-12-24_DSH_ROGANJOSH,SITE_KIT_01,DSH_ROGANJOSH,2025-12-24,18,6930.0,dine_in
S_2025-12-24_DSH_VEGPULAO,SITE_KIT_01,DSH_VEGPULAO,2025-12-24,24,4080.0,dine_in
S_2025-12-24_DSH_DOSA,SITE_KIT_01,DSH_DOSA,2025-12-24,102,10710.0,dine_in
S_2025-12-24_DSH_MIXVEG,SITE_KIT_01,DSH_MIXVEG,2025-12-24,29,5365.0,dine_in
S_2025-12-24_DSH_FISHCURRY,SITE_KIT_01,DSH_FISHCURRY,2025-12-24,25,7250.0,dine_in
S_2025-12-24_DSH_SIDES,SITE_KIT_01,DSH_SIDES,2025-12-24,221,0.0,dine_in
S_2025-12-25_DSH_CHBIRYANI,SITE_KIT_01,DSH_CHBIRYANI,2025-12-25,59,16225.0,dine_in
S_2025-12-25_DSH_VGBIRYANI,SITE_KIT_01,DSH_VGBIRYANI,2025-12-25,39,8190.0,dine_in
S_2025-12-25_DSH_PBM,SITE_KIT_01,DSH_PBM,2025-12-25,69,16215.0,dine_in
S_2025-12-25_DSH_GOBIMANCH,SITE_KIT_01,DSH_GOBIMANCH,2025-12-25,37,6660.0,dine_in
S_2025-12-25_DSH_PALAK,SITE_KIT_01,DSH_PALAK,2025-12-25,30,6600.0,dine_in
S_2025-12-25_DSH_NAAN,SITE_KIT_01,DSH_NAAN,2025-12-25,226,10848.0,dine_in
S_2025-12-25_DSH_ROTI,SITE_KIT_01,DSH_ROTI,2025-12-25,147,4116.0,dine_in
S_2025-12-25_DSH_JEERARICE,SITE_KIT_01,DSH_JEERARICE,2025-12-25,54,7020.0,dine_in
S_2025-12-25_DSH_DALTADKA,SITE_KIT_01,DSH_DALTADKA,2025-12-25,67,9715.0,dine_in
S_2025-12-25_DSH_ROGANJOSH,SITE_KIT_01,DSH_ROGANJOSH,2025-12-25,19,7315.0,dine_in
S_2025-12-25_DSH_VEGPULAO,SITE_KIT_01,DSH_VEGPULAO,2025-12-25,32,5440.0,dine_in
S_2025-12-25_DSH_DOSA,SITE_KIT_01,DSH_DOSA,2025-12-25,84,8820.0,dine_in
S_2025-12-25_DSH_MIXVEG,SITE_KIT_01,DSH_MIXVEG,2025-12-25,45,8325.0,dine_in
S_2025-12-25_DSH_FISHCURRY,SITE_KIT_01,DSH_FISHCURRY,2025-12-25,17,4930.0,dine_in
S_2025-12-25_DSH_SIDES,SITE_KIT_01,DSH_SIDES,2025-12-25,280,0.0,dine_in
S_2025-12-26_DSH_CHBIRYANI,SITE_KIT_01,DSH_CHBIRYANI,2025-12-26,65,17875.0,dine_in
S_2025-12-26_DSH_VGBIRYANI,SITE_KIT_01,DSH_VGBIRYANI,2025-12-26,35,7350.0,dine_in
S_2025-12-26_DSH_PBM,SITE_KIT_01,DSH_PBM,2025-12-26,57,13395.0,dine_in
S_2025-12-26_DSH_GOBIMANCH,SITE_KIT_01,DSH_GOBIMANCH,2025-12-26,44,7920.0,dine_in
S_2025-12-26_DSH_PALAK,SITE_KIT_01,DSH_PALAK,2025-12-26,39,8580.0,dine_in
S_2025-12-26_DSH_NAAN,SITE_KIT_01,DSH_NAAN,2025-12-26,198,9504.0,dine_in
S_2025-12-26_DSH_ROTI,SITE_KIT_01,DSH_ROTI,2025-12-26,124,3472.0,dine_in
S_2025-12-26_DSH_JEERARICE,SITE_KIT_01,DSH_JEERARICE,2025-12-26,59,7670.0,dine_in
S_2025-12-26_DSH_DALTADKA,SITE_KIT_01,DSH_DALTADKA,2025-12-26,51,7395.0,dine_in
S_2025-12-26_DSH_ROGANJOSH,SITE_KIT_01,DSH_ROGANJOSH,2025-12-26,33,12705.0,dine_in
S_2025-12-26_DSH_VEGPULAO,SITE_KIT_01,DSH_VEGPULAO,2025-12-26,27,4590.0,dine_in
S_2025-12-26_DSH_DOSA,SITE_KIT_01,DSH_DOSA,2025-12-26,65,6825.0,dine_in
S_2025-12-26_DSH_MIXVEG,SITE_KIT_01,DSH_MIXVEG,2025-12-26,43,7955.0,dine_in
S_2025-12-26_DSH_FISHCURRY,SITE_KIT_01,DSH_FISHCURRY,2025-12-26,34,9860.0,dine_in
S_2025-12-26_DSH_SIDES,SITE_KIT_01,DSH_SIDES,2025-12-26,265,0.0,dine_in
S_2025-12-27_DSH_CHBIRYANI,SITE_KIT_01,DSH_CHBIRYANI,2025-12-27,51,14025.0,dine_in
S_2025-12-27_DSH_VGBIRYANI,SITE_KIT_01,DSH_VGBIRYANI,2025-12-27,35,7350.0,dine_in
S_2025-12-27_DSH_PBM,SITE_KIT_01,DSH_PBM,2025-12-27,67,15745.0,dine_in
S_2025-12-27_DSH_GOBIMANCH,SITE_KIT_01,DSH_GOBIMANCH,2025-12-27,48,8640.0,dine_in
S_2025-12-27_DSH_PALAK,SITE_KIT_01,DSH_PALAK,2025-12-27,28,6160.0,dine_in
S_2025-12-27_DSH_NAAN,SITE_KIT_01,DSH_NAAN,2025-12-27,195,9360.0,dine_in
S_2025-12-27_DSH_ROTI,SITE_KIT_01,DSH_ROTI,2025-12-27,135,3780.0,dine_in
S_2025-12-27_DSH_JEERARICE,SITE_KIT_01,DSH_JEERARICE,2025-12-27,49,6370.0,dine_in
S_2025-12-27_DSH_DALTADKA,SITE_KIT_01,DSH_DALTADKA,2025-12-27,64,9280.0,dine_in
S_2025-12-27_DSH_ROGANJOSH,SITE_KIT_01,DSH_ROGANJOSH,2025-12-27,27,10395.0,dine_in
S_2025-12-27_DSH_VEGPULAO,SITE_KIT_01,DSH_VEGPULAO,2025-12-27,18,3060.0,dine_in
S_2025-12-27_DSH_DOSA,SITE_KIT_01,DSH_DOSA,2025-12-27,78,8190.0,dine_in
S_2025-12-27_DSH_MIXVEG,SITE_KIT_01,DSH_MIXVEG,2025-12-27,46,8510.0,dine_in
S_2025-12-27_DSH_FISHCURRY,SITE_KIT_01,DSH_FISHCURRY,2025-12-27,28,8120.0,dine_in
S_2025-12-27_DSH_SIDES,SITE_KIT_01,DSH_SIDES,2025-12-27,263,0.0,dine_in
S_2025-12-28_DSH_CHBIRYANI,SITE_KIT_01,DSH_CHBIRYANI,2025-12-28,51,14025.0,dine_in
S_2025-12-28_DSH_VGBIRYANI,SITE_KIT_01,DSH_VGBIRYANI,2025-12-28,33,6930.0,dine_in
S_2025-12-28_DSH_PBM,SITE_KIT_01,DSH_PBM,2025-12-28,70,16450.0,dine_in
S_2025-12-28_DSH_GOBIMANCH,SITE_KIT_01,DSH_GOBIMANCH,2025-12-28,46,8280.0,dine_in
S_2025-12-28_DSH_PALAK,SITE_KIT_01,DSH_PALAK,2025-12-28,40,8800.0,dine_in
S_2025-12-28_DSH_NAAN,SITE_KIT_01,DSH_NAAN,2025-12-28,168,8064.0,dine_in
S_2025-12-28_DSH_ROTI,SITE_KIT_01,DSH_ROTI,2025-12-28,119,3332.0,dine_in
S_2025-12-28_DSH_JEERARICE,SITE_KIT_01,DSH_JEERARICE,2025-12-28,60,7800.0,dine_in
S_2025-12-28_DSH_DALTADKA,SITE_KIT_01,DSH_DALTADKA,2025-12-28,59,8555.0,dine_in
S_2025-12-28_DSH_ROGANJOSH,SITE_KIT_01,DSH_ROGANJOSH,2025-12-28,21,8085.0,dine_in
S_2025-12-28_DSH_VEGPULAO,SITE_KIT_01,DSH_VEGPULAO,2025-12-28,29,4930.0,dine_in
S_2025-12-28_DSH_DOSA,SITE_KIT_01,DSH_DOSA,2025-12-28,71,7455.0,dine_in
S_2025-12-28_DSH_MIXVEG,SITE_KIT_01,DSH_MIXVEG,2025-12-28,46,8510.0,dine_in
S_2025-12-28_DSH_FISHCURRY,SITE_KIT_01,DSH_FISHCURRY,2025-12-28,23,6670.0,dine_in
S_2025-12-28_DSH_SIDES,SITE_KIT_01,DSH_SIDES,2025-12-28,253,0.0,dine_in
S_2025-12-29_DSH_CHBIRYANI,SITE_KIT_01,DSH_CHBIRYANI,2025-12-29,31,8525.0,dine_in
S_2025-12-29_DSH_VGBIRYANI,SITE_KIT_01,DSH_VGBIRYANI,2025-12-29,24,5040.0,dine_in
S_2025-12-29_DSH_PBM,SITE_KIT_01,DSH_PBM,2025-12-29,36,8460.0,dine_in
S_2025-12-29_DSH_GOBIMANCH,SITE_KIT_01,DSH_GOBIMANCH,2025-12-29,22,3960.0,dine_in
S_2025-12-29_DSH_PALAK,SITE_KIT_01,DSH_PALAK,2025-12-29,27,5940.0,dine_in
S_2025-12-29_DSH_NAAN,SITE_KIT_01,DSH_NAAN,2025-12-29,110,5280.0,dine_in
S_2025-12-29_DSH_ROTI,SITE_KIT_01,DSH_ROTI,2025-12-29,68,1904.0,dine_in
S_2025-12-29_DSH_JEERARICE,SITE_KIT_01,DSH_JEERARICE,2025-12-29,34,4420.0,dine_in
S_2025-12-29_DSH_DALTADKA,SITE_KIT_01,DSH_DALTADKA,2025-12-29,38,5510.0,dine_in
S_2025-12-29_DSH_ROGANJOSH,SITE_KIT_01,DSH_ROGANJOSH,2025-12-29,12,4620.0,dine_in
S_2025-12-29_DSH_VEGPULAO,SITE_KIT_01,DSH_VEGPULAO,2025-12-29,14,2380.0,dine_in
S_2025-12-29_DSH_DOSA,SITE_KIT_01,DSH_DOSA,2025-12-29,47,4935.0,dine_in
S_2025-12-29_DSH_MIXVEG,SITE_KIT_01,DSH_MIXVEG,2025-12-29,25,4625.0,dine_in
S_2025-12-29_DSH_FISHCURRY,SITE_KIT_01,DSH_FISHCURRY,2025-12-29,16,4640.0,dine_in
S_2025-12-29_DSH_SIDES,SITE_KIT_01,DSH_SIDES,2025-12-29,153,0.0,dine_in
S_2025-12-30_DSH_CHBIRYANI,SITE_KIT_01,DSH_CHBIRYANI,2025-12-30,37,10175.0,dine_in
S_2025-12-30_DSH_VGBIRYANI,SITE_KIT_01,DSH_VGBIRYANI,2025-12-30,28,5880.0,dine_in
S_2025-12-30_DSH_PBM,SITE_KIT_01,DSH_PBM,2025-12-30,44,10340.0,dine_in
S_2025-12-30_DSH_GOBIMANCH,SITE_KIT_01,DSH_GOBIMANCH,2025-12-30,34,6120.0,dine_in
S_2025-12-30_DSH_PALAK,SITE_KIT_01,DSH_PALAK,2025-12-30,17,3740.0,dine_in
S_2025-12-30_DSH_NAAN,SITE_KIT_01,DSH_NAAN,2025-12-30,93,4464.0,dine_in
S_2025-12-30_DSH_ROTI,SITE_KIT_01,DSH_ROTI,2025-12-30,91,2548.0,dine_in
S_2025-12-30_DSH_JEERARICE,SITE_KIT_01,DSH_JEERARICE,2025-12-30,39,5070.0,dine_in
S_2025-12-30_DSH_DALTADKA,SITE_KIT_01,DSH_DALTADKA,2025-12-30,45,6525.0,dine_in
S_2025-12-30_DSH_ROGANJOSH,SITE_KIT_01,DSH_ROGANJOSH,2025-12-30,17,6545.0,dine_in
S_2025-12-30_DSH_VEGPULAO,SITE_KIT_01,DSH_VEGPULAO,2025-12-30,23,3910.0,dine_in
S_2025-12-30_DSH_DOSA,SITE_KIT_01,DSH_DOSA,2025-12-30,62,6510.0,dine_in
S_2025-12-30_DSH_MIXVEG,SITE_KIT_01,DSH_MIXVEG,2025-12-30,26,4810.0,dine_in
S_2025-12-30_DSH_FISHCURRY,SITE_KIT_01,DSH_FISHCURRY,2025-12-30,19,5510.0,dine_in
S_2025-12-30_DSH_SIDES,SITE_KIT_01,DSH_SIDES,2025-12-30,174,0.0,dine_in
S_2025-12-31_DSH_CHBIRYANI,SITE_KIT_01,DSH_CHBIRYANI,2025-12-31,54,14850.0,dine_in
S_2025-12-31_DSH_VGBIRYANI,SITE_KIT_01,DSH_VGBIRYANI,2025-12-31,38,7980.0,dine_in
S_2025-12-31_DSH_PBM,SITE_KIT_01,DSH_PBM,2025-12-31,55,12925.0,dine_in
S_2025-12-31_DSH_GOBIMANCH,SITE_KIT_01,DSH_GOBIMANCH,2025-12-31,44,7920.0,dine_in
S_2025-12-31_DSH_PALAK,SITE_KIT_01,DSH_PALAK,2025-12-31,35,7700.0,dine_in
S_2025-12-31_DSH_NAAN,SITE_KIT_01,DSH_NAAN,2025-12-31,201,9648.0,dine_in
S_2025-12-31_DSH_ROTI,SITE_KIT_01,DSH_ROTI,2025-12-31,123,3444.0,dine_in
S_2025-12-31_DSH_JEERARICE,SITE_KIT_01,DSH_JEERARICE,2025-12-31,58,7540.0,dine_in
S_2025-12-31_DSH_DALTADKA,SITE_KIT_01,DSH_DALTADKA,2025-12-31,75,10875.0,dine_in
S_2025-12-31_DSH_ROGANJOSH,SITE_KIT_01,DSH_ROGANJOSH,2025-12-31,20,7700.0,dine_in
S_2025-12-31_DSH_VEGPULAO,SITE_KIT_01,DSH_VEGPULAO,2025-12-31,27,4590.0,dine_in
S_2025-12-31_DSH_DOSA,SITE_KIT_01,DSH_DOSA,2025-12-31,114,11970.0,dine_in
S_2025-12-31_DSH_MIXVEG,SITE_KIT_01,DSH_MIXVEG,2025-12-31,47,8695.0,dine_in
S_2025-12-31_DSH_FISHCURRY,SITE_KIT_01,DSH_FISHCURRY,2025-12-31,33,9570.0,dine_in
S_2025-12-31_DSH_SIDES,SITE_KIT_01,DSH_SIDES,2025-12-31,280,0.0,dine_in
S_2026-01-01_DSH_CHBIRYANI,SITE_KIT_01,DSH_CHBIRYANI,2026-01-01,62,17050.0,dine_in
S_2026-01-01_DSH_VGBIRYANI,SITE_KIT_01,DSH_VGBIRYANI,2026-01-01,26,5460.0,dine_in
S_2026-01-01_DSH_PBM,SITE_KIT_01,DSH_PBM,2026-01-01,63,14805.0,dine_in
S_2026-01-01_DSH_GOBIMANCH,SITE_KIT_01,DSH_GOBIMANCH,2026-01-01,41,7380.0,dine_in
S_2026-01-01_DSH_PALAK,SITE_KIT_01,DSH_PALAK,2026-01-01,27,5940.0,dine_in
S_2026-01-01_DSH_NAAN,SITE_KIT_01,DSH_NAAN,2026-01-01,171,8208.0,dine_in
S_2026-01-01_DSH_ROTI,SITE_KIT_01,DSH_ROTI,2026-01-01,145,4060.0,dine_in
S_2026-01-01_DSH_JEERARICE,SITE_KIT_01,DSH_JEERARICE,2026-01-01,51,6630.0,dine_in
S_2026-01-01_DSH_DALTADKA,SITE_KIT_01,DSH_DALTADKA,2026-01-01,58,8410.0,dine_in
S_2026-01-01_DSH_ROGANJOSH,SITE_KIT_01,DSH_ROGANJOSH,2026-01-01,21,8085.0,dine_in
S_2026-01-01_DSH_VEGPULAO,SITE_KIT_01,DSH_VEGPULAO,2026-01-01,23,3910.0,dine_in
S_2026-01-01_DSH_DOSA,SITE_KIT_01,DSH_DOSA,2026-01-01,86,9030.0,dine_in
S_2026-01-01_DSH_MIXVEG,SITE_KIT_01,DSH_MIXVEG,2026-01-01,50,9250.0,dine_in
S_2026-01-01_DSH_FISHCURRY,SITE_KIT_01,DSH_FISHCURRY,2026-01-01,18,5220.0,dine_in
S_2026-01-01_DSH_SIDES,SITE_KIT_01,DSH_SIDES,2026-01-01,255,0.0,dine_in
S_2026-01-02_DSH_CHBIRYANI,SITE_KIT_01,DSH_CHBIRYANI,2026-01-02,54,14850.0,dine_in
S_2026-01-02_DSH_VGBIRYANI,SITE_KIT_01,DSH_VGBIRYANI,2026-01-02,43,9030.0,dine_in
S_2026-01-02_DSH_PBM,SITE_KIT_01,DSH_PBM,2026-01-02,65,15275.0,dine_in
S_2026-01-02_DSH_GOBIMANCH,SITE_KIT_01,DSH_GOBIMANCH,2026-01-02,43,7740.0,dine_in
S_2026-01-02_DSH_PALAK,SITE_KIT_01,DSH_PALAK,2026-01-02,32,7040.0,dine_in
S_2026-01-02_DSH_NAAN,SITE_KIT_01,DSH_NAAN,2026-01-02,171,8208.0,dine_in
S_2026-01-02_DSH_ROTI,SITE_KIT_01,DSH_ROTI,2026-01-02,132,3696.0,dine_in
S_2026-01-02_DSH_JEERARICE,SITE_KIT_01,DSH_JEERARICE,2026-01-02,57,7410.0,dine_in
S_2026-01-02_DSH_DALTADKA,SITE_KIT_01,DSH_DALTADKA,2026-01-02,74,10730.0,dine_in
S_2026-01-02_DSH_ROGANJOSH,SITE_KIT_01,DSH_ROGANJOSH,2026-01-02,31,11935.0,dine_in
S_2026-01-02_DSH_VEGPULAO,SITE_KIT_01,DSH_VEGPULAO,2026-01-02,29,4930.0,dine_in
S_2026-01-02_DSH_DOSA,SITE_KIT_01,DSH_DOSA,2026-01-02,48,5040.0,dine_in
S_2026-01-02_DSH_MIXVEG,SITE_KIT_01,DSH_MIXVEG,2026-01-02,47,8695.0,dine_in
S_2026-01-02_DSH_FISHCURRY,SITE_KIT_01,DSH_FISHCURRY,2026-01-02,23,6670.0,dine_in
S_2026-01-02_DSH_SIDES,SITE_KIT_01,DSH_SIDES,2026-01-02,257,0.0,dine_in
S_2026-01-03_DSH_CHBIRYANI,SITE_KIT_01,DSH_CHBIRYANI,2026-01-03,80,22000.0,dine_in
S_2026-01-03_DSH_VGBIRYANI,SITE_KIT_01,DSH_VGBIRYANI,2026-01-03,43,9030.0,dine_in
S_2026-01-03_DSH_PBM,SITE_KIT_01,DSH_PBM,2026-01-03,63,14805.0,dine_in
S_2026-01-03_DSH_GOBIMANCH,SITE_KIT_01,DSH_GOBIMANCH,2026-01-03,60,10800.0,dine_in
S_2026-01-03_DSH_PALAK,SITE_KIT_01,DSH_PALAK,2026-01-03,34,7480.0,dine_in
S_2026-01-03_DSH_NAAN,SITE_KIT_01,DSH_NAAN,2026-01-03,176,8448.0,dine_in
S_2026-01-03_DSH_ROTI,SITE_KIT_01,DSH_ROTI,2026-01-03,136,3808.0,dine_in
S_2026-01-03_DSH_JEERARICE,SITE_KIT_01,DSH_JEERARICE,2026-01-03,68,8840.0,dine_in
S_2026-01-03_DSH_DALTADKA,SITE_KIT_01,DSH_DALTADKA,2026-01-03,56,8120.0,dine_in
S_2026-01-03_DSH_ROGANJOSH,SITE_KIT_01,DSH_ROGANJOSH,2026-01-03,31,11935.0,dine_in
S_2026-01-03_DSH_VEGPULAO,SITE_KIT_01,DSH_VEGPULAO,2026-01-03,38,6460.0,dine_in
S_2026-01-03_DSH_DOSA,SITE_KIT_01,DSH_DOSA,2026-01-03,73,7665.0,dine_in
S_2026-01-03_DSH_MIXVEG,SITE_KIT_01,DSH_MIXVEG,2026-01-03,44,8140.0,dine_in
S_2026-01-03_DSH_FISHCURRY,SITE_KIT_01,DSH_FISHCURRY,2026-01-03,32,9280.0,dine_in
S_2026-01-03_DSH_SIDES,SITE_KIT_01,DSH_SIDES,2026-01-03,283,0.0,dine_in
S_2026-01-04_DSH_CHBIRYANI,SITE_KIT_01,DSH_CHBIRYANI,2026-01-04,58,15950.0,dine_in
S_2026-01-04_DSH_VGBIRYANI,SITE_KIT_01,DSH_VGBIRYANI,2026-01-04,26,5460.0,dine_in
S_2026-01-04_DSH_PBM,SITE_KIT_01,DSH_PBM,2026-01-04,61,14335.0,dine_in
S_2026-01-04_DSH_GOBIMANCH,SITE_KIT_01,DSH_GOBIMANCH,2026-01-04,43,7740.0,dine_in
S_2026-01-04_DSH_PALAK,SITE_KIT_01,DSH_PALAK,2026-01-04,31,6820.0,dine_in
S_2026-01-04_DSH_NAAN,SITE_KIT_01,DSH_NAAN,2026-01-04,176,8448.0,dine_in
S_2026-01-04_DSH_ROTI,SITE_KIT_01,DSH_ROTI,2026-01-04,146,4088.0,dine_in
S_2026-01-04_DSH_JEERARICE,SITE_KIT_01,DSH_JEERARICE,2026-01-04,48,6240.0,dine_in
S_2026-01-04_DSH_DALTADKA,SITE_KIT_01,DSH_DALTADKA,2026-01-04,65,9425.0,dine_in
S_2026-01-04_DSH_ROGANJOSH,SITE_KIT_01,DSH_ROGANJOSH,2026-01-04,24,9240.0,dine_in
S_2026-01-04_DSH_VEGPULAO,SITE_KIT_01,DSH_VEGPULAO,2026-01-04,35,5950.0,dine_in
S_2026-01-04_DSH_DOSA,SITE_KIT_01,DSH_DOSA,2026-01-04,57,5985.0,dine_in
S_2026-01-04_DSH_MIXVEG,SITE_KIT_01,DSH_MIXVEG,2026-01-04,40,7400.0,dine_in
S_2026-01-04_DSH_FISHCURRY,SITE_KIT_01,DSH_FISHCURRY,2026-01-04,32,9280.0,dine_in
S_2026-01-04_DSH_SIDES,SITE_KIT_01,DSH_SIDES,2026-01-04,255,0.0,dine_in
S_2026-01-05_DSH_CHBIRYANI,SITE_KIT_01,DSH_CHBIRYANI,2026-01-05,30,8250.0,dine_in
S_2026-01-05_DSH_VGBIRYANI,SITE_KIT_01,DSH_VGBIRYANI,2026-01-05,19,3990.0,dine_in
S_2026-01-05_DSH_PBM,SITE_KIT_01,DSH_PBM,2026-01-05,45,10575.0,dine_in
S_2026-01-05_DSH_GOBIMANCH,SITE_KIT_01,DSH_GOBIMANCH,2026-01-05,31,5580.0,dine_in
S_2026-01-05_DSH_PALAK,SITE_KIT_01,DSH_PALAK,2026-01-05,22,4840.0,dine_in
S_2026-01-05_DSH_NAAN,SITE_KIT_01,DSH_NAAN,2026-01-05,126,6048.0,dine_in
S_2026-01-05_DSH_ROTI,SITE_KIT_01,DSH_ROTI,2026-01-05,91,2548.0,dine_in
S_2026-01-05_DSH_JEERARICE,SITE_KIT_01,DSH_JEERARICE,2026-01-05,34,4420.0,dine_in
S_2026-01-05_DSH_DALTADKA,SITE_KIT_01,DSH_DALTADKA,2026-01-05,38,5510.0,dine_in
S_2026-01-05_DSH_ROGANJOSH,SITE_KIT_01,DSH_ROGANJOSH,2026-01-05,16,6160.0,dine_in
S_2026-01-05_DSH_VEGPULAO,SITE_KIT_01,DSH_VEGPULAO,2026-01-05,18,3060.0,dine_in
S_2026-01-05_DSH_DOSA,SITE_KIT_01,DSH_DOSA,2026-01-05,60,6300.0,dine_in
S_2026-01-05_DSH_MIXVEG,SITE_KIT_01,DSH_MIXVEG,2026-01-05,30,5550.0,dine_in
S_2026-01-05_DSH_FISHCURRY,SITE_KIT_01,DSH_FISHCURRY,2026-01-05,21,6090.0,dine_in
S_2026-01-05_DSH_SIDES,SITE_KIT_01,DSH_SIDES,2026-01-05,176,0.0,dine_in
S_2026-01-06_DSH_CHBIRYANI,SITE_KIT_01,DSH_CHBIRYANI,2026-01-06,40,11000.0,dine_in
S_2026-01-06_DSH_VGBIRYANI,SITE_KIT_01,DSH_VGBIRYANI,2026-01-06,39,8190.0,dine_in
S_2026-01-06_DSH_PBM,SITE_KIT_01,DSH_PBM,2026-01-06,38,8930.0,dine_in
S_2026-01-06_DSH_GOBIMANCH,SITE_KIT_01,DSH_GOBIMANCH,2026-01-06,32,5760.0,dine_in
S_2026-01-06_DSH_PALAK,SITE_KIT_01,DSH_PALAK,2026-01-06,22,4840.0,dine_in
S_2026-01-06_DSH_NAAN,SITE_KIT_01,DSH_NAAN,2026-01-06,125,6000.0,dine_in
S_2026-01-06_DSH_ROTI,SITE_KIT_01,DSH_ROTI,2026-01-06,94,2632.0,dine_in
S_2026-01-06_DSH_JEERARICE,SITE_KIT_01,DSH_JEERARICE,2026-01-06,27,3510.0,dine_in
S_2026-01-06_DSH_DALTADKA,SITE_KIT_01,DSH_DALTADKA,2026-01-06,36,5220.0,dine_in
S_2026-01-06_DSH_ROGANJOSH,SITE_KIT_01,DSH_ROGANJOSH,2026-01-06,9,3465.0,dine_in
S_2026-01-06_DSH_VEGPULAO,SITE_KIT_01,DSH_VEGPULAO,2026-01-06,13,2210.0,dine_in
S_2026-01-06_DSH_DOSA,SITE_KIT_01,DSH_DOSA,2026-01-06,58,6090.0,dine_in
S_2026-01-06_DSH_MIXVEG,SITE_KIT_01,DSH_MIXVEG,2026-01-06,17,3145.0,dine_in
S_2026-01-06_DSH_FISHCURRY,SITE_KIT_01,DSH_FISHCURRY,2026-01-06,18,5220.0,dine_in
S_2026-01-06_DSH_SIDES,SITE_KIT_01,DSH_SIDES,2026-01-06,172,0.0,dine_in
S_2026-01-07_DSH_CHBIRYANI,SITE_KIT_01,DSH_CHBIRYANI,2026-01-07,37,10175.0,dine_in
S_2026-01-07_DSH_VGBIRYANI,SITE_KIT_01,DSH_VGBIRYANI,2026-01-07,23,4830.0,dine_in
S_2026-01-07_DSH_PBM,SITE_KIT_01,DSH_PBM,2026-01-07,38,8930.0,dine_in
S_2026-01-07_DSH_GOBIMANCH,SITE_KIT_01,DSH_GOBIMANCH,2026-01-07,25,4500.0,dine_in
S_2026-01-07_DSH_PALAK,SITE_KIT_01,DSH_PALAK,2026-01-07,19,4180.0,dine_in
S_2026-01-07_DSH_NAAN,SITE_KIT_01,DSH_NAAN,2026-01-07,131,6288.0,dine_in
S_2026-01-07_DSH_ROTI,SITE_KIT_01,DSH_ROTI,2026-01-07,89,2492.0,dine_in
S_2026-01-07_DSH_JEERARICE,SITE_KIT_01,DSH_JEERARICE,2026-01-07,42,5460.0,dine_in
S_2026-01-07_DSH_DALTADKA,SITE_KIT_01,DSH_DALTADKA,2026-01-07,40,5800.0,dine_in
S_2026-01-07_DSH_ROGANJOSH,SITE_KIT_01,DSH_ROGANJOSH,2026-01-07,14,5390.0,dine_in
S_2026-01-07_DSH_VEGPULAO,SITE_KIT_01,DSH_VEGPULAO,2026-01-07,17,2890.0,dine_in
S_2026-01-07_DSH_DOSA,SITE_KIT_01,DSH_DOSA,2026-01-07,74,7770.0,dine_in
S_2026-01-07_DSH_MIXVEG,SITE_KIT_01,DSH_MIXVEG,2026-01-07,32,5920.0,dine_in
S_2026-01-07_DSH_FISHCURRY,SITE_KIT_01,DSH_FISHCURRY,2026-01-07,21,6090.0,dine_in
S_2026-01-07_DSH_SIDES,SITE_KIT_01,DSH_SIDES,2026-01-07,182,0.0,dine_in
S_2026-01-08_DSH_CHBIRYANI,SITE_KIT_01,DSH_CHBIRYANI,2026-01-08,41,11275.0,dine_in
S_2026-01-08_DSH_VGBIRYANI,SITE_KIT_01,DSH_VGBIRYANI,2026-01-08,33,6930.0,dine_in
S_2026-01-08_DSH_PBM,SITE_KIT_01,DSH_PBM,2026-01-08,43,10105.0,dine_in
S_2026-01-08_DSH_GOBIMANCH,SITE_KIT_01,DSH_GOBIMANCH,2026-01-08,33,5940.0,dine_in
S_2026-01-08_DSH_PALAK,SITE_KIT_01,DSH_PALAK,2026-01-08,25,5500.0,dine_in
S_2026-01-08_DSH_NAAN,SITE_KIT_01,DSH_NAAN,2026-01-08,146,7008.0,dine_in
S_2026-01-08_DSH_ROTI,SITE_KIT_01,DSH_ROTI,2026-01-08,107,2996.0,dine_in
S_2026-01-08_DSH_JEERARICE,SITE_KIT_01,DSH_JEERARICE,2026-01-08,43,5590.0,dine_in
S_2026-01-08_DSH_DALTADKA,SITE_KIT_01,DSH_DALTADKA,2026-01-08,44,6380.0,dine_in
S_2026-01-08_DSH_ROGANJOSH,SITE_KIT_01,DSH_ROGANJOSH,2026-01-08,15,5775.0,dine_in
S_2026-01-08_DSH_VEGPULAO,SITE_KIT_01,DSH_VEGPULAO,2026-01-08,24,4080.0,dine_in
S_2026-01-08_DSH_DOSA,SITE_KIT_01,DSH_DOSA,2026-01-08,65,6825.0,dine_in
S_2026-01-08_DSH_MIXVEG,SITE_KIT_01,DSH_MIXVEG,2026-01-08,32,5920.0,dine_in
S_2026-01-08_DSH_FISHCURRY,SITE_KIT_01,DSH_FISHCURRY,2026-01-08,12,3480.0,dine_in
S_2026-01-08_DSH_SIDES,SITE_KIT_01,DSH_SIDES,2026-01-08,201,0.0,dine_in
S_2026-01-09_DSH_CHBIRYANI,SITE_KIT_01,DSH_CHBIRYANI,2026-01-09,58,15950.0,dine_in
S_2026-01-09_DSH_VGBIRYANI,SITE_KIT_01,DSH_VGBIRYANI,2026-01-09,31,6510.0,dine_in
S_2026-01-09_DSH_PBM,SITE_KIT_01,DSH_PBM,2026-01-09,56,13160.0,dine_in
S_2026-01-09_DSH_GOBIMANCH,SITE_KIT_01,DSH_GOBIMANCH,2026-01-09,51,9180.0,dine_in
S_2026-01-09_DSH_PALAK,SITE_KIT_01,DSH_PALAK,2026-01-09,38,8360.0,dine_in
S_2026-01-09_DSH_NAAN,SITE_KIT_01,DSH_NAAN,2026-01-09,169,8112.0,dine_in
S_2026-01-09_DSH_ROTI,SITE_KIT_01,DSH_ROTI,2026-01-09,117,3276.0,dine_in
S_2026-01-09_DSH_JEERARICE,SITE_KIT_01,DSH_JEERARICE,2026-01-09,51,6630.0,dine_in
S_2026-01-09_DSH_DALTADKA,SITE_KIT_01,DSH_DALTADKA,2026-01-09,71,10295.0,dine_in
S_2026-01-09_DSH_ROGANJOSH,SITE_KIT_01,DSH_ROGANJOSH,2026-01-09,33,12705.0,dine_in
S_2026-01-09_DSH_VEGPULAO,SITE_KIT_01,DSH_VEGPULAO,2026-01-09,36,6120.0,dine_in
S_2026-01-09_DSH_DOSA,SITE_KIT_01,DSH_DOSA,2026-01-09,61,6405.0,dine_in
S_2026-01-09_DSH_MIXVEG,SITE_KIT_01,DSH_MIXVEG,2026-01-09,41,7585.0,dine_in
S_2026-01-09_DSH_FISHCURRY,SITE_KIT_01,DSH_FISHCURRY,2026-01-09,28,8120.0,dine_in
S_2026-01-09_DSH_SIDES,SITE_KIT_01,DSH_SIDES,2026-01-09,255,0.0,dine_in
S_2026-01-10_DSH_CHBIRYANI,SITE_KIT_01,DSH_CHBIRYANI,2026-01-10,58,15950.0,dine_in
S_2026-01-10_DSH_VGBIRYANI,SITE_KIT_01,DSH_VGBIRYANI,2026-01-10,43,9030.0,dine_in
S_2026-01-10_DSH_PBM,SITE_KIT_01,DSH_PBM,2026-01-10,72,16920.0,dine_in
S_2026-01-10_DSH_GOBIMANCH,SITE_KIT_01,DSH_GOBIMANCH,2026-01-10,59,10620.0,dine_in
S_2026-01-10_DSH_PALAK,SITE_KIT_01,DSH_PALAK,2026-01-10,40,8800.0,dine_in
S_2026-01-10_DSH_NAAN,SITE_KIT_01,DSH_NAAN,2026-01-10,187,8976.0,dine_in
S_2026-01-10_DSH_ROTI,SITE_KIT_01,DSH_ROTI,2026-01-10,166,4648.0,dine_in
S_2026-01-10_DSH_JEERARICE,SITE_KIT_01,DSH_JEERARICE,2026-01-10,60,7800.0,dine_in
S_2026-01-10_DSH_DALTADKA,SITE_KIT_01,DSH_DALTADKA,2026-01-10,67,9715.0,dine_in
S_2026-01-10_DSH_ROGANJOSH,SITE_KIT_01,DSH_ROGANJOSH,2026-01-10,18,6930.0,dine_in
S_2026-01-10_DSH_VEGPULAO,SITE_KIT_01,DSH_VEGPULAO,2026-01-10,38,6460.0,dine_in
S_2026-01-10_DSH_DOSA,SITE_KIT_01,DSH_DOSA,2026-01-10,62,6510.0,dine_in
S_2026-01-10_DSH_MIXVEG,SITE_KIT_01,DSH_MIXVEG,2026-01-10,50,9250.0,dine_in
S_2026-01-10_DSH_FISHCURRY,SITE_KIT_01,DSH_FISHCURRY,2026-01-10,33,9570.0,dine_in
S_2026-01-10_DSH_SIDES,SITE_KIT_01,DSH_SIDES,2026-01-10,289,0.0,dine_in
S_2026-01-11_DSH_CHBIRYANI,SITE_KIT_01,DSH_CHBIRYANI,2026-01-11,69,18975.0,dine_in
S_2026-01-11_DSH_VGBIRYANI,SITE_KIT_01,DSH_VGBIRYANI,2026-01-11,31,6510.0,dine_in
S_2026-01-11_DSH_PBM,SITE_KIT_01,DSH_PBM,2026-01-11,67,15745.0,dine_in
S_2026-01-11_DSH_GOBIMANCH,SITE_KIT_01,DSH_GOBIMANCH,2026-01-11,37,6660.0,dine_in
S_2026-01-11_DSH_PALAK,SITE_KIT_01,DSH_PALAK,2026-01-11,20,4400.0,dine_in
S_2026-01-11_DSH_NAAN,SITE_KIT_01,DSH_NAAN,2026-01-11,189,9072.0,dine_in
S_2026-01-11_DSH_ROTI,SITE_KIT_01,DSH_ROTI,2026-01-11,133,3724.0,dine_in
S_2026-01-11_DSH_JEERARICE,SITE_KIT_01,DSH_JEERARICE,2026-01-11,61,7930.0,dine_in
S_2026-01-11_DSH_DALTADKA,SITE_KIT_01,DSH_DALTADKA,2026-01-11,59,8555.0,dine_in
S_2026-01-11_DSH_ROGANJOSH,SITE_KIT_01,DSH_ROGANJOSH,2026-01-11,32,12320.0,dine_in
S_2026-01-11_DSH_VEGPULAO,SITE_KIT_01,DSH_VEGPULAO,2026-01-11,27,4590.0,dine_in
S_2026-01-11_DSH_DOSA,SITE_KIT_01,DSH_DOSA,2026-01-11,85,8925.0,dine_in
S_2026-01-11_DSH_MIXVEG,SITE_KIT_01,DSH_MIXVEG,2026-01-11,42,7770.0,dine_in
S_2026-01-11_DSH_FISHCURRY,SITE_KIT_01,DSH_FISHCURRY,2026-01-11,26,7540.0,dine_in
S_2026-01-11_DSH_SIDES,SITE_KIT_01,DSH_SIDES,2026-01-11,266,0.0,dine_in
S_2026-01-12_DSH_CHBIRYANI,SITE_KIT_01,DSH_CHBIRYANI,2026-01-12,28,7700.0,dine_in
S_2026-01-12_DSH_VGBIRYANI,SITE_KIT_01,DSH_VGBIRYANI,2026-01-12,24,5040.0,dine_in
S_2026-01-12_DSH_PBM,SITE_KIT_01,DSH_PBM,2026-01-12,46,10810.0,dine_in
S_2026-01-12_DSH_GOBIMANCH,SITE_KIT_01,DSH_GOBIMANCH,2026-01-12,32,5760.0,dine_in
S_2026-01-12_DSH_PALAK,SITE_KIT_01,DSH_PALAK,2026-01-12,11,2420.0,dine_in
S_2026-01-12_DSH_NAAN,SITE_KIT_01,DSH_NAAN,2026-01-12,119,5712.0,dine_in
S_2026-01-12_DSH_ROTI,SITE_KIT_01,DSH_ROTI,2026-01-12,91,2548.0,dine_in
S_2026-01-12_DSH_JEERARICE,SITE_KIT_01,DSH_JEERARICE,2026-01-12,41,5330.0,dine_in
S_2026-01-12_DSH_DALTADKA,SITE_KIT_01,DSH_DALTADKA,2026-01-12,44,6380.0,dine_in
S_2026-01-12_DSH_ROGANJOSH,SITE_KIT_01,DSH_ROGANJOSH,2026-01-12,16,6160.0,dine_in
S_2026-01-12_DSH_VEGPULAO,SITE_KIT_01,DSH_VEGPULAO,2026-01-12,11,1870.0,dine_in
S_2026-01-12_DSH_DOSA,SITE_KIT_01,DSH_DOSA,2026-01-12,55,5775.0,dine_in
S_2026-01-12_DSH_MIXVEG,SITE_KIT_01,DSH_MIXVEG,2026-01-12,29,5365.0,dine_in
S_2026-01-12_DSH_FISHCURRY,SITE_KIT_01,DSH_FISHCURRY,2026-01-12,7,2030.0,dine_in
S_2026-01-12_DSH_SIDES,SITE_KIT_01,DSH_SIDES,2026-01-12,168,0.0,dine_in
S_2026-01-13_DSH_CHBIRYANI,SITE_KIT_01,DSH_CHBIRYANI,2026-01-13,37,10175.0,dine_in
S_2026-01-13_DSH_VGBIRYANI,SITE_KIT_01,DSH_VGBIRYANI,2026-01-13,30,6300.0,dine_in
S_2026-01-13_DSH_PBM,SITE_KIT_01,DSH_PBM,2026-01-13,35,8225.0,dine_in
S_2026-01-13_DSH_GOBIMANCH,SITE_KIT_01,DSH_GOBIMANCH,2026-01-13,19,3420.0,dine_in
S_2026-01-13_DSH_PALAK,SITE_KIT_01,DSH_PALAK,2026-01-13,22,4840.0,dine_in
S_2026-01-13_DSH_NAAN,SITE_KIT_01,DSH_NAAN,2026-01-13,126,6048.0,dine_in
S_2026-01-13_DSH_ROTI,SITE_KIT_01,DSH_ROTI,2026-01-13,85,2380.0,dine_in
S_2026-01-13_DSH_JEERARICE,SITE_KIT_01,DSH_JEERARICE,2026-01-13,37,4810.0,dine_in
S_2026-01-13_DSH_DALTADKA,SITE_KIT_01,DSH_DALTADKA,2026-01-13,41,5945.0,dine_in
S_2026-01-13_DSH_ROGANJOSH,SITE_KIT_01,DSH_ROGANJOSH,2026-01-13,12,4620.0,dine_in
S_2026-01-13_DSH_VEGPULAO,SITE_KIT_01,DSH_VEGPULAO,2026-01-13,23,3910.0,dine_in
S_2026-01-13_DSH_DOSA,SITE_KIT_01,DSH_DOSA,2026-01-13,55,5775.0,dine_in
S_2026-01-13_DSH_MIXVEG,SITE_KIT_01,DSH_MIXVEG,2026-01-13,24,4440.0,dine_in
S_2026-01-13_DSH_FISHCURRY,SITE_KIT_01,DSH_FISHCURRY,2026-01-13,11,3190.0,dine_in
S_2026-01-13_DSH_SIDES,SITE_KIT_01,DSH_SIDES,2026-01-13,169,0.0,dine_in
S_2026-01-14_DSH_CHBIRYANI,SITE_KIT_01,DSH_CHBIRYANI,2026-01-14,32,8800.0,dine_in
S_2026-01-14_DSH_VGBIRYANI,SITE_KIT_01,DSH_VGBIRYANI,2026-01-14,37,7770.0,dine_in
S_2026-01-14_DSH_PBM,SITE_KIT_01,DSH_PBM,2026-01-14,49,11515.0,dine_in
S_2026-01-14_DSH_GOBIMANCH,SITE_KIT_01,DSH_GOBIMANCH,2026-01-14,46,8280.0,dine_in
S_2026-01-14_DSH_PALAK,SITE_KIT_01,DSH_PALAK,2026-01-14,37,8140.0,dine_in
S_2026-01-14_DSH_NAAN,SITE_KIT_01,DSH_NAAN,2026-01-14,175,8400.0,dine_in
S_2026-01-14_DSH_ROTI,SITE_KIT_01,DSH_ROTI,2026-01-14,116,3248.0,dine_in
S_2026-01-14_DSH_JEERARICE,SITE_KIT_01,DSH_JEERARICE,2026-01-14,43,5590.0,dine_in
S_2026-01-14_DSH_DALTADKA,SITE_KIT_01,DSH_DALTADKA,2026-01-14,61,8845.0,dine_in
S_2026-01-14_DSH_ROGANJOSH,SITE_KIT_01,DSH_ROGANJOSH,2026-01-14,17,6545.0,dine_in
S_2026-01-14_DSH_VEGPULAO,SITE_KIT_01,DSH_VEGPULAO,2026-01-14,27,4590.0,dine_in
S_2026-01-14_DSH_DOSA,SITE_KIT_01,DSH_DOSA,2026-01-14,103,10815.0,dine_in
S_2026-01-14_DSH_MIXVEG,SITE_KIT_01,DSH_MIXVEG,2026-01-14,38,7030.0,dine_in
S_2026-01-14_DSH_FISHCURRY,SITE_KIT_01,DSH_FISHCURRY,2026-01-14,15,4350.0,dine_in
S_2026-01-14_DSH_SIDES,SITE_KIT_01,DSH_SIDES,2026-01-14,241,0.0,dine_in
S_2026-01-15_DSH_CHBIRYANI,SITE_KIT_01,DSH_CHBIRYANI,2026-01-15,40,11000.0,dine_in
S_2026-01-15_DSH_VGBIRYANI,SITE_KIT_01,DSH_VGBIRYANI,2026-01-15,31,6510.0,dine_in
S_2026-01-15_DSH_PBM,SITE_KIT_01,DSH_PBM,2026-01-15,55,12925.0,dine_in
S_2026-01-15_DSH_GOBIMANCH,SITE_KIT_01,DSH_GOBIMANCH,2026-01-15,47,8460.0,dine_in
S_2026-01-15_DSH_PALAK,SITE_KIT_01,DSH_PALAK,2026-01-15,36,7920.0,dine_in
S_2026-01-15_DSH_NAAN,SITE_KIT_01,DSH_NAAN,2026-01-15,140,6720.0,dine_in
S_2026-01-15_DSH_ROTI,SITE_KIT_01,DSH_ROTI,2026-01-15,125,3500.0,dine_in
S_2026-01-15_DSH_JEERARICE,SITE_KIT_01,DSH_JEERARICE,2026-01-15,55,7150.0,dine_in
S_2026-01-15_DSH_DALTADKA,SITE_KIT_01,DSH_DALTADKA,2026-01-15,54,7830.0,dine_in
S_2026-01-15_DSH_ROGANJOSH,SITE_KIT_01,DSH_ROGANJOSH,2026-01-15,15,5775.0,dine_in
S_2026-01-15_DSH_VEGPULAO,SITE_KIT_01,DSH_VEGPULAO,2026-01-15,29,4930.0,dine_in
S_2026-01-15_DSH_DOSA,SITE_KIT_01,DSH_DOSA,2026-01-15,79,8295.0,dine_in
S_2026-01-15_DSH_MIXVEG,SITE_KIT_01,DSH_MIXVEG,2026-01-15,31,5735.0,dine_in
S_2026-01-15_DSH_FISHCURRY,SITE_KIT_01,DSH_FISHCURRY,2026-01-15,27,7830.0,dine_in
S_2026-01-15_DSH_SIDES,SITE_KIT_01,DSH_SIDES,2026-01-15,232,0.0,dine_in
S_2026-01-16_DSH_CHBIRYANI,SITE_KIT_01,DSH_CHBIRYANI,2026-01-16,60,16500.0,dine_in
S_2026-01-16_DSH_VGBIRYANI,SITE_KIT_01,DSH_VGBIRYANI,2026-01-16,42,8820.0,dine_in
S_2026-01-16_DSH_PBM,SITE_KIT_01,DSH_PBM,2026-01-16,62,14570.0,dine_in
S_2026-01-16_DSH_GOBIMANCH,SITE_KIT_01,DSH_GOBIMANCH,2026-01-16,45,8100.0,dine_in
S_2026-01-16_DSH_PALAK,SITE_KIT_01,DSH_PALAK,2026-01-16,30,6600.0,dine_in
S_2026-01-16_DSH_NAAN,SITE_KIT_01,DSH_NAAN,2026-01-16,187,8976.0,dine_in
S_2026-01-16_DSH_ROTI,SITE_KIT_01,DSH_ROTI,2026-01-16,120,3360.0,dine_in
S_2026-01-16_DSH_JEERARICE,SITE_KIT_01,DSH_JEERARICE,2026-01-16,59,7670.0,dine_in
S_2026-01-16_DSH_DALTADKA,SITE_KIT_01,DSH_DALTADKA,2026-01-16,68,9860.0,dine_in
S_2026-01-16_DSH_ROGANJOSH,SITE_KIT_01,DSH_ROGANJOSH,2026-01-16,29,11165.0,dine_in
S_2026-01-16_DSH_VEGPULAO,SITE_KIT_01,DSH_VEGPULAO,2026-01-16,27,4590.0,dine_in
S_2026-01-16_DSH_DOSA,SITE_KIT_01,DSH_DOSA,2026-01-16,55,5775.0,dine_in
S_2026-01-16_DSH_MIXVEG,SITE_KIT_01,DSH_MIXVEG,2026-01-16,40,7400.0,dine_in
S_2026-01-16_DSH_FISHCURRY,SITE_KIT_01,DSH_FISHCURRY,2026-01-16,29,8410.0,dine_in
S_2026-01-16_DSH_SIDES,SITE_KIT_01,DSH_SIDES,2026-01-16,258,0.0,dine_in
S_2026-01-17_DSH_CHBIRYANI,SITE_KIT_01,DSH_CHBIRYANI,2026-01-17,68,18700.0,dine_in
S_2026-01-17_DSH_VGBIRYANI,SITE_KIT_01,DSH_VGBIRYANI,2026-01-17,42,8820.0,dine_in
S_2026-01-17_DSH_PBM,SITE_KIT_01,DSH_PBM,2026-01-17,67,15745.0,dine_in
S_2026-01-17_DSH_GOBIMANCH,SITE_KIT_01,DSH_GOBIMANCH,2026-01-17,58,10440.0,dine_in
S_2026-01-17_DSH_PALAK,SITE_KIT_01,DSH_PALAK,2026-01-17,39,8580.0,dine_in
S_2026-01-17_DSH_NAAN,SITE_KIT_01,DSH_NAAN,2026-01-17,207,9936.0,dine_in
S_2026-01-17_DSH_ROTI,SITE_KIT_01,DSH_ROTI,2026-01-17,131,3668.0,dine_in
S_2026-01-17_DSH_JEERARICE,SITE_KIT_01,DSH_JEERARICE,2026-01-17,71,9230.0,dine_in
S_2026-01-17_DSH_DALTADKA,SITE_KIT_01,DSH_DALTADKA,2026-01-17,65,9425.0,dine_in
S_2026-01-17_DSH_ROGANJOSH,SITE_KIT_01,DSH_ROGANJOSH,2026-01-17,31,11935.0,dine_in
S_2026-01-17_DSH_VEGPULAO,SITE_KIT_01,DSH_VEGPULAO,2026-01-17,40,6800.0,dine_in
S_2026-01-17_DSH_DOSA,SITE_KIT_01,DSH_DOSA,2026-01-17,72,7560.0,dine_in
S_2026-01-17_DSH_MIXVEG,SITE_KIT_01,DSH_MIXVEG,2026-01-17,37,6845.0,dine_in
S_2026-01-17_DSH_FISHCURRY,SITE_KIT_01,DSH_FISHCURRY,2026-01-17,31,8990.0,dine_in
S_2026-01-17_DSH_SIDES,SITE_KIT_01,DSH_SIDES,2026-01-17,291,0.0,dine_in
S_2026-01-18_DSH_CHBIRYANI,SITE_KIT_01,DSH_CHBIRYANI,2026-01-18,56,15400.0,dine_in
S_2026-01-18_DSH_VGBIRYANI,SITE_KIT_01,DSH_VGBIRYANI,2026-01-18,36,7560.0,dine_in
S_2026-01-18_DSH_PBM,SITE_KIT_01,DSH_PBM,2026-01-18,73,17155.0,dine_in
S_2026-01-18_DSH_GOBIMANCH,SITE_KIT_01,DSH_GOBIMANCH,2026-01-18,50,9000.0,dine_in
S_2026-01-18_DSH_PALAK,SITE_KIT_01,DSH_PALAK,2026-01-18,35,7700.0,dine_in
S_2026-01-18_DSH_NAAN,SITE_KIT_01,DSH_NAAN,2026-01-18,181,8688.0,dine_in
S_2026-01-18_DSH_ROTI,SITE_KIT_01,DSH_ROTI,2026-01-18,159,4452.0,dine_in
S_2026-01-18_DSH_JEERARICE,SITE_KIT_01,DSH_JEERARICE,2026-01-18,49,6370.0,dine_in
S_2026-01-18_DSH_DALTADKA,SITE_KIT_01,DSH_DALTADKA,2026-01-18,70,10150.0,dine_in
S_2026-01-18_DSH_ROGANJOSH,SITE_KIT_01,DSH_ROGANJOSH,2026-01-18,32,12320.0,dine_in
S_2026-01-18_DSH_VEGPULAO,SITE_KIT_01,DSH_VEGPULAO,2026-01-18,25,4250.0,dine_in
S_2026-01-18_DSH_DOSA,SITE_KIT_01,DSH_DOSA,2026-01-18,73,7665.0,dine_in
S_2026-01-18_DSH_MIXVEG,SITE_KIT_01,DSH_MIXVEG,2026-01-18,29,5365.0,dine_in
S_2026-01-18_DSH_FISHCURRY,SITE_KIT_01,DSH_FISHCURRY,2026-01-18,23,6670.0,dine_in
S_2026-01-18_DSH_SIDES,SITE_KIT_01,DSH_SIDES,2026-01-18,270,0.0,dine_in
S_2026-01-19_DSH_CHBIRYANI,SITE_KIT_01,DSH_CHBIRYANI,2026-01-19,36,9900.0,dine_in
S_2026-01-19_DSH_VGBIRYANI,SITE_KIT_01,DSH_VGBIRYANI,2026-01-19,26,5460.0,dine_in
S_2026-01-19_DSH_PBM,SITE_KIT_01,DSH_PBM,2026-01-19,50,11750.0,dine_in
S_2026-01-19_DSH_GOBIMANCH,SITE_KIT_01,DSH_GOBIMANCH,2026-01-19,33,5940.0,dine_in
S_2026-01-19_DSH_PALAK,SITE_KIT_01,DSH_PALAK,2026-01-19,26,5720.0,dine_in
S_2026-01-19_DSH_NAAN,SITE_KIT_01,DSH_NAAN,2026-01-19,100,4800.0,dine_in
S_2026-01-19_DSH_ROTI,SITE_KIT_01,DSH_ROTI,2026-01-19,86,2408.0,dine_in
S_2026-01-19_DSH_JEERARICE,SITE_KIT_01,DSH_JEERARICE,2026-01-19,33,4290.0,dine_in
S_2026-01-19_DSH_DALTADKA,SITE_KIT_01,DSH_DALTADKA,2026-01-19,40,5800.0,dine_in
S_2026-01-19_DSH_ROGANJOSH,SITE_KIT_01,DSH_ROGANJOSH,2026-01-19,12,4620.0,dine_in
S_2026-01-19_DSH_VEGPULAO,SITE_KIT_01,DSH_VEGPULAO,2026-01-19,21,3570.0,dine_in
S_2026-01-19_DSH_DOSA,SITE_KIT_01,DSH_DOSA,2026-01-19,59,6195.0,dine_in
S_2026-01-19_DSH_MIXVEG,SITE_KIT_01,DSH_MIXVEG,2026-01-19,22,4070.0,dine_in
S_2026-01-19_DSH_FISHCURRY,SITE_KIT_01,DSH_FISHCURRY,2026-01-19,12,3480.0,dine_in
S_2026-01-19_DSH_SIDES,SITE_KIT_01,DSH_SIDES,2026-01-19,168,0.0,dine_in
S_2026-01-20_DSH_CHBIRYANI,SITE_KIT_01,DSH_CHBIRYANI,2026-01-20,38,10450.0,dine_in
S_2026-01-20_DSH_VGBIRYANI,SITE_KIT_01,DSH_VGBIRYANI,2026-01-20,27,5670.0,dine_in
S_2026-01-20_DSH_PBM,SITE_KIT_01,DSH_PBM,2026-01-20,50,11750.0,dine_in
S_2026-01-20_DSH_GOBIMANCH,SITE_KIT_01,DSH_GOBIMANCH,2026-01-20,35,6300.0,dine_in
S_2026-01-20_DSH_PALAK,SITE_KIT_01,DSH_PALAK,2026-01-20,23,5060.0,dine_in
S_2026-01-20_DSH_NAAN,SITE_KIT_01,DSH_NAAN,2026-01-20,121,5808.0,dine_in
S_2026-01-20_DSH_ROTI,SITE_KIT_01,DSH_ROTI,2026-01-20,87,2436.0,dine_in
S_2026-01-20_DSH_JEERARICE,SITE_KIT_01,DSH_JEERARICE,2026-01-20,35,4550.0,dine_in
S_2026-01-20_DSH_DALTADKA,SITE_KIT_01,DSH_DALTADKA,2026-01-20,30,4350.0,dine_in
S_2026-01-20_DSH_ROGANJOSH,SITE_KIT_01,DSH_ROGANJOSH,2026-01-20,10,3850.0,dine_in
S_2026-01-20_DSH_VEGPULAO,SITE_KIT_01,DSH_VEGPULAO,2026-01-20,22,3740.0,dine_in
S_2026-01-20_DSH_DOSA,SITE_KIT_01,DSH_DOSA,2026-01-20,53,5565.0,dine_in
S_2026-01-20_DSH_MIXVEG,SITE_KIT_01,DSH_MIXVEG,2026-01-20,24,4440.0,dine_in
S_2026-01-20_DSH_FISHCURRY,SITE_KIT_01,DSH_FISHCURRY,2026-01-20,18,5220.0,dine_in
S_2026-01-20_DSH_SIDES,SITE_KIT_01,DSH_SIDES,2026-01-20,174,0.0,dine_in
S_2026-01-21_DSH_CHBIRYANI,SITE_KIT_01,DSH_CHBIRYANI,2026-01-21,41,11275.0,dine_in
S_2026-01-21_DSH_VGBIRYANI,SITE_KIT_01,DSH_VGBIRYANI,2026-01-21,24,5040.0,dine_in
S_2026-01-21_DSH_PBM,SITE_KIT_01,DSH_PBM,2026-01-21,44,10340.0,dine_in
S_2026-01-21_DSH_GOBIMANCH,SITE_KIT_01,DSH_GOBIMANCH,2026-01-21,31,5580.0,dine_in
S_2026-01-21_DSH_PALAK,SITE_KIT_01,DSH_PALAK,2026-01-21,26,5720.0,dine_in
S_2026-01-21_DSH_NAAN,SITE_KIT_01,DSH_NAAN,2026-01-21,120,5760.0,dine_in
S_2026-01-21_DSH_ROTI,SITE_KIT_01,DSH_ROTI,2026-01-21,76,2128.0,dine_in
S_2026-01-21_DSH_JEERARICE,SITE_KIT_01,DSH_JEERARICE,2026-01-21,39,5070.0,dine_in
S_2026-01-21_DSH_DALTADKA,SITE_KIT_01,DSH_DALTADKA,2026-01-21,34,4930.0,dine_in
S_2026-01-21_DSH_ROGANJOSH,SITE_KIT_01,DSH_ROGANJOSH,2026-01-21,17,6545.0,dine_in
S_2026-01-21_DSH_VEGPULAO,SITE_KIT_01,DSH_VEGPULAO,2026-01-21,22,3740.0,dine_in
S_2026-01-21_DSH_DOSA,SITE_KIT_01,DSH_DOSA,2026-01-21,72,7560.0,dine_in
S_2026-01-21_DSH_MIXVEG,SITE_KIT_01,DSH_MIXVEG,2026-01-21,30,5550.0,dine_in
S_2026-01-21_DSH_FISHCURRY,SITE_KIT_01,DSH_FISHCURRY,2026-01-21,19,5510.0,dine_in
S_2026-01-21_DSH_SIDES,SITE_KIT_01,DSH_SIDES,2026-01-21,180,0.0,dine_in
S_2026-01-22_DSH_CHBIRYANI,SITE_KIT_01,DSH_CHBIRYANI,2026-01-22,28,7700.0,dine_in
S_2026-01-22_DSH_VGBIRYANI,SITE_KIT_01,DSH_VGBIRYANI,2026-01-22,34,7140.0,dine_in
S_2026-01-22_DSH_PBM,SITE_KIT_01,DSH_PBM,2026-01-22,48,11280.0,dine_in
S_2026-01-22_DSH_GOBIMANCH,SITE_KIT_01,DSH_GOBIMANCH,2026-01-22,42,7560.0,dine_in
S_2026-01-22_DSH_PALAK,SITE_KIT_01,DSH_PALAK,2026-01-22,32,7040.0,dine_in
S_2026-01-22_DSH_NAAN,SITE_KIT_01,DSH_NAAN,2026-01-22,147,7056.0,dine_in
S_2026-01-22_DSH_ROTI,SITE_KIT_01,DSH_ROTI,2026-01-22,111,3108.0,dine_in
S_2026-01-22_DSH_JEERARICE,SITE_KIT_01,DSH_JEERARICE,2026-01-22,35,4550.0,dine_in
S_2026-01-22_DSH_DALTADKA,SITE_KIT_01,DSH_DALTADKA,2026-01-22,60,8700.0,dine_in
S_2026-01-22_DSH_ROGANJOSH,SITE_KIT_01,DSH_ROGANJOSH,2026-01-22,17,6545.0,dine_in
S_2026-01-22_DSH_VEGPULAO,SITE_KIT_01,DSH_VEGPULAO,2026-01-22,23,3910.0,dine_in
S_2026-01-22_DSH_DOSA,SITE_KIT_01,DSH_DOSA,2026-01-22,70,7350.0,dine_in
S_2026-01-22_DSH_MIXVEG,SITE_KIT_01,DSH_MIXVEG,2026-01-22,32,5920.0,dine_in
S_2026-01-22_DSH_FISHCURRY,SITE_KIT_01,DSH_FISHCURRY,2026-01-22,15,4350.0,dine_in
S_2026-01-22_DSH_SIDES,SITE_KIT_01,DSH_SIDES,2026-01-22,210,0.0,dine_in
S_2026-01-23_DSH_CHBIRYANI,SITE_KIT_01,DSH_CHBIRYANI,2026-01-23,64,17600.0,dine_in
S_2026-01-23_DSH_VGBIRYANI,SITE_KIT_01,DSH_VGBIRYANI,2026-01-23,40,8400.0,dine_in
S_2026-01-23_DSH_PBM,SITE_KIT_01,DSH_PBM,2026-01-23,61,14335.0,dine_in
S_2026-01-23_DSH_GOBIMANCH,SITE_KIT_01,DSH_GOBIMANCH,2026-01-23,43,7740.0,dine_in
S_2026-01-23_DSH_PALAK,SITE_KIT_01,DSH_PALAK,2026-01-23,37,8140.0,dine_in
S_2026-01-23_DSH_NAAN,SITE_KIT_01,DSH_NAAN,2026-01-23,193,9264.0,dine_in
S_2026-01-23_DSH_ROTI,SITE_KIT_01,DSH_ROTI,2026-01-23,117,3276.0,dine_in
S_2026-01-23_DSH_JEERARICE,SITE_KIT_01,DSH_JEERARICE,2026-01-23,55,7150.0,dine_in
S_2026-01-23_DSH_DALTADKA,SITE_KIT_01,DSH_DALTADKA,2026-01-23,62,8990.0,dine_in
S_2026-01-23_DSH_ROGANJOSH,SITE_KIT_01,DSH_ROGANJOSH,2026-01-23,26,10010.0,dine_in
S_2026-01-23_DSH_VEGPULAO,SITE_KIT_01,DSH_VEGPULAO,2026-01-23,32,5440.0,dine_in
S_2026-01-23_DSH_DOSA,SITE_KIT_01,DSH_DOSA,2026-01-23,66,6930.0,dine_in
S_2026-01-23_DSH_MIXVEG,SITE_KIT_01,DSH_MIXVEG,2026-01-23,41,7585.0,dine_in
S_2026-01-23_DSH_FISHCURRY,SITE_KIT_01,DSH_FISHCURRY,2026-01-23,31,8990.0,dine_in
S_2026-01-23_DSH_SIDES,SITE_KIT_01,DSH_SIDES,2026-01-23,263,0.0,dine_in
S_2026-01-24_DSH_CHBIRYANI,SITE_KIT_01,DSH_CHBIRYANI,2026-01-24,60,16500.0,dine_in
S_2026-01-24_DSH_VGBIRYANI,SITE_KIT_01,DSH_VGBIRYANI,2026-01-24,46,9660.0,dine_in
S_2026-01-24_DSH_PBM,SITE_KIT_01,DSH_PBM,2026-01-24,80,18800.0,dine_in
S_2026-01-24_DSH_GOBIMANCH,SITE_KIT_01,DSH_GOBIMANCH,2026-01-24,55,9900.0,dine_in
S_2026-01-24_DSH_PALAK,SITE_KIT_01,DSH_PALAK,2026-01-24,48,10560.0,dine_in
S_2026-01-24_DSH_NAAN,SITE_KIT_01,DSH_NAAN,2026-01-24,174,8352.0,dine_in
S_2026-01-24_DSH_ROTI,SITE_KIT_01,DSH_ROTI,2026-01-24,132,3696.0,dine_in
S_2026-01-24_DSH_JEERARICE,SITE_KIT_01,DSH_JEERARICE,2026-01-24,50,6500.0,dine_in
S_2026-01-24_DSH_DALTADKA,SITE_KIT_01,DSH_DALTADKA,2026-01-24,77,11165.0,dine_in
S_2026-01-24_DSH_ROGANJOSH,SITE_KIT_01,DSH_ROGANJOSH,2026-01-24,34,13090.0,dine_in
S_2026-01-24_DSH_VEGPULAO,SITE_KIT_01,DSH_VEGPULAO,2026-01-24,32,5440.0,dine_in
S_2026-01-24_DSH_DOSA,SITE_KIT_01,DSH_DOSA,2026-01-24,74,7770.0,dine_in
S_2026-01-24_DSH_MIXVEG,SITE_KIT_01,DSH_MIXVEG,2026-01-24,52,9620.0,dine_in
S_2026-01-24_DSH_FISHCURRY,SITE_KIT_01,DSH_FISHCURRY,2026-01-24,37,10730.0,dine_in
S_2026-01-24_DSH_SIDES,SITE_KIT_01,DSH_SIDES,2026-01-24,288,0.0,dine_in
S_2026-01-25_DSH_CHBIRYANI,SITE_KIT_01,DSH_CHBIRYANI,2026-01-25,66,18150.0,dine_in
S_2026-01-25_DSH_VGBIRYANI,SITE_KIT_01,DSH_VGBIRYANI,2026-01-25,31,6510.0,dine_in
S_2026-01-25_DSH_PBM,SITE_KIT_01,DSH_PBM,2026-01-25,60,14100.0,dine_in
S_2026-01-25_DSH_GOBIMANCH,SITE_KIT_01,DSH_GOBIMANCH,2026-01-25,55,9900.0,dine_in
S_2026-01-25_DSH_PALAK,SITE_KIT_01,DSH_PALAK,2026-01-25,42,9240.0,dine_in
S_2026-01-25_DSH_NAAN,SITE_KIT_01,DSH_NAAN,2026-01-25,160,7680.0,dine_in
S_2026-01-25_DSH_ROTI,SITE_KIT_01,DSH_ROTI,2026-01-25,140,3920.0,dine_in
S_2026-01-25_DSH_JEERARICE,SITE_KIT_01,DSH_JEERARICE,2026-01-25,66,8580.0,dine_in
S_2026-01-25_DSH_DALTADKA,SITE_KIT_01,DSH_DALTADKA,2026-01-25,54,7830.0,dine_in
S_2026-01-25_DSH_ROGANJOSH,SITE_KIT_01,DSH_ROGANJOSH,2026-01-25,34,13090.0,dine_in
S_2026-01-25_DSH_VEGPULAO,SITE_KIT_01,DSH_VEGPULAO,2026-01-25,26,4420.0,dine_in
S_2026-01-25_DSH_DOSA,SITE_KIT_01,DSH_DOSA,2026-01-25,85,8925.0,dine_in
S_2026-01-25_DSH_MIXVEG,SITE_KIT_01,DSH_MIXVEG,2026-01-25,45,8325.0,dine_in
S_2026-01-25_DSH_FISHCURRY,SITE_KIT_01,DSH_FISHCURRY,2026-01-25,32,9280.0,dine_in
S_2026-01-25_DSH_SIDES,SITE_KIT_01,DSH_SIDES,2026-01-25,272,0.0,dine_in
S_2026-01-26_DSH_CHBIRYANI,SITE_KIT_01,DSH_CHBIRYANI,2026-01-26,35,9625.0,dine_in
S_2026-01-26_DSH_VGBIRYANI,SITE_KIT_01,DSH_VGBIRYANI,2026-01-26,37,7770.0,dine_in
S_2026-01-26_DSH_PBM,SITE_KIT_01,DSH_PBM,2026-01-26,70,16450.0,dine_in
S_2026-01-26_DSH_GOBIMANCH,SITE_KIT_01,DSH_GOBIMANCH,2026-01-26,37,6660.0,dine_in
S_2026-01-26_DSH_PALAK,SITE_KIT_01,DSH_PALAK,2026-01-26,33,7260.0,dine_in
S_2026-01-26_DSH_NAAN,SITE_KIT_01,DSH_NAAN,2026-01-26,152,7296.0,dine_in
S_2026-01-26_DSH_ROTI,SITE_KIT_01,DSH_ROTI,2026-01-26,100,2800.0,dine_in
S_2026-01-26_DSH_JEERARICE,SITE_KIT_01,DSH_JEERARICE,2026-01-26,37,4810.0,dine_in
S_2026-01-26_DSH_DALTADKA,SITE_KIT_01,DSH_DALTADKA,2026-01-26,60,8700.0,dine_in
S_2026-01-26_DSH_ROGANJOSH,SITE_KIT_01,DSH_ROGANJOSH,2026-01-26,16,6160.0,dine_in
S_2026-01-26_DSH_VEGPULAO,SITE_KIT_01,DSH_VEGPULAO,2026-01-26,20,3400.0,dine_in
S_2026-01-26_DSH_DOSA,SITE_KIT_01,DSH_DOSA,2026-01-26,80,8400.0,dine_in
S_2026-01-26_DSH_MIXVEG,SITE_KIT_01,DSH_MIXVEG,2026-01-26,37,6845.0,dine_in
S_2026-01-26_DSH_FISHCURRY,SITE_KIT_01,DSH_FISHCURRY,2026-01-26,18,5220.0,dine_in
S_2026-01-26_DSH_SIDES,SITE_KIT_01,DSH_SIDES,2026-01-26,222,0.0,dine_in
S_2026-01-27_DSH_CHBIRYANI,SITE_KIT_01,DSH_CHBIRYANI,2026-01-27,27,7425.0,dine_in
S_2026-01-27_DSH_VGBIRYANI,SITE_KIT_01,DSH_VGBIRYANI,2026-01-27,34,7140.0,dine_in
S_2026-01-27_DSH_PBM,SITE_KIT_01,DSH_PBM,2026-01-27,46,10810.0,dine_in
S_2026-01-27_DSH_GOBIMANCH,SITE_KIT_01,DSH_GOBIMANCH,2026-01-27,35,6300.0,dine_in
S_2026-01-27_DSH_PALAK,SITE_KIT_01,DSH_PALAK,2026-01-27,28,6160.0,dine_in
S_2026-01-27_DSH_NAAN,SITE_KIT_01,DSH_NAAN,2026-01-27,142,6816.0,dine_in
S_2026-01-27_DSH_ROTI,SITE_KIT_01,DSH_ROTI,2026-01-27,89,2492.0,dine_in
S_2026-01-27_DSH_JEERARICE,SITE_KIT_01,DSH_JEERARICE,2026-01-27,33,4290.0,dine_in
S_2026-01-27_DSH_DALTADKA,SITE_KIT_01,DSH_DALTADKA,2026-01-27,45,6525.0,dine_in
S_2026-01-27_DSH_ROGANJOSH,SITE_KIT_01,DSH_ROGANJOSH,2026-01-27,15,5775.0,dine_in
S_2026-01-27_DSH_VEGPULAO,SITE_KIT_01,DSH_VEGPULAO,2026-01-27,23,3910.0,dine_in
S_2026-01-27_DSH_DOSA,SITE_KIT_01,DSH_DOSA,2026-01-27,59,6195.0,dine_in
S_2026-01-27_DSH_MIXVEG,SITE_KIT_01,DSH_MIXVEG,2026-01-27,30,5550.0,dine_in
S_2026-01-27_DSH_FISHCURRY,SITE_KIT_01,DSH_FISHCURRY,2026-01-27,22,6380.0,dine_in
S_2026-01-27_DSH_SIDES,SITE_KIT_01,DSH_SIDES,2026-01-27,190,0.0,dine_in
S_2026-01-28_DSH_CHBIRYANI,SITE_KIT_01,DSH_CHBIRYANI,2026-01-28,40,11000.0,dine_in
S_2026-01-28_DSH_VGBIRYANI,SITE_KIT_01,DSH_VGBIRYANI,2026-01-28,20,4200.0,dine_in
S_2026-01-28_DSH_PBM,SITE_KIT_01,DSH_PBM,2026-01-28,42,9870.0,dine_in
S_2026-01-28_DSH_GOBIMANCH,SITE_KIT_01,DSH_GOBIMANCH,2026-01-28,29,5220.0,dine_in
S_2026-01-28_DSH_PALAK,SITE_KIT_01,DSH_PALAK,2026-01-28,19,4180.0,dine_in
S_2026-01-28_DSH_NAAN,SITE_KIT_01,DSH_NAAN,2026-01-28,99,4752.0,dine_in
S_2026-01-28_DSH_ROTI,SITE_KIT_01,DSH_ROTI,2026-01-28,78,2184.0,dine_in
S_2026-01-28_DSH_JEERARICE,SITE_KIT_01,DSH_JEERARICE,2026-01-28,36,4680.0,dine_in
S_2026-01-28_DSH_DALTADKA,SITE_KIT_01,DSH_DALTADKA,2026-01-28,43,6235.0,dine_in
S_2026-01-28_DSH_ROGANJOSH,SITE_KIT_01,DSH_ROGANJOSH,2026-01-28,17,6545.0,dine_in
S_2026-01-28_DSH_VEGPULAO,SITE_KIT_01,DSH_VEGPULAO,2026-01-28,13,2210.0,dine_in
S_2026-01-28_DSH_DOSA,SITE_KIT_01,DSH_DOSA,2026-01-28,64,6720.0,dine_in
S_2026-01-28_DSH_MIXVEG,SITE_KIT_01,DSH_MIXVEG,2026-01-28,27,4995.0,dine_in
S_2026-01-28_DSH_FISHCURRY,SITE_KIT_01,DSH_FISHCURRY,2026-01-28,16,4640.0,dine_in
S_2026-01-28_DSH_SIDES,SITE_KIT_01,DSH_SIDES,2026-01-28,165,0.0,dine_in
S_2026-01-29_DSH_CHBIRYANI,SITE_KIT_01,DSH_CHBIRYANI,2026-01-29,39,10725.0,dine_in
S_2026-01-29_DSH_VGBIRYANI,SITE_KIT_01,DSH_VGBIRYANI,2026-01-29,28,5880.0,dine_in
S_2026-01-29_DSH_PBM,SITE_KIT_01,DSH_PBM,2026-01-29,55,12925.0,dine_in
S_2026-01-29_DSH_GOBIMANCH,SITE_KIT_01,DSH_GOBIMANCH,2026-01-29,30,5400.0,dine_in
S_2026-01-29_DSH_PALAK,SITE_KIT_01,DSH_PALAK,2026-01-29,28,6160.0,dine_in
S_2026-01-29_DSH_NAAN,SITE_KIT_01,DSH_NAAN,2026-01-29,141,6768.0,dine_in
S_2026-01-29_DSH_ROTI,SITE_KIT_01,DSH_ROTI,2026-01-29,106,2968.0,dine_in
S_2026-01-29_DSH_JEERARICE,SITE_KIT_01,DSH_JEERARICE,2026-01-29,45,5850.0,dine_in
S_2026-01-29_DSH_DALTADKA,SITE_KIT_01,DSH_DALTADKA,2026-01-29,46,6670.0,dine_in
S_2026-01-29_DSH_ROGANJOSH,SITE_KIT_01,DSH_ROGANJOSH,2026-01-29,14,5390.0,dine_in
S_2026-01-29_DSH_VEGPULAO,SITE_KIT_01,DSH_VEGPULAO,2026-01-29,27,4590.0,dine_in
S_2026-01-29_DSH_DOSA,SITE_KIT_01,DSH_DOSA,2026-01-29,64,6720.0,dine_in
S_2026-01-29_DSH_MIXVEG,SITE_KIT_01,DSH_MIXVEG,2026-01-29,33,6105.0,dine_in
S_2026-01-29_DSH_FISHCURRY,SITE_KIT_01,DSH_FISHCURRY,2026-01-29,14,4060.0,dine_in
S_2026-01-29_DSH_SIDES,SITE_KIT_01,DSH_SIDES,2026-01-29,203,0.0,dine_in
S_2026-01-30_DSH_CHBIRYANI,SITE_KIT_01,DSH_CHBIRYANI,2026-01-30,73,20075.0,dine_in
S_2026-01-30_DSH_VGBIRYANI,SITE_KIT_01,DSH_VGBIRYANI,2026-01-30,36,7560.0,dine_in
S_2026-01-30_DSH_PBM,SITE_KIT_01,DSH_PBM,2026-01-30,65,15275.0,dine_in
S_2026-01-30_DSH_GOBIMANCH,SITE_KIT_01,DSH_GOBIMANCH,2026-01-30,38,6840.0,dine_in
S_2026-01-30_DSH_PALAK,SITE_KIT_01,DSH_PALAK,2026-01-30,31,6820.0,dine_in
S_2026-01-30_DSH_NAAN,SITE_KIT_01,DSH_NAAN,2026-01-30,187,8976.0,dine_in
S_2026-01-30_DSH_ROTI,SITE_KIT_01,DSH_ROTI,2026-01-30,142,3976.0,dine_in
S_2026-01-30_DSH_JEERARICE,SITE_KIT_01,DSH_JEERARICE,2026-01-30,54,7020.0,dine_in
S_2026-01-30_DSH_DALTADKA,SITE_KIT_01,DSH_DALTADKA,2026-01-30,67,9715.0,dine_in
S_2026-01-30_DSH_ROGANJOSH,SITE_KIT_01,DSH_ROGANJOSH,2026-01-30,34,13090.0,dine_in
S_2026-01-30_DSH_VEGPULAO,SITE_KIT_01,DSH_VEGPULAO,2026-01-30,32,5440.0,dine_in
S_2026-01-30_DSH_DOSA,SITE_KIT_01,DSH_DOSA,2026-01-30,59,6195.0,dine_in
S_2026-01-30_DSH_MIXVEG,SITE_KIT_01,DSH_MIXVEG,2026-01-30,41,7585.0,dine_in
S_2026-01-30_DSH_FISHCURRY,SITE_KIT_01,DSH_FISHCURRY,2026-01-30,31,8990.0,dine_in
S_2026-01-30_DSH_SIDES,SITE_KIT_01,DSH_SIDES,2026-01-30,270,0.0,dine_in
S_2026-01-31_DSH_CHBIRYANI,SITE_KIT_01,DSH_CHBIRYANI,2026-01-31,65,17875.0,dine_in
S_2026-01-31_DSH_VGBIRYANI,SITE_KIT_01,DSH_VGBIRYANI,2026-01-31,44,9240.0,dine_in
S_2026-01-31_DSH_PBM,SITE_KIT_01,DSH_PBM,2026-01-31,73,17155.0,dine_in
S_2026-01-31_DSH_GOBIMANCH,SITE_KIT_01,DSH_GOBIMANCH,2026-01-31,48,8640.0,dine_in
S_2026-01-31_DSH_PALAK,SITE_KIT_01,DSH_PALAK,2026-01-31,43,9460.0,dine_in
S_2026-01-31_DSH_NAAN,SITE_KIT_01,DSH_NAAN,2026-01-31,215,10320.0,dine_in
S_2026-01-31_DSH_ROTI,SITE_KIT_01,DSH_ROTI,2026-01-31,146,4088.0,dine_in
S_2026-01-31_DSH_JEERARICE,SITE_KIT_01,DSH_JEERARICE,2026-01-31,74,9620.0,dine_in
S_2026-01-31_DSH_DALTADKA,SITE_KIT_01,DSH_DALTADKA,2026-01-31,85,12325.0,dine_in
S_2026-01-31_DSH_ROGANJOSH,SITE_KIT_01,DSH_ROGANJOSH,2026-01-31,33,12705.0,dine_in
S_2026-01-31_DSH_VEGPULAO,SITE_KIT_01,DSH_VEGPULAO,2026-01-31,28,4760.0,dine_in
S_2026-01-31_DSH_DOSA,SITE_KIT_01,DSH_DOSA,2026-01-31,64,6720.0,dine_in
S_2026-01-31_DSH_MIXVEG,SITE_KIT_01,DSH_MIXVEG,2026-01-31,45,8325.0,dine_in
S_2026-01-31_DSH_FISHCURRY,SITE_KIT_01,DSH_FISHCURRY,2026-01-31,24,6960.0,dine_in
S_2026-01-31_DSH_SIDES,SITE_KIT_01,DSH_SIDES,2026-01-31,299,0.0,dine_in
S_2026-02-01_DSH_CHBIRYANI,SITE_KIT_01,DSH_CHBIRYANI,2026-02-01,53,14575.0,dine_in
S_2026-02-01_DSH_VGBIRYANI,SITE_KIT_01,DSH_VGBIRYANI,2026-02-01,34,7140.0,dine_in
S_2026-02-01_DSH_PBM,SITE_KIT_01,DSH_PBM,2026-02-01,70,16450.0,dine_in
S_2026-02-01_DSH_GOBIMANCH,SITE_KIT_01,DSH_GOBIMANCH,2026-02-01,47,8460.0,dine_in
S_2026-02-01_DSH_PALAK,SITE_KIT_01,DSH_PALAK,2026-02-01,38,8360.0,dine_in
S_2026-02-01_DSH_NAAN,SITE_KIT_01,DSH_NAAN,2026-02-01,199,9552.0,dine_in
S_2026-02-01_DSH_ROTI,SITE_KIT_01,DSH_ROTI,2026-02-01,116,3248.0,dine_in
S_2026-02-01_DSH_JEERARICE,SITE_KIT_01,DSH_JEERARICE,2026-02-01,63,8190.0,dine_in
S_2026-02-01_DSH_DALTADKA,SITE_KIT_01,DSH_DALTADKA,2026-02-01,63,9135.0,dine_in
S_2026-02-01_DSH_ROGANJOSH,SITE_KIT_01,DSH_ROGANJOSH,2026-02-01,14,5390.0,dine_in
S_2026-02-01_DSH_VEGPULAO,SITE_KIT_01,DSH_VEGPULAO,2026-02-01,33,5610.0,dine_in
S_2026-02-01_DSH_DOSA,SITE_KIT_01,DSH_DOSA,2026-02-01,89,9345.0,dine_in
S_2026-02-01_DSH_MIXVEG,SITE_KIT_01,DSH_MIXVEG,2026-02-01,49,9065.0,dine_in
S_2026-02-01_DSH_FISHCURRY,SITE_KIT_01,DSH_FISHCURRY,2026-02-01,31,8990.0,dine_in
S_2026-02-01_DSH_SIDES,SITE_KIT_01,DSH_SIDES,2026-02-01,272,0.0,dine_in
S_2026-02-02_DSH_CHBIRYANI,SITE_KIT_01,DSH_CHBIRYANI,2026-02-02,30,8250.0,dine_in
S_2026-02-02_DSH_VGBIRYANI,SITE_KIT_01,DSH_VGBIRYANI,2026-02-02,30,6300.0,dine_in
S_2026-02-02_DSH_PBM,SITE_KIT_01,DSH_PBM,2026-02-02,58,13630.0,dine_in
S_2026-02-02_DSH_GOBIMANCH,SITE_KIT_01,DSH_GOBIMANCH,2026-02-02,30,5400.0,dine_in
S_2026-02-02_DSH_PALAK,SITE_KIT_01,DSH_PALAK,2026-02-02,26,5720.0,dine_in
S_2026-02-02_DSH_NAAN,SITE_KIT_01,DSH_NAAN,2026-02-02,120,5760.0,dine_in
S_2026-02-02_DSH_ROTI,SITE_KIT_01,DSH_ROTI,2026-02-02,93,2604.0,dine_in
S_2026-02-02_DSH_JEERARICE,SITE_KIT_01,DSH_JEERARICE,2026-02-02,41,5330.0,dine_in
S_2026-02-02_DSH_DALTADKA,SITE_KIT_01,DSH_DALTADKA,2026-02-02,49,7105.0,dine_in
S_2026-02-02_DSH_ROGANJOSH,SITE_KIT_01,DSH_ROGANJOSH,2026-02-02,9,3465.0,dine_in
S_2026-02-02_DSH_VEGPULAO,SITE_KIT_01,DSH_VEGPULAO,2026-02-02,21,3570.0,dine_in
S_2026-02-02_DSH_DOSA,SITE_KIT_01,DSH_DOSA,2026-02-02,57,5985.0,dine_in
S_2026-02-02_DSH_MIXVEG,SITE_KIT_01,DSH_MIXVEG,2026-02-02,22,4070.0,dine_in
S_2026-02-02_DSH_FISHCURRY,SITE_KIT_01,DSH_FISHCURRY,2026-02-02,16,4640.0,dine_in
S_2026-02-02_DSH_SIDES,SITE_KIT_01,DSH_SIDES,2026-02-02,182,0.0,dine_in
S_2026-02-03_DSH_CHBIRYANI,SITE_KIT_01,DSH_CHBIRYANI,2026-02-03,24,6600.0,dine_in
S_2026-02-03_DSH_VGBIRYANI,SITE_KIT_01,DSH_VGBIRYANI,2026-02-03,41,8610.0,dine_in
S_2026-02-03_DSH_PBM,SITE_KIT_01,DSH_PBM,2026-02-03,46,10810.0,dine_in
S_2026-02-03_DSH_GOBIMANCH,SITE_KIT_01,DSH_GOBIMANCH,2026-02-03,31,5580.0,dine_in
S_2026-02-03_DSH_PALAK,SITE_KIT_01,DSH_PALAK,2026-02-03,18,3960.0,dine_in
S_2026-02-03_DSH_NAAN,SITE_KIT_01,DSH_NAAN,2026-02-03,124,5952.0,dine_in
S_2026-02-03_DSH_ROTI,SITE_KIT_01,DSH_ROTI,2026-02-03,99,2772.0,dine_in
S_2026-02-03_DSH_JEERARICE,SITE_KIT_01,DSH_JEERARICE,2026-02-03,37,4810.0,dine_in
S_2026-02-03_DSH_DALTADKA,SITE_KIT_01,DSH_DALTADKA,2026-02-03,46,6670.0,dine_in
S_2026-02-03_DSH_ROGANJOSH,SITE_KIT_01,DSH_ROGANJOSH,2026-02-03,10,3850.0,dine_in
S_2026-02-03_DSH_VEGPULAO,SITE_KIT_01,DSH_VEGPULAO,2026-02-03,24,4080.0,dine_in
S_2026-02-03_DSH_DOSA,SITE_KIT_01,DSH_DOSA,2026-02-03,64,6720.0,dine_in
S_2026-02-03_DSH_MIXVEG,SITE_KIT_01,DSH_MIXVEG,2026-02-03,28,5180.0,dine_in
S_2026-02-03_DSH_FISHCURRY,SITE_KIT_01,DSH_FISHCURRY,2026-02-03,21,6090.0,dine_in
S_2026-02-03_DSH_SIDES,SITE_KIT_01,DSH_SIDES,2026-02-03,186,0.0,dine_in
S_2026-02-04_DSH_CHBIRYANI,SITE_KIT_01,DSH_CHBIRYANI,2026-02-04,44,12100.0,dine_in
S_2026-02-04_DSH_VGBIRYANI,SITE_KIT_01,DSH_VGBIRYANI,2026-02-04,30,6300.0,dine_in
S_2026-02-04_DSH_PBM,SITE_KIT_01,DSH_PBM,2026-02-04,44,10340.0,dine_in
S_2026-02-04_DSH_GOBIMANCH,SITE_KIT_01,DSH_GOBIMANCH,2026-02-04,27,4860.0,dine_in
S_2026-02-04_DSH_PALAK,SITE_KIT_01,DSH_PALAK,2026-02-04,21,4620.0,dine_in
S_2026-02-04_DSH_NAAN,SITE_KIT_01,DSH_NAAN,2026-02-04,140,6720.0,dine_in
S_2026-02-04_DSH_ROTI,SITE_KIT_01,DSH_ROTI,2026-02-04,83,2324.0,dine_in
S_2026-02-04_DSH_JEERARICE,SITE_KIT_01,DSH_JEERARICE,2026-02-04,31,4030.0,dine_in
S_2026-02-04_DSH_DALTADKA,SITE_KIT_01,DSH_DALTADKA,2026-02-04,54,7830.0,dine_in
S_2026-02-04_DSH_ROGANJOSH,SITE_KIT_01,DSH_ROGANJOSH,2026-02-04,18,6930.0,dine_in
S_2026-02-04_DSH_VEGPULAO,SITE_KIT_01,DSH_VEGPULAO,2026-02-04,25,4250.0,dine_in
S_2026-02-04_DSH_DOSA,SITE_KIT_01,DSH_DOSA,2026-02-04,84,8820.0,dine_in
S_2026-02-04_DSH_MIXVEG,SITE_KIT_01,DSH_MIXVEG,2026-02-04,32,5920.0,dine_in
S_2026-02-04_DSH_FISHCURRY,SITE_KIT_01,DSH_FISHCURRY,2026-02-04,14,4060.0,dine_in
S_2026-02-04_DSH_SIDES,SITE_KIT_01,DSH_SIDES,2026-02-04,196,0.0,dine_in
S_2026-02-05_DSH_CHBIRYANI,SITE_KIT_01,DSH_CHBIRYANI,2026-02-05,45,12375.0,dine_in
S_2026-02-05_DSH_VGBIRYANI,SITE_KIT_01,DSH_VGBIRYANI,2026-02-05,26,5460.0,dine_in
S_2026-02-05_DSH_PBM,SITE_KIT_01,DSH_PBM,2026-02-05,49,11515.0,dine_in
S_2026-02-05_DSH_GOBIMANCH,SITE_KIT_01,DSH_GOBIMANCH,2026-02-05,39,7020.0,dine_in
S_2026-02-05_DSH_PALAK,SITE_KIT_01,DSH_PALAK,2026-02-05,24,5280.0,dine_in
S_2026-02-05_DSH_NAAN,SITE_KIT_01,DSH_NAAN,2026-02-05,147,7056.0,dine_in
S_2026-02-05_DSH_ROTI,SITE_KIT_01,DSH_ROTI,2026-02-05,95,2660.0,dine_in
S_2026-02-05_DSH_JEERARICE,SITE_KIT_01,DSH_JEERARICE,2026-02-05,44,5720.0,dine_in
S_2026-02-05_DSH_DALTADKA,SITE_KIT_01,DSH_DALTADKA,2026-02-05,45,6525.0,dine_in
S_2026-02-05_DSH_ROGANJOSH,SITE_KIT_01,DSH_ROGANJOSH,2026-02-05,15,5775.0,dine_in
S_2026-02-05_DSH_VEGPULAO,SITE_KIT_01,DSH_VEGPULAO,2026-02-05,27,4590.0,dine_in
S_2026-02-05_DSH_DOSA,SITE_KIT_01,DSH_DOSA,2026-02-05,58,6090.0,dine_in
S_2026-02-05_DSH_MIXVEG,SITE_KIT_01,DSH_MIXVEG,2026-02-05,31,5735.0,dine_in
S_2026-02-05_DSH_FISHCURRY,SITE_KIT_01,DSH_FISHCURRY,2026-02-05,15,4350.0,dine_in
S_2026-02-05_DSH_SIDES,SITE_KIT_01,DSH_SIDES,2026-02-05,200,0.0,dine_in
S_2026-02-06_DSH_CHBIRYANI,SITE_KIT_01,DSH_CHBIRYANI,2026-02-06,70,19250.0,dine_in
S_2026-02-06_DSH_VGBIRYANI,SITE_KIT_01,DSH_VGBIRYANI,2026-02-06,35,7350.0,dine_in
S_2026-02-06_DSH_PBM,SITE_KIT_01,DSH_PBM,2026-02-06,55,12925.0,dine_in
S_2026-02-06_DSH_GOBIMANCH,SITE_KIT_01,DSH_GOBIMANCH,2026-02-06,46,8280.0,dine_in
S_2026-02-06_DSH_PALAK,SITE_KIT_01,DSH_PALAK,2026-02-06,41,9020.0,dine_in
S_2026-02-06_DSH_NAAN,SITE_KIT_01,DSH_NAAN,2026-02-06,201,9648.0,dine_in
S_2026-02-06_DSH_ROTI,SITE_KIT_01,DSH_ROTI,2026-02-06,140,3920.0,dine_in
S_2026-02-06_DSH_JEERARICE,SITE_KIT_01,DSH_JEERARICE,2026-02-06,64,8320.0,dine_in
S_2026-02-06_DSH_DALTADKA,SITE_KIT_01,DSH_DALTADKA,2026-02-06,76,11020.0,dine_in
S_2026-02-06_DSH_ROGANJOSH,SITE_KIT_01,DSH_ROGANJOSH,2026-02-06,22,8470.0,dine_in
S_2026-02-06_DSH_VEGPULAO,SITE_KIT_01,DSH_VEGPULAO,2026-02-06,27,4590.0,dine_in
S_2026-02-06_DSH_DOSA,SITE_KIT_01,DSH_DOSA,2026-02-06,73,7665.0,dine_in
S_2026-02-06_DSH_MIXVEG,SITE_KIT_01,DSH_MIXVEG,2026-02-06,42,7770.0,dine_in
S_2026-02-06_DSH_FISHCURRY,SITE_KIT_01,DSH_FISHCURRY,2026-02-06,17,4930.0,dine_in
S_2026-02-06_DSH_SIDES,SITE_KIT_01,DSH_SIDES,2026-02-06,275,0.0,dine_in
S_2026-02-07_DSH_CHBIRYANI,SITE_KIT_01,DSH_CHBIRYANI,2026-02-07,73,20075.0,dine_in
S_2026-02-07_DSH_VGBIRYANI,SITE_KIT_01,DSH_VGBIRYANI,2026-02-07,42,8820.0,dine_in
S_2026-02-07_DSH_PBM,SITE_KIT_01,DSH_PBM,2026-02-07,67,15745.0,dine_in
S_2026-02-07_DSH_GOBIMANCH,SITE_KIT_01,DSH_GOBIMANCH,2026-02-07,60,10800.0,dine_in
S_2026-02-07_DSH_PALAK,SITE_KIT_01,DSH_PALAK,2026-02-07,45,9900.0,dine_in
S_2026-02-07_DSH_NAAN,SITE_KIT_01,DSH_NAAN,2026-02-07,218,10464.0,dine_in
S_2026-02-07_DSH_ROTI,SITE_KIT_01,DSH_ROTI,2026-02-07,137,3836.0,dine_in
S_2026-02-07_DSH_JEERARICE,SITE_KIT_01,DSH_JEERARICE,2026-02-07,67,8710.0,dine_in
S_2026-02-07_DSH_DALTADKA,SITE_KIT_01,DSH_DALTADKA,2026-02-07,80,11600.0,dine_in
S_2026-02-07_DSH_ROGANJOSH,SITE_KIT_01,DSH_ROGANJOSH,2026-02-07,28,10780.0,dine_in
S_2026-02-07_DSH_VEGPULAO,SITE_KIT_01,DSH_VEGPULAO,2026-02-07,21,3570.0,dine_in
S_2026-02-07_DSH_DOSA,SITE_KIT_01,DSH_DOSA,2026-02-07,75,7875.0,dine_in
S_2026-02-07_DSH_MIXVEG,SITE_KIT_01,DSH_MIXVEG,2026-02-07,46,8510.0,dine_in
S_2026-02-07_DSH_FISHCURRY,SITE_KIT_01,DSH_FISHCURRY,2026-02-07,39,11310.0,dine_in
S_2026-02-07_DSH_SIDES,SITE_KIT_01,DSH_SIDES,2026-02-07,302,0.0,dine_in
S_2026-02-08_DSH_CHBIRYANI,SITE_KIT_01,DSH_CHBIRYANI,2026-02-08,65,17875.0,dine_in
S_2026-02-08_DSH_VGBIRYANI,SITE_KIT_01,DSH_VGBIRYANI,2026-02-08,45,9450.0,dine_in
S_2026-02-08_DSH_PBM,SITE_KIT_01,DSH_PBM,2026-02-08,54,12690.0,dine_in
S_2026-02-08_DSH_GOBIMANCH,SITE_KIT_01,DSH_GOBIMANCH,2026-02-08,56,10080.0,dine_in
S_2026-02-08_DSH_PALAK,SITE_KIT_01,DSH_PALAK,2026-02-08,28,6160.0,dine_in
S_2026-02-08_DSH_NAAN,SITE_KIT_01,DSH_NAAN,2026-02-08,174,8352.0,dine_in
S_2026-02-08_DSH_ROTI,SITE_KIT_01,DSH_ROTI,2026-02-08,148,4144.0,dine_in
S_2026-02-08_DSH_JEERARICE,SITE_KIT_01,DSH_JEERARICE,2026-02-08,67,8710.0,dine_in
S_2026-02-08_DSH_DALTADKA,SITE_KIT_01,DSH_DALTADKA,2026-02-08,73,10585.0,dine_in
S_2026-02-08_DSH_ROGANJOSH,SITE_KIT_01,DSH_ROGANJOSH,2026-02-08,33,12705.0,dine_in
S_2026-02-08_DSH_VEGPULAO,SITE_KIT_01,DSH_VEGPULAO,2026-02-08,35,5950.0,dine_in
S_2026-02-08_DSH_DOSA,SITE_KIT_01,DSH_DOSA,2026-02-08,103,10815.0,dine_in
S_2026-02-08_DSH_MIXVEG,SITE_KIT_01,DSH_MIXVEG,2026-02-08,52,9620.0,dine_in
S_2026-02-08_DSH_FISHCURRY,SITE_KIT_01,DSH_FISHCURRY,2026-02-08,34,9860.0,dine_in
S_2026-02-08_DSH_SIDES,SITE_KIT_01,DSH_SIDES,2026-02-08,293,0.0,dine_in
S_2026-02-09_DSH_CHBIRYANI,SITE_KIT_01,DSH_CHBIRYANI,2026-02-09,34,9350.0,dine_in
S_2026-02-09_DSH_VGBIRYANI,SITE_KIT_01,DSH_VGBIRYANI,2026-02-09,27,5670.0,dine_in
S_2026-02-09_DSH_PBM,SITE_KIT_01,DSH_PBM,2026-02-09,53,12455.0,dine_in
S_2026-02-09_DSH_GOBIMANCH,SITE_KIT_01,DSH_GOBIMANCH,2026-02-09,31,5580.0,dine_in
S_2026-02-09_DSH_PALAK,SITE_KIT_01,DSH_PALAK,2026-02-09,25,5500.0,dine_in
S_2026-02-09_DSH_NAAN,SITE_KIT_01,DSH_NAAN,2026-02-09,128,6144.0,dine_in
S_2026-02-09_DSH_ROTI,SITE_KIT_01,DSH_ROTI,2026-02-09,82,2296.0,dine_in
S_2026-02-09_DSH_JEERARICE,SITE_KIT_01,DSH_JEERARICE,2026-02-09,38,4940.0,dine_in
S_2026-02-09_DSH_DALTADKA,SITE_KIT_01,DSH_DALTADKA,2026-02-09,46,6670.0,dine_in
S_2026-02-09_DSH_ROGANJOSH,SITE_KIT_01,DSH_ROGANJOSH,2026-02-09,16,6160.0,dine_in
S_2026-02-09_DSH_VEGPULAO,SITE_KIT_01,DSH_VEGPULAO,2026-02-09,21,3570.0,dine_in
S_2026-02-09_DSH_DOSA,SITE_KIT_01,DSH_DOSA,2026-02-09,65,6825.0,dine_in
S_2026-02-09_DSH_MIXVEG,SITE_KIT_01,DSH_MIXVEG,2026-02-09,30,5550.0,dine_in
S_2026-02-09_DSH_FISHCURRY,SITE_KIT_01,DSH_FISHCURRY,2026-02-09,20,5800.0,dine_in
S_2026-02-09_DSH_SIDES,SITE_KIT_01,DSH_SIDES,2026-02-09,187,0.0,dine_in
S_2026-02-10_DSH_CHBIRYANI,SITE_KIT_01,DSH_CHBIRYANI,2026-02-10,42,11550.0,dine_in
S_2026-02-10_DSH_VGBIRYANI,SITE_KIT_01,DSH_VGBIRYANI,2026-02-10,36,7560.0,dine_in
S_2026-02-10_DSH_PBM,SITE_KIT_01,DSH_PBM,2026-02-10,42,9870.0,dine_in
S_2026-02-10_DSH_GOBIMANCH,SITE_KIT_01,DSH_GOBIMANCH,2026-02-10,34,6120.0,dine_in
S_2026-02-10_DSH_PALAK,SITE_KIT_01,DSH_PALAK,2026-02-10,25,5500.0,dine_in
S_2026-02-10_DSH_NAAN,SITE_KIT_01,DSH_NAAN,2026-02-10,109,5232.0,dine_in
S_2026-02-10_DSH_ROTI,SITE_KIT_01,DSH_ROTI,2026-02-10,89,2492.0,dine_in
S_2026-02-10_DSH_JEERARICE,SITE_KIT_01,DSH_JEERARICE,2026-02-10,40,5200.0,dine_in
S_2026-02-10_DSH_DALTADKA,SITE_KIT_01,DSH_DALTADKA,2026-02-10,49,7105.0,dine_in
S_2026-02-10_DSH_ROGANJOSH,SITE_KIT_01,DSH_ROGANJOSH,2026-02-10,16,6160.0,dine_in
S_2026-02-10_DSH_VEGPULAO,SITE_KIT_01,DSH_VEGPULAO,2026-02-10,24,4080.0,dine_in
S_2026-02-10_DSH_DOSA,SITE_KIT_01,DSH_DOSA,2026-02-10,58,6090.0,dine_in
S_2026-02-10_DSH_MIXVEG,SITE_KIT_01,DSH_MIXVEG,2026-02-10,32,5920.0,dine_in
S_2026-02-10_DSH_FISHCURRY,SITE_KIT_01,DSH_FISHCURRY,2026-02-10,21,6090.0,dine_in
S_2026-02-10_DSH_SIDES,SITE_KIT_01,DSH_SIDES,2026-02-10,187,0.0,dine_in
S_2026-02-11_DSH_CHBIRYANI,SITE_KIT_01,DSH_CHBIRYANI,2026-02-11,36,9900.0,dine_in
S_2026-02-11_DSH_VGBIRYANI,SITE_KIT_01,DSH_VGBIRYANI,2026-02-11,19,3990.0,dine_in
S_2026-02-11_DSH_PBM,SITE_KIT_01,DSH_PBM,2026-02-11,48,11280.0,dine_in
S_2026-02-11_DSH_GOBIMANCH,SITE_KIT_01,DSH_GOBIMANCH,2026-02-11,39,7020.0,dine_in
S_2026-02-11_DSH_PALAK,SITE_KIT_01,DSH_PALAK,2026-02-11,28,6160.0,dine_in
S_2026-02-11_DSH_NAAN,SITE_KIT_01,DSH_NAAN,2026-02-11,132,6336.0,dine_in
S_2026-02-11_DSH_ROTI,SITE_KIT_01,DSH_ROTI,2026-02-11,88,2464.0,dine_in
S_2026-02-11_DSH_JEERARICE,SITE_KIT_01,DSH_JEERARICE,2026-02-11,30,3900.0,dine_in
S_2026-02-11_DSH_DALTADKA,SITE_KIT_01,DSH_DALTADKA,2026-02-11,41,5945.0,dine_in
S_2026-02-11_DSH_ROGANJOSH,SITE_KIT_01,DSH_ROGANJOSH,2026-02-11,15,5775.0,dine_in
S_2026-02-11_DSH_VEGPULAO,SITE_KIT_01,DSH_VEGPULAO,2026-02-11,13,2210.0,dine_in
S_2026-02-11_DSH_DOSA,SITE_KIT_01,DSH_DOSA,2026-02-11,81,8505.0,dine_in
S_2026-02-11_DSH_MIXVEG,SITE_KIT_01,DSH_MIXVEG,2026-02-11,30,5550.0,dine_in
S_2026-02-11_DSH_FISHCURRY,SITE_KIT_01,DSH_FISHCURRY,2026-02-11,19,5510.0,dine_in
S_2026-02-11_DSH_SIDES,SITE_KIT_01,DSH_SIDES,2026-02-11,188,0.0,dine_in
S_2026-02-12_DSH_CHBIRYANI,SITE_KIT_01,DSH_CHBIRYANI,2026-02-12,36,9900.0,dine_in
S_2026-02-12_DSH_VGBIRYANI,SITE_KIT_01,DSH_VGBIRYANI,2026-02-12,20,4200.0,dine_in
S_2026-02-12_DSH_PBM,SITE_KIT_01,DSH_PBM,2026-02-12,42,9870.0,dine_in
S_2026-02-12_DSH_GOBIMANCH,SITE_KIT_01,DSH_GOBIMANCH,2026-02-12,44,7920.0,dine_in
S_2026-02-12_DSH_PALAK,SITE_KIT_01,DSH_PALAK,2026-02-12,29,6380.0,dine_in
S_2026-02-12_DSH_NAAN,SITE_KIT_01,DSH_NAAN,2026-02-12,147,7056.0,dine_in
S_2026-02-12_DSH_ROTI,SITE_KIT_01,DSH_ROTI,2026-02-12,108,3024.0,dine_in
S_2026-02-12_DSH_JEERARICE,SITE_KIT_01,DSH_JEERARICE,2026-02-12,50,6500.0,dine_in
S_2026-02-12_DSH_DALTADKA,SITE_KIT_01,DSH_DALTADKA,2026-02-12,57,8265.0,dine_in
S_2026-02-12_DSH_ROGANJOSH,SITE_KIT_01,DSH_ROGANJOSH,2026-02-12,15,5775.0,dine_in
S_2026-02-12_DSH_VEGPULAO,SITE_KIT_01,DSH_VEGPULAO,2026-02-12,28,4760.0,dine_in
S_2026-02-12_DSH_DOSA,SITE_KIT_01,DSH_DOSA,2026-02-12,65,6825.0,dine_in
S_2026-02-12_DSH_MIXVEG,SITE_KIT_01,DSH_MIXVEG,2026-02-12,35,6475.0,dine_in
S_2026-02-12_DSH_FISHCURRY,SITE_KIT_01,DSH_FISHCURRY,2026-02-12,11,3190.0,dine_in
S_2026-02-12_DSH_SIDES,SITE_KIT_01,DSH_SIDES,2026-02-12,208,0.0,dine_in
