waste_id,site_id,business_date,product_id,batch_id,qty,uom,value,reason,stage,capture_method,note
W000001,SITE_KIT_01,2025-11-15,DSH_CHBIRYANI,,0.837,kg,177.22,overproduction,post_service,pos_derived,"6 portions unsold, 1.9 binned"
W000002,SITE_KIT_01,2025-11-15,DSH_CHBIRYANI,,0.306,kg,64.79,plate_waste,service,manual,2 plates partly returned
W000003,SITE_KIT_01,2025-11-15,DSH_VGBIRYANI,,0.651,kg,70.76,overproduction,post_service,pos_derived,"5 portions unsold, 1.6 binned"
W000004,SITE_KIT_01,2025-11-15,DSH_PBM,,0.96,kg,277.92,overproduction,post_service,pos_derived,"16 portions unsold, 3.2 binned"
W000005,SITE_KIT_01,2025-11-15,DSH_PBM,,0.306,kg,88.59,plate_waste,service,manual,3 plates partly returned
W000006,SITE_KIT_01,2025-11-15,DSH_GOBIMANCH,,1.512,kg,156.49,overproduction,post_service,pos_derived,"12 portions unsold, 5.4 binned"
W000007,SITE_KIT_01,2025-11-15,DSH_PALAK,,0.306,kg,55.19,plate_waste,service,manual,3 plates partly returned
W000008,SITE_KIT_01,2025-11-15,DSH_NAAN,,0.337,kg,37.06,plate_waste,service,manual,11 plates partly returned
W000009,SITE_KIT_01,2025-11-15,DSH_ROTI,,0.071,kg,3.81,plate_waste,service,manual,3 plates partly returned
W000010,SITE_KIT_01,2025-11-15,DSH_JEERARICE,,1.294,kg,112.54,overproduction,post_service,pos_derived,"21 portions unsold, 4.6 binned"
W000011,SITE_KIT_01,2025-11-15,DSH_JEERARICE,,0.095,kg,8.28,plate_waste,service,manual,1 plates partly returned
W000012,SITE_KIT_01,2025-11-15,DSH_DALTADKA,,1.215,kg,93.47,overproduction,post_service,pos_derived,"27 portions unsold, 4.0 binned"
W000013,SITE_KIT_01,2025-11-15,DSH_ROGANJOSH,,0.518,kg,340.49,overproduction,post_service,pos_derived,"9 portions unsold, 1.6 binned"
W000014,SITE_KIT_01,2025-11-15,DSH_VEGPULAO,,0.672,kg,68.54,overproduction,post_service,pos_derived,"8 portions unsold, 1.9 binned"
W000015,SITE_KIT_01,2025-11-15,DSH_DOSA,,0.085,kg,7.96,plate_waste,service,manual,1 plates partly returned
W000016,SITE_KIT_01,2025-11-15,DSH_FISHCURRY,,0.432,kg,155.19,overproduction,post_service,pos_derived,"6 portions unsold, 1.4 binned"
W000017,SITE_KIT_01,2025-11-15,ING_ONION,,1.03,kg,39.15,prep_trim,prep,manual,yield 0.92 on 33.63 kg net
W000018,SITE_KIT_01,2025-11-15,ING_TOMATO,,0.272,kg,8.69,prep_trim,prep,manual,yield 0.97 on 26.98 kg net
W000019,SITE_KIT_01,2025-11-15,ING_GINGER,,0.041,kg,4.9,prep_trim,prep,manual,yield 0.90 on 1.13 kg net
W000020,SITE_KIT_01,2025-11-15,ING_GARLIC,,0.078,kg,14.05,prep_trim,prep,manual,yield 0.88 on 1.74 kg net
W000021,SITE_KIT_01,2025-11-15,ING_GCHILLI,,0.028,kg,1.98,prep_trim,prep,manual,yield 0.95 on 1.58 kg net
W000022,SITE_KIT_01,2025-11-15,ING_MINT,,0.033,kg,2.0,prep_trim,prep,manual,yield 0.87 on 0.64 kg net
W000023,SITE_KIT_01,2025-11-15,ING_CORIANDER,,0.077,kg,4.61,prep_trim,prep,manual,yield 0.86 on 1.34 kg net
W000024,SITE_KIT_01,2025-11-15,ING_CARROT,,0.352,kg,15.82,prep_trim,prep,manual,yield 0.87 on 6.79 kg net
W000025,SITE_KIT_01,2025-11-15,ING_BEANS,,0.152,kg,9.11,prep_trim,prep,manual,yield 0.90 on 4.23 kg net
W000026,SITE_KIT_01,2025-11-15,ING_CAULI,,5.554,kg,222.14,prep_trim,prep,manual,yield 0.50 on 16.59 kg net
W000027,SITE_KIT_01,2025-11-15,ING_POTATO,,0.728,kg,20.38,prep_trim,prep,manual,yield 0.86 on 13.14 kg net
W000028,SITE_KIT_01,2025-11-15,ING_CAPSICUM,,0.263,kg,21.05,prep_trim,prep,manual,yield 0.83 on 3.85 kg net
W000029,SITE_KIT_01,2025-11-15,ING_SPINACH,,0.864,kg,25.91,prep_trim,prep,manual,yield 0.77 on 8.55 kg net
W000030,SITE_KIT_01,2025-11-15,ING_LEMON,,0.346,kg,31.13,prep_trim,prep,manual,yield 0.56 on 1.29 kg net
W000031,SITE_KIT_01,2025-11-15,ING_CUCUMBER,,0.249,kg,8.7,prep_trim,prep,manual,yield 0.85 on 4.21 kg net
W000032,SITE_KIT_01,2025-11-15,ING_CABBAGE,,0.142,kg,3.55,prep_trim,prep,manual,yield 0.87 on 2.81 kg net
W000033,SITE_KIT_01,2025-11-15,ING_BANANA,,0.554,kg,30.44,prep_trim,prep,manual,yield 0.68 on 3.51 kg net
W000034,SITE_KIT_01,2025-11-15,ING_BRINJAL,,0.172,kg,6.87,prep_trim,prep,manual,yield 0.88 on 3.86 kg net
W000035,SITE_KIT_01,2025-11-15,ING_OKRA,,0.154,kg,8.45,prep_trim,prep,manual,yield 0.91 on 4.56 kg net
W000036,SITE_KIT_01,2025-11-15,ING_MUSHROOM,,0.021,kg,4.53,prep_trim,prep,manual,yield 0.96 on 1.40 kg net
W000037,SITE_KIT_01,2025-11-15,ING_PEAS,B00015,1.031,kg,92.79,quality_rejection,storage,manual,"rejected at goods receipt, intake grade 0.93"
W000038,SITE_KIT_01,2025-11-15,ING_MINT,B00016,0.144,kg,8.64,quality_rejection,storage,manual,"rejected at goods receipt, intake grade 0.91"
W000039,SITE_KIT_01,2025-11-15,ING_BANANA,B00022,1.134,kg,62.37,quality_rejection,storage,manual,"rejected at goods receipt, intake grade 1.00"
W000040,SITE_KIT_01,2025-11-16,DSH_CHBIRYANI,,0.306,kg,64.79,plate_waste,service,manual,2 plates partly returned
W000041,SITE_KIT_01,2025-11-16,DSH_PBM,,0.48,kg,138.96,overproduction,post_service,pos_derived,"8 portions unsold, 1.6 binned"
W000042,SITE_KIT_01,2025-11-16,DSH_PBM,,0.204,kg,59.06,plate_waste,service,manual,2 plates partly returned
W000043,SITE_KIT_01,2025-11-16,DSH_GOBIMANCH,,0.882,kg,91.29,overproduction,post_service,pos_derived,"7 portions unsold, 3.1 binned"
W000044,SITE_KIT_01,2025-11-16,DSH_GOBIMANCH,,0.19,kg,19.71,plate_waste,service,manual,2 plates partly returned
W000045,SITE_KIT_01,2025-11-16,DSH_PALAK,,0.204,kg,36.79,plate_waste,service,manual,2 plates partly returned
W000046,SITE_KIT_01,2025-11-16,DSH_NAAN,,0.092,kg,10.11,plate_waste,service,manual,3 plates partly returned
W000047,SITE_KIT_01,2025-11-16,DSH_ROTI,,0.095,kg,5.09,plate_waste,service,manual,4 plates partly returned
W000048,SITE_KIT_01,2025-11-16,DSH_JEERARICE,,0.308,kg,26.8,overproduction,post_service,pos_derived,"5 portions unsold, 1.1 binned"
W000049,SITE_KIT_01,2025-11-16,DSH_JEERARICE,,0.095,kg,8.28,plate_waste,service,manual,1 plates partly returned
W000050,SITE_KIT_01,2025-11-16,DSH_DALTADKA,,0.306,kg,23.54,plate_waste,service,manual,3 plates partly returned
W000051,SITE_KIT_01,2025-11-16,DSH_ROGANJOSH,,0.576,kg,378.32,overproduction,post_service,pos_derived,"10 portions unsold, 1.8 binned"
W000052,SITE_KIT_01,2025-11-16,DSH_VEGPULAO,,0.672,kg,68.54,overproduction,post_service,pos_derived,"8 portions unsold, 1.9 binned"
W000053,SITE_KIT_01,2025-11-16,DSH_MIXVEG,,0.792,kg,52.85,overproduction,post_service,pos_derived,"11 portions unsold, 2.6 binned"
W000054,SITE_KIT_01,2025-11-16,DSH_FISHCURRY,,0.648,kg,232.78,overproduction,post_service,pos_derived,"9 portions unsold, 2.2 binned"
W000055,SITE_KIT_01,2025-11-16,DSH_FISHCURRY,,0.102,kg,36.64,plate_waste,service,manual,1 plates partly returned
W000056,SITE_KIT_01,2025-11-16,ING_ONION,,0.961,kg,36.53,prep_trim,prep,manual,yield 0.91 on 28.91 kg net
W000057,SITE_KIT_01,2025-11-16,ING_TOMATO,,0.281,kg,8.98,prep_trim,prep,manual,yield 0.97 on 22.94 kg net
W000058,SITE_KIT_01,2025-11-16,ING_GINGER,,0.037,kg,4.46,prep_trim,prep,manual,yield 0.90 on 0.95 kg net
W000059,SITE_KIT_01,2025-11-16,ING_GARLIC,,0.073,kg,13.11,prep_trim,prep,manual,yield 0.87 on 1.48 kg net
W000060,SITE_KIT_01,2025-11-16,ING_GCHILLI,,0.027,kg,1.88,prep_trim,prep,manual,yield 0.94 on 1.35 kg net
W000061,SITE_KIT_01,2025-11-16,ING_MINT,,0.031,kg,1.84,prep_trim,prep,manual,yield 0.86 on 0.54 kg net
W000062,SITE_KIT_01,2025-11-16,ING_CORIANDER,,0.059,kg,3.55,prep_trim,prep,manual,yield 0.87 on 1.13 kg net
W000063,SITE_KIT_01,2025-11-16,ING_CARROT,,0.275,kg,12.37,prep_trim,prep,manual,yield 0.88 on 5.91 kg net
W000064,SITE_KIT_01,2025-11-16,ING_BEANS,,0.161,kg,9.68,prep_trim,prep,manual,yield 0.88 on 3.62 kg net
W000065,SITE_KIT_01,2025-11-16,ING_CAULI,,4.595,kg,183.79,prep_trim,prep,manual,yield 0.52 on 14.50 kg net
W000066,SITE_KIT_01,2025-11-16,ING_POTATO,,0.753,kg,21.08,prep_trim,prep,manual,yield 0.84 on 11.57 kg net
W000067,SITE_KIT_01,2025-11-16,ING_CAPSICUM,,0.174,kg,13.95,prep_trim,prep,manual,yield 0.87 on 3.33 kg net
W000068,SITE_KIT_01,2025-11-16,ING_SPINACH,,0.668,kg,20.04,prep_trim,prep,manual,yield 0.78 on 7.10 kg net
W000069,SITE_KIT_01,2025-11-16,ING_LEMON,,0.318,kg,28.63,prep_trim,prep,manual,yield 0.56 on 1.19 kg net
W000070,SITE_KIT_01,2025-11-16,ING_CUCUMBER,,0.204,kg,7.15,prep_trim,prep,manual,yield 0.87 on 3.93 kg net
W000071,SITE_KIT_01,2025-11-16,ING_CABBAGE,,0.101,kg,2.53,prep_trim,prep,manual,yield 0.90 on 2.62 kg net
W000072,SITE_KIT_01,2025-11-16,ING_BANANA,,0.516,kg,28.37,prep_trim,prep,manual,yield 0.68 on 3.28 kg net
W000073,SITE_KIT_01,2025-11-16,ING_BRINJAL,,0.147,kg,5.89,prep_trim,prep,manual,yield 0.89 on 3.60 kg net
W000074,SITE_KIT_01,2025-11-16,ING_OKRA,,0.146,kg,8.04,prep_trim,prep,manual,yield 0.91 on 4.26 kg net
W000075,SITE_KIT_01,2025-11-16,ING_MUSHROOM,,0.023,kg,5.06,prep_trim,prep,manual,yield 0.95 on 1.31 kg net
W000076,SITE_KIT_01,2025-11-17,DSH_CHBIRYANI,,0.153,kg,32.4,plate_waste,service,manual,1 plates partly returned
W000077,SITE_KIT_01,2025-11-17,DSH_VGBIRYANI,,0.521,kg,56.61,overproduction,post_service,pos_derived,"4 portions unsold, 1.2 binned"
W000078,SITE_KIT_01,2025-11-17,DSH_PBM,,0.102,kg,29.53,plate_waste,service,manual,1 plates partly returned
W000079,SITE_KIT_01,2025-11-17,DSH_GOBIMANCH,,0.19,kg,19.71,plate_waste,service,manual,2 plates partly returned
W000080,SITE_KIT_01,2025-11-17,DSH_JEERARICE,,0.37,kg,32.16,overproduction,post_service,pos_derived,"6 portions unsold, 1.3 binned"
W000081,SITE_KIT_01,2025-11-17,DSH_ROGANJOSH,,0.109,kg,71.46,plate_waste,service,manual,1 plates partly returned
W000082,SITE_KIT_01,2025-11-17,DSH_VEGPULAO,,0.672,kg,68.54,overproduction,post_service,pos_derived,"8 portions unsold, 1.9 binned"
W000083,SITE_KIT_01,2025-11-17,DSH_DOSA,,0.17,kg,15.92,plate_waste,service,manual,2 plates partly returned
W000084,SITE_KIT_01,2025-11-17,DSH_MIXVEG,,0.306,kg,20.42,plate_waste,service,manual,3 plates partly returned
W000085,SITE_KIT_01,2025-11-17,DSH_FISHCURRY,,0.216,kg,77.59,overproduction,post_service,pos_derived,"3 portions unsold, 0.7 binned"
W000086,SITE_KIT_01,2025-11-17,ING_ONION,,0.703,kg,26.73,prep_trim,prep,manual,yield 0.90 on 18.60 kg net
W000087,SITE_KIT_01,2025-11-17,ING_TOMATO,,0.162,kg,5.18,prep_trim,prep,manual,yield 0.97 on 15.05 kg net
W000088,SITE_KIT_01,2025-11-17,ING_GINGER,,0.022,kg,2.64,prep_trim,prep,manual,yield 0.90 on 0.58 kg net
W000089,SITE_KIT_01,2025-11-17,ING_GARLIC,,0.046,kg,8.37,prep_trim,prep,manual,yield 0.87 on 0.93 kg net
W000090,SITE_KIT_01,2025-11-17,ING_CORIANDER,,0.048,kg,2.86,prep_trim,prep,manual,yield 0.83 on 0.71 kg net
W000091,SITE_KIT_01,2025-11-17,ING_CARROT,,0.152,kg,6.86,prep_trim,prep,manual,yield 0.89 on 3.79 kg net
W000092,SITE_KIT_01,2025-11-17,ING_BEANS,,0.089,kg,5.37,prep_trim,prep,manual,yield 0.90 on 2.30 kg net
W000093,SITE_KIT_01,2025-11-17,ING_CAULI,,2.691,kg,107.63,prep_trim,prep,manual,yield 0.53 on 8.92 kg net
W000094,SITE_KIT_01,2025-11-17,ING_POTATO,,0.524,kg,14.67,prep_trim,prep,manual,yield 0.86 on 9.11 kg net
W000095,SITE_KIT_01,2025-11-17,ING_CAPSICUM,,0.133,kg,10.67,prep_trim,prep,manual,yield 0.84 on 2.08 kg net
W000096,SITE_KIT_01,2025-11-17,ING_SPINACH,,0.453,kg,13.58,prep_trim,prep,manual,yield 0.77 on 4.55 kg net
W000097,SITE_KIT_01,2025-11-17,ING_LEMON,,0.211,kg,19.03,prep_trim,prep,manual,yield 0.55 on 0.77 kg net
W000098,SITE_KIT_01,2025-11-17,ING_CUCUMBER,,0.143,kg,4.99,prep_trim,prep,manual,yield 0.86 on 2.61 kg net
W000099,SITE_KIT_01,2025-11-17,ING_CABBAGE,,0.074,kg,1.85,prep_trim,prep,manual,yield 0.89 on 1.74 kg net
W000100,SITE_KIT_01,2025-11-17,ING_BANANA,,0.333,kg,18.31,prep_trim,prep,manual,yield 0.69 on 2.17 kg net
W000101,SITE_KIT_01,2025-11-17,ING_BRINJAL,,0.108,kg,4.32,prep_trim,prep,manual,yield 0.88 on 2.39 kg net
W000102,SITE_KIT_01,2025-11-17,ING_OKRA,,0.097,kg,5.32,prep_trim,prep,manual,yield 0.91 on 2.82 kg net
W000103,SITE_KIT_01,2025-11-17,ING_CORIANDER,B00049,0.085,kg,5.1,quality_rejection,storage,manual,"rejected at goods receipt, intake grade 0.90"
W000104,SITE_KIT_01,2025-11-17,ING_CABBAGE,B00053,0.695,kg,17.38,quality_rejection,storage,manual,"rejected at goods receipt, intake grade 0.93"
W000105,SITE_KIT_01,2025-11-18,DSH_VGBIRYANI,,0.781,kg,84.91,overproduction,post_service,pos_derived,"6 portions unsold, 1.9 binned"
W000106,SITE_KIT_01,2025-11-18,DSH_PBM,,0.96,kg,277.92,overproduction,post_service,pos_derived,"16 portions unsold, 3.2 binned"
W000107,SITE_KIT_01,2025-11-18,DSH_PBM,,0.102,kg,29.53,plate_waste,service,manual,1 plates partly returned
W000108,SITE_KIT_01,2025-11-18,DSH_GOBIMANCH,,0.095,kg,9.85,plate_waste,service,manual,1 plates partly returned
W000109,SITE_KIT_01,2025-11-18,DSH_PALAK,,0.33,kg,59.52,overproduction,post_service,pos_derived,"5 portions unsold, 1.1 binned"
W000110,SITE_KIT_01,2025-11-18,DSH_NAAN,,0.031,kg,3.37,plate_waste,service,manual,1 plates partly returned
W000111,SITE_KIT_01,2025-11-18,DSH_ROTI,,0.095,kg,5.09,plate_waste,service,manual,4 plates partly returned
W000112,SITE_KIT_01,2025-11-18,DSH_JEERARICE,,0.308,kg,26.8,overproduction,post_service,pos_derived,"5 portions unsold, 1.1 binned"
W000113,SITE_KIT_01,2025-11-18,DSH_JEERARICE,,0.095,kg,8.28,plate_waste,service,manual,1 plates partly returned
W000114,SITE_KIT_01,2025-11-18,DSH_DALTADKA,,0.63,kg,48.47,overproduction,post_service,pos_derived,"14 portions unsold, 2.1 binned"
W000115,SITE_KIT_01,2025-11-18,DSH_DALTADKA,,0.102,kg,7.85,plate_waste,service,manual,1 plates partly returned
W000116,SITE_KIT_01,2025-11-18,DSH_ROGANJOSH,,0.173,kg,113.5,overproduction,post_service,pos_derived,"3 portions unsold, 0.5 binned"
W000117,SITE_KIT_01,2025-11-18,DSH_ROGANJOSH,,0.109,kg,71.46,plate_waste,service,manual,1 plates partly returned
W000118,SITE_KIT_01,2025-11-18,DSH_MIXVEG,,0.36,kg,24.02,overproduction,post_service,pos_derived,"5 portions unsold, 1.2 binned"
W000119,SITE_KIT_01,2025-11-18,DSH_FISHCURRY,,0.576,kg,206.92,overproduction,post_service,pos_derived,"8 portions unsold, 1.9 binned"
W000120,SITE_KIT_01,2025-11-18,DSH_FISHCURRY,,0.102,kg,36.64,plate_waste,service,manual,1 plates partly returned
W000121,SITE_KIT_01,2025-11-18,ING_ONION,,0.715,kg,27.18,prep_trim,prep,manual,yield 0.90 on 19.46 kg net
W000122,SITE_KIT_01,2025-11-18,ING_TOMATO,,0.218,kg,6.97,prep_trim,prep,manual,yield 0.96 on 15.26 kg net
W000123,SITE_KIT_01,2025-11-18,ING_GINGER,,0.027,kg,3.25,prep_trim,prep,manual,yield 0.88 on 0.59 kg net
W000124,SITE_KIT_01,2025-11-18,ING_GARLIC,,0.054,kg,9.64,prep_trim,prep,manual,yield 0.86 on 0.94 kg net
W000125,SITE_KIT_01,2025-11-18,ING_GCHILLI,,0.022,kg,1.55,prep_trim,prep,manual,yield 0.93 on 0.92 kg net
W000126,SITE_KIT_01,2025-11-18,ING_CORIANDER,,0.041,kg,2.47,prep_trim,prep,manual,yield 0.87 on 0.80 kg net
W000127,SITE_KIT_01,2025-11-18,ING_CARROT,,0.19,kg,8.56,prep_trim,prep,manual,yield 0.88 on 4.25 kg net
W000128,SITE_KIT_01,2025-11-18,ING_BEANS,,0.083,kg,4.96,prep_trim,prep,manual,yield 0.92 on 2.72 kg net
W000129,SITE_KIT_01,2025-11-18,ING_CAULI,,3.586,kg,143.43,prep_trim,prep,manual,yield 0.49 on 10.04 kg net
W000130,SITE_KIT_01,2025-11-18,ING_POTATO,,0.626,kg,17.52,prep_trim,prep,manual,yield 0.84 on 9.36 kg net
W000131,SITE_KIT_01,2025-11-18,ING_CAPSICUM,,0.171,kg,13.71,prep_trim,prep,manual,yield 0.82 on 2.24 kg net
W000132,SITE_KIT_01,2025-11-18,ING_SPINACH,,0.452,kg,13.55,prep_trim,prep,manual,yield 0.78 on 4.73 kg net
W000133,SITE_KIT_01,2025-11-18,ING_LEMON,,0.214,kg,19.22,prep_trim,prep,manual,yield 0.54 on 0.75 kg net
W000134,SITE_KIT_01,2025-11-18,ING_CUCUMBER,,0.129,kg,4.51,prep_trim,prep,manual,yield 0.87 on 2.46 kg net
W000135,SITE_KIT_01,2025-11-18,ING_CABBAGE,,0.067,kg,1.69,prep_trim,prep,manual,yield 0.89 on 1.64 kg net
W000136,SITE_KIT_01,2025-11-18,ING_BANANA,,0.301,kg,16.55,prep_trim,prep,manual,yield 0.70 on 2.05 kg net
W000137,SITE_KIT_01,2025-11-18,ING_BRINJAL,,0.112,kg,4.46,prep_trim,prep,manual,yield 0.87 on 2.26 kg net
W000138,SITE_KIT_01,2025-11-18,ING_OKRA,,0.115,kg,6.33,prep_trim,prep,manual,yield 0.89 on 2.67 kg net
W000139,SITE_KIT_01,2025-11-19,DSH_CHBIRYANI,,1.116,kg,236.29,overproduction,post_service,pos_derived,"8 portions unsold, 2.5 binned"
W000140,SITE_KIT_01,2025-11-19,DSH_PBM,,0.96,kg,277.92,overproduction,post_service,pos_derived,"16 portions unsold, 3.2 binned"
W000141,SITE_KIT_01,2025-11-19,DSH_GOBIMANCH,,2.268,kg,234.74,overproduction,post_service,pos_derived,"18 portions unsold, 8.1 binned"
W000142,SITE_KIT_01,2025-11-19,DSH_GOBIMANCH,,0.19,kg,19.71,plate_waste,service,manual,2 plates partly returned
W000143,SITE_KIT_01,2025-11-19,DSH_NAAN,,0.061,kg,6.74,plate_waste,service,manual,2 plates partly returned
W000144,SITE_KIT_01,2025-11-19,DSH_ROTI,,0.024,kg,1.27,plate_waste,service,manual,1 plates partly returned
W000145,SITE_KIT_01,2025-11-19,DSH_JEERARICE,,0.678,kg,58.95,overproduction,post_service,pos_derived,"11 portions unsold, 2.4 binned"
W000146,SITE_KIT_01,2025-11-19,DSH_DALTADKA,,0.36,kg,27.7,overproduction,post_service,pos_derived,"8 portions unsold, 1.2 binned"
W000147,SITE_KIT_01,2025-11-19,DSH_DALTADKA,,0.102,kg,7.85,plate_waste,service,manual,1 plates partly returned
W000148,SITE_KIT_01,2025-11-19,DSH_ROGANJOSH,,0.23,kg,151.33,overproduction,post_service,pos_derived,"4 portions unsold, 0.7 binned"
W000149,SITE_KIT_01,2025-11-19,DSH_VEGPULAO,,0.756,kg,77.11,overproduction,post_service,pos_derived,"9 portions unsold, 2.2 binned"
W000150,SITE_KIT_01,2025-11-19,DSH_MIXVEG,,0.36,kg,24.02,overproduction,post_service,pos_derived,"5 portions unsold, 1.2 binned"
W000151,SITE_KIT_01,2025-11-19,ING_ONION,,0.625,kg,23.74,prep_trim,prep,manual,yield 0.92 on 20.68 kg net
W000152,SITE_KIT_01,2025-11-19,ING_TOMATO,,0.222,kg,7.1,prep_trim,prep,manual,yield 0.96 on 15.88 kg net
W000153,SITE_KIT_01,2025-11-19,ING_GINGER,,0.025,kg,2.98,prep_trim,prep,manual,yield 0.90 on 0.64 kg net
W000154,SITE_KIT_01,2025-11-19,ING_GARLIC,,0.053,kg,9.54,prep_trim,prep,manual,yield 0.87 on 1.03 kg net
W000155,SITE_KIT_01,2025-11-19,ING_GCHILLI,,0.022,kg,1.56,prep_trim,prep,manual,yield 0.94 on 1.04 kg net
W000156,SITE_KIT_01,2025-11-19,ING_CORIANDER,,0.041,kg,2.44,prep_trim,prep,manual,yield 0.87 on 0.81 kg net
W000157,SITE_KIT_01,2025-11-19,ING_CARROT,,0.161,kg,7.23,prep_trim,prep,manual,yield 0.90 on 4.09 kg net
W000158,SITE_KIT_01,2025-11-19,ING_BEANS,,0.13,kg,7.8,prep_trim,prep,manual,yield 0.87 on 2.55 kg net
W000159,SITE_KIT_01,2025-11-19,ING_CAULI,,3.253,kg,130.14,prep_trim,prep,manual,yield 0.52 on 10.23 kg net
W000160,SITE_KIT_01,2025-11-19,ING_POTATO,,0.62,kg,17.36,prep_trim,prep,manual,yield 0.85 on 10.67 kg net
W000161,SITE_KIT_01,2025-11-19,ING_CAPSICUM,,0.155,kg,12.37,prep_trim,prep,manual,yield 0.84 on 2.34 kg net
W000162,SITE_KIT_01,2025-11-19,ING_SPINACH,,0.486,kg,14.58,prep_trim,prep,manual,yield 0.78 on 5.10 kg net
W000163,SITE_KIT_01,2025-11-19,ING_LEMON,,0.208,kg,18.7,prep_trim,prep,manual,yield 0.56 on 0.78 kg net
W000164,SITE_KIT_01,2025-11-19,ING_CUCUMBER,,0.155,kg,5.44,prep_trim,prep,manual,yield 0.85 on 2.56 kg net
W000165,SITE_KIT_01,2025-11-19,ING_CABBAGE,,0.079,kg,1.96,prep_trim,prep,manual,yield 0.88 on 1.71 kg net
W000166,SITE_KIT_01,2025-11-19,ING_BANANA,,0.351,kg,19.33,prep_trim,prep,manual,yield 0.67 on 2.13 kg net
W000167,SITE_KIT_01,2025-11-19,ING_BRINJAL,,0.111,kg,4.42,prep_trim,prep,manual,yield 0.88 on 2.35 kg net
W000168,SITE_KIT_01,2025-11-19,ING_OKRA,,0.096,kg,5.3,prep_trim,prep,manual,yield 0.91 on 2.77 kg net
W000169,SITE_KIT_01,2025-11-19,ING_ONION,B00080,6.055,kg,230.09,quality_rejection,storage,manual,"rejected at goods receipt, intake grade 0.92"
W000170,SITE_KIT_01,2025-11-19,ING_BRINJAL,B00089,0.316,kg,12.64,quality_rejection,storage,manual,"rejected at goods receipt, intake grade 0.91"
W000171,SITE_KIT_01,2025-11-19,ING_PEAS,B00091,0.351,kg,31.59,quality_rejection,storage,manual,"rejected at goods receipt, intake grade 0.99"
W000172,SITE_KIT_01,2025-11-19,ING_MINT,B00092,0.046,kg,2.76,quality_rejection,storage,manual,"rejected at goods receipt, intake grade 0.95"
W000173,SITE_KIT_01,2025-11-19,ING_BEANS,B00095,0.348,kg,20.88,quality_rejection,storage,manual,"rejected at goods receipt, intake grade 0.89"
W000174,SITE_KIT_01,2025-11-19,ING_MUSHROOM,B00096,0.085,kg,18.7,quality_rejection,storage,manual,"rejected at goods receipt, intake grade 1.00"
W000175,SITE_KIT_01,2025-11-19,ING_CUCUMBER,B00097,0.249,kg,8.71,quality_rejection,storage,manual,"rejected at goods receipt, intake grade 0.91"
W000176,SITE_KIT_01,2025-11-19,ING_BANANA,B00098,1.049,kg,57.69,quality_rejection,storage,manual,"rejected at goods receipt, intake grade 0.95"
W000177,SITE_KIT_01,2025-11-19,ING_MINT,B00043,0.493,kg,29.55,spoilage,storage,manual,"received 2025-11-16, zone ZN_COLD"
W000178,SITE_KIT_01,2025-11-19,ING_CURRYLEAF,B00044,0.474,kg,37.96,spoilage,storage,manual,"received 2025-11-16, zone ZN_COLD"
W000179,SITE_KIT_01,2025-11-20,DSH_CHBIRYANI,,1.674,kg,354.44,overproduction,post_service,pos_derived,"12 portions unsold, 3.7 binned"
W000180,SITE_KIT_01,2025-11-20,DSH_CHBIRYANI,,0.153,kg,32.4,plate_waste,service,manual,1 plates partly returned
W000181,SITE_KIT_01,2025-11-20,DSH_PBM,,0.204,kg,59.06,plate_waste,service,manual,2 plates partly returned
W000182,SITE_KIT_01,2025-11-20,DSH_GOBIMANCH,,0.286,kg,29.56,plate_waste,service,manual,3 plates partly returned
W000183,SITE_KIT_01,2025-11-20,DSH_PALAK,,0.102,kg,18.4,plate_waste,service,manual,1 plates partly returned
W000184,SITE_KIT_01,2025-11-20,DSH_ROTI,,0.024,kg,1.27,plate_waste,service,manual,1 plates partly returned
W000185,SITE_KIT_01,2025-11-20,DSH_JEERARICE,,0.431,kg,37.51,overproduction,post_service,pos_derived,"7 portions unsold, 1.5 binned"
W000186,SITE_KIT_01,2025-11-20,DSH_JEERARICE,,0.19,kg,16.56,plate_waste,service,manual,2 plates partly returned
W000187,SITE_KIT_01,2025-11-20,DSH_DALTADKA,,0.204,kg,15.69,plate_waste,service,manual,2 plates partly returned
W000188,SITE_KIT_01,2025-11-20,DSH_ROGANJOSH,,0.23,kg,151.33,overproduction,post_service,pos_derived,"4 portions unsold, 0.7 binned"
W000189,SITE_KIT_01,2025-11-20,DSH_ROGANJOSH,,0.109,kg,71.46,plate_waste,service,manual,1 plates partly returned
W000190,SITE_KIT_01,2025-11-20,DSH_VEGPULAO,,0.336,kg,34.27,overproduction,post_service,pos_derived,"4 portions unsold, 1.0 binned"
W000191,SITE_KIT_01,2025-11-20,DSH_DOSA,,0.085,kg,7.96,plate_waste,service,manual,1 plates partly returned
W000192,SITE_KIT_01,2025-11-20,DSH_MIXVEG,,0.72,kg,48.05,overproduction,post_service,pos_derived,"10 portions unsold, 2.4 binned"
W000193,SITE_KIT_01,2025-11-20,ING_ONION,,0.733,kg,27.86,prep_trim,prep,manual,yield 0.91 on 21.51 kg net
W000194,SITE_KIT_01,2025-11-20,ING_TOMATO,,0.184,kg,5.87,prep_trim,prep,manual,yield 0.97 on 17.06 kg net
W000195,SITE_KIT_01,2025-11-20,ING_GARLIC,,0.06,kg,10.79,prep_trim,prep,manual,yield 0.86 on 1.10 kg net
W000196,SITE_KIT_01,2025-11-20,ING_GCHILLI,,0.022,kg,1.54,prep_trim,prep,manual,yield 0.94 on 1.02 kg net
W000197,SITE_KIT_01,2025-11-20,ING_MINT,,0.021,kg,1.28,prep_trim,prep,manual,yield 0.87 on 0.41 kg net
W000198,SITE_KIT_01,2025-11-20,ING_CORIANDER,,0.051,kg,3.04,prep_trim,prep,manual,yield 0.85 on 0.88 kg net
W000199,SITE_KIT_01,2025-11-20,ING_CARROT,,0.214,kg,9.64,prep_trim,prep,manual,yield 0.88 on 4.53 kg net
W000200,SITE_KIT_01,2025-11-20,ING_BEANS,,0.096,kg,5.77,prep_trim,prep,manual,yield 0.91 on 2.79 kg net
W000201,SITE_KIT_01,2025-11-20,ING_CAULI,,3.786,kg,151.42,prep_trim,prep,manual,yield 0.50 on 11.13 kg net
W000202,SITE_KIT_01,2025-11-20,ING_POTATO,,0.53,kg,14.84,prep_trim,prep,manual,yield 0.85 on 8.72 kg net
W000203,SITE_KIT_01,2025-11-20,ING_CAPSICUM,,0.179,kg,14.32,prep_trim,prep,manual,yield 0.83 on 2.55 kg net
W000204,SITE_KIT_01,2025-11-20,ING_SPINACH,,0.443,kg,13.28,prep_trim,prep,manual,yield 0.81 on 5.46 kg net
W000205,SITE_KIT_01,2025-11-20,ING_LEMON,,0.251,kg,22.6,prep_trim,prep,manual,yield 0.54 on 0.88 kg net
W000206,SITE_KIT_01,2025-11-20,ING_CUCUMBER,,0.163,kg,5.7,prep_trim,prep,manual,yield 0.86 on 2.93 kg net
W000207,SITE_KIT_01,2025-11-20,ING_CABBAGE,,0.101,kg,2.52,prep_trim,prep,manual,yield 0.87 on 1.96 kg net
W000208,SITE_KIT_01,2025-11-20,ING_BANANA,,0.381,kg,20.93,prep_trim,prep,manual,yield 0.69 on 2.44 kg net
W000209,SITE_KIT_01,2025-11-20,ING_BRINJAL,,0.147,kg,5.88,prep_trim,prep,manual,yield 0.86 on 2.69 kg net
W000210,SITE_KIT_01,2025-11-20,ING_OKRA,,0.107,kg,5.91,prep_trim,prep,manual,yield 0.91 on 3.18 kg net
W000211,SITE_KIT_01,2025-11-20,ING_BATTER,B00078,7.456,kg,521.92,spoilage,storage,manual,"received 2025-11-18, zone ZN_COLD"
W000212,SITE_KIT_01,2025-11-21,DSH_CHBIRYANI,,4.324,kg,915.64,overproduction,post_service,pos_derived,"31 portions unsold, 9.6 binned"
W000213,SITE_KIT_01,2025-11-21,DSH_VGBIRYANI,,0.143,kg,15.52,plate_waste,service,manual,1 plates partly returned
W000214,SITE_KIT_01,2025-11-21,DSH_PBM,,0.78,kg,225.81,overproduction,post_service,pos_derived,"13 portions unsold, 2.6 binned"
W000215,SITE_KIT_01,2025-11-21,DSH_PBM,,0.204,kg,59.06,plate_waste,service,manual,2 plates partly returned
W000216,SITE_KIT_01,2025-11-21,DSH_GOBIMANCH,,1.638,kg,169.53,overproduction,post_service,pos_derived,"13 portions unsold, 5.9 binned"
W000217,SITE_KIT_01,2025-11-21,DSH_PALAK,,0.594,kg,107.14,overproduction,post_service,pos_derived,"9 portions unsold, 2.0 binned"
W000218,SITE_KIT_01,2025-11-21,DSH_NAAN,,0.092,kg,10.11,plate_waste,service,manual,3 plates partly returned
W000219,SITE_KIT_01,2025-11-21,DSH_ROTI,,0.071,kg,3.81,plate_waste,service,manual,3 plates partly returned
W000220,SITE_KIT_01,2025-11-21,DSH_DALTADKA,,0.54,kg,41.54,overproduction,post_service,pos_derived,"12 portions unsold, 1.8 binned"
W000221,SITE_KIT_01,2025-11-21,DSH_DALTADKA,,0.204,kg,15.69,plate_waste,service,manual,2 plates partly returned
W000222,SITE_KIT_01,2025-11-21,DSH_ROGANJOSH,,0.576,kg,378.32,overproduction,post_service,pos_derived,"10 portions unsold, 1.8 binned"
W000223,SITE_KIT_01,2025-11-21,DSH_VEGPULAO,,0.504,kg,51.41,overproduction,post_service,pos_derived,"6 portions unsold, 1.4 binned"
W000224,SITE_KIT_01,2025-11-21,DSH_VEGPULAO,,0.119,kg,12.14,plate_waste,service,manual,1 plates partly returned
W000225,SITE_KIT_01,2025-11-21,DSH_DOSA,,0.17,kg,15.92,plate_waste,service,manual,2 plates partly returned
W000226,SITE_KIT_01,2025-11-21,DSH_MIXVEG,,0.648,kg,43.24,overproduction,post_service,pos_derived,"9 portions unsold, 2.2 binned"
W000227,SITE_KIT_01,2025-11-21,DSH_FISHCURRY,,0.102,kg,36.64,plate_waste,service,manual,1 plates partly returned
W000228,SITE_KIT_01,2025-11-21,ING_ONION,,1.304,kg,49.54,prep_trim,prep,manual,yield 0.89 on 29.99 kg net
W000229,SITE_KIT_01,2025-11-21,ING_TOMATO,,0.283,kg,9.07,prep_trim,prep,manual,yield 0.97 on 23.61 kg net
W000230,SITE_KIT_01,2025-11-21,ING_GINGER,,0.037,kg,4.49,prep_trim,prep,manual,yield 0.90 on 1.03 kg net
W000231,SITE_KIT_01,2025-11-21,ING_GARLIC,,0.09,kg,16.14,prep_trim,prep,manual,yield 0.86 on 1.58 kg net
W000232,SITE_KIT_01,2025-11-21,ING_GCHILLI,,0.022,kg,1.57,prep_trim,prep,manual,yield 0.96 on 1.45 kg net
W000233,SITE_KIT_01,2025-11-21,ING_MINT,,0.03,kg,1.81,prep_trim,prep,manual,yield 0.88 on 0.62 kg net
W000234,SITE_KIT_01,2025-11-21,ING_CORIANDER,,0.067,kg,3.99,prep_trim,prep,manual,yield 0.87 on 1.27 kg net
W000235,SITE_KIT_01,2025-11-21,ING_CARROT,,0.254,kg,11.43,prep_trim,prep,manual,yield 0.89 on 5.93 kg net
W000236,SITE_KIT_01,2025-11-21,ING_BEANS,,0.138,kg,8.26,prep_trim,prep,manual,yield 0.90 on 3.63 kg net
W000237,SITE_KIT_01,2025-11-21,ING_CAULI,,4.894,kg,195.74,prep_trim,prep,manual,yield 0.50 on 14.31 kg net
W000238,SITE_KIT_01,2025-11-21,ING_POTATO,,0.71,kg,19.88,prep_trim,prep,manual,yield 0.84 on 11.28 kg net
W000239,SITE_KIT_01,2025-11-21,ING_CAPSICUM,,0.229,kg,18.35,prep_trim,prep,manual,yield 0.83 on 3.25 kg net
W000240,SITE_KIT_01,2025-11-21,ING_SPINACH,,0.683,kg,20.48,prep_trim,prep,manual,yield 0.78 on 7.28 kg net
W000241,SITE_KIT_01,2025-11-21,ING_LEMON,,0.323,kg,29.1,prep_trim,prep,manual,yield 0.55 on 1.18 kg net
W000242,SITE_KIT_01,2025-11-21,ING_CUCUMBER,,0.266,kg,9.31,prep_trim,prep,manual,yield 0.84 on 3.98 kg net
W000243,SITE_KIT_01,2025-11-21,ING_CABBAGE,,0.132,kg,3.3,prep_trim,prep,manual,yield 0.87 on 2.65 kg net
W000244,SITE_KIT_01,2025-11-21,ING_BANANA,,0.523,kg,28.75,prep_trim,prep,manual,yield 0.68 on 3.32 kg net
W000245,SITE_KIT_01,2025-11-21,ING_BRINJAL,,0.149,kg,5.98,prep_trim,prep,manual,yield 0.89 on 3.65 kg net
W000246,SITE_KIT_01,2025-11-21,ING_OKRA,,0.196,kg,10.77,prep_trim,prep,manual,yield 0.88 on 4.31 kg net
W000247,SITE_KIT_01,2025-11-21,ING_MUSHROOM,,0.021,kg,4.67,prep_trim,prep,manual,yield 0.96 on 1.33 kg net
W000248,SITE_KIT_01,2025-11-21,ING_OKRA,B00123,0.587,kg,32.28,quality_rejection,storage,manual,"rejected at goods receipt, intake grade 0.96"
W000249,SITE_KIT_01,2025-11-21,ING_MINT,B00125,0.052,kg,3.12,quality_rejection,storage,manual,"rejected at goods receipt, intake grade 0.86"
W000250,SITE_KIT_01,2025-11-21,ING_BANANA,B00131,0.51,kg,28.05,quality_rejection,storage,manual,"rejected at goods receipt, intake grade 0.94"
W000251,SITE_KIT_01,2025-11-21,ING_SPINACH,B00048,10.963,kg,328.88,spoilage,storage,manual,"received 2025-11-17, zone ZN_COLD"
W000252,SITE_KIT_01,2025-11-22,DSH_CHBIRYANI,,1.535,kg,324.9,overproduction,post_service,pos_derived,"11 portions unsold, 3.4 binned"
W000253,SITE_KIT_01,2025-11-22,DSH_CHBIRYANI,,0.306,kg,64.79,plate_waste,service,manual,2 plates partly returned
W000254,SITE_KIT_01,2025-11-22,DSH_VGBIRYANI,,1.432,kg,155.67,overproduction,post_service,pos_derived,"11 portions unsold, 3.4 binned"
W000255,SITE_KIT_01,2025-11-22,DSH_VGBIRYANI,,0.428,kg,46.56,plate_waste,service,manual,3 plates partly returned
W000256,SITE_KIT_01,2025-11-22,DSH_PBM,,0.72,kg,208.44,overproduction,post_service,pos_derived,"12 portions unsold, 2.4 binned"
W000257,SITE_KIT_01,2025-11-22,DSH_PBM,,0.102,kg,29.53,plate_waste,service,manual,1 plates partly returned
W000258,SITE_KIT_01,2025-11-22,DSH_GOBIMANCH,,0.095,kg,9.85,plate_waste,service,manual,1 plates partly returned
W000259,SITE_KIT_01,2025-11-22,DSH_PALAK,,1.452,kg,261.89,overproduction,post_service,pos_derived,"22 portions unsold, 4.8 binned"
W000260,SITE_KIT_01,2025-11-22,DSH_PALAK,,0.102,kg,18.4,plate_waste,service,manual,1 plates partly returned
W000261,SITE_KIT_01,2025-11-22,DSH_NAAN,,0.122,kg,13.48,plate_waste,service,manual,4 plates partly returned
W000262,SITE_KIT_01,2025-11-22,DSH_ROTI,,0.024,kg,1.27,plate_waste,service,manual,1 plates partly returned
W000263,SITE_KIT_01,2025-11-22,DSH_JEERARICE,,0.554,kg,48.23,overproduction,post_service,pos_derived,"9 portions unsold, 2.0 binned"
W000264,SITE_KIT_01,2025-11-22,DSH_JEERARICE,,0.19,kg,16.56,plate_waste,service,manual,2 plates partly returned
W000265,SITE_KIT_01,2025-11-22,DSH_DALTADKA,,0.204,kg,15.69,plate_waste,service,manual,2 plates partly returned
W000266,SITE_KIT_01,2025-11-22,DSH_ROGANJOSH,,0.109,kg,71.46,plate_waste,service,manual,1 plates partly returned
W000267,SITE_KIT_01,2025-11-22,DSH_VEGPULAO,,0.119,kg,12.14,plate_waste,service,manual,1 plates partly returned
W000268,SITE_KIT_01,2025-11-22,DSH_DOSA,,0.085,kg,7.96,plate_waste,service,manual,1 plates partly returned
W000269,SITE_KIT_01,2025-11-22,DSH_MIXVEG,,1.224,kg,81.68,overproduction,post_service,pos_derived,"17 portions unsold, 4.1 binned"
W000270,SITE_KIT_01,2025-11-22,DSH_MIXVEG,,0.102,kg,6.81,plate_waste,service,manual,1 plates partly returned
W000271,SITE_KIT_01,2025-11-22,DSH_FISHCURRY,,0.216,kg,77.59,overproduction,post_service,pos_derived,"3 portions unsold, 0.7 binned"
W000272,SITE_KIT_01,2025-11-22,DSH_FISHCURRY,,0.102,kg,36.64,plate_waste,service,manual,1 plates partly returned
W000273,SITE_KIT_01,2025-11-22,ING_ONION,,1.332,kg,50.63,prep_trim,prep,manual,yield 0.89 on 31.89 kg net
W000274,SITE_KIT_01,2025-11-22,ING_TOMATO,,0.238,kg,7.61,prep_trim,prep,manual,yield 0.97 on 25.50 kg net
W000275,SITE_KIT_01,2025-11-22,ING_GINGER,,0.041,kg,4.92,prep_trim,prep,manual,yield 0.90 on 1.06 kg net
W000276,SITE_KIT_01,2025-11-22,ING_GARLIC,,0.083,kg,15.03,prep_trim,prep,manual,yield 0.87 on 1.67 kg net
W000277,SITE_KIT_01,2025-11-22,ING_MINT,,0.032,kg,1.94,prep_trim,prep,manual,yield 0.86 on 0.60 kg net
W000278,SITE_KIT_01,2025-11-22,ING_CORIANDER,,0.061,kg,3.67,prep_trim,prep,manual,yield 0.88 on 1.28 kg net
W000279,SITE_KIT_01,2025-11-22,ING_CARROT,,0.263,kg,11.85,prep_trim,prep,manual,yield 0.89 on 6.47 kg net
W000280,SITE_KIT_01,2025-11-22,ING_BEANS,,0.182,kg,10.9,prep_trim,prep,manual,yield 0.88 on 3.99 kg net
W000281,SITE_KIT_01,2025-11-22,ING_CAULI,,5.105,kg,204.19,prep_trim,prep,manual,yield 0.52 on 15.95 kg net
W000282,SITE_KIT_01,2025-11-22,ING_POTATO,,0.665,kg,18.61,prep_trim,prep,manual,yield 0.86 on 12.32 kg net
W000283,SITE_KIT_01,2025-11-22,ING_CAPSICUM,,0.289,kg,23.14,prep_trim,prep,manual,yield 0.81 on 3.67 kg net
W000284,SITE_KIT_01,2025-11-22,ING_SPINACH,,0.81,kg,24.31,prep_trim,prep,manual,yield 0.77 on 8.01 kg net
W000285,SITE_KIT_01,2025-11-22,ING_LEMON,,0.349,kg,31.45,prep_trim,prep,manual,yield 0.55 on 1.26 kg net
W000286,SITE_KIT_01,2025-11-22,ING_CUCUMBER,,0.261,kg,9.15,prep_trim,prep,manual,yield 0.85 on 4.20 kg net
W000287,SITE_KIT_01,2025-11-22,ING_CABBAGE,,0.129,kg,3.22,prep_trim,prep,manual,yield 0.88 on 2.80 kg net
W000288,SITE_KIT_01,2025-11-22,ING_BANANA,,0.585,kg,32.18,prep_trim,prep,manual,yield 0.67 on 3.50 kg net
W000289,SITE_KIT_01,2025-11-22,ING_BRINJAL,,0.175,kg,7.02,prep_trim,prep,manual,yield 0.88 on 3.85 kg net
W000290,SITE_KIT_01,2025-11-22,ING_OKRA,,0.166,kg,9.12,prep_trim,prep,manual,yield 0.90 on 4.55 kg net
W000291,SITE_KIT_01,2025-11-22,ING_MUSHROOM,,0.027,kg,5.85,prep_trim,prep,manual,yield 0.95 on 1.40 kg net
W000292,SITE_KIT_01,2025-11-22,ING_CORIANDER,B00143,0.147,kg,8.82,quality_rejection,storage,manual,"rejected at goods receipt, intake grade 0.92"
W000293,SITE_KIT_01,2025-11-23,DSH_CHBIRYANI,,1.256,kg,265.83,overproduction,post_service,pos_derived,"9 portions unsold, 2.8 binned"
W000294,SITE_KIT_01,2025-11-23,DSH_VGBIRYANI,,0.143,kg,15.52,plate_waste,service,manual,1 plates partly returned
W000295,SITE_KIT_01,2025-11-23,DSH_PBM,,0.54,kg,156.33,overproduction,post_service,pos_derived,"9 portions unsold, 1.8 binned"
W000296,SITE_KIT_01,2025-11-23,DSH_PBM,,0.204,kg,59.06,plate_waste,service,manual,2 plates partly returned
W000297,SITE_KIT_01,2025-11-23,DSH_GOBIMANCH,,1.638,kg,169.53,overproduction,post_service,pos_derived,"13 portions unsold, 5.9 binned"
W000298,SITE_KIT_01,2025-11-23,DSH_PALAK,,0.594,kg,107.14,overproduction,post_service,pos_derived,"9 portions unsold, 2.0 binned"
W000299,SITE_KIT_01,2025-11-23,DSH_NAAN,,0.031,kg,3.37,plate_waste,service,manual,1 plates partly returned
W000300,SITE_KIT_01,2025-11-23,DSH_ROTI,,0.095,kg,5.09,plate_waste,service,manual,4 plates partly returned
W000301,SITE_KIT_01,2025-11-23,DSH_JEERARICE,,0.493,kg,42.87,overproduction,post_service,pos_derived,"8 portions unsold, 1.8 binned"
W000302,SITE_KIT_01,2025-11-23,DSH_ROGANJOSH,,0.288,kg,189.16,overproduction,post_service,pos_derived,"5 portions unsold, 0.9 binned"
W000303,SITE_KIT_01,2025-11-23,DSH_ROGANJOSH,,0.109,kg,71.46,plate_waste,service,manual,1 plates partly returned
W000304,SITE_KIT_01,2025-11-23,DSH_VEGPULAO,,0.42,kg,42.84,overproduction,post_service,pos_derived,"5 portions unsold, 1.2 binned"
W000305,SITE_KIT_01,2025-11-23,DSH_MIXVEG,,0.36,kg,24.02,overproduction,post_service,pos_derived,"5 portions unsold, 1.2 binned"
W000306,SITE_KIT_01,2025-11-23,DSH_MIXVEG,,0.102,kg,6.81,plate_waste,service,manual,1 plates partly returned
W000307,SITE_KIT_01,2025-11-23,DSH_FISHCURRY,,0.576,kg,206.92,overproduction,post_service,pos_derived,"8 portions unsold, 1.9 binned"
W000308,SITE_KIT_01,2025-11-23,ING_ONION,,1.266,kg,48.13,prep_trim,prep,manual,yield 0.87 on 25.67 kg net
W000309,SITE_KIT_01,2025-11-23,ING_TOMATO,,0.12,kg,3.85,prep_trim,prep,manual,yield 0.98 on 20.74 kg net
W000310,SITE_KIT_01,2025-11-23,ING_GINGER,,0.027,kg,3.2,prep_trim,prep,manual,yield 0.92 on 0.85 kg net
W000311,SITE_KIT_01,2025-11-23,ING_GARLIC,,0.069,kg,12.49,prep_trim,prep,manual,yield 0.87 on 1.35 kg net
W000312,SITE_KIT_01,2025-11-23,ING_GCHILLI,,0.032,kg,2.27,prep_trim,prep,manual,yield 0.93 on 1.21 kg net
W000313,SITE_KIT_01,2025-11-23,ING_MINT,,0.027,kg,1.61,prep_trim,prep,manual,yield 0.86 on 0.48 kg net
W000314,SITE_KIT_01,2025-11-23,ING_CORIANDER,,0.058,kg,3.49,prep_trim,prep,manual,yield 0.86 on 1.04 kg net
W000315,SITE_KIT_01,2025-11-23,ING_CARROT,,0.219,kg,9.87,prep_trim,prep,manual,yield 0.89 on 5.29 kg net
W000316,SITE_KIT_01,2025-11-23,ING_BEANS,,0.125,kg,7.49,prep_trim,prep,manual,yield 0.90 on 3.28 kg net
W000317,SITE_KIT_01,2025-11-23,ING_CAULI,,4.305,kg,172.19,prep_trim,prep,manual,yield 0.51 on 13.10 kg net
W000318,SITE_KIT_01,2025-11-23,ING_POTATO,,0.532,kg,14.89,prep_trim,prep,manual,yield 0.86 on 9.79 kg net
W000319,SITE_KIT_01,2025-11-23,ING_CAPSICUM,,0.2,kg,15.98,prep_trim,prep,manual,yield 0.84 on 3.04 kg net
W000320,SITE_KIT_01,2025-11-23,ING_SPINACH,,0.606,kg,18.18,prep_trim,prep,manual,yield 0.78 on 6.37 kg net
W000321,SITE_KIT_01,2025-11-23,ING_LEMON,,0.29,kg,26.14,prep_trim,prep,manual,yield 0.54 on 1.01 kg net
W000322,SITE_KIT_01,2025-11-23,ING_CUCUMBER,,0.214,kg,7.48,prep_trim,prep,manual,yield 0.84 on 3.35 kg net
W000323,SITE_KIT_01,2025-11-23,ING_CABBAGE,,0.113,kg,2.82,prep_trim,prep,manual,yield 0.87 on 2.24 kg net
W000324,SITE_KIT_01,2025-11-23,ING_BANANA,,0.456,kg,25.07,prep_trim,prep,manual,yield 0.68 on 2.80 kg net
W000325,SITE_KIT_01,2025-11-23,ING_BRINJAL,,0.123,kg,4.93,prep_trim,prep,manual,yield 0.89 on 3.07 kg net
W000326,SITE_KIT_01,2025-11-23,ING_OKRA,,0.143,kg,7.86,prep_trim,prep,manual,yield 0.90 on 3.63 kg net
W000327,SITE_KIT_01,2025-11-23,ING_MUSHROOM,,0.021,kg,4.64,prep_trim,prep,manual,yield 0.95 on 1.12 kg net
W000328,SITE_KIT_01,2025-11-23,ING_CARROT,B00163,0.549,kg,24.71,quality_rejection,storage,manual,"rejected at goods receipt, intake grade 0.94"
W000329,SITE_KIT_01,2025-11-23,ING_MINT,B00111,0.278,kg,16.7,spoilage,storage,manual,"received 2025-11-20, zone ZN_COLD"
W000330,SITE_KIT_01,2025-11-23,ING_CURRYLEAF,B00112,0.284,kg,22.69,spoilage,storage,manual,"received 2025-11-20, zone ZN_COLD"
W000331,SITE_KIT_01,2025-11-23,ING_LEMON,B00059,1.377,kg,123.96,spoilage,storage,manual,"received 2025-11-17, zone ZN_COLD"
W000332,SITE_KIT_01,2025-11-23,ING_BATTER,B00141,0.544,kg,38.08,spoilage,storage,manual,"received 2025-11-21, zone ZN_COLD"
W000333,SITE_KIT_01,2025-11-24,DSH_CHBIRYANI,,0.418,kg,88.61,overproduction,post_service,pos_derived,"3 portions unsold, 0.9 binned"
W000334,SITE_KIT_01,2025-11-24,DSH_CHBIRYANI,,0.612,kg,129.58,plate_waste,service,manual,4 plates partly returned
W000335,SITE_KIT_01,2025-11-24,DSH_VGBIRYANI,,0.286,kg,31.04,plate_waste,service,manual,2 plates partly returned
W000336,SITE_KIT_01,2025-11-24,DSH_PBM,,0.102,kg,29.53,plate_waste,service,manual,1 plates partly returned
W000337,SITE_KIT_01,2025-11-24,DSH_GOBIMANCH,,1.008,kg,104.33,overproduction,post_service,pos_derived,"8 portions unsold, 3.6 binned"
W000338,SITE_KIT_01,2025-11-24,DSH_PALAK,,0.396,kg,71.43,overproduction,post_service,pos_derived,"6 portions unsold, 1.3 binned"
W000339,SITE_KIT_01,2025-11-24,DSH_NAAN,,0.031,kg,3.37,plate_waste,service,manual,1 plates partly returned
W000340,SITE_KIT_01,2025-11-24,DSH_ROTI,,0.024,kg,1.27,plate_waste,service,manual,1 plates partly returned
W000341,SITE_KIT_01,2025-11-24,DSH_JEERARICE,,0.308,kg,26.8,overproduction,post_service,pos_derived,"5 portions unsold, 1.1 binned"
W000342,SITE_KIT_01,2025-11-24,DSH_DOSA,,0.085,kg,7.96,plate_waste,service,manual,1 plates partly returned
W000343,SITE_KIT_01,2025-11-24,DSH_MIXVEG,,0.216,kg,14.41,overproduction,post_service,pos_derived,"3 portions unsold, 0.7 binned"
W000344,SITE_KIT_01,2025-11-24,DSH_FISHCURRY,,0.102,kg,36.64,plate_waste,service,manual,1 plates partly returned
W000345,SITE_KIT_01,2025-11-24,ING_ONION,,0.643,kg,24.44,prep_trim,prep,manual,yield 0.91 on 19.00 kg net
W000346,SITE_KIT_01,2025-11-24,ING_TOMATO,,0.159,kg,5.08,prep_trim,prep,manual,yield 0.97 on 15.27 kg net
W000347,SITE_KIT_01,2025-11-24,ING_GINGER,,0.023,kg,2.82,prep_trim,prep,manual,yield 0.89 on 0.59 kg net
W000348,SITE_KIT_01,2025-11-24,ING_GARLIC,,0.046,kg,8.26,prep_trim,prep,manual,yield 0.87 on 0.93 kg net
W000349,SITE_KIT_01,2025-11-24,ING_GCHILLI,,0.024,kg,1.66,prep_trim,prep,manual,yield 0.93 on 0.92 kg net
W000350,SITE_KIT_01,2025-11-24,ING_CORIANDER,,0.04,kg,2.43,prep_trim,prep,manual,yield 0.86 on 0.72 kg net
W000351,SITE_KIT_01,2025-11-24,ING_CARROT,,0.156,kg,7.02,prep_trim,prep,manual,yield 0.89 on 3.88 kg net
W000352,SITE_KIT_01,2025-11-24,ING_BEANS,,0.111,kg,6.67,prep_trim,prep,manual,yield 0.88 on 2.37 kg net
W000353,SITE_KIT_01,2025-11-24,ING_CAULI,,3.008,kg,120.32,prep_trim,prep,manual,yield 0.52 on 9.43 kg net
W000354,SITE_KIT_01,2025-11-24,ING_POTATO,,0.594,kg,16.64,prep_trim,prep,manual,yield 0.85 on 9.67 kg net
W000355,SITE_KIT_01,2025-11-24,ING_CAPSICUM,,0.166,kg,13.25,prep_trim,prep,manual,yield 0.82 on 2.16 kg net
W000356,SITE_KIT_01,2025-11-24,ING_SPINACH,,0.443,kg,13.28,prep_trim,prep,manual,yield 0.77 on 4.37 kg net
W000357,SITE_KIT_01,2025-11-24,ING_LEMON,,0.209,kg,18.81,prep_trim,prep,manual,yield 0.56 on 0.78 kg net
W000358,SITE_KIT_01,2025-11-24,ING_CUCUMBER,,0.161,kg,5.64,prep_trim,prep,manual,yield 0.85 on 2.62 kg net
W000359,SITE_KIT_01,2025-11-24,ING_CABBAGE,,0.081,kg,2.03,prep_trim,prep,manual,yield 0.88 on 1.75 kg net
W000360,SITE_KIT_01,2025-11-24,ING_BANANA,,0.356,kg,19.56,prep_trim,prep,manual,yield 0.68 on 2.18 kg net
W000361,SITE_KIT_01,2025-11-24,ING_BRINJAL,,0.116,kg,4.63,prep_trim,prep,manual,yield 0.88 on 2.40 kg net
W000362,SITE_KIT_01,2025-11-24,ING_OKRA,,0.079,kg,4.37,prep_trim,prep,manual,yield 0.92 on 2.84 kg net
W000363,SITE_KIT_01,2025-11-24,ING_SPINACH,B00186,1.133,kg,33.99,quality_rejection,storage,manual,"rejected at goods receipt, intake grade 0.97"
W000364,SITE_KIT_01,2025-11-24,ING_CORIANDER,B00187,0.114,kg,6.84,quality_rejection,storage,manual,"rejected at goods receipt, intake grade 0.93"
W000365,SITE_KIT_01,2025-11-24,ING_CORIANDER,B00117,0.204,kg,12.26,spoilage,storage,manual,"received 2025-11-21, zone ZN_COLD"
W000366,SITE_KIT_01,2025-11-24,ING_CURRYLEAF,B00126,0.22,kg,17.61,spoilage,storage,manual,"received 2025-11-21, zone ZN_COLD"
W000367,SITE_KIT_01,2025-11-24,ING_BATTER,B00153,4.08,kg,285.6,spoilage,storage,manual,"received 2025-11-22, zone ZN_COLD"
W000368,SITE_KIT_01,2025-11-25,DSH_CHBIRYANI,,1.116,kg,236.29,overproduction,post_service,pos_derived,"8 portions unsold, 2.5 binned"
W000369,SITE_KIT_01,2025-11-25,DSH_CHBIRYANI,,0.306,kg,64.79,plate_waste,service,manual,2 plates partly returned
W000370,SITE_KIT_01,2025-11-25,DSH_VGBIRYANI,,1.823,kg,198.12,overproduction,post_service,pos_derived,"14 portions unsold, 4.3 binned"
W000371,SITE_KIT_01,2025-11-25,DSH_VGBIRYANI,,0.143,kg,15.52,plate_waste,service,manual,1 plates partly returned
W000372,SITE_KIT_01,2025-11-25,DSH_PBM,,0.102,kg,29.53,plate_waste,service,manual,1 plates partly returned
W000373,SITE_KIT_01,2025-11-25,DSH_GOBIMANCH,,0.882,kg,91.29,overproduction,post_service,pos_derived,"7 portions unsold, 3.1 binned"
W000374,SITE_KIT_01,2025-11-25,DSH_PALAK,,0.462,kg,83.33,overproduction,post_service,pos_derived,"7 portions unsold, 1.5 binned"
W000375,SITE_KIT_01,2025-11-25,DSH_NAAN,,0.092,kg,10.11,plate_waste,service,manual,3 plates partly returned
W000376,SITE_KIT_01,2025-11-25,DSH_ROTI,,0.024,kg,1.27,plate_waste,service,manual,1 plates partly returned
W000377,SITE_KIT_01,2025-11-25,DSH_JEERARICE,,0.431,kg,37.51,overproduction,post_service,pos_derived,"7 portions unsold, 1.5 binned"
W000378,SITE_KIT_01,2025-11-25,DSH_DALTADKA,,0.27,kg,20.77,overproduction,post_service,pos_derived,"6 portions unsold, 0.9 binned"
W000379,SITE_KIT_01,2025-11-25,DSH_DALTADKA,,0.102,kg,7.85,plate_waste,service,manual,1 plates partly returned
W000380,SITE_KIT_01,2025-11-25,DSH_ROGANJOSH,,0.288,kg,189.16,overproduction,post_service,pos_derived,"5 portions unsold, 0.9 binned"
W000381,SITE_KIT_01,2025-11-25,DSH_DOSA,,0.17,kg,15.92,plate_waste,service,manual,2 plates partly returned
W000382,SITE_KIT_01,2025-11-25,DSH_MIXVEG,,0.102,kg,6.81,plate_waste,service,manual,1 plates partly returned
W000383,SITE_KIT_01,2025-11-25,DSH_FISHCURRY,,0.576,kg,206.92,overproduction,post_service,pos_derived,"8 portions unsold, 1.9 binned"
W000384,SITE_KIT_01,2025-11-25,ING_ONION,,0.787,kg,29.9,prep_trim,prep,manual,yield 0.89 on 19.70 kg net
W000385,SITE_KIT_01,2025-11-25,ING_TOMATO,,0.197,kg,6.31,prep_trim,prep,manual,yield 0.96 on 15.14 kg net
W000386,SITE_KIT_01,2025-11-25,ING_GINGER,,0.021,kg,2.5,prep_trim,prep,manual,yield 0.90 on 0.58 kg net
W000387,SITE_KIT_01,2025-11-25,ING_GARLIC,,0.044,kg,7.96,prep_trim,prep,manual,yield 0.88 on 0.94 kg net
W000388,SITE_KIT_01,2025-11-25,ING_GCHILLI,,0.023,kg,1.59,prep_trim,prep,manual,yield 0.93 on 0.95 kg net
W000389,SITE_KIT_01,2025-11-25,ING_MINT,,0.021,kg,1.29,prep_trim,prep,manual,yield 0.86 on 0.39 kg net
W000390,SITE_KIT_01,2025-11-25,ING_CORIANDER,,0.043,kg,2.6,prep_trim,prep,manual,yield 0.86 on 0.81 kg net
W000391,SITE_KIT_01,2025-11-25,ING_CARROT,,0.205,kg,9.23,prep_trim,prep,manual,yield 0.88 on 4.30 kg net
W000392,SITE_KIT_01,2025-11-25,ING_BEANS,,0.116,kg,6.95,prep_trim,prep,manual,yield 0.89 on 2.74 kg net
W000393,SITE_KIT_01,2025-11-25,ING_CAULI,,3.377,kg,135.1,prep_trim,prep,manual,yield 0.50 on 10.02 kg net
W000394,SITE_KIT_01,2025-11-25,ING_POTATO,,0.569,kg,15.94,prep_trim,prep,manual,yield 0.86 on 10.19 kg net
W000395,SITE_KIT_01,2025-11-25,ING_CAPSICUM,,0.153,kg,12.23,prep_trim,prep,manual,yield 0.83 on 2.24 kg net
W000396,SITE_KIT_01,2025-11-25,ING_SPINACH,,0.508,kg,15.23,prep_trim,prep,manual,yield 0.77 on 4.91 kg net
W000397,SITE_KIT_01,2025-11-25,ING_LEMON,,0.202,kg,18.19,prep_trim,prep,manual,yield 0.56 on 0.75 kg net
W000398,SITE_KIT_01,2025-11-25,ING_CUCUMBER,,0.149,kg,5.2,prep_trim,prep,manual,yield 0.85 on 2.48 kg net
W000399,SITE_KIT_01,2025-11-25,ING_CABBAGE,,0.083,kg,2.09,prep_trim,prep,manual,yield 0.87 on 1.65 kg net
W000400,SITE_KIT_01,2025-11-25,ING_BANANA,,0.352,kg,19.35,prep_trim,prep,manual,yield 0.67 on 2.07 kg net
W000401,SITE_KIT_01,2025-11-25,ING_BRINJAL,,0.104,kg,4.14,prep_trim,prep,manual,yield 0.88 on 2.27 kg net
W000402,SITE_KIT_01,2025-11-25,ING_OKRA,,0.08,kg,4.42,prep_trim,prep,manual,yield 0.92 on 2.69 kg net
W000403,SITE_KIT_01,2025-11-25,ING_TOMATO,B00191,1.812,kg,57.98,quality_rejection,storage,manual,"rejected at goods receipt, intake grade 0.99"
W000404,SITE_KIT_01,2025-11-25,ING_SPINACH,B00193,1.012,kg,30.36,quality_rejection,storage,manual,"rejected at goods receipt, intake grade 0.95"
W000405,SITE_KIT_01,2025-11-25,ING_BRINJAL,B00199,0.62,kg,24.8,quality_rejection,storage,manual,"rejected at goods receipt, intake grade 0.94"
W000406,SITE_KIT_01,2025-11-25,ING_BEANS,B00205,0.68,kg,40.8,quality_rejection,storage,manual,"rejected at goods receipt, intake grade 1.00"
W000407,SITE_KIT_01,2025-11-25,ING_MINT,B00144,0.75,kg,45.0,spoilage,storage,manual,"received 2025-11-22, zone ZN_COLD"
W000408,SITE_KIT_01,2025-11-25,ING_CURRYLEAF,B00145,0.125,kg,10.0,spoilage,storage,manual,"received 2025-11-22, zone ZN_COLD"
W000409,SITE_KIT_01,2025-11-26,DSH_CHBIRYANI,,2.371,kg,502.13,overproduction,post_service,pos_derived,"17 portions unsold, 5.3 binned"
W000410,SITE_KIT_01,2025-11-26,DSH_VGBIRYANI,,0.651,kg,70.76,overproduction,post_service,pos_derived,"5 portions unsold, 1.6 binned"
W000411,SITE_KIT_01,2025-11-26,DSH_VGBIRYANI,,0.286,kg,31.04,plate_waste,service,manual,2 plates partly returned
W000412,SITE_KIT_01,2025-11-26,DSH_PBM,,0.78,kg,225.81,overproduction,post_service,pos_derived,"13 portions unsold, 2.6 binned"
W000413,SITE_KIT_01,2025-11-26,DSH_PBM,,0.102,kg,29.53,plate_waste,service,manual,1 plates partly returned
W000414,SITE_KIT_01,2025-11-26,DSH_GOBIMANCH,,1.386,kg,143.45,overproduction,post_service,pos_derived,"11 portions unsold, 5.0 binned"
W000415,SITE_KIT_01,2025-11-26,DSH_PALAK,,0.528,kg,95.23,overproduction,post_service,pos_derived,"8 portions unsold, 1.8 binned"
W000416,SITE_KIT_01,2025-11-26,DSH_NAAN,,0.153,kg,16.85,plate_waste,service,manual,5 plates partly returned
W000417,SITE_KIT_01,2025-11-26,DSH_ROTI,,0.048,kg,2.54,plate_waste,service,manual,2 plates partly returned
W000418,SITE_KIT_01,2025-11-26,DSH_JEERARICE,,1.232,kg,107.18,overproduction,post_service,pos_derived,"20 portions unsold, 4.4 binned"
W000419,SITE_KIT_01,2025-11-26,DSH_JEERARICE,,0.095,kg,8.28,plate_waste,service,manual,1 plates partly returned
W000420,SITE_KIT_01,2025-11-26,DSH_DALTADKA,,0.36,kg,27.7,overproduction,post_service,pos_derived,"8 portions unsold, 1.2 binned"
W000421,SITE_KIT_01,2025-11-26,DSH_VEGPULAO,,0.84,kg,85.68,overproduction,post_service,pos_derived,"10 portions unsold, 2.4 binned"
W000422,SITE_KIT_01,2025-11-26,DSH_VEGPULAO,,0.119,kg,12.14,plate_waste,service,manual,1 plates partly returned
W000423,SITE_KIT_01,2025-11-26,DSH_DOSA,,0.085,kg,7.96,plate_waste,service,manual,1 plates partly returned
W000424,SITE_KIT_01,2025-11-26,DSH_MIXVEG,,0.576,kg,38.44,overproduction,post_service,pos_derived,"8 portions unsold, 1.9 binned"
W000425,SITE_KIT_01,2025-11-26,DSH_MIXVEG,,0.204,kg,13.61,plate_waste,service,manual,2 plates partly returned
W000426,SITE_KIT_01,2025-11-26,DSH_FISHCURRY,,0.288,kg,103.46,overproduction,post_service,pos_derived,"4 portions unsold, 1.0 binned"
W000427,SITE_KIT_01,2025-11-26,DSH_FISHCURRY,,0.102,kg,36.64,plate_waste,service,manual,1 plates partly returned
W000428,SITE_KIT_01,2025-11-26,ING_ONION,,0.865,kg,32.88,prep_trim,prep,manual,yield 0.89 on 20.91 kg net
W000429,SITE_KIT_01,2025-11-26,ING_TOMATO,,0.101,kg,3.22,prep_trim,prep,manual,yield 0.98 on 16.00 kg net
W000430,SITE_KIT_01,2025-11-26,ING_GINGER,,0.027,kg,3.2,prep_trim,prep,manual,yield 0.89 on 0.64 kg net
W000431,SITE_KIT_01,2025-11-26,ING_GARLIC,,0.053,kg,9.55,prep_trim,prep,manual,yield 0.87 on 1.01 kg net
W000432,SITE_KIT_01,2025-11-26,ING_GCHILLI,,0.032,kg,2.21,prep_trim,prep,manual,yield 0.92 on 1.04 kg net
W000433,SITE_KIT_01,2025-11-26,ING_MINT,,0.02,kg,1.21,prep_trim,prep,manual,yield 0.86 on 0.36 kg net
W000434,SITE_KIT_01,2025-11-26,ING_CORIANDER,,0.043,kg,2.56,prep_trim,prep,manual,yield 0.86 on 0.78 kg net
W000435,SITE_KIT_01,2025-11-26,ING_CARROT,,0.2,kg,8.98,prep_trim,prep,manual,yield 0.88 on 4.15 kg net
W000436,SITE_KIT_01,2025-11-26,ING_BEANS,,0.099,kg,5.94,prep_trim,prep,manual,yield 0.90 on 2.57 kg net
W000437,SITE_KIT_01,2025-11-26,ING_CAULI,,3.403,kg,136.11,prep_trim,prep,manual,yield 0.50 on 10.02 kg net
W000438,SITE_KIT_01,2025-11-26,ING_POTATO,,0.667,kg,18.68,prep_trim,prep,manual,yield 0.85 on 11.49 kg net
W000439,SITE_KIT_01,2025-11-26,ING_CAPSICUM,,0.172,kg,13.73,prep_trim,prep,manual,yield 0.82 on 2.34 kg net
W000440,SITE_KIT_01,2025-11-26,ING_SPINACH,,0.492,kg,14.76,prep_trim,prep,manual,yield 0.78 on 5.28 kg net
W000441,SITE_KIT_01,2025-11-26,ING_LEMON,,0.221,kg,19.86,prep_trim,prep,manual,yield 0.55 on 0.79 kg net
W000442,SITE_KIT_01,2025-11-26,ING_CUCUMBER,,0.154,kg,5.4,prep_trim,prep,manual,yield 0.85 on 2.62 kg net
W000443,SITE_KIT_01,2025-11-26,ING_CABBAGE,,0.079,kg,1.99,prep_trim,prep,manual,yield 0.88 on 1.75 kg net
W000444,SITE_KIT_01,2025-11-26,ING_BANANA,,0.354,kg,19.47,prep_trim,prep,manual,yield 0.68 on 2.18 kg net
W000445,SITE_KIT_01,2025-11-26,ING_BRINJAL,,0.131,kg,5.22,prep_trim,prep,manual,yield 0.86 on 2.40 kg net
W000446,SITE_KIT_01,2025-11-26,ING_OKRA,,0.087,kg,4.79,prep_trim,prep,manual,yield 0.92 on 2.84 kg net
W000447,SITE_KIT_01,2025-11-26,ING_CORIANDER,B00159,1.25,kg,75.0,spoilage,storage,manual,"received 2025-11-23, zone ZN_COLD"
W000448,SITE_KIT_01,2025-11-26,ING_BATTER,B00190,12.0,kg,840.0,spoilage,storage,manual,"received 2025-11-24, zone ZN_COLD"
W000449,SITE_KIT_01,2025-11-27,DSH_CHBIRYANI,,1.395,kg,295.37,overproduction,post_service,pos_derived,"10 portions unsold, 3.1 binned"
W000450,SITE_KIT_01,2025-11-27,DSH_VGBIRYANI,,0.781,kg,84.91,overproduction,post_service,pos_derived,"6 portions unsold, 1.9 binned"
W000451,SITE_KIT_01,2025-11-27,DSH_VGBIRYANI,,0.143,kg,15.52,plate_waste,service,manual,1 plates partly returned
W000452,SITE_KIT_01,2025-11-27,DSH_PBM,,0.3,kg,86.85,overproduction,post_service,pos_derived,"5 portions unsold, 1.0 binned"
W000453,SITE_KIT_01,2025-11-27,DSH_PBM,,0.102,kg,29.53,plate_waste,service,manual,1 plates partly returned
W000454,SITE_KIT_01,2025-11-27,DSH_GOBIMANCH,,1.638,kg,169.53,overproduction,post_service,pos_derived,"13 portions unsold, 5.9 binned"
W000455,SITE_KIT_01,2025-11-27,DSH_GOBIMANCH,,0.095,kg,9.85,plate_waste,service,manual,1 plates partly returned
W000456,SITE_KIT_01,2025-11-27,DSH_PALAK,,0.594,kg,107.14,overproduction,post_service,pos_derived,"9 portions unsold, 2.0 binned"
W000457,SITE_KIT_01,2025-11-27,DSH_NAAN,,0.031,kg,3.37,plate_waste,service,manual,1 plates partly returned
W000458,SITE_KIT_01,2025-11-27,DSH_ROTI,,0.024,kg,1.27,plate_waste,service,manual,1 plates partly returned
W000459,SITE_KIT_01,2025-11-27,DSH_JEERARICE,,0.554,kg,48.23,overproduction,post_service,pos_derived,"9 portions unsold, 2.0 binned"
W000460,SITE_KIT_01,2025-11-27,DSH_JEERARICE,,0.095,kg,8.28,plate_waste,service,manual,1 plates partly returned
W000461,SITE_KIT_01,2025-11-27,DSH_DALTADKA,,0.135,kg,10.39,overproduction,post_service,pos_derived,"3 portions unsold, 0.4 binned"
W000462,SITE_KIT_01,2025-11-27,DSH_ROGANJOSH,,0.109,kg,71.46,plate_waste,service,manual,1 plates partly returned
W000463,SITE_KIT_01,2025-11-27,DSH_DOSA,,0.085,kg,7.96,plate_waste,service,manual,1 plates partly returned
W000464,SITE_KIT_01,2025-11-27,DSH_FISHCURRY,,0.288,kg,103.46,overproduction,post_service,pos_derived,"4 portions unsold, 1.0 binned"
W000465,SITE_KIT_01,2025-11-27,ING_ONION,,0.703,kg,26.71,prep_trim,prep,manual,yield 0.91 on 21.89 kg net
W000466,SITE_KIT_01,2025-11-27,ING_TOMATO,,0.143,kg,4.58,prep_trim,prep,manual,yield 0.98 on 17.08 kg net
W000467,SITE_KIT_01,2025-11-27,ING_GINGER,,0.028,kg,3.39,prep_trim,prep,manual,yield 0.89 on 0.68 kg net
W000468,SITE_KIT_01,2025-11-27,ING_GARLIC,,0.053,kg,9.51,prep_trim,prep,manual,yield 0.88 on 1.10 kg net
W000469,SITE_KIT_01,2025-11-27,ING_CORIANDER,,0.051,kg,3.07,prep_trim,prep,manual,yield 0.85 on 0.86 kg net
W000470,SITE_KIT_01,2025-11-27,ING_CARROT,,0.202,kg,9.08,prep_trim,prep,manual,yield 0.88 on 4.39 kg net
W000471,SITE_KIT_01,2025-11-27,ING_BEANS,,0.1,kg,5.97,prep_trim,prep,manual,yield 0.90 on 2.70 kg net
W000472,SITE_KIT_01,2025-11-27,ING_CAULI,,3.177,kg,127.06,prep_trim,prep,manual,yield 0.55 on 11.25 kg net
W000473,SITE_KIT_01,2025-11-27,ING_POTATO,,0.597,kg,16.71,prep_trim,prep,manual,yield 0.86 on 10.74 kg net
W000474,SITE_KIT_01,2025-11-27,ING_CAPSICUM,,0.177,kg,14.14,prep_trim,prep,manual,yield 0.83 on 2.52 kg net
W000475,SITE_KIT_01,2025-11-27,ING_SPINACH,,0.495,kg,14.84,prep_trim,prep,manual,yield 0.80 on 5.64 kg net
W000476,SITE_KIT_01,2025-11-27,ING_LEMON,,0.239,kg,21.49,prep_trim,prep,manual,yield 0.55 on 0.86 kg net
W000477,SITE_KIT_01,2025-11-27,ING_CUCUMBER,,0.146,kg,5.12,prep_trim,prep,manual,yield 0.87 on 2.89 kg net
W000478,SITE_KIT_01,2025-11-27,ING_CABBAGE,,0.075,kg,1.89,prep_trim,prep,manual,yield 0.90 on 1.92 kg net
W000479,SITE_KIT_01,2025-11-27,ING_BANANA,,0.375,kg,20.62,prep_trim,prep,manual,yield 0.69 on 2.41 kg net
W000480,SITE_KIT_01,2025-11-27,ING_BRINJAL,,0.13,kg,5.21,prep_trim,prep,manual,yield 0.87 on 2.65 kg net
W000481,SITE_KIT_01,2025-11-27,ING_OKRA,,0.162,kg,8.89,prep_trim,prep,manual,yield 0.87 on 3.13 kg net
W000482,SITE_KIT_01,2025-11-27,ING_ONION,B00225,7.086,kg,269.27,quality_rejection,storage,manual,"rejected at goods receipt, intake grade 0.99"
W000483,SITE_KIT_01,2025-11-27,ING_PEAS,B00238,0.244,kg,21.96,quality_rejection,storage,manual,"rejected at goods receipt, intake grade 1.00"
W000484,SITE_KIT_01,2025-11-27,ING_CURRYLEAF,B00240,0.046,kg,3.68,quality_rejection,storage,manual,"rejected at goods receipt, intake grade 0.85"
W000485,SITE_KIT_01,2025-11-27,ING_CORIANDER,B00187,1.035,kg,62.1,spoilage,storage,manual,"received 2025-11-24, zone ZN_COLD"
W000486,SITE_KIT_01,2025-11-27,ING_BRINJAL,B00122,1.748,kg,69.9,spoilage,storage,manual,"received 2025-11-21, zone ZN_COLD"
W000487,SITE_KIT_01,2025-11-27,ING_MINT,B00188,0.75,kg,45.0,spoilage,storage,manual,"received 2025-11-24, zone ZN_COLD"
W000488,SITE_KIT_01,2025-11-27,ING_CURRYLEAF,B00189,0.166,kg,13.3,spoilage,storage,manual,"received 2025-11-24, zone ZN_COLD"
W000489,SITE_KIT_01,2025-11-27,ING_LEMON,B00127,1.959,kg,176.35,spoilage,storage,manual,"received 2025-11-21, zone ZN_COLD"
W000490,SITE_KIT_01,2025-11-28,DSH_CHBIRYANI,,2.651,kg,561.2,overproduction,post_service,pos_derived,"19 portions unsold, 5.9 binned"
W000491,SITE_KIT_01,2025-11-28,DSH_CHBIRYANI,,0.306,kg,64.79,plate_waste,service,manual,2 plates partly returned
W000492,SITE_KIT_01,2025-11-28,DSH_VGBIRYANI,,0.781,kg,84.91,overproduction,post_service,pos_derived,"6 portions unsold, 1.9 binned"
W000493,SITE_KIT_01,2025-11-28,DSH_VGBIRYANI,,0.286,kg,31.04,plate_waste,service,manual,2 plates partly returned
W000494,SITE_KIT_01,2025-11-28,DSH_PBM,,0.24,kg,69.48,overproduction,post_service,pos_derived,"4 portions unsold, 0.8 binned"
W000495,SITE_KIT_01,2025-11-28,DSH_PBM,,0.102,kg,29.53,plate_waste,service,manual,1 plates partly returned
W000496,SITE_KIT_01,2025-11-28,DSH_GOBIMANCH,,1.638,kg,169.53,overproduction,post_service,pos_derived,"13 portions unsold, 5.9 binned"
W000497,SITE_KIT_01,2025-11-28,DSH_PALAK,,0.198,kg,35.71,overproduction,post_service,pos_derived,"3 portions unsold, 0.7 binned"
W000498,SITE_KIT_01,2025-11-28,DSH_NAAN,,0.092,kg,10.11,plate_waste,service,manual,3 plates partly returned
W000499,SITE_KIT_01,2025-11-28,DSH_JEERARICE,,0.37,kg,32.16,overproduction,post_service,pos_derived,"6 portions unsold, 1.3 binned"
W000500,SITE_KIT_01,2025-11-28,DSH_DALTADKA,,0.27,kg,20.77,overproduction,post_service,pos_derived,"6 portions unsold, 0.9 binned"
W000501,SITE_KIT_01,2025-11-28,DSH_VEGPULAO,,0.924,kg,94.25,overproduction,post_service,pos_derived,"11 portions unsold, 2.6 binned"
W000502,SITE_KIT_01,2025-11-28,DSH_DOSA,,0.085,kg,7.96,plate_waste,service,manual,1 plates partly returned
W000503,SITE_KIT_01,2025-11-28,DSH_MIXVEG,,0.72,kg,48.05,overproduction,post_service,pos_derived,"10 portions unsold, 2.4 binned"
W000504,SITE_KIT_01,2025-11-28,DSH_MIXVEG,,0.102,kg,6.81,plate_waste,service,manual,1 plates partly returned
W000505,SITE_KIT_01,2025-11-28,DSH_FISHCURRY,,0.36,kg,129.32,overproduction,post_service,pos_derived,"5 portions unsold, 1.2 binned"
W000506,SITE_KIT_01,2025-11-28,DSH_FISHCURRY,,0.204,kg,73.28,plate_waste,service,manual,2 plates partly returned
W000507,SITE_KIT_01,2025-11-28,ING_ONION,,1.013,kg,38.5,prep_trim,prep,manual,yield 0.90 on 27.26 kg net
W000508,SITE_KIT_01,2025-11-28,ING_TOMATO,,0.168,kg,5.36,prep_trim,prep,manual,yield 0.98 on 21.73 kg net
W000509,SITE_KIT_01,2025-11-28,ING_GINGER,,0.03,kg,3.6,prep_trim,prep,manual,yield 0.91 on 0.94 kg net
W000510,SITE_KIT_01,2025-11-28,ING_GARLIC,,0.069,kg,12.49,prep_trim,prep,manual,yield 0.87 on 1.42 kg net
W000511,SITE_KIT_01,2025-11-28,ING_GCHILLI,,0.029,kg,2.03,prep_trim,prep,manual,yield 0.94 on 1.30 kg net
W000512,SITE_KIT_01,2025-11-28,ING_MINT,,0.029,kg,1.77,prep_trim,prep,manual,yield 0.86 on 0.55 kg net
W000513,SITE_KIT_01,2025-11-28,ING_CORIANDER,,0.06,kg,3.58,prep_trim,prep,manual,yield 0.86 on 1.11 kg net
W000514,SITE_KIT_01,2025-11-28,ING_CARROT,,0.268,kg,12.07,prep_trim,prep,manual,yield 0.87 on 5.35 kg net
W000515,SITE_KIT_01,2025-11-28,ING_BEANS,,0.125,kg,7.51,prep_trim,prep,manual,yield 0.90 on 3.29 kg net
W000516,SITE_KIT_01,2025-11-28,ING_CAULI,,4.302,kg,172.07,prep_trim,prep,manual,yield 0.51 on 12.94 kg net
W000517,SITE_KIT_01,2025-11-28,ING_POTATO,,0.606,kg,16.97,prep_trim,prep,manual,yield 0.85 on 10.31 kg net
W000518,SITE_KIT_01,2025-11-28,ING_CAPSICUM,,0.239,kg,19.15,prep_trim,prep,manual,yield 0.81 on 2.99 kg net
W000519,SITE_KIT_01,2025-11-28,ING_SPINACH,,0.656,kg,19.67,prep_trim,prep,manual,yield 0.76 on 6.19 kg net
W000520,SITE_KIT_01,2025-11-28,ING_LEMON,,0.287,kg,25.8,prep_trim,prep,manual,yield 0.56 on 1.07 kg net
W000521,SITE_KIT_01,2025-11-28,ING_CUCUMBER,,0.222,kg,7.77,prep_trim,prep,manual,yield 0.84 on 3.54 kg net
W000522,SITE_KIT_01,2025-11-28,ING_CABBAGE,,0.11,kg,2.76,prep_trim,prep,manual,yield 0.88 on 2.36 kg net
W000523,SITE_KIT_01,2025-11-28,ING_BANANA,,0.526,kg,28.92,prep_trim,prep,manual,yield 0.66 on 2.95 kg net
W000524,SITE_KIT_01,2025-11-28,ING_BRINJAL,,0.142,kg,5.7,prep_trim,prep,manual,yield 0.89 on 3.25 kg net
W000525,SITE_KIT_01,2025-11-28,ING_OKRA,,0.142,kg,7.79,prep_trim,prep,manual,yield 0.90 on 3.84 kg net
W000526,SITE_KIT_01,2025-11-28,ING_CURRYLEAF,B00203,0.5,kg,40.0,spoilage,storage,manual,"received 2025-11-25, zone ZN_COLD"
W000527,SITE_KIT_01,2025-11-29,DSH_CHBIRYANI,,0.153,kg,32.4,plate_waste,service,manual,1 plates partly returned
W000528,SITE_KIT_01,2025-11-29,DSH_VGBIRYANI,,1.172,kg,127.36,overproduction,post_service,pos_derived,"9 portions unsold, 2.8 binned"
W000529,SITE_KIT_01,2025-11-29,DSH_PBM,,1.2,kg,347.4,overproduction,post_service,pos_derived,"20 portions unsold, 4.0 binned"
W000530,SITE_KIT_01,2025-11-29,DSH_GOBIMANCH,,0.63,kg,65.2,overproduction,post_service,pos_derived,"5 portions unsold, 2.2 binned"
W000531,SITE_KIT_01,2025-11-29,DSH_GOBIMANCH,,0.095,kg,9.85,plate_waste,service,manual,1 plates partly returned
W000532,SITE_KIT_01,2025-11-29,DSH_PALAK,,0.198,kg,35.71,overproduction,post_service,pos_derived,"3 portions unsold, 0.7 binned"
W000533,SITE_KIT_01,2025-11-29,DSH_PALAK,,0.102,kg,18.4,plate_waste,service,manual,1 plates partly returned
W000534,SITE_KIT_01,2025-11-29,DSH_NAAN,,0.092,kg,10.11,plate_waste,service,manual,3 plates partly returned
W000535,SITE_KIT_01,2025-11-29,DSH_ROTI,,0.143,kg,7.63,plate_waste,service,manual,6 plates partly returned
W000536,SITE_KIT_01,2025-11-29,DSH_JEERARICE,,0.616,kg,53.59,overproduction,post_service,pos_derived,"10 portions unsold, 2.2 binned"
W000537,SITE_KIT_01,2025-11-29,DSH_JEERARICE,,0.095,kg,8.28,plate_waste,service,manual,1 plates partly returned
W000538,SITE_KIT_01,2025-11-29,DSH_DALTADKA,,0.315,kg,24.23,overproduction,post_service,pos_derived,"7 portions unsold, 1.1 binned"
W000539,SITE_KIT_01,2025-11-29,DSH_DALTADKA,,0.102,kg,7.85,plate_waste,service,manual,1 plates partly returned
W000540,SITE_KIT_01,2025-11-29,DSH_ROGANJOSH,,0.576,kg,378.32,overproduction,post_service,pos_derived,"10 portions unsold, 1.8 binned"
W000541,SITE_KIT_01,2025-11-29,DSH_VEGPULAO,,0.756,kg,77.11,overproduction,post_service,pos_derived,"9 portions unsold, 2.2 binned"
W000542,SITE_KIT_01,2025-11-29,DSH_MIXVEG,,1.08,kg,72.07,overproduction,post_service,pos_derived,"15 portions unsold, 3.6 binned"
W000543,SITE_KIT_01,2025-11-29,DSH_FISHCURRY,,0.648,kg,232.78,overproduction,post_service,pos_derived,"9 portions unsold, 2.2 binned"
W000544,SITE_KIT_01,2025-11-29,ING_ONION,,1.515,kg,57.58,prep_trim,prep,manual,yield 0.88 on 32.30 kg net
W000545,SITE_KIT_01,2025-11-29,ING_TOMATO,,0.461,kg,14.74,prep_trim,prep,manual,yield 0.95 on 26.06 kg net
W000546,SITE_KIT_01,2025-11-29,ING_GINGER,,0.041,kg,4.9,prep_trim,prep,manual,yield 0.90 on 1.08 kg net
W000547,SITE_KIT_01,2025-11-29,ING_GARLIC,,0.078,kg,14.02,prep_trim,prep,manual,yield 0.88 on 1.69 kg net
W000548,SITE_KIT_01,2025-11-29,ING_GCHILLI,,0.034,kg,2.39,prep_trim,prep,manual,yield 0.94 on 1.50 kg net
W000549,SITE_KIT_01,2025-11-29,ING_MINT,,0.036,kg,2.14,prep_trim,prep,manual,yield 0.85 on 0.61 kg net
W000550,SITE_KIT_01,2025-11-29,ING_CORIANDER,,0.08,kg,4.81,prep_trim,prep,manual,yield 0.85 on 1.30 kg net
W000551,SITE_KIT_01,2025-11-29,ING_CARROT,,0.246,kg,11.09,prep_trim,prep,manual,yield 0.90 on 6.60 kg net
W000552,SITE_KIT_01,2025-11-29,ING_BEANS,,0.169,kg,10.15,prep_trim,prep,manual,yield 0.89 on 4.12 kg net
W000553,SITE_KIT_01,2025-11-29,ING_CAULI,,5.194,kg,207.78,prep_trim,prep,manual,yield 0.52 on 16.34 kg net
W000554,SITE_KIT_01,2025-11-29,ING_POTATO,,0.704,kg,19.72,prep_trim,prep,manual,yield 0.85 on 11.92 kg net
W000555,SITE_KIT_01,2025-11-29,ING_CAPSICUM,,0.295,kg,23.58,prep_trim,prep,manual,yield 0.81 on 3.74 kg net
W000556,SITE_KIT_01,2025-11-29,ING_SPINACH,,0.727,kg,21.8,prep_trim,prep,manual,yield 0.79 on 8.01 kg net
W000557,SITE_KIT_01,2025-11-29,ING_LEMON,,0.347,kg,31.21,prep_trim,prep,manual,yield 0.55 on 1.27 kg net
W000558,SITE_KIT_01,2025-11-29,ING_CUCUMBER,,0.237,kg,8.3,prep_trim,prep,manual,yield 0.86 on 4.13 kg net
W000559,SITE_KIT_01,2025-11-29,ING_CABBAGE,,0.132,kg,3.29,prep_trim,prep,manual,yield 0.88 on 2.76 kg net
W000560,SITE_KIT_01,2025-11-29,ING_BANANA,,0.502,kg,27.62,prep_trim,prep,manual,yield 0.70 on 3.45 kg net
W000561,SITE_KIT_01,2025-11-29,ING_BRINJAL,,0.15,kg,5.98,prep_trim,prep,manual,yield 0.90 on 3.79 kg net
W000562,SITE_KIT_01,2025-11-29,ING_OKRA,,0.172,kg,9.46,prep_trim,prep,manual,yield 0.90 on 4.48 kg net
W000563,SITE_KIT_01,2025-11-29,ING_CAULI,B00262,4.33,kg,173.2,quality_rejection,storage,manual,"rejected at goods receipt, intake grade 0.89"
W000564,SITE_KIT_01,2025-11-29,ING_CARROT,B00266,0.786,kg,35.37,quality_rejection,storage,manual,"rejected at goods receipt, intake grade 0.91"
W000565,SITE_KIT_01,2025-11-29,ING_PEAS,B00271,0.376,kg,33.84,quality_rejection,storage,manual,"rejected at goods receipt, intake grade 0.92"
W000566,SITE_KIT_01,2025-11-29,ING_MINT,B00272,0.036,kg,2.16,quality_rejection,storage,manual,"rejected at goods receipt, intake grade 0.95"
W000567,SITE_KIT_01,2025-11-29,ING_MUSHROOM,B00276,0.189,kg,41.58,quality_rejection,storage,manual,"rejected at goods receipt, intake grade 0.95"
W000568,SITE_KIT_01,2025-11-29,ING_BANANA,B00278,0.445,kg,24.48,quality_rejection,storage,manual,"rejected at goods receipt, intake grade 1.00"
W000569,SITE_KIT_01,2025-11-30,DSH_CHBIRYANI,,0.153,kg,32.4,plate_waste,service,manual,1 plates partly returned
W000570,SITE_KIT_01,2025-11-30,DSH_VGBIRYANI,,0.911,kg,99.06,overproduction,post_service,pos_derived,"7 portions unsold, 2.2 binned"
W000571,SITE_KIT_01,2025-11-30,DSH_PBM,,0.3,kg,86.85,overproduction,post_service,pos_derived,"5 portions unsold, 1.0 binned"
W000572,SITE_KIT_01,2025-11-30,DSH_GOBIMANCH,,1.26,kg,130.41,overproduction,post_service,pos_derived,"10 portions unsold, 4.5 binned"
W000573,SITE_KIT_01,2025-11-30,DSH_GOBIMANCH,,0.095,kg,9.85,plate_waste,service,manual,1 plates partly returned
W000574,SITE_KIT_01,2025-11-30,DSH_PALAK,,0.204,kg,36.79,plate_waste,service,manual,2 plates partly returned
W000575,SITE_KIT_01,2025-11-30,DSH_NAAN,,0.153,kg,16.85,plate_waste,service,manual,5 plates partly returned
W000576,SITE_KIT_01,2025-11-30,DSH_ROTI,,0.024,kg,1.27,plate_waste,service,manual,1 plates partly returned
W000577,SITE_KIT_01,2025-11-30,DSH_JEERARICE,,0.246,kg,21.44,overproduction,post_service,pos_derived,"4 portions unsold, 0.9 binned"
W000578,SITE_KIT_01,2025-11-30,DSH_JEERARICE,,0.19,kg,16.56,plate_waste,service,manual,2 plates partly returned
W000579,SITE_KIT_01,2025-11-30,DSH_DALTADKA,,0.405,kg,31.16,overproduction,post_service,pos_derived,"9 portions unsold, 1.3 binned"
W000580,SITE_KIT_01,2025-11-30,DSH_DALTADKA,,0.102,kg,7.85,plate_waste,service,manual,1 plates partly returned
W000581,SITE_KIT_01,2025-11-30,DSH_VEGPULAO,,0.42,kg,42.84,overproduction,post_service,pos_derived,"5 portions unsold, 1.2 binned"
W000582,SITE_KIT_01,2025-11-30,DSH_VEGPULAO,,0.119,kg,12.14,plate_waste,service,manual,1 plates partly returned
W000583,SITE_KIT_01,2025-11-30,DSH_DOSA,,0.255,kg,23.88,plate_waste,service,manual,3 plates partly returned
W000584,SITE_KIT_01,2025-11-30,DSH_MIXVEG,,0.432,kg,28.83,overproduction,post_service,pos_derived,"6 portions unsold, 1.4 binned"
W000585,SITE_KIT_01,2025-11-30,DSH_MIXVEG,,0.102,kg,6.81,plate_waste,service,manual,1 plates partly returned
W000586,SITE_KIT_01,2025-11-30,DSH_FISHCURRY,,0.216,kg,77.59,overproduction,post_service,pos_derived,"3 portions unsold, 0.7 binned"
W000587,SITE_KIT_01,2025-11-30,DSH_FISHCURRY,,0.102,kg,36.64,plate_waste,service,manual,1 plates partly returned
W000588,SITE_KIT_01,2025-11-30,ING_ONION,,1.14,kg,43.33,prep_trim,prep,manual,yield 0.90 on 30.22 kg net
W000589,SITE_KIT_01,2025-11-30,ING_TOMATO,,0.311,kg,9.94,prep_trim,prep,manual,yield 0.96 on 23.48 kg net
W000590,SITE_KIT_01,2025-11-30,ING_GINGER,,0.047,kg,5.59,prep_trim,prep,manual,yield 0.88 on 0.97 kg net
W000591,SITE_KIT_01,2025-11-30,ING_GARLIC,,0.075,kg,13.43,prep_trim,prep,manual,yield 0.87 on 1.53 kg net
W000592,SITE_KIT_01,2025-11-30,ING_GCHILLI,,0.036,kg,2.53,prep_trim,prep,manual,yield 0.93 on 1.46 kg net
W000593,SITE_KIT_01,2025-11-30,ING_MINT,,0.032,kg,1.92,prep_trim,prep,manual,yield 0.86 on 0.57 kg net
W000594,SITE_KIT_01,2025-11-30,ING_CORIANDER,,0.067,kg,3.99,prep_trim,prep,manual,yield 0.86 on 1.20 kg net
W000595,SITE_KIT_01,2025-11-30,ING_CARROT,,0.216,kg,9.73,prep_trim,prep,manual,yield 0.91 on 6.14 kg net
W000596,SITE_KIT_01,2025-11-30,ING_BEANS,,0.155,kg,9.29,prep_trim,prep,manual,yield 0.89 on 3.78 kg net
W000597,SITE_KIT_01,2025-11-30,ING_CAULI,,5.037,kg,201.47,prep_trim,prep,manual,yield 0.50 on 15.09 kg net
W000598,SITE_KIT_01,2025-11-30,ING_POTATO,,0.872,kg,24.41,prep_trim,prep,manual,yield 0.84 on 13.51 kg net
W000599,SITE_KIT_01,2025-11-30,ING_CAPSICUM,,0.25,kg,19.98,prep_trim,prep,manual,yield 0.82 on 3.46 kg net
W000600,SITE_KIT_01,2025-11-30,ING_SPINACH,,0.656,kg,19.69,prep_trim,prep,manual,yield 0.78 on 6.92 kg net
W000601,SITE_KIT_01,2025-11-30,ING_LEMON,,0.335,kg,30.11,prep_trim,prep,manual,yield 0.55 on 1.21 kg net
W000602,SITE_KIT_01,2025-11-30,ING_CUCUMBER,,0.246,kg,8.62,prep_trim,prep,manual,yield 0.85 on 4.04 kg net
W000603,SITE_KIT_01,2025-11-30,ING_CABBAGE,,0.128,kg,3.21,prep_trim,prep,manual,yield 0.88 on 2.69 kg net
W000604,SITE_KIT_01,2025-11-30,ING_BANANA,,0.548,kg,30.12,prep_trim,prep,manual,yield 0.68 on 3.37 kg net
W000605,SITE_KIT_01,2025-11-30,ING_BRINJAL,,0.127,kg,5.09,prep_trim,prep,manual,yield 0.91 on 3.70 kg net
W000606,SITE_KIT_01,2025-11-30,ING_OKRA,,0.186,kg,10.22,prep_trim,prep,manual,yield 0.89 on 4.38 kg net
W000607,SITE_KIT_01,2025-11-30,ING_MUSHROOM,,0.025,kg,5.41,prep_trim,prep,manual,yield 0.95 on 1.35 kg net
W000608,SITE_KIT_01,2025-11-30,ING_MINT,B00299,0.056,kg,3.36,quality_rejection,storage,manual,"rejected at goods receipt, intake grade 0.97"
W000609,SITE_KIT_01,2025-11-30,ING_SPINACH,B00219,7.779,kg,233.37,spoilage,storage,manual,"received 2025-11-26, zone ZN_COLD"
W000610,SITE_KIT_01,2025-11-30,ING_CORIANDER,B00229,0.782,kg,46.89,spoilage,storage,manual,"received 2025-11-27, zone ZN_COLD"
W000611,SITE_KIT_01,2025-12-01,DSH_CHBIRYANI,,0.279,kg,59.07,overproduction,post_service,pos_derived,"2 portions unsold, 0.6 binned"
W000612,SITE_KIT_01,2025-12-01,DSH_VGBIRYANI,,0.521,kg,56.61,overproduction,post_service,pos_derived,"4 portions unsold, 1.2 binned"
W000613,SITE_KIT_01,2025-12-01,DSH_VGBIRYANI,,0.143,kg,15.52,plate_waste,service,manual,1 plates partly returned
W000614,SITE_KIT_01,2025-12-01,DSH_PBM,,0.48,kg,138.96,overproduction,post_service,pos_derived,"8 portions unsold, 1.6 binned"
W000615,SITE_KIT_01,2025-12-01,DSH_PBM,,0.204,kg,59.06,plate_waste,service,manual,2 plates partly returned
W000616,SITE_KIT_01,2025-12-01,DSH_GOBIMANCH,,0.19,kg,19.71,plate_waste,service,manual,2 plates partly returned
W000617,SITE_KIT_01,2025-12-01,DSH_PALAK,,0.264,kg,47.62,overproduction,post_service,pos_derived,"4 portions unsold, 0.9 binned"
W000618,SITE_KIT_01,2025-12-01,DSH_JEERARICE,,0.246,kg,21.44,overproduction,post_service,pos_derived,"4 portions unsold, 0.9 binned"
W000619,SITE_KIT_01,2025-12-01,DSH_DALTADKA,,0.18,kg,13.85,overproduction,post_service,pos_derived,"4 portions unsold, 0.6 binned"
W000620,SITE_KIT_01,2025-12-01,DSH_DOSA,,0.085,kg,7.96,plate_waste,service,manual,1 plates partly returned
W000621,SITE_KIT_01,2025-12-01,DSH_MIXVEG,,0.648,kg,43.24,overproduction,post_service,pos_derived,"9 portions unsold, 2.2 binned"
W000622,SITE_KIT_01,2025-12-01,DSH_MIXVEG,,0.306,kg,20.42,plate_waste,service,manual,3 plates partly returned
W000623,SITE_KIT_01,2025-12-01,DSH_FISHCURRY,,0.576,kg,206.92,overproduction,post_service,pos_derived,"8 portions unsold, 1.9 binned"
W000624,SITE_KIT_01,2025-12-01,ING_ONION,,0.76,kg,28.89,prep_trim,prep,manual,yield 0.90 on 19.34 kg net
W000625,SITE_KIT_01,2025-12-01,ING_TOMATO,,0.054,kg,1.74,prep_trim,prep,manual,yield 0.99 on 15.79 kg net
W000626,SITE_KIT_01,2025-12-01,ING_GINGER,,0.024,kg,2.9,prep_trim,prep,manual,yield 0.89 on 0.60 kg net
W000627,SITE_KIT_01,2025-12-01,ING_GARLIC,,0.041,kg,7.42,prep_trim,prep,manual,yield 0.89 on 0.95 kg net
W000628,SITE_KIT_01,2025-12-01,ING_GCHILLI,,0.021,kg,1.47,prep_trim,prep,manual,yield 0.94 on 0.94 kg net
W000629,SITE_KIT_01,2025-12-01,ING_CORIANDER,,0.038,kg,2.26,prep_trim,prep,manual,yield 0.87 on 0.73 kg net
W000630,SITE_KIT_01,2025-12-01,ING_CARROT,,0.154,kg,6.93,prep_trim,prep,manual,yield 0.90 on 3.96 kg net
W000631,SITE_KIT_01,2025-12-01,ING_BEANS,,0.054,kg,3.26,prep_trim,prep,manual,yield 0.94 on 2.40 kg net
W000632,SITE_KIT_01,2025-12-01,ING_CAULI,,2.658,kg,106.33,prep_trim,prep,manual,yield 0.54 on 9.27 kg net
W000633,SITE_KIT_01,2025-12-01,ING_POTATO,,0.599,kg,16.77,prep_trim,prep,manual,yield 0.85 on 9.83 kg net
W000634,SITE_KIT_01,2025-12-01,ING_CAPSICUM,,0.146,kg,11.7,prep_trim,prep,manual,yield 0.83 on 2.16 kg net
W000635,SITE_KIT_01,2025-12-01,ING_SPINACH,,0.434,kg,13.03,prep_trim,prep,manual,yield 0.77 on 4.37 kg net
W000636,SITE_KIT_01,2025-12-01,ING_LEMON,,0.237,kg,21.3,prep_trim,prep,manual,yield 0.54 on 0.81 kg net
W000637,SITE_KIT_01,2025-12-01,ING_CUCUMBER,,0.155,kg,5.44,prep_trim,prep,manual,yield 0.86 on 2.75 kg net
W000638,SITE_KIT_01,2025-12-01,ING_CABBAGE,,0.097,kg,2.42,prep_trim,prep,manual,yield 0.87 on 1.83 kg net
W000639,SITE_KIT_01,2025-12-01,ING_BANANA,,0.333,kg,18.3,prep_trim,prep,manual,yield 0.70 on 2.29 kg net
W000640,SITE_KIT_01,2025-12-01,ING_BRINJAL,,0.119,kg,4.77,prep_trim,prep,manual,yield 0.88 on 2.52 kg net
W000641,SITE_KIT_01,2025-12-01,ING_OKRA,,0.128,kg,7.06,prep_trim,prep,manual,yield 0.89 on 2.97 kg net
W000642,SITE_KIT_01,2025-12-01,ING_GINGER,B00309,0.182,kg,21.84,quality_rejection,storage,manual,"rejected at goods receipt, intake grade 0.88"
W000643,SITE_KIT_01,2025-12-01,ING_GARLIC,B00310,0.54,kg,97.2,quality_rejection,storage,manual,"rejected at goods receipt, intake grade 0.98"
W000644,SITE_KIT_01,2025-12-01,ING_BEANS,B00320,0.641,kg,38.46,quality_rejection,storage,manual,"rejected at goods receipt, intake grade 1.00"
W000645,SITE_KIT_01,2025-12-01,ING_CUCUMBER,B00322,1.164,kg,40.74,quality_rejection,storage,manual,"rejected at goods receipt, intake grade 0.98"
W000646,SITE_KIT_01,2025-12-01,ING_SPINACH,B00228,5.246,kg,157.38,spoilage,storage,manual,"received 2025-11-27, zone ZN_COLD"
W000647,SITE_KIT_01,2025-12-01,ING_LEMON,B00204,0.046,kg,4.17,spoilage,storage,manual,"received 2025-11-25, zone ZN_COLD"
W000648,SITE_KIT_01,2025-12-02,DSH_CHBIRYANI,,1.953,kg,413.52,overproduction,post_service,pos_derived,"14 portions unsold, 4.3 binned"
W000649,SITE_KIT_01,2025-12-02,DSH_GOBIMANCH,,0.095,kg,9.85,plate_waste,service,manual,1 plates partly returned
W000650,SITE_KIT_01,2025-12-02,DSH_NAAN,,0.061,kg,6.74,plate_waste,service,manual,2 plates partly returned
W000651,SITE_KIT_01,2025-12-02,DSH_ROTI,,0.048,kg,2.54,plate_waste,service,manual,2 plates partly returned
W000652,SITE_KIT_01,2025-12-02,DSH_JEERARICE,,0.431,kg,37.51,overproduction,post_service,pos_derived,"7 portions unsold, 1.5 binned"
W000653,SITE_KIT_01,2025-12-02,DSH_DALTADKA,,0.102,kg,7.85,plate_waste,service,manual,1 plates partly returned
W000654,SITE_KIT_01,2025-12-02,DSH_ROGANJOSH,,0.346,kg,226.99,overproduction,post_service,pos_derived,"6 portions unsold, 1.1 binned"
W000655,SITE_KIT_01,2025-12-02,DSH_DOSA,,0.085,kg,7.96,plate_waste,service,manual,1 plates partly returned
W000656,SITE_KIT_01,2025-12-02,DSH_MIXVEG,,0.648,kg,43.24,overproduction,post_service,pos_derived,"9 portions unsold, 2.2 binned"
W000657,SITE_KIT_01,2025-12-02,DSH_FISHCURRY,,0.144,kg,51.73,overproduction,post_service,pos_derived,"2 portions unsold, 0.5 binned"
W000658,SITE_KIT_01,2025-12-02,ING_ONION,,0.712,kg,27.04,prep_trim,prep,manual,yield 0.91 on 20.03 kg net
W000659,SITE_KIT_01,2025-12-02,ING_TOMATO,,0.052,kg,1.68,prep_trim,prep,manual,yield 0.99 on 15.28 kg net
W000660,SITE_KIT_01,2025-12-02,ING_GINGER,,0.023,kg,2.78,prep_trim,prep,manual,yield 0.90 on 0.59 kg net
W000661,SITE_KIT_01,2025-12-02,ING_GARLIC,,0.043,kg,7.75,prep_trim,prep,manual,yield 0.88 on 0.94 kg net
W000662,SITE_KIT_01,2025-12-02,ING_GCHILLI,,0.024,kg,1.69,prep_trim,prep,manual,yield 0.93 on 0.95 kg net
W000663,SITE_KIT_01,2025-12-02,ING_MINT,,0.023,kg,1.39,prep_trim,prep,manual,yield 0.85 on 0.40 kg net
W000664,SITE_KIT_01,2025-12-02,ING_CORIANDER,,0.045,kg,2.69,prep_trim,prep,manual,yield 0.86 on 0.81 kg net
W000665,SITE_KIT_01,2025-12-02,ING_CARROT,,0.206,kg,9.26,prep_trim,prep,manual,yield 0.88 on 4.40 kg net
W000666,SITE_KIT_01,2025-12-02,ING_BEANS,,0.105,kg,6.31,prep_trim,prep,manual,yield 0.90 on 2.75 kg net
W000667,SITE_KIT_01,2025-12-02,ING_CAULI,,3.401,kg,136.03,prep_trim,prep,manual,yield 0.50 on 10.06 kg net
W000668,SITE_KIT_01,2025-12-02,ING_POTATO,,0.664,kg,18.58,prep_trim,prep,manual,yield 0.84 on 10.48 kg net
W000669,SITE_KIT_01,2025-12-02,ING_CAPSICUM,,0.159,kg,12.72,prep_trim,prep,manual,yield 0.83 on 2.21 kg net
W000670,SITE_KIT_01,2025-12-02,ING_SPINACH,,0.432,kg,12.96,prep_trim,prep,manual,yield 0.79 on 4.73 kg net
W000671,SITE_KIT_01,2025-12-02,ING_LEMON,,0.22,kg,19.78,prep_trim,prep,manual,yield 0.56 on 0.82 kg net
W000672,SITE_KIT_01,2025-12-02,ING_CUCUMBER,,0.149,kg,5.23,prep_trim,prep,manual,yield 0.86 on 2.79 kg net
W000673,SITE_KIT_01,2025-12-02,ING_CABBAGE,,0.087,kg,2.17,prep_trim,prep,manual,yield 0.88 on 1.86 kg net
W000674,SITE_KIT_01,2025-12-02,ING_BANANA,,0.385,kg,21.19,prep_trim,prep,manual,yield 0.67 on 2.33 kg net
W000675,SITE_KIT_01,2025-12-02,ING_BRINJAL,,0.128,kg,5.13,prep_trim,prep,manual,yield 0.87 on 2.56 kg net
W000676,SITE_KIT_01,2025-12-02,ING_OKRA,,0.09,kg,4.93,prep_trim,prep,manual,yield 0.92 on 3.03 kg net
W000677,SITE_KIT_01,2025-12-02,ING_CURRYLEAF,B00273,0.451,kg,36.07,spoilage,storage,manual,"received 2025-11-29, zone ZN_COLD"
W000678,SITE_KIT_01,2025-12-02,ING_BATTER,B00301,5.552,kg,388.64,spoilage,storage,manual,"received 2025-11-30, zone ZN_COLD"
W000679,SITE_KIT_01,2025-12-03,DSH_CHBIRYANI,,0.837,kg,177.22,overproduction,post_service,pos_derived,"6 portions unsold, 1.9 binned"
W000680,SITE_KIT_01,2025-12-03,DSH_PBM,,0.72,kg,208.44,overproduction,post_service,pos_derived,"12 portions unsold, 2.4 binned"
W000681,SITE_KIT_01,2025-12-03,DSH_PBM,,0.102,kg,29.53,plate_waste,service,manual,1 plates partly returned
W000682,SITE_KIT_01,2025-12-03,DSH_PALAK,,0.528,kg,95.23,overproduction,post_service,pos_derived,"8 portions unsold, 1.8 binned"
W000683,SITE_KIT_01,2025-12-03,DSH_PALAK,,0.204,kg,36.79,plate_waste,service,manual,2 plates partly returned
W000684,SITE_KIT_01,2025-12-03,DSH_ROTI,,0.048,kg,2.54,plate_waste,service,manual,2 plates partly returned
W000685,SITE_KIT_01,2025-12-03,DSH_JEERARICE,,0.19,kg,16.56,plate_waste,service,manual,2 plates partly returned
W000686,SITE_KIT_01,2025-12-03,DSH_DALTADKA,,0.45,kg,34.62,overproduction,post_service,pos_derived,"10 portions unsold, 1.5 binned"
W000687,SITE_KIT_01,2025-12-03,DSH_ROGANJOSH,,0.109,kg,71.46,plate_waste,service,manual,1 plates partly returned
W000688,SITE_KIT_01,2025-12-03,DSH_VEGPULAO,,0.924,kg,94.25,overproduction,post_service,pos_derived,"11 portions unsold, 2.6 binned"
W000689,SITE_KIT_01,2025-12-03,DSH_VEGPULAO,,0.119,kg,12.14,plate_waste,service,manual,1 plates partly returned
W000690,SITE_KIT_01,2025-12-03,DSH_DOSA,,0.085,kg,7.96,plate_waste,service,manual,1 plates partly returned
W000691,SITE_KIT_01,2025-12-03,DSH_MIXVEG,,1.224,kg,81.68,overproduction,post_service,pos_derived,"17 portions unsold, 4.1 binned"
W000692,SITE_KIT_01,2025-12-03,DSH_FISHCURRY,,0.216,kg,77.59,overproduction,post_service,pos_derived,"3 portions unsold, 0.7 binned"
W000693,SITE_KIT_01,2025-12-03,ING_ONION,,0.806,kg,30.61,prep_trim,prep,manual,yield 0.90 on 20.63 kg net
W000694,SITE_KIT_01,2025-12-03,ING_TOMATO,,0.109,kg,3.48,prep_trim,prep,manual,yield 0.98 on 15.61 kg net
W000695,SITE_KIT_01,2025-12-03,ING_GINGER,,0.025,kg,3.0,prep_trim,prep,manual,yield 0.90 on 0.63 kg net
W000696,SITE_KIT_01,2025-12-03,ING_GARLIC,,0.052,kg,9.42,prep_trim,prep,manual,yield 0.87 on 1.01 kg net
W000697,SITE_KIT_01,2025-12-03,ING_CORIANDER,,0.045,kg,2.69,prep_trim,prep,manual,yield 0.86 on 0.81 kg net
W000698,SITE_KIT_01,2025-12-03,ING_CARROT,,0.212,kg,9.56,prep_trim,prep,manual,yield 0.87 on 4.20 kg net
W000699,SITE_KIT_01,2025-12-03,ING_BEANS,,0.111,kg,6.66,prep_trim,prep,manual,yield 0.89 on 2.61 kg net
W000700,SITE_KIT_01,2025-12-03,ING_CAULI,,3.22,kg,128.79,prep_trim,prep,manual,yield 0.52 on 10.32 kg net
W000701,SITE_KIT_01,2025-12-03,ING_POTATO,,0.609,kg,17.05,prep_trim,prep,manual,yield 0.86 on 10.76 kg net
W000702,SITE_KIT_01,2025-12-03,ING_CAPSICUM,,0.178,kg,14.22,prep_trim,prep,manual,yield 0.82 on 2.37 kg net
W000703,SITE_KIT_01,2025-12-03,ING_SPINACH,,0.479,kg,14.37,prep_trim,prep,manual,yield 0.78 on 5.10 kg net
W000704,SITE_KIT_01,2025-12-03,ING_LEMON,,0.214,kg,19.29,prep_trim,prep,manual,yield 0.56 on 0.80 kg net
W000705,SITE_KIT_01,2025-12-03,ING_CUCUMBER,,0.155,kg,5.44,prep_trim,prep,manual,yield 0.85 on 2.67 kg net
W000706,SITE_KIT_01,2025-12-03,ING_CABBAGE,,0.089,kg,2.23,prep_trim,prep,manual,yield 0.87 on 1.78 kg net
W000707,SITE_KIT_01,2025-12-03,ING_BANANA,,0.334,kg,18.35,prep_trim,prep,manual,yield 0.69 on 2.22 kg net
W000708,SITE_KIT_01,2025-12-03,ING_BRINJAL,,0.108,kg,4.33,prep_trim,prep,manual,yield 0.88 on 2.45 kg net
W000709,SITE_KIT_01,2025-12-03,ING_OKRA,,0.114,kg,6.26,prep_trim,prep,manual,yield 0.90 on 2.89 kg net
W000710,SITE_KIT_01,2025-12-03,ING_BRINJAL,B00347,0.718,kg,28.72,quality_rejection,storage,manual,"rejected at goods receipt, intake grade 0.93"
W000711,SITE_KIT_01,2025-12-03,ING_CUCUMBER,B00244,1.078,kg,37.73,spoilage,storage,manual,"received 2025-11-27, zone ZN_COLD"
W000712,SITE_KIT_01,2025-12-03,ING_BANANA,B00245,6.718,kg,369.51,spoilage,storage,manual,"received 2025-11-27, zone ZN_COLD"
W000713,SITE_KIT_01,2025-12-03,ING_BUTTER,B00254,0.497,kg,258.44,spoilage,storage,manual,"received 2025-11-27, zone ZN_COLD"
W000714,SITE_KIT_01,2025-12-04,DSH_CHBIRYANI,,0.153,kg,32.4,plate_waste,service,manual,1 plates partly returned
W000715,SITE_KIT_01,2025-12-04,DSH_VGBIRYANI,,0.391,kg,42.45,overproduction,post_service,pos_derived,"3 portions unsold, 0.9 binned"
W000716,SITE_KIT_01,2025-12-04,DSH_PBM,,0.24,kg,69.48,overproduction,post_service,pos_derived,"4 portions unsold, 0.8 binned"
W000717,SITE_KIT_01,2025-12-04,DSH_GOBIMANCH,,0.378,kg,39.12,overproduction,post_service,pos_derived,"3 portions unsold, 1.4 binned"
W000718,SITE_KIT_01,2025-12-04,DSH_ROTI,,0.024,kg,1.27,plate_waste,service,manual,1 plates partly returned
W000719,SITE_KIT_01,2025-12-04,DSH_JEERARICE,,0.308,kg,26.8,overproduction,post_service,pos_derived,"5 portions unsold, 1.1 binned"
W000720,SITE_KIT_01,2025-12-04,DSH_JEERARICE,,0.095,kg,8.28,plate_waste,service,manual,1 plates partly returned
W000721,SITE_KIT_01,2025-12-04,DSH_ROGANJOSH,,0.518,kg,340.49,overproduction,post_service,pos_derived,"9 portions unsold, 1.6 binned"
W000722,SITE_KIT_01,2025-12-04,DSH_MIXVEG,,0.72,kg,48.05,overproduction,post_service,pos_derived,"10 portions unsold, 2.4 binned"
W000723,SITE_KIT_01,2025-12-04,ING_ONION,,0.837,kg,31.8,prep_trim,prep,manual,yield 0.90 on 21.88 kg net
W000724,SITE_KIT_01,2025-12-04,ING_TOMATO,,0.306,kg,9.79,prep_trim,prep,manual,yield 0.95 on 17.02 kg net
W000725,SITE_KIT_01,2025-12-04,ING_GINGER,,0.025,kg,3.0,prep_trim,prep,manual,yield 0.90 on 0.67 kg net
W000726,SITE_KIT_01,2025-12-04,ING_GARLIC,,0.058,kg,10.38,prep_trim,prep,manual,yield 0.86 on 1.09 kg net
W000727,SITE_KIT_01,2025-12-04,ING_GCHILLI,,0.027,kg,1.88,prep_trim,prep,manual,yield 0.93 on 1.05 kg net
W000728,SITE_KIT_01,2025-12-04,ING_CORIANDER,,0.047,kg,2.8,prep_trim,prep,manual,yield 0.86 on 0.88 kg net
W000729,SITE_KIT_01,2025-12-04,ING_CARROT,,0.241,kg,10.84,prep_trim,prep,manual,yield 0.87 on 4.74 kg net
W000730,SITE_KIT_01,2025-12-04,ING_BEANS,,0.133,kg,8.01,prep_trim,prep,manual,yield 0.88 on 2.92 kg net
W000731,SITE_KIT_01,2025-12-04,ING_CAULI,,3.749,kg,149.97,prep_trim,prep,manual,yield 0.50 on 11.05 kg net
W000732,SITE_KIT_01,2025-12-04,ING_POTATO,,0.538,kg,15.06,prep_trim,prep,manual,yield 0.87 on 10.15 kg net
W000733,SITE_KIT_01,2025-12-04,ING_CAPSICUM,,0.215,kg,17.17,prep_trim,prep,manual,yield 0.80 on 2.57 kg net
W000734,SITE_KIT_01,2025-12-04,ING_SPINACH,,0.51,kg,15.31,prep_trim,prep,manual,yield 0.78 on 5.46 kg net
W000735,SITE_KIT_01,2025-12-04,ING_LEMON,,0.252,kg,22.67,prep_trim,prep,manual,yield 0.55 on 0.91 kg net
W000736,SITE_KIT_01,2025-12-04,ING_CUCUMBER,,0.149,kg,5.22,prep_trim,prep,manual,yield 0.88 on 3.10 kg net
W000737,SITE_KIT_01,2025-12-04,ING_CABBAGE,,0.084,kg,2.1,prep_trim,prep,manual,yield 0.89 on 2.07 kg net
W000738,SITE_KIT_01,2025-12-04,ING_BANANA,,0.407,kg,22.37,prep_trim,prep,manual,yield 0.68 on 2.59 kg net
W000739,SITE_KIT_01,2025-12-04,ING_BRINJAL,,0.137,kg,5.47,prep_trim,prep,manual,yield 0.88 on 2.85 kg net
W000740,SITE_KIT_01,2025-12-04,ING_OKRA,,0.115,kg,6.33,prep_trim,prep,manual,yield 0.91 on 3.36 kg net
W000741,SITE_KIT_01,2025-12-04,ING_MUSHROOM,,0.023,kg,5.03,prep_trim,prep,manual,yield 0.94 on 1.03 kg net
W000742,SITE_KIT_01,2025-12-04,ING_MINT,B00317,0.111,kg,6.65,spoilage,storage,manual,"received 2025-12-01, zone ZN_COLD"
W000743,SITE_KIT_01,2025-12-05,DSH_CHBIRYANI,,1.674,kg,354.44,overproduction,post_service,pos_derived,"12 portions unsold, 3.7 binned"
W000744,SITE_KIT_01,2025-12-05,DSH_CHBIRYANI,,0.306,kg,64.79,plate_waste,service,manual,2 plates partly returned
W000745,SITE_KIT_01,2025-12-05,DSH_VGBIRYANI,,3.125,kg,339.64,overproduction,post_service,pos_derived,"24 portions unsold, 7.4 binned"
W000746,SITE_KIT_01,2025-12-05,DSH_GOBIMANCH,,0.095,kg,9.85,plate_waste,service,manual,1 plates partly returned
W000747,SITE_KIT_01,2025-12-05,DSH_PALAK,,0.396,kg,71.43,overproduction,post_service,pos_derived,"6 portions unsold, 1.3 binned"
W000748,SITE_KIT_01,2025-12-05,DSH_PALAK,,0.102,kg,18.4,plate_waste,service,manual,1 plates partly returned
W000749,SITE_KIT_01,2025-12-05,DSH_ROTI,,0.024,kg,1.27,plate_waste,service,manual,1 plates partly returned
W000750,SITE_KIT_01,2025-12-05,DSH_JEERARICE,,0.19,kg,16.56,plate_waste,service,manual,2 plates partly returned
W000751,SITE_KIT_01,2025-12-05,DSH_DALTADKA,,0.405,kg,31.16,overproduction,post_service,pos_derived,"9 portions unsold, 1.3 binned"
W000752,SITE_KIT_01,2025-12-05,DSH_ROGANJOSH,,0.634,kg,416.16,overproduction,post_service,pos_derived,"11 portions unsold, 2.0 binned"
W000753,SITE_KIT_01,2025-12-05,DSH_ROGANJOSH,,0.109,kg,71.46,plate_waste,service,manual,1 plates partly returned
W000754,SITE_KIT_01,2025-12-05,DSH_VEGPULAO,,1.26,kg,128.52,overproduction,post_service,pos_derived,"15 portions unsold, 3.6 binned"
W000755,SITE_KIT_01,2025-12-05,DSH_DOSA,,0.085,kg,7.96,plate_waste,service,manual,1 plates partly returned
W000756,SITE_KIT_01,2025-12-05,DSH_MIXVEG,,0.144,kg,9.61,overproduction,post_service,pos_derived,"2 portions unsold, 0.5 binned"
W000757,SITE_KIT_01,2025-12-05,DSH_FISHCURRY,,0.72,kg,258.65,overproduction,post_service,pos_derived,"10 portions unsold, 2.4 binned"
W000758,SITE_KIT_01,2025-12-05,DSH_FISHCURRY,,0.102,kg,36.64,plate_waste,service,manual,1 plates partly returned
W000759,SITE_KIT_01,2025-12-05,ING_ONION,,1.635,kg,62.14,prep_trim,prep,manual,yield 0.87 on 30.89 kg net
W000760,SITE_KIT_01,2025-12-05,ING_TOMATO,,0.198,kg,6.33,prep_trim,prep,manual,yield 0.98 on 23.91 kg net
W000761,SITE_KIT_01,2025-12-05,ING_GINGER,,0.037,kg,4.45,prep_trim,prep,manual,yield 0.91 on 1.04 kg net
W000762,SITE_KIT_01,2025-12-05,ING_GARLIC,,0.083,kg,14.92,prep_trim,prep,manual,yield 0.87 on 1.60 kg net
W000763,SITE_KIT_01,2025-12-05,ING_GCHILLI,,0.035,kg,2.43,prep_trim,prep,manual,yield 0.94 on 1.51 kg net
W000764,SITE_KIT_01,2025-12-05,ING_MINT,,0.03,kg,1.82,prep_trim,prep,manual,yield 0.88 on 0.66 kg net
W000765,SITE_KIT_01,2025-12-05,ING_CORIANDER,,0.073,kg,4.36,prep_trim,prep,manual,yield 0.86 on 1.30 kg net
W000766,SITE_KIT_01,2025-12-05,ING_CARROT,,0.371,kg,16.71,prep_trim,prep,manual,yield 0.85 on 6.12 kg net
W000767,SITE_KIT_01,2025-12-05,ING_BEANS,,0.121,kg,7.26,prep_trim,prep,manual,yield 0.91 on 3.78 kg net
W000768,SITE_KIT_01,2025-12-05,ING_CAULI,,5.258,kg,210.3,prep_trim,prep,manual,yield 0.49 on 15.12 kg net
W000769,SITE_KIT_01,2025-12-05,ING_POTATO,,0.736,kg,20.62,prep_trim,prep,manual,yield 0.85 on 12.17 kg net
W000770,SITE_KIT_01,2025-12-05,ING_CAPSICUM,,0.208,kg,16.62,prep_trim,prep,manual,yield 0.85 on 3.41 kg net
W000771,SITE_KIT_01,2025-12-05,ING_SPINACH,,0.754,kg,22.61,prep_trim,prep,manual,yield 0.77 on 7.28 kg net
W000772,SITE_KIT_01,2025-12-05,ING_LEMON,,0.326,kg,29.35,prep_trim,prep,manual,yield 0.56 on 1.20 kg net
W000773,SITE_KIT_01,2025-12-05,ING_CUCUMBER,,0.246,kg,8.62,prep_trim,prep,manual,yield 0.85 on 3.98 kg net
W000774,SITE_KIT_01,2025-12-05,ING_CABBAGE,,0.114,kg,2.86,prep_trim,prep,manual,yield 0.89 on 2.65 kg net
W000775,SITE_KIT_01,2025-12-05,ING_BANANA,,0.549,kg,30.21,prep_trim,prep,manual,yield 0.67 on 3.32 kg net
W000776,SITE_KIT_01,2025-12-05,ING_BRINJAL,,0.18,kg,7.21,prep_trim,prep,manual,yield 0.87 on 3.65 kg net
W000777,SITE_KIT_01,2025-12-05,ING_OKRA,,0.167,kg,9.17,prep_trim,prep,manual,yield 0.90 on 4.31 kg net
W000778,SITE_KIT_01,2025-12-05,ING_MUSHROOM,,0.025,kg,5.56,prep_trim,prep,manual,yield 0.95 on 1.33 kg net
W000779,SITE_KIT_01,2025-12-05,ING_CORIANDER,B00377,0.062,kg,3.72,quality_rejection,storage,manual,"rejected at goods receipt, intake grade 0.96"
W000780,SITE_KIT_01,2025-12-05,ING_OKRA,B00385,0.873,kg,48.02,quality_rejection,storage,manual,"rejected at goods receipt, intake grade 0.91"
W000781,SITE_KIT_01,2025-12-05,ING_BEANS,B00390,0.256,kg,15.36,quality_rejection,storage,manual,"rejected at goods receipt, intake grade 0.89"
W000782,SITE_KIT_01,2025-12-05,ING_MUSHROOM,B00391,0.098,kg,21.56,quality_rejection,storage,manual,"rejected at goods receipt, intake grade 0.89"
W000783,SITE_KIT_01,2025-12-05,ING_MINT,B00336,0.75,kg,45.0,spoilage,storage,manual,"received 2025-12-02, zone ZN_COLD"
W000784,SITE_KIT_01,2025-12-05,ING_LEMON,B00274,1.945,kg,175.05,spoilage,storage,manual,"received 2025-11-29, zone ZN_COLD"
W000785,SITE_KIT_01,2025-12-06,DSH_CHBIRYANI,,0.306,kg,64.79,plate_waste,service,manual,2 plates partly returned
W000786,SITE_KIT_01,2025-12-06,DSH_VGBIRYANI,,0.521,kg,56.61,overproduction,post_service,pos_derived,"4 portions unsold, 1.2 binned"
W000787,SITE_KIT_01,2025-12-06,DSH_PBM,,0.18,kg,52.11,overproduction,post_service,pos_derived,"3 portions unsold, 0.6 binned"
W000788,SITE_KIT_01,2025-12-06,DSH_GOBIMANCH,,1.134,kg,117.37,overproduction,post_service,pos_derived,"9 portions unsold, 4.0 binned"
W000789,SITE_KIT_01,2025-12-06,DSH_GOBIMANCH,,0.095,kg,9.85,plate_waste,service,manual,1 plates partly returned
W000790,SITE_KIT_01,2025-12-06,DSH_PALAK,,0.264,kg,47.62,overproduction,post_service,pos_derived,"4 portions unsold, 0.9 binned"
W000791,SITE_KIT_01,2025-12-06,DSH_PALAK,,0.102,kg,18.4,plate_waste,service,manual,1 plates partly returned
W000792,SITE_KIT_01,2025-12-06,DSH_NAAN,,0.092,kg,10.11,plate_waste,service,manual,3 plates partly returned
W000793,SITE_KIT_01,2025-12-06,DSH_ROTI,,0.071,kg,3.81,plate_waste,service,manual,3 plates partly returned
W000794,SITE_KIT_01,2025-12-06,DSH_JEERARICE,,0.493,kg,42.87,overproduction,post_service,pos_derived,"8 portions unsold, 1.8 binned"
W000795,SITE_KIT_01,2025-12-06,DSH_DALTADKA,,0.102,kg,7.85,plate_waste,service,manual,1 plates partly returned
W000796,SITE_KIT_01,2025-12-06,DSH_ROGANJOSH,,0.518,kg,340.49,overproduction,post_service,pos_derived,"9 portions unsold, 1.6 binned"
W000797,SITE_KIT_01,2025-12-06,DSH_VEGPULAO,,0.672,kg,68.54,overproduction,post_service,pos_derived,"8 portions unsold, 1.9 binned"
W000798,SITE_KIT_01,2025-12-06,DSH_MIXVEG,,0.36,kg,24.02,overproduction,post_service,pos_derived,"5 portions unsold, 1.2 binned"
W000799,SITE_KIT_01,2025-12-06,DSH_FISHCURRY,,0.72,kg,258.65,overproduction,post_service,pos_derived,"10 portions unsold, 2.4 binned"
W000800,SITE_KIT_01,2025-12-06,DSH_FISHCURRY,,0.306,kg,109.93,plate_waste,service,manual,3 plates partly returned
W000801,SITE_KIT_01,2025-12-06,ING_ONION,,1.278,kg,48.57,prep_trim,prep,manual,yield 0.90 on 32.29 kg net
W000802,SITE_KIT_01,2025-12-06,ING_TOMATO,,0.268,kg,8.57,prep_trim,prep,manual,yield 0.97 on 25.42 kg net
W000803,SITE_KIT_01,2025-12-06,ING_GINGER,,0.042,kg,5.03,prep_trim,prep,manual,yield 0.90 on 1.05 kg net
W000804,SITE_KIT_01,2025-12-06,ING_GARLIC,,0.084,kg,15.15,prep_trim,prep,manual,yield 0.87 on 1.67 kg net
W000805,SITE_KIT_01,2025-12-06,ING_GCHILLI,,0.043,kg,3.04,prep_trim,prep,manual,yield 0.92 on 1.54 kg net
W000806,SITE_KIT_01,2025-12-06,ING_MINT,,0.037,kg,2.2,prep_trim,prep,manual,yield 0.85 on 0.62 kg net
W000807,SITE_KIT_01,2025-12-06,ING_CORIANDER,,0.065,kg,3.93,prep_trim,prep,manual,yield 0.87 on 1.32 kg net
W000808,SITE_KIT_01,2025-12-06,ING_CARROT,,0.302,kg,13.57,prep_trim,prep,manual,yield 0.88 on 6.67 kg net
W000809,SITE_KIT_01,2025-12-06,ING_BEANS,,0.156,kg,9.35,prep_trim,prep,manual,yield 0.90 on 4.11 kg net
W000810,SITE_KIT_01,2025-12-06,ING_CAULI,,5.85,kg,233.99,prep_trim,prep,manual,yield 0.50 on 16.90 kg net
W000811,SITE_KIT_01,2025-12-06,ING_POTATO,,0.734,kg,20.55,prep_trim,prep,manual,yield 0.85 on 12.36 kg net
W000812,SITE_KIT_01,2025-12-06,ING_CAPSICUM,,0.27,kg,21.63,prep_trim,prep,manual,yield 0.83 on 3.80 kg net
W000813,SITE_KIT_01,2025-12-06,ING_SPINACH,,0.78,kg,23.39,prep_trim,prep,manual,yield 0.77 on 7.83 kg net
W000814,SITE_KIT_01,2025-12-06,ING_LEMON,,0.4,kg,35.96,prep_trim,prep,manual,yield 0.53 on 1.31 kg net
W000815,SITE_KIT_01,2025-12-06,ING_CUCUMBER,,0.257,kg,8.99,prep_trim,prep,manual,yield 0.85 on 4.34 kg net
W000816,SITE_KIT_01,2025-12-06,ING_CABBAGE,,0.118,kg,2.95,prep_trim,prep,manual,yield 0.89 on 2.89 kg net
W000817,SITE_KIT_01,2025-12-06,ING_BANANA,,0.545,kg,29.97,prep_trim,prep,manual,yield 0.69 on 3.61 kg net
W000818,SITE_KIT_01,2025-12-06,ING_BRINJAL,,0.173,kg,6.91,prep_trim,prep,manual,yield 0.89 on 3.98 kg net
W000819,SITE_KIT_01,2025-12-06,ING_OKRA,,0.173,kg,9.5,prep_trim,prep,manual,yield 0.90 on 4.70 kg net
W000820,SITE_KIT_01,2025-12-06,ING_MUSHROOM,,0.027,kg,5.97,prep_trim,prep,manual,yield 0.95 on 1.45 kg net
W000821,SITE_KIT_01,2025-12-06,ING_TOMATO,B00261,2.076,kg,66.44,spoilage,storage,manual,"received 2025-11-29, zone ZN_COLD"
W000822,SITE_KIT_01,2025-12-07,DSH_CHBIRYANI,,0.279,kg,59.07,overproduction,post_service,pos_derived,"2 portions unsold, 0.6 binned"
W000823,SITE_KIT_01,2025-12-07,DSH_CHBIRYANI,,0.306,kg,64.79,plate_waste,service,manual,2 plates partly returned
W000824,SITE_KIT_01,2025-12-07,DSH_PBM,,0.54,kg,156.33,overproduction,post_service,pos_derived,"9 portions unsold, 1.8 binned"
W000825,SITE_KIT_01,2025-12-07,DSH_PBM,,0.306,kg,88.59,plate_waste,service,manual,3 plates partly returned
W000826,SITE_KIT_01,2025-12-07,DSH_GOBIMANCH,,1.638,kg,169.53,overproduction,post_service,pos_derived,"13 portions unsold, 5.9 binned"
W000827,SITE_KIT_01,2025-12-07,DSH_GOBIMANCH,,0.19,kg,19.71,plate_waste,service,manual,2 plates partly returned
W000828,SITE_KIT_01,2025-12-07,DSH_PALAK,,0.33,kg,59.52,overproduction,post_service,pos_derived,"5 portions unsold, 1.1 binned"
W000829,SITE_KIT_01,2025-12-07,DSH_NAAN,,0.122,kg,13.48,plate_waste,service,manual,4 plates partly returned
W000830,SITE_KIT_01,2025-12-07,DSH_ROTI,,0.024,kg,1.27,plate_waste,service,manual,1 plates partly returned
W000831,SITE_KIT_01,2025-12-07,DSH_JEERARICE,,0.801,kg,69.67,overproduction,post_service,pos_derived,"13 portions unsold, 2.9 binned"
W000832,SITE_KIT_01,2025-12-07,DSH_DALTADKA,,0.72,kg,55.39,overproduction,post_service,pos_derived,"16 portions unsold, 2.4 binned"
W000833,SITE_KIT_01,2025-12-07,DSH_DALTADKA,,0.102,kg,7.85,plate_waste,service,manual,1 plates partly returned
W000834,SITE_KIT_01,2025-12-07,DSH_ROGANJOSH,,0.691,kg,453.99,overproduction,post_service,pos_derived,"12 portions unsold, 2.2 binned"
W000835,SITE_KIT_01,2025-12-07,DSH_ROGANJOSH,,0.109,kg,71.46,plate_waste,service,manual,1 plates partly returned
W000836,SITE_KIT_01,2025-12-07,DSH_VEGPULAO,,0.168,kg,17.14,overproduction,post_service,pos_derived,"2 portions unsold, 0.5 binned"
W000837,SITE_KIT_01,2025-12-07,DSH_DOSA,,0.085,kg,7.96,plate_waste,service,manual,1 plates partly returned
W000838,SITE_KIT_01,2025-12-07,DSH_MIXVEG,,1.296,kg,86.49,overproduction,post_service,pos_derived,"18 portions unsold, 4.3 binned"
W000839,SITE_KIT_01,2025-12-07,DSH_MIXVEG,,0.204,kg,13.61,plate_waste,service,manual,2 plates partly returned
W000840,SITE_KIT_01,2025-12-07,ING_ONION,,0.677,kg,25.72,prep_trim,prep,manual,yield 0.94 on 30.47 kg net
W000841,SITE_KIT_01,2025-12-07,ING_TOMATO,,0.424,kg,13.55,prep_trim,prep,manual,yield 0.95 on 23.75 kg net
W000842,SITE_KIT_01,2025-12-07,ING_GINGER,,0.04,kg,4.76,prep_trim,prep,manual,yield 0.89 on 0.99 kg net
W000843,SITE_KIT_01,2025-12-07,ING_GARLIC,,0.087,kg,15.66,prep_trim,prep,manual,yield 0.86 on 1.55 kg net
W000844,SITE_KIT_01,2025-12-07,ING_GCHILLI,,0.031,kg,2.14,prep_trim,prep,manual,yield 0.94 on 1.47 kg net
W000845,SITE_KIT_01,2025-12-07,ING_MINT,,0.026,kg,1.57,prep_trim,prep,manual,yield 0.88 on 0.58 kg net
W000846,SITE_KIT_01,2025-12-07,ING_CORIANDER,,0.07,kg,4.22,prep_trim,prep,manual,yield 0.86 on 1.22 kg net
W000847,SITE_KIT_01,2025-12-07,ING_CARROT,,0.248,kg,11.18,prep_trim,prep,manual,yield 0.89 on 6.19 kg net
W000848,SITE_KIT_01,2025-12-07,ING_BEANS,,0.144,kg,8.61,prep_trim,prep,manual,yield 0.90 on 3.84 kg net
W000849,SITE_KIT_01,2025-12-07,ING_CAULI,,5.064,kg,202.57,prep_trim,prep,manual,yield 0.50 on 14.72 kg net
W000850,SITE_KIT_01,2025-12-07,ING_POTATO,,0.861,kg,24.11,prep_trim,prep,manual,yield 0.84 on 13.09 kg net
W000851,SITE_KIT_01,2025-12-07,ING_CAPSICUM,,0.219,kg,17.48,prep_trim,prep,manual,yield 0.84 on 3.43 kg net
W000852,SITE_KIT_01,2025-12-07,ING_SPINACH,,0.697,kg,20.9,prep_trim,prep,manual,yield 0.78 on 7.10 kg net
W000853,SITE_KIT_01,2025-12-07,ING_LEMON,,0.325,kg,29.23,prep_trim,prep,manual,yield 0.55 on 1.19 kg net
W000854,SITE_KIT_01,2025-12-07,ING_CUCUMBER,,0.228,kg,7.99,prep_trim,prep,manual,yield 0.85 on 3.93 kg net
W000855,SITE_KIT_01,2025-12-07,ING_CABBAGE,,0.138,kg,3.45,prep_trim,prep,manual,yield 0.87 on 2.62 kg net
W000856,SITE_KIT_01,2025-12-07,ING_BANANA,,0.535,kg,29.45,prep_trim,prep,manual,yield 0.68 on 3.28 kg net
W000857,SITE_KIT_01,2025-12-07,ING_BRINJAL,,0.204,kg,8.14,prep_trim,prep,manual,yield 0.86 on 3.60 kg net
W000858,SITE_KIT_01,2025-12-07,ING_OKRA,,0.15,kg,8.27,prep_trim,prep,manual,yield 0.91 on 4.26 kg net
W000859,SITE_KIT_01,2025-12-07,ING_MUSHROOM,,0.024,kg,5.38,prep_trim,prep,manual,yield 0.95 on 1.31 kg net
W000860,SITE_KIT_01,2025-12-07,ING_SPINACH,B00341,7.035,kg,211.04,spoilage,storage,manual,"received 2025-12-03, zone ZN_COLD"
W000861,SITE_KIT_01,2025-12-07,ING_CORIANDER,B00368,1.239,kg,74.36,spoilage,storage,manual,"received 2025-12-04, zone ZN_COLD"
W000862,SITE_KIT_01,2025-12-07,ING_MINT,B00369,0.75,kg,45.0,spoilage,storage,manual,"received 2025-12-04, zone ZN_COLD"
W000863,SITE_KIT_01,2025-12-07,ING_CURRYLEAF,B00370,0.44,kg,35.19,spoilage,storage,manual,"received 2025-12-04, zone ZN_COLD"
W000864,SITE_KIT_01,2025-12-08,DSH_CHBIRYANI,,0.279,kg,59.07,overproduction,post_service,pos_derived,"2 portions unsold, 0.6 binned"
W000865,SITE_KIT_01,2025-12-08,DSH_VGBIRYANI,,0.651,kg,70.76,overproduction,post_service,pos_derived,"5 portions unsold, 1.6 binned"
W000866,SITE_KIT_01,2025-12-08,DSH_PBM,,1.02,kg,295.29,overproduction,post_service,pos_derived,"17 portions unsold, 3.4 binned"
W000867,SITE_KIT_01,2025-12-08,DSH_PALAK,,0.198,kg,35.71,overproduction,post_service,pos_derived,"3 portions unsold, 0.7 binned"
W000868,SITE_KIT_01,2025-12-08,DSH_NAAN,,0.061,kg,6.74,plate_waste,service,manual,2 plates partly returned
W000869,SITE_KIT_01,2025-12-08,DSH_ROTI,,0.024,kg,1.27,plate_waste,service,manual,1 plates partly returned
W000870,SITE_KIT_01,2025-12-08,DSH_JEERARICE,,0.185,kg,16.08,overproduction,post_service,pos_derived,"3 portions unsold, 0.7 binned"
W000871,SITE_KIT_01,2025-12-08,DSH_DALTADKA,,0.204,kg,15.69,plate_waste,service,manual,2 plates partly returned
W000872,SITE_KIT_01,2025-12-08,DSH_ROGANJOSH,,0.288,kg,189.16,overproduction,post_service,pos_derived,"5 portions unsold, 0.9 binned"
W000873,SITE_KIT_01,2025-12-08,DSH_VEGPULAO,,0.504,kg,51.41,overproduction,post_service,pos_derived,"6 portions unsold, 1.4 binned"
W000874,SITE_KIT_01,2025-12-08,DSH_MIXVEG,,0.102,kg,6.81,plate_waste,service,manual,1 plates partly returned
W000875,SITE_KIT_01,2025-12-08,DSH_FISHCURRY,,0.102,kg,36.64,plate_waste,service,manual,1 plates partly returned
W000876,SITE_KIT_01,2025-12-08,ING_ONION,,0.715,kg,27.17,prep_trim,prep,manual,yield 0.90 on 18.83 kg net
W000877,SITE_KIT_01,2025-12-08,ING_TOMATO,,0.145,kg,4.65,prep_trim,prep,manual,yield 0.97 on 15.74 kg net
W000878,SITE_KIT_01,2025-12-08,ING_GARLIC,,0.055,kg,9.84,prep_trim,prep,manual,yield 0.86 on 0.97 kg net
W000879,SITE_KIT_01,2025-12-08,ING_CORIANDER,,0.035,kg,2.07,prep_trim,prep,manual,yield 0.88 on 0.73 kg net
W000880,SITE_KIT_01,2025-12-08,ING_CARROT,,0.17,kg,7.67,prep_trim,prep,manual,yield 0.88 on 3.79 kg net
W000881,SITE_KIT_01,2025-12-08,ING_BEANS,,0.083,kg,4.97,prep_trim,prep,manual,yield 0.90 on 2.30 kg net
W000882,SITE_KIT_01,2025-12-08,ING_CAULI,,3.065,kg,122.58,prep_trim,prep,manual,yield 0.51 on 9.53 kg net
W000883,SITE_KIT_01,2025-12-08,ING_POTATO,,0.525,kg,14.71,prep_trim,prep,manual,yield 0.84 on 8.19 kg net
W000884,SITE_KIT_01,2025-12-08,ING_CAPSICUM,,0.161,kg,12.88,prep_trim,prep,manual,yield 0.82 on 2.13 kg net
W000885,SITE_KIT_01,2025-12-08,ING_SPINACH,,0.455,kg,13.66,prep_trim,prep,manual,yield 0.78 on 4.73 kg net
W000886,SITE_KIT_01,2025-12-08,ING_LEMON,,0.2,kg,18.03,prep_trim,prep,manual,yield 0.57 on 0.77 kg net
W000887,SITE_KIT_01,2025-12-08,ING_CUCUMBER,,0.177,kg,6.21,prep_trim,prep,manual,yield 0.83 on 2.61 kg net
W000888,SITE_KIT_01,2025-12-08,ING_CABBAGE,,0.079,kg,1.97,prep_trim,prep,manual,yield 0.88 on 1.74 kg net
W000889,SITE_KIT_01,2025-12-08,ING_BANANA,,0.343,kg,18.87,prep_trim,prep,manual,yield 0.68 on 2.17 kg net
W000890,SITE_KIT_01,2025-12-08,ING_BRINJAL,,0.118,kg,4.71,prep_trim,prep,manual,yield 0.87 on 2.39 kg net
W000891,SITE_KIT_01,2025-12-08,ING_OKRA,,0.112,kg,6.16,prep_trim,prep,manual,yield 0.90 on 2.82 kg net
W000892,SITE_KIT_01,2025-12-08,ING_MINT,B00447,0.059,kg,3.54,quality_rejection,storage,manual,"rejected at goods receipt, intake grade 1.00"
W000893,SITE_KIT_01,2025-12-08,ING_CAPSICUM,B00312,0.702,kg,56.18,spoilage,storage,manual,"received 2025-12-01, zone ZN_COLD"
W000894,SITE_KIT_01,2025-12-08,ING_MINT,B00387,0.75,kg,45.0,spoilage,storage,manual,"received 2025-12-05, zone ZN_COLD"
W000895,SITE_KIT_01,2025-12-09,DSH_CHBIRYANI,,0.153,kg,32.4,plate_waste,service,manual,1 plates partly returned
W000896,SITE_KIT_01,2025-12-09,DSH_GOBIMANCH,,1.638,kg,169.53,overproduction,post_service,pos_derived,"13 portions unsold, 5.9 binned"
W000897,SITE_KIT_01,2025-12-09,DSH_PALAK,,0.66,kg,119.04,overproduction,post_service,pos_derived,"10 portions unsold, 2.2 binned"
W000898,SITE_KIT_01,2025-12-09,DSH_NAAN,,0.061,kg,6.74,plate_waste,service,manual,2 plates partly returned
W000899,SITE_KIT_01,2025-12-09,DSH_ROTI,,0.119,kg,6.36,plate_waste,service,manual,5 plates partly returned
W000900,SITE_KIT_01,2025-12-09,DSH_JEERARICE,,0.554,kg,48.23,overproduction,post_service,pos_derived,"9 portions unsold, 2.0 binned"
W000901,SITE_KIT_01,2025-12-09,DSH_JEERARICE,,0.095,kg,8.28,plate_waste,service,manual,1 plates partly returned
W000902,SITE_KIT_01,2025-12-09,DSH_DALTADKA,,0.405,kg,31.16,overproduction,post_service,pos_derived,"9 portions unsold, 1.3 binned"
W000903,SITE_KIT_01,2025-12-09,DSH_DALTADKA,,0.204,kg,15.69,plate_waste,service,manual,2 plates partly returned
W000904,SITE_KIT_01,2025-12-09,DSH_ROGANJOSH,,0.288,kg,189.16,overproduction,post_service,pos_derived,"5 portions unsold, 0.9 binned"
W000905,SITE_KIT_01,2025-12-09,DSH_VEGPULAO,,0.252,kg,25.7,overproduction,post_service,pos_derived,"3 portions unsold, 0.7 binned"
W000906,SITE_KIT_01,2025-12-09,DSH_MIXVEG,,0.864,kg,57.66,overproduction,post_service,pos_derived,"12 portions unsold, 2.9 binned"
W000907,SITE_KIT_01,2025-12-09,DSH_MIXVEG,,0.102,kg,6.81,plate_waste,service,manual,1 plates partly returned
W000908,SITE_KIT_01,2025-12-09,DSH_FISHCURRY,,0.102,kg,36.64,plate_waste,service,manual,1 plates partly returned
W000909,SITE_KIT_01,2025-12-09,ING_ONION,,0.904,kg,34.34,prep_trim,prep,manual,yield 0.88 on 19.98 kg net
W000910,SITE_KIT_01,2025-12-09,ING_TOMATO,,0.221,kg,7.06,prep_trim,prep,manual,yield 0.96 on 15.32 kg net
W000911,SITE_KIT_01,2025-12-09,ING_GINGER,,0.025,kg,3.03,prep_trim,prep,manual,yield 0.89 on 0.59 kg net
W000912,SITE_KIT_01,2025-12-09,ING_GARLIC,,0.058,kg,10.38,prep_trim,prep,manual,yield 0.85 on 0.95 kg net
W000913,SITE_KIT_01,2025-12-09,ING_MINT,,0.023,kg,1.36,prep_trim,prep,manual,yield 0.86 on 0.40 kg net
W000914,SITE_KIT_01,2025-12-09,ING_CORIANDER,,0.051,kg,3.04,prep_trim,prep,manual,yield 0.85 on 0.82 kg net
W000915,SITE_KIT_01,2025-12-09,ING_CARROT,,0.194,kg,8.73,prep_trim,prep,manual,yield 0.89 on 4.40 kg net
W000916,SITE_KIT_01,2025-12-09,ING_BEANS,,0.114,kg,6.86,prep_trim,prep,manual,yield 0.89 on 2.78 kg net
W000917,SITE_KIT_01,2025-12-09,ING_CAULI,,3.295,kg,131.79,prep_trim,prep,manual,yield 0.51 on 10.10 kg net
W000918,SITE_KIT_01,2025-12-09,ING_POTATO,,0.638,kg,17.87,prep_trim,prep,manual,yield 0.84 on 10.06 kg net
W000919,SITE_KIT_01,2025-12-09,ING_CAPSICUM,,0.151,kg,12.07,prep_trim,prep,manual,yield 0.83 on 2.21 kg net
W000920,SITE_KIT_01,2025-12-09,ING_SPINACH,,0.424,kg,12.73,prep_trim,prep,manual,yield 0.79 on 4.73 kg net
W000921,SITE_KIT_01,2025-12-09,ING_LEMON,,0.223,kg,20.05,prep_trim,prep,manual,yield 0.55 on 0.80 kg net
W000922,SITE_KIT_01,2025-12-09,ING_CUCUMBER,,0.167,kg,5.86,prep_trim,prep,manual,yield 0.84 on 2.68 kg net
W000923,SITE_KIT_01,2025-12-09,ING_CABBAGE,,0.089,kg,2.22,prep_trim,prep,manual,yield 0.87 on 1.79 kg net
W000924,SITE_KIT_01,2025-12-09,ING_BANANA,,0.363,kg,19.95,prep_trim,prep,manual,yield 0.68 on 2.24 kg net
W000925,SITE_KIT_01,2025-12-09,ING_BRINJAL,,0.122,kg,4.89,prep_trim,prep,manual,yield 0.87 on 2.46 kg net
W000926,SITE_KIT_01,2025-12-09,ING_OKRA,,0.095,kg,5.21,prep_trim,prep,manual,yield 0.91 on 2.91 kg net
W000927,SITE_KIT_01,2025-12-09,ING_GARLIC,B00458,0.364,kg,65.52,quality_rejection,storage,manual,"rejected at goods receipt, intake grade 0.93"
W000928,SITE_KIT_01,2025-12-09,ING_CAPSICUM,B00460,0.818,kg,65.44,quality_rejection,storage,manual,"rejected at goods receipt, intake grade 0.99"
W000929,SITE_KIT_01,2025-12-09,ING_CABBAGE,B00461,0.333,kg,8.33,quality_rejection,storage,manual,"rejected at goods receipt, intake grade 0.92"
W000930,SITE_KIT_01,2025-12-09,ING_OKRA,B00463,0.484,kg,26.62,quality_rejection,storage,manual,"rejected at goods receipt, intake grade 0.92"
W000931,SITE_KIT_01,2025-12-09,ING_CUCUMBER,B00470,0.774,kg,27.09,quality_rejection,storage,manual,"rejected at goods receipt, intake grade 0.90"
W000932,SITE_KIT_01,2025-12-09,ING_SPINACH,B00376,3.663,kg,109.9,spoilage,storage,manual,"received 2025-12-05, zone ZN_COLD"
W000933,SITE_KIT_01,2025-12-09,ING_CABBAGE,B00268,0.481,kg,12.01,spoilage,storage,manual,"received 2025-11-29, zone ZN_COLD"
W000934,SITE_KIT_01,2025-12-09,ING_LEMON,B00352,3.385,kg,304.65,spoilage,storage,manual,"received 2025-12-03, zone ZN_COLD"
W000935,SITE_KIT_01,2025-12-09,ING_BEANS,B00353,0.836,kg,50.19,spoilage,storage,manual,"received 2025-12-03, zone ZN_COLD"
W000936,SITE_KIT_01,2025-12-09,ING_BUTTER,B00365,0.138,kg,71.71,spoilage,storage,manual,"received 2025-12-03, zone ZN_COLD"
W000937,SITE_KIT_01,2025-12-09,ING_BATTER,B00444,11.864,kg,830.48,spoilage,storage,manual,"received 2025-12-07, zone ZN_COLD"
W000938,SITE_KIT_01,2025-12-10,DSH_CHBIRYANI,,0.977,kg,206.76,overproduction,post_service,pos_derived,"7 portions unsold, 2.2 binned"
W000939,SITE_KIT_01,2025-12-10,DSH_CHBIRYANI,,0.153,kg,32.4,plate_waste,service,manual,1 plates partly returned
W000940,SITE_KIT_01,2025-12-10,DSH_VGBIRYANI,,0.428,kg,46.56,plate_waste,service,manual,3 plates partly returned
W000941,SITE_KIT_01,2025-12-10,DSH_PBM,,0.3,kg,86.85,overproduction,post_service,pos_derived,"5 portions unsold, 1.0 binned"
W000942,SITE_KIT_01,2025-12-10,DSH_PBM,,0.204,kg,59.06,plate_waste,service,manual,2 plates partly returned
W000943,SITE_KIT_01,2025-12-10,DSH_GOBIMANCH,,0.126,kg,13.04,overproduction,post_service,pos_derived,"1 portions unsold, 0.5 binned"
W000944,SITE_KIT_01,2025-12-10,DSH_PALAK,,0.264,kg,47.62,overproduction,post_service,pos_derived,"4 portions unsold, 0.9 binned"
W000945,SITE_KIT_01,2025-12-10,DSH_NAAN,,0.092,kg,10.11,plate_waste,service,manual,3 plates partly returned
W000946,SITE_KIT_01,2025-12-10,DSH_ROTI,,0.024,kg,1.27,plate_waste,service,manual,1 plates partly returned
W000947,SITE_KIT_01,2025-12-10,DSH_JEERARICE,,0.616,kg,53.59,overproduction,post_service,pos_derived,"10 portions unsold, 2.2 binned"
W000948,SITE_KIT_01,2025-12-10,DSH_DALTADKA,,0.405,kg,31.16,overproduction,post_service,pos_derived,"9 portions unsold, 1.3 binned"
W000949,SITE_KIT_01,2025-12-10,DSH_ROGANJOSH,,0.109,kg,71.46,plate_waste,service,manual,1 plates partly returned
W000950,SITE_KIT_01,2025-12-10,DSH_VEGPULAO,,0.336,kg,34.27,overproduction,post_service,pos_derived,"4 portions unsold, 1.0 binned"
W000951,SITE_KIT_01,2025-12-10,DSH_DOSA,,0.085,kg,7.96,plate_waste,service,manual,1 plates partly returned
W000952,SITE_KIT_01,2025-12-10,DSH_MIXVEG,,0.576,kg,38.44,overproduction,post_service,pos_derived,"8 portions unsold, 1.9 binned"
W000953,SITE_KIT_01,2025-12-10,ING_ONION,,0.6,kg,22.82,prep_trim,prep,manual,yield 0.91 on 18.86 kg net
W000954,SITE_KIT_01,2025-12-10,ING_TOMATO,,0.232,kg,7.41,prep_trim,prep,manual,yield 0.95 on 14.22 kg net
W000955,SITE_KIT_01,2025-12-10,ING_GARLIC,,0.051,kg,9.19,prep_trim,prep,manual,yield 0.86 on 0.91 kg net
W000956,SITE_KIT_01,2025-12-10,ING_GCHILLI,,0.022,kg,1.54,prep_trim,prep,manual,yield 0.94 on 0.95 kg net
W000957,SITE_KIT_01,2025-12-10,ING_CORIANDER,,0.037,kg,2.2,prep_trim,prep,manual,yield 0.87 on 0.73 kg net
W000958,SITE_KIT_01,2025-12-10,ING_CARROT,,0.141,kg,6.33,prep_trim,prep,manual,yield 0.90 on 3.80 kg net
W000959,SITE_KIT_01,2025-12-10,ING_BEANS,,0.07,kg,4.19,prep_trim,prep,manual,yield 0.92 on 2.33 kg net
W000960,SITE_KIT_01,2025-12-10,ING_CAULI,,3.061,kg,122.43,prep_trim,prep,manual,yield 0.50 on 8.96 kg net
W000961,SITE_KIT_01,2025-12-10,ING_POTATO,,0.637,kg,17.82,prep_trim,prep,manual,yield 0.85 on 10.34 kg net
W000962,SITE_KIT_01,2025-12-10,ING_CAPSICUM,,0.134,kg,10.75,prep_trim,prep,manual,yield 0.84 on 2.08 kg net
W000963,SITE_KIT_01,2025-12-10,ING_SPINACH,,0.43,kg,12.91,prep_trim,prep,manual,yield 0.78 on 4.55 kg net
W000964,SITE_KIT_01,2025-12-10,ING_LEMON,,0.205,kg,18.45,prep_trim,prep,manual,yield 0.55 on 0.74 kg net
W000965,SITE_KIT_01,2025-12-10,ING_CUCUMBER,,0.14,kg,4.88,prep_trim,prep,manual,yield 0.86 on 2.51 kg net
W000966,SITE_KIT_01,2025-12-10,ING_CABBAGE,,0.07,kg,1.74,prep_trim,prep,manual,yield 0.89 on 1.67 kg net
W000967,SITE_KIT_01,2025-12-10,ING_BANANA,,0.307,kg,16.91,prep_trim,prep,manual,yield 0.70 on 2.09 kg net
W000968,SITE_KIT_01,2025-12-10,ING_BRINJAL,,0.116,kg,4.65,prep_trim,prep,manual,yield 0.87 on 2.30 kg net
W000969,SITE_KIT_01,2025-12-10,ING_OKRA,,0.103,kg,5.67,prep_trim,prep,manual,yield 0.90 on 2.72 kg net
W000970,SITE_KIT_01,2025-12-10,ING_SPINACH,B00482,0.663,kg,19.89,quality_rejection,storage,manual,"rejected at goods receipt, intake grade 0.92"
W000971,SITE_KIT_01,2025-12-11,DSH_VGBIRYANI,,0.391,kg,42.45,overproduction,post_service,pos_derived,"3 portions unsold, 0.9 binned"
W000972,SITE_KIT_01,2025-12-11,DSH_PBM,,0.72,kg,208.44,overproduction,post_service,pos_derived,"12 portions unsold, 2.4 binned"
W000973,SITE_KIT_01,2025-12-11,DSH_GOBIMANCH,,1.386,kg,143.45,overproduction,post_service,pos_derived,"11 portions unsold, 5.0 binned"
W000974,SITE_KIT_01,2025-12-11,DSH_PALAK,,0.462,kg,83.33,overproduction,post_service,pos_derived,"7 portions unsold, 1.5 binned"
W000975,SITE_KIT_01,2025-12-11,DSH_NAAN,,0.031,kg,3.37,plate_waste,service,manual,1 plates partly returned
W000976,SITE_KIT_01,2025-12-11,DSH_ROTI,,0.143,kg,7.63,plate_waste,service,manual,6 plates partly returned
W000977,SITE_KIT_01,2025-12-11,DSH_JEERARICE,,0.493,kg,42.87,overproduction,post_service,pos_derived,"8 portions unsold, 1.8 binned"
W000978,SITE_KIT_01,2025-12-11,DSH_JEERARICE,,0.095,kg,8.28,plate_waste,service,manual,1 plates partly returned
W000979,SITE_KIT_01,2025-12-11,DSH_DALTADKA,,0.54,kg,41.54,overproduction,post_service,pos_derived,"12 portions unsold, 1.8 binned"
W000980,SITE_KIT_01,2025-12-11,DSH_ROGANJOSH,,0.173,kg,113.5,overproduction,post_service,pos_derived,"3 portions unsold, 0.5 binned"
W000981,SITE_KIT_01,2025-12-11,DSH_ROGANJOSH,,0.109,kg,71.46,plate_waste,service,manual,1 plates partly returned
W000982,SITE_KIT_01,2025-12-11,DSH_VEGPULAO,,1.092,kg,111.38,overproduction,post_service,pos_derived,"13 portions unsold, 3.1 binned"
W000983,SITE_KIT_01,2025-12-11,DSH_VEGPULAO,,0.119,kg,12.14,plate_waste,service,manual,1 plates partly returned
W000984,SITE_KIT_01,2025-12-11,DSH_MIXVEG,,0.576,kg,38.44,overproduction,post_service,pos_derived,"8 portions unsold, 1.9 binned"
W000985,SITE_KIT_01,2025-12-11,DSH_FISHCURRY,,0.144,kg,51.73,overproduction,post_service,pos_derived,"2 portions unsold, 0.5 binned"
W000986,SITE_KIT_01,2025-12-11,DSH_FISHCURRY,,0.204,kg,73.28,plate_waste,service,manual,2 plates partly returned
W000987,SITE_KIT_01,2025-12-11,ING_ONION,,0.648,kg,24.62,prep_trim,prep,manual,yield 0.92 on 22.03 kg net
W000988,SITE_KIT_01,2025-12-11,ING_TOMATO,,0.062,kg,1.98,prep_trim,prep,manual,yield 0.99 on 18.04 kg net
W000989,SITE_KIT_01,2025-12-11,ING_GINGER,,0.021,kg,2.57,prep_trim,prep,manual,yield 0.92 on 0.72 kg net
W000990,SITE_KIT_01,2025-12-11,ING_GARLIC,,0.044,kg,7.94,prep_trim,prep,manual,yield 0.90 on 1.15 kg net
W000991,SITE_KIT_01,2025-12-11,ING_GCHILLI,,0.02,kg,1.4,prep_trim,prep,manual,yield 0.95 on 1.04 kg net
W000992,SITE_KIT_01,2025-12-11,ING_MINT,,0.023,kg,1.36,prep_trim,prep,manual,yield 0.86 on 0.42 kg net
W000993,SITE_KIT_01,2025-12-11,ING_CORIANDER,,0.044,kg,2.62,prep_trim,prep,manual,yield 0.88 on 0.90 kg net
W000994,SITE_KIT_01,2025-12-11,ING_CARROT,,0.173,kg,7.79,prep_trim,prep,manual,yield 0.90 on 4.70 kg net
W000995,SITE_KIT_01,2025-12-11,ING_BEANS,,0.12,kg,7.22,prep_trim,prep,manual,yield 0.89 on 2.95 kg net
W000996,SITE_KIT_01,2025-12-11,ING_CAULI,,3.507,kg,140.26,prep_trim,prep,manual,yield 0.54 on 11.95 kg net
W000997,SITE_KIT_01,2025-12-11,ING_POTATO,,0.486,kg,13.61,prep_trim,prep,manual,yield 0.85 on 8.42 kg net
W000998,SITE_KIT_01,2025-12-11,ING_CAPSICUM,,0.204,kg,16.3,prep_trim,prep,manual,yield 0.82 on 2.73 kg net
W000999,SITE_KIT_01,2025-12-11,ING_SPINACH,,0.461,kg,13.84,prep_trim,prep,manual,yield 0.80 on 5.46 kg net
W001000,SITE_KIT_01,2025-12-11,ING_LEMON,,0.249,kg,22.38,prep_trim,prep,manual,yield 0.54 on 0.86 kg net
W001001,SITE_KIT_01,2025-12-11,ING_CUCUMBER,,0.156,kg,5.46,prep_trim,prep,manual,yield 0.86 on 2.85 kg net
W001002,SITE_KIT_01,2025-12-11,ING_CABBAGE,,0.092,kg,2.3,prep_trim,prep,manual,yield 0.88 on 1.90 kg net
W001003,SITE_KIT_01,2025-12-11,ING_BANANA,,0.399,kg,21.95,prep_trim,prep,manual,yield 0.67 on 2.38 kg net
W001004,SITE_KIT_01,2025-12-11,ING_BRINJAL,,0.101,kg,4.03,prep_trim,prep,manual,yield 0.90 on 2.62 kg net
W001005,SITE_KIT_01,2025-12-11,ING_OKRA,,0.136,kg,7.5,prep_trim,prep,manual,yield 0.89 on 3.09 kg net
W001006,SITE_KIT_01,2025-12-11,ING_OKRA,B00496,0.76,kg,41.8,quality_rejection,storage,manual,"rejected at goods receipt, intake grade 0.94"
W001007,SITE_KIT_01,2025-12-11,ING_CUCUMBER,B00503,0.365,kg,12.78,quality_rejection,storage,manual,"rejected at goods receipt, intake grade 0.94"
W001008,SITE_KIT_01,2025-12-11,ING_BANANA,B00393,8.865,kg,487.57,spoilage,storage,manual,"received 2025-12-05, zone ZN_COLD"
W001009,SITE_KIT_01,2025-12-11,ING_MILK,B00400,0.382,kg,22.16,spoilage,storage,manual,"received 2025-12-05, zone ZN_COLD"
W001010,SITE_KIT_01,2025-12-12,DSH_CHBIRYANI,,4.185,kg,886.1,overproduction,post_service,pos_derived,"30 portions unsold, 9.3 binned"
W001011,SITE_KIT_01,2025-12-12,DSH_VGBIRYANI,,0.521,kg,56.61,overproduction,post_service,pos_derived,"4 portions unsold, 1.2 binned"
W001012,SITE_KIT_01,2025-12-12,DSH_VGBIRYANI,,0.286,kg,31.04,plate_waste,service,manual,2 plates partly returned
W001013,SITE_KIT_01,2025-12-12,DSH_PBM,,0.102,kg,29.53,plate_waste,service,manual,1 plates partly returned
W001014,SITE_KIT_01,2025-12-12,DSH_GOBIMANCH,,0.286,kg,29.56,plate_waste,service,manual,3 plates partly returned
W001015,SITE_KIT_01,2025-12-12,DSH_PALAK,,0.528,kg,95.23,overproduction,post_service,pos_derived,"8 portions unsold, 1.8 binned"
W001016,SITE_KIT_01,2025-12-12,DSH_NAAN,,0.153,kg,16.85,plate_waste,service,manual,5 plates partly returned
W001017,SITE_KIT_01,2025-12-12,DSH_ROTI,,0.071,kg,3.81,plate_waste,service,manual,3 plates partly returned
W001018,SITE_KIT_01,2025-12-12,DSH_JEERARICE,,0.246,kg,21.44,overproduction,post_service,pos_derived,"4 portions unsold, 0.9 binned"
W001019,SITE_KIT_01,2025-12-12,DSH_JEERARICE,,0.095,kg,8.28,plate_waste,service,manual,1 plates partly returned
W001020,SITE_KIT_01,2025-12-12,DSH_DALTADKA,,0.18,kg,13.85,overproduction,post_service,pos_derived,"4 portions unsold, 0.6 binned"
W001021,SITE_KIT_01,2025-12-12,DSH_ROGANJOSH,,0.576,kg,378.32,overproduction,post_service,pos_derived,"10 portions unsold, 1.8 binned"
W001022,SITE_KIT_01,2025-12-12,DSH_VEGPULAO,,0.168,kg,17.14,overproduction,post_service,pos_derived,"2 portions unsold, 0.5 binned"
W001023,SITE_KIT_01,2025-12-12,DSH_DOSA,,0.34,kg,31.84,plate_waste,service,manual,4 plates partly returned
W001024,SITE_KIT_01,2025-12-12,DSH_MIXVEG,,0.144,kg,9.61,overproduction,post_service,pos_derived,"2 portions unsold, 0.5 binned"
W001025,SITE_KIT_01,2025-12-12,DSH_MIXVEG,,0.102,kg,6.81,plate_waste,service,manual,1 plates partly returned
W001026,SITE_KIT_01,2025-12-12,DSH_FISHCURRY,,0.216,kg,77.59,overproduction,post_service,pos_derived,"3 portions unsold, 0.7 binned"
W001027,SITE_KIT_01,2025-12-12,ING_ONION,,1.317,kg,50.03,prep_trim,prep,manual,yield 0.89 on 31.02 kg net
W001028,SITE_KIT_01,2025-12-12,ING_TOMATO,,0.083,kg,2.66,prep_trim,prep,manual,yield 0.99 on 24.20 kg net
W001029,SITE_KIT_01,2025-12-12,ING_GINGER,,0.037,kg,4.49,prep_trim,prep,manual,yield 0.91 on 1.06 kg net
W001030,SITE_KIT_01,2025-12-12,ING_GARLIC,,0.08,kg,14.45,prep_trim,prep,manual,yield 0.87 on 1.59 kg net
W001031,SITE_KIT_01,2025-12-12,ING_GCHILLI,,0.034,kg,2.37,prep_trim,prep,manual,yield 0.94 on 1.50 kg net
W001032,SITE_KIT_01,2025-12-12,ING_MINT,,0.038,kg,2.25,prep_trim,prep,manual,yield 0.85 on 0.64 kg net
W001033,SITE_KIT_01,2025-12-12,ING_CORIANDER,,0.078,kg,4.66,prep_trim,prep,manual,yield 0.85 on 1.27 kg net
W001034,SITE_KIT_01,2025-12-12,ING_CARROT,,0.29,kg,13.04,prep_trim,prep,manual,yield 0.88 on 6.05 kg net
W001035,SITE_KIT_01,2025-12-12,ING_BEANS,,0.163,kg,9.8,prep_trim,prep,manual,yield 0.88 on 3.69 kg net
W001036,SITE_KIT_01,2025-12-12,ING_CAULI,,4.48,kg,179.22,prep_trim,prep,manual,yield 0.52 on 14.16 kg net
W001037,SITE_KIT_01,2025-12-12,ING_POTATO,,0.728,kg,20.39,prep_trim,prep,manual,yield 0.85 on 12.38 kg net
W001038,SITE_KIT_01,2025-12-12,ING_CAPSICUM,,0.221,kg,17.71,prep_trim,prep,manual,yield 0.83 on 3.28 kg net
W001039,SITE_KIT_01,2025-12-12,ING_SPINACH,,0.621,kg,18.64,prep_trim,prep,manual,yield 0.80 on 7.46 kg net
W001040,SITE_KIT_01,2025-12-12,ING_LEMON,,0.33,kg,29.72,prep_trim,prep,manual,yield 0.56 on 1.23 kg net
W001041,SITE_KIT_01,2025-12-12,ING_CUCUMBER,,0.23,kg,8.04,prep_trim,prep,manual,yield 0.86 on 4.10 kg net
W001042,SITE_KIT_01,2025-12-12,ING_CABBAGE,,0.129,kg,3.22,prep_trim,prep,manual,yield 0.88 on 2.74 kg net
W001043,SITE_KIT_01,2025-12-12,ING_BANANA,,0.51,kg,28.04,prep_trim,prep,manual,yield 0.70 on 3.42 kg net
W001044,SITE_KIT_01,2025-12-12,ING_BRINJAL,,0.166,kg,6.65,prep_trim,prep,manual,yield 0.88 on 3.76 kg net
W001045,SITE_KIT_01,2025-12-12,ING_OKRA,,0.174,kg,9.55,prep_trim,prep,manual,yield 0.90 on 4.44 kg net
W001046,SITE_KIT_01,2025-12-12,ING_MUSHROOM,,0.024,kg,5.35,prep_trim,prep,manual,yield 0.95 on 1.37 kg net
W001047,SITE_KIT_01,2025-12-12,ING_SPINACH,B00445,5.435,kg,163.05,spoilage,storage,manual,"received 2025-12-08, zone ZN_COLD"
W001048,SITE_KIT_01,2025-12-12,ING_CORIANDER,B00455,0.335,kg,20.11,spoilage,storage,manual,"received 2025-12-09, zone ZN_COLD"
W001049,SITE_KIT_01,2025-12-12,ING_OKRA,B00385,0.772,kg,42.46,spoilage,storage,manual,"received 2025-12-05, zone ZN_COLD"
W001050,SITE_KIT_01,2025-12-13,DSH_CHBIRYANI,,2.093,kg,443.05,overproduction,post_service,pos_derived,"15 portions unsold, 4.7 binned"
W001051,SITE_KIT_01,2025-12-13,DSH_CHBIRYANI,,0.153,kg,32.4,plate_waste,service,manual,1 plates partly returned
W001052,SITE_KIT_01,2025-12-13,DSH_VGBIRYANI,,1.172,kg,127.36,overproduction,post_service,pos_derived,"9 portions unsold, 2.8 binned"
W001053,SITE_KIT_01,2025-12-13,DSH_VGBIRYANI,,0.428,kg,46.56,plate_waste,service,manual,3 plates partly returned
W001054,SITE_KIT_01,2025-12-13,DSH_PBM,,0.54,kg,156.33,overproduction,post_service,pos_derived,"9 portions unsold, 1.8 binned"
W001055,SITE_KIT_01,2025-12-13,DSH_PBM,,0.204,kg,59.06,plate_waste,service,manual,2 plates partly returned
W001056,SITE_KIT_01,2025-12-13,DSH_PALAK,,0.306,kg,55.19,plate_waste,service,manual,3 plates partly returned
W001057,SITE_KIT_01,2025-12-13,DSH_NAAN,,0.245,kg,26.96,plate_waste,service,manual,8 plates partly returned
W001058,SITE_KIT_01,2025-12-13,DSH_ROTI,,0.119,kg,6.36,plate_waste,service,manual,5 plates partly returned
W001059,SITE_KIT_01,2025-12-13,DSH_JEERARICE,,0.616,kg,53.59,overproduction,post_service,pos_derived,"10 portions unsold, 2.2 binned"
W001060,SITE_KIT_01,2025-12-13,DSH_DALTADKA,,0.45,kg,34.62,overproduction,post_service,pos_derived,"10 portions unsold, 1.5 binned"
W001061,SITE_KIT_01,2025-12-13,DSH_DALTADKA,,0.102,kg,7.85,plate_waste,service,manual,1 plates partly returned
W001062,SITE_KIT_01,2025-12-13,DSH_ROGANJOSH,,0.23,kg,151.33,overproduction,post_service,pos_derived,"4 portions unsold, 0.7 binned"
W001063,SITE_KIT_01,2025-12-13,DSH_VEGPULAO,,0.588,kg,59.98,overproduction,post_service,pos_derived,"7 portions unsold, 1.7 binned"
W001064,SITE_KIT_01,2025-12-13,DSH_VEGPULAO,,0.119,kg,12.14,plate_waste,service,manual,1 plates partly returned
W001065,SITE_KIT_01,2025-12-13,DSH_MIXVEG,,0.936,kg,62.46,overproduction,post_service,pos_derived,"13 portions unsold, 3.1 binned"
W001066,SITE_KIT_01,2025-12-13,ING_ONION,,1.531,kg,58.18,prep_trim,prep,manual,yield 0.88 on 32.71 kg net
W001067,SITE_KIT_01,2025-12-13,ING_TOMATO,,0.248,kg,7.94,prep_trim,prep,manual,yield 0.97 on 26.10 kg net
W001068,SITE_KIT_01,2025-12-13,ING_GINGER,,0.051,kg,6.17,prep_trim,prep,manual,yield 0.88 on 1.09 kg net
W001069,SITE_KIT_01,2025-12-13,ING_GARLIC,,0.08,kg,14.47,prep_trim,prep,manual,yield 0.88 on 1.70 kg net
W001070,SITE_KIT_01,2025-12-13,ING_GCHILLI,,0.024,kg,1.71,prep_trim,prep,manual,yield 0.96 on 1.53 kg net
W001071,SITE_KIT_01,2025-12-13,ING_MINT,,0.035,kg,2.11,prep_trim,prep,manual,yield 0.86 on 0.64 kg net
W001072,SITE_KIT_01,2025-12-13,ING_CORIANDER,,0.064,kg,3.82,prep_trim,prep,manual,yield 0.88 on 1.34 kg net
W001073,SITE_KIT_01,2025-12-13,ING_CARROT,,0.377,kg,16.98,prep_trim,prep,manual,yield 0.86 on 6.80 kg net
W001074,SITE_KIT_01,2025-12-13,ING_BEANS,,0.205,kg,12.27,prep_trim,prep,manual,yield 0.88 on 4.22 kg net
W001075,SITE_KIT_01,2025-12-13,ING_CAULI,,5.002,kg,200.07,prep_trim,prep,manual,yield 0.52 on 16.05 kg net
W001076,SITE_KIT_01,2025-12-13,ING_POTATO,,0.847,kg,23.71,prep_trim,prep,manual,yield 0.83 on 12.30 kg net
W001077,SITE_KIT_01,2025-12-13,ING_CAPSICUM,,0.263,kg,21.03,prep_trim,prep,manual,yield 0.83 on 3.72 kg net
W001078,SITE_KIT_01,2025-12-13,ING_SPINACH,,0.674,kg,20.23,prep_trim,prep,manual,yield 0.80 on 8.01 kg net
W001079,SITE_KIT_01,2025-12-13,ING_LEMON,,0.371,kg,33.37,prep_trim,prep,manual,yield 0.55 on 1.32 kg net
W001080,SITE_KIT_01,2025-12-13,ING_CUCUMBER,,0.268,kg,9.39,prep_trim,prep,manual,yield 0.85 on 4.38 kg net
W001081,SITE_KIT_01,2025-12-13,ING_CABBAGE,,0.118,kg,2.96,prep_trim,prep,manual,yield 0.89 on 2.92 kg net
W001082,SITE_KIT_01,2025-12-13,ING_BANANA,,0.613,kg,33.72,prep_trim,prep,manual,yield 0.67 on 3.65 kg net
W001083,SITE_KIT_01,2025-12-13,ING_BRINJAL,,0.18,kg,7.2,prep_trim,prep,manual,yield 0.88 on 4.02 kg net
W001084,SITE_KIT_01,2025-12-13,ING_OKRA,,0.176,kg,9.7,prep_trim,prep,manual,yield 0.90 on 4.75 kg net
W001085,SITE_KIT_01,2025-12-13,ING_MUSHROOM,,0.025,kg,5.41,prep_trim,prep,manual,yield 0.95 on 1.46 kg net
W001086,SITE_KIT_01,2025-12-13,ING_EGG,B00438,1.265,kg,177.07,spoilage,storage,manual,"received 2025-12-07, zone ZN_COLD"
W001087,SITE_KIT_01,2025-12-13,ING_CURD,B00440,3.346,kg,234.25,spoilage,storage,manual,"received 2025-12-07, zone ZN_COLD"
W001088,SITE_KIT_01,2025-12-13,ING_CREAM,B00442,1.054,kg,231.79,spoilage,storage,manual,"received 2025-12-07, zone ZN_COLD"
W001089,SITE_KIT_01,2025-12-14,DSH_CHBIRYANI,,2.929,kg,620.27,overproduction,post_service,pos_derived,"21 portions unsold, 6.5 binned"
W001090,SITE_KIT_01,2025-12-14,DSH_CHBIRYANI,,0.153,kg,32.4,plate_waste,service,manual,1 plates partly returned
W001091,SITE_KIT_01,2025-12-14,DSH_VGBIRYANI,,0.391,kg,42.45,overproduction,post_service,pos_derived,"3 portions unsold, 0.9 binned"
W001092,SITE_KIT_01,2025-12-14,DSH_PBM,,0.84,kg,243.18,overproduction,post_service,pos_derived,"14 portions unsold, 2.8 binned"
W001093,SITE_KIT_01,2025-12-14,DSH_PBM,,0.102,kg,29.53,plate_waste,service,manual,1 plates partly returned
W001094,SITE_KIT_01,2025-12-14,DSH_GOBIMANCH,,1.26,kg,130.41,overproduction,post_service,pos_derived,"10 portions unsold, 4.5 binned"
W001095,SITE_KIT_01,2025-12-14,DSH_GOBIMANCH,,0.19,kg,19.71,plate_waste,service,manual,2 plates partly returned
W001096,SITE_KIT_01,2025-12-14,DSH_NAAN,,0.092,kg,10.11,plate_waste,service,manual,3 plates partly returned
W001097,SITE_KIT_01,2025-12-14,DSH_ROTI,,0.048,kg,2.54,plate_waste,service,manual,2 plates partly returned
W001098,SITE_KIT_01,2025-12-14,DSH_JEERARICE,,0.308,kg,26.8,overproduction,post_service,pos_derived,"5 portions unsold, 1.1 binned"
W001099,SITE_KIT_01,2025-12-14,DSH_JEERARICE,,0.286,kg,24.85,plate_waste,service,manual,3 plates partly returned
W001100,SITE_KIT_01,2025-12-14,DSH_DALTADKA,,0.225,kg,17.31,overproduction,post_service,pos_derived,"5 portions unsold, 0.8 binned"
W001101,SITE_KIT_01,2025-12-14,DSH_DALTADKA,,0.408,kg,31.39,plate_waste,service,manual,4 plates partly returned
W001102,SITE_KIT_01,2025-12-14,DSH_ROGANJOSH,,0.288,kg,189.16,overproduction,post_service,pos_derived,"5 portions unsold, 0.9 binned"
W001103,SITE_KIT_01,2025-12-14,DSH_MIXVEG,,0.648,kg,43.24,overproduction,post_service,pos_derived,"9 portions unsold, 2.2 binned"
W001104,SITE_KIT_01,2025-12-14,DSH_MIXVEG,,0.102,kg,6.81,plate_waste,service,manual,1 plates partly returned
W001105,SITE_KIT_01,2025-12-14,DSH_FISHCURRY,,0.288,kg,103.46,overproduction,post_service,pos_derived,"4 portions unsold, 1.0 binned"
W001106,SITE_KIT_01,2025-12-14,DSH_FISHCURRY,,0.204,kg,73.28,plate_waste,service,manual,2 plates partly returned
W001107,SITE_KIT_01,2025-12-14,ING_ONION,,1.178,kg,44.77,prep_trim,prep,manual,yield 0.90 on 30.65 kg net
W001108,SITE_KIT_01,2025-12-14,ING_TOMATO,,0.189,kg,6.06,prep_trim,prep,manual,yield 0.98 on 23.82 kg net
W001109,SITE_KIT_01,2025-12-14,ING_GINGER,,0.039,kg,4.71,prep_trim,prep,manual,yield 0.89 on 0.98 kg net
W001110,SITE_KIT_01,2025-12-14,ING_GARLIC,,0.089,kg,16.1,prep_trim,prep,manual,yield 0.85 on 1.55 kg net
W001111,SITE_KIT_01,2025-12-14,ING_GCHILLI,,0.043,kg,3.03,prep_trim,prep,manual,yield 0.92 on 1.49 kg net
W001112,SITE_KIT_01,2025-12-14,ING_MINT,,0.038,kg,2.3,prep_trim,prep,manual,yield 0.84 on 0.57 kg net
W001113,SITE_KIT_01,2025-12-14,ING_CORIANDER,,0.073,kg,4.38,prep_trim,prep,manual,yield 0.85 on 1.21 kg net
W001114,SITE_KIT_01,2025-12-14,ING_CARROT,,0.274,kg,12.32,prep_trim,prep,manual,yield 0.89 on 6.20 kg net
W001115,SITE_KIT_01,2025-12-14,ING_BEANS,,0.113,kg,6.79,prep_trim,prep,manual,yield 0.92 on 3.82 kg net
W001116,SITE_KIT_01,2025-12-14,ING_CAULI,,5.066,kg,202.64,prep_trim,prep,manual,yield 0.51 on 15.41 kg net
W001117,SITE_KIT_01,2025-12-14,ING_POTATO,,0.898,kg,25.15,prep_trim,prep,manual,yield 0.83 on 13.35 kg net
W001118,SITE_KIT_01,2025-12-14,ING_CAPSICUM,,0.24,kg,19.21,prep_trim,prep,manual,yield 0.83 on 3.51 kg net
W001119,SITE_KIT_01,2025-12-14,ING_SPINACH,,0.704,kg,21.11,prep_trim,prep,manual,yield 0.78 on 7.28 kg net
W001120,SITE_KIT_01,2025-12-14,ING_LEMON,,0.367,kg,33.07,prep_trim,prep,manual,yield 0.54 on 1.25 kg net
W001121,SITE_KIT_01,2025-12-14,ING_CUCUMBER,,0.242,kg,8.46,prep_trim,prep,manual,yield 0.85 on 4.10 kg net
W001122,SITE_KIT_01,2025-12-14,ING_CABBAGE,,0.136,kg,3.41,prep_trim,prep,manual,yield 0.87 on 2.74 kg net
W001123,SITE_KIT_01,2025-12-14,ING_BANANA,,0.52,kg,28.59,prep_trim,prep,manual,yield 0.69 on 3.42 kg net
W001124,SITE_KIT_01,2025-12-14,ING_BRINJAL,,0.187,kg,7.47,prep_trim,prep,manual,yield 0.87 on 3.76 kg net
W001125,SITE_KIT_01,2025-12-14,ING_OKRA,,0.162,kg,8.89,prep_trim,prep,manual,yield 0.90 on 4.44 kg net
W001126,SITE_KIT_01,2025-12-14,ING_MUSHROOM,,0.022,kg,4.8,prep_trim,prep,manual,yield 0.96 on 1.37 kg net
W001127,SITE_KIT_01,2025-12-14,ING_SPINACH,B00560,0.458,kg,13.74,quality_rejection,storage,manual,"rejected at goods receipt, intake grade 0.92"
W001128,SITE_KIT_01,2025-12-14,ING_CURRYLEAF,B00563,0.044,kg,3.52,quality_rejection,storage,manual,"rejected at goods receipt, intake grade 0.94"
W001129,SITE_KIT_01,2025-12-14,ING_PEAS,B00427,0.476,kg,42.84,spoilage,storage,manual,"received 2025-12-07, zone ZN_COLD"
W001130,SITE_KIT_01,2025-12-14,ING_MUSHROOM,B00432,0.846,kg,186.09,spoilage,storage,manual,"received 2025-12-07, zone ZN_COLD"
W001131,SITE_KIT_01,2025-12-15,DSH_CHBIRYANI,,0.558,kg,118.15,overproduction,post_service,pos_derived,"4 portions unsold, 1.2 binned"
W001132,SITE_KIT_01,2025-12-15,DSH_VGBIRYANI,,0.391,kg,42.45,overproduction,post_service,pos_derived,"3 portions unsold, 0.9 binned"
W001133,SITE_KIT_01,2025-12-15,DSH_GOBIMANCH,,0.252,kg,26.08,overproduction,post_service,pos_derived,"2 portions unsold, 0.9 binned"
W001134,SITE_KIT_01,2025-12-15,DSH_NAAN,,0.031,kg,3.37,plate_waste,service,manual,1 plates partly returned
W001135,SITE_KIT_01,2025-12-15,DSH_JEERARICE,,0.123,kg,10.72,overproduction,post_service,pos_derived,"2 portions unsold, 0.4 binned"
W001136,SITE_KIT_01,2025-12-15,DSH_JEERARICE,,0.19,kg,16.56,plate_waste,service,manual,2 plates partly returned
W001137,SITE_KIT_01,2025-12-15,DSH_DALTADKA,,0.45,kg,34.62,overproduction,post_service,pos_derived,"10 portions unsold, 1.5 binned"
W001138,SITE_KIT_01,2025-12-15,DSH_DALTADKA,,0.102,kg,7.85,plate_waste,service,manual,1 plates partly returned
W001139,SITE_KIT_01,2025-12-15,DSH_ROGANJOSH,,0.346,kg,226.99,overproduction,post_service,pos_derived,"6 portions unsold, 1.1 binned"
W001140,SITE_KIT_01,2025-12-15,DSH_ROGANJOSH,,0.109,kg,71.46,plate_waste,service,manual,1 plates partly returned
W001141,SITE_KIT_01,2025-12-15,DSH_VEGPULAO,,0.119,kg,12.14,plate_waste,service,manual,1 plates partly returned
W001142,SITE_KIT_01,2025-12-15,DSH_DOSA,,0.255,kg,23.88,plate_waste,service,manual,3 plates partly returned
W001143,SITE_KIT_01,2025-12-15,DSH_MIXVEG,,0.504,kg,33.63,overproduction,post_service,pos_derived,"7 portions unsold, 1.7 binned"
W001144,SITE_KIT_01,2025-12-15,DSH_MIXVEG,,0.102,kg,6.81,plate_waste,service,manual,1 plates partly returned
W001145,SITE_KIT_01,2025-12-15,ING_ONION,,0.777,kg,29.51,prep_trim,prep,manual,yield 0.90 on 19.65 kg net
W001146,SITE_KIT_01,2025-12-15,ING_TOMATO,,0.233,kg,7.45,prep_trim,prep,manual,yield 0.96 on 16.09 kg net
W001147,SITE_KIT_01,2025-12-15,ING_GINGER,,0.02,kg,2.41,prep_trim,prep,manual,yield 0.91 on 0.62 kg net
W001148,SITE_KIT_01,2025-12-15,ING_GARLIC,,0.048,kg,8.69,prep_trim,prep,manual,yield 0.87 on 0.98 kg net
W001149,SITE_KIT_01,2025-12-15,ING_CORIANDER,,0.048,kg,2.9,prep_trim,prep,manual,yield 0.84 on 0.74 kg net
W001150,SITE_KIT_01,2025-12-15,ING_CARROT,,0.205,kg,9.21,prep_trim,prep,manual,yield 0.87 on 4.05 kg net
W001151,SITE_KIT_01,2025-12-15,ING_BEANS,,0.109,kg,6.54,prep_trim,prep,manual,yield 0.89 on 2.48 kg net
W001152,SITE_KIT_01,2025-12-15,ING_CAULI,,3.329,kg,133.17,prep_trim,prep,manual,yield 0.50 on 9.72 kg net
W001153,SITE_KIT_01,2025-12-15,ING_POTATO,,0.56,kg,15.67,prep_trim,prep,manual,yield 0.85 on 9.53 kg net
W001154,SITE_KIT_01,2025-12-15,ING_CAPSICUM,,0.124,kg,9.91,prep_trim,prep,manual,yield 0.86 on 2.26 kg net
W001155,SITE_KIT_01,2025-12-15,ING_SPINACH,,0.413,kg,12.4,prep_trim,prep,manual,yield 0.80 on 4.73 kg net
W001156,SITE_KIT_01,2025-12-15,ING_LEMON,,0.232,kg,20.87,prep_trim,prep,manual,yield 0.54 on 0.79 kg net
W001157,SITE_KIT_01,2025-12-15,ING_CUCUMBER,,0.145,kg,5.07,prep_trim,prep,manual,yield 0.86 on 2.68 kg net
W001158,SITE_KIT_01,2025-12-15,ING_CABBAGE,,0.083,kg,2.06,prep_trim,prep,manual,yield 0.88 on 1.79 kg net
W001159,SITE_KIT_01,2025-12-15,ING_BANANA,,0.378,kg,20.8,prep_trim,prep,manual,yield 0.67 on 2.24 kg net
W001160,SITE_KIT_01,2025-12-15,ING_BRINJAL,,0.122,kg,4.89,prep_trim,prep,manual,yield 0.87 on 2.46 kg net
W001161,SITE_KIT_01,2025-12-15,ING_OKRA,,0.099,kg,5.44,prep_trim,prep,manual,yield 0.91 on 2.91 kg net
W001162,SITE_KIT_01,2025-12-15,ING_CAPSICUM,B00571,0.829,kg,66.32,quality_rejection,storage,manual,"rejected at goods receipt, intake grade 1.00"
W001163,SITE_KIT_01,2025-12-15,ING_CORIANDER,B00516,0.29,kg,17.37,spoilage,storage,manual,"received 2025-12-12, zone ZN_COLD"
W001164,SITE_KIT_01,2025-12-15,ING_MINT,B00517,0.237,kg,14.24,spoilage,storage,manual,"received 2025-12-12, zone ZN_COLD"
W001165,SITE_KIT_01,2025-12-15,ING_LEMON,B00467,0.648,kg,58.33,spoilage,storage,manual,"received 2025-12-09, zone ZN_COLD"
W001166,SITE_KIT_01,2025-12-16,DSH_CHBIRYANI,,1.395,kg,295.37,overproduction,post_service,pos_derived,"10 portions unsold, 3.1 binned"
W001167,SITE_KIT_01,2025-12-16,DSH_CHBIRYANI,,0.153,kg,32.4,plate_waste,service,manual,1 plates partly returned
W001168,SITE_KIT_01,2025-12-16,DSH_VGBIRYANI,,2.213,kg,240.58,overproduction,post_service,pos_derived,"17 portions unsold, 5.3 binned"
W001169,SITE_KIT_01,2025-12-16,DSH_VGBIRYANI,,0.286,kg,31.04,plate_waste,service,manual,2 plates partly returned
W001170,SITE_KIT_01,2025-12-16,DSH_PBM,,0.24,kg,69.48,overproduction,post_service,pos_derived,"4 portions unsold, 0.8 binned"
W001171,SITE_KIT_01,2025-12-16,DSH_PBM,,0.102,kg,29.53,plate_waste,service,manual,1 plates partly returned
W001172,SITE_KIT_01,2025-12-16,DSH_GOBIMANCH,,1.008,kg,104.33,overproduction,post_service,pos_derived,"8 portions unsold, 3.6 binned"
W001173,SITE_KIT_01,2025-12-16,DSH_GOBIMANCH,,0.095,kg,9.85,plate_waste,service,manual,1 plates partly returned
W001174,SITE_KIT_01,2025-12-16,DSH_PALAK,,0.858,kg,154.75,overproduction,post_service,pos_derived,"13 portions unsold, 2.9 binned"
W001175,SITE_KIT_01,2025-12-16,DSH_NAAN,,0.092,kg,10.11,plate_waste,service,manual,3 plates partly returned
W001176,SITE_KIT_01,2025-12-16,DSH_JEERARICE,,0.095,kg,8.28,plate_waste,service,manual,1 plates partly returned
W001177,SITE_KIT_01,2025-12-16,DSH_DALTADKA,,0.72,kg,55.39,overproduction,post_service,pos_derived,"16 portions unsold, 2.4 binned"
W001178,SITE_KIT_01,2025-12-16,DSH_DALTADKA,,0.102,kg,7.85,plate_waste,service,manual,1 plates partly returned
W001179,SITE_KIT_01,2025-12-16,DSH_ROGANJOSH,,0.23,kg,151.33,overproduction,post_service,pos_derived,"4 portions unsold, 0.7 binned"
W001180,SITE_KIT_01,2025-12-16,DSH_VEGPULAO,,0.119,kg,12.14,plate_waste,service,manual,1 plates partly returned
W001181,SITE_KIT_01,2025-12-16,DSH_DOSA,,0.255,kg,23.88,plate_waste,service,manual,3 plates partly returned
W001182,SITE_KIT_01,2025-12-16,DSH_FISHCURRY,,0.102,kg,36.64,plate_waste,service,manual,1 plates partly returned
W001183,SITE_KIT_01,2025-12-16,ING_ONION,,0.8,kg,30.39,prep_trim,prep,manual,yield 0.90 on 20.43 kg net
W001184,SITE_KIT_01,2025-12-16,ING_TOMATO,,0.246,kg,7.86,prep_trim,prep,manual,yield 0.96 on 15.69 kg net
W001185,SITE_KIT_01,2025-12-16,ING_GINGER,,0.023,kg,2.73,prep_trim,prep,manual,yield 0.90 on 0.60 kg net
W001186,SITE_KIT_01,2025-12-16,ING_GARLIC,,0.057,kg,10.19,prep_trim,prep,manual,yield 0.85 on 0.97 kg net
W001187,SITE_KIT_01,2025-12-16,ING_GCHILLI,,0.022,kg,1.57,prep_trim,prep,manual,yield 0.94 on 0.97 kg net
W001188,SITE_KIT_01,2025-12-16,ING_MINT,,0.023,kg,1.41,prep_trim,prep,manual,yield 0.86 on 0.41 kg net
W001189,SITE_KIT_01,2025-12-16,ING_CORIANDER,,0.059,kg,3.55,prep_trim,prep,manual,yield 0.83 on 0.85 kg net
W001190,SITE_KIT_01,2025-12-16,ING_CARROT,,0.17,kg,7.65,prep_trim,prep,manual,yield 0.90 on 4.48 kg net
W001191,SITE_KIT_01,2025-12-16,ING_BEANS,,0.083,kg,5.0,prep_trim,prep,manual,yield 0.92 on 2.85 kg net
W001192,SITE_KIT_01,2025-12-16,ING_CAULI,,3.38,kg,135.21,prep_trim,prep,manual,yield 0.51 on 10.19 kg net
W001193,SITE_KIT_01,2025-12-16,ING_POTATO,,0.551,kg,15.42,prep_trim,prep,manual,yield 0.87 on 10.50 kg net
W001194,SITE_KIT_01,2025-12-16,ING_CAPSICUM,,0.152,kg,12.12,prep_trim,prep,manual,yield 0.83 on 2.24 kg net
W001195,SITE_KIT_01,2025-12-16,ING_SPINACH,,0.451,kg,13.54,prep_trim,prep,manual,yield 0.79 on 4.91 kg net
W001196,SITE_KIT_01,2025-12-16,ING_LEMON,,0.24,kg,21.58,prep_trim,prep,manual,yield 0.53 on 0.80 kg net
W001197,SITE_KIT_01,2025-12-16,ING_CUCUMBER,,0.153,kg,5.35,prep_trim,prep,manual,yield 0.86 on 2.67 kg net
W001198,SITE_KIT_01,2025-12-16,ING_CABBAGE,,0.082,kg,2.06,prep_trim,prep,manual,yield 0.88 on 1.78 kg net
W001199,SITE_KIT_01,2025-12-16,ING_BANANA,,0.336,kg,18.47,prep_trim,prep,manual,yield 0.69 on 2.22 kg net
W001200,SITE_KIT_01,2025-12-16,ING_BRINJAL,,0.095,kg,3.79,prep_trim,prep,manual,yield 0.90 on 2.45 kg net
W001201,SITE_KIT_01,2025-12-16,ING_OKRA,,0.117,kg,6.46,prep_trim,prep,manual,yield 0.89 on 2.89 kg net
W001202,SITE_KIT_01,2025-12-16,ING_MUSHROOM,,0.024,kg,5.21,prep_trim,prep,manual,yield 0.93 on 0.89 kg net
W001203,SITE_KIT_01,2025-12-16,ING_SPINACH,B00593,0.46,kg,13.8,quality_rejection,storage,manual,"rejected at goods receipt, intake grade 0.98"
W001204,SITE_KIT_01,2025-12-16,ING_CURRYLEAF,B00536,0.124,kg,9.9,spoilage,storage,manual,"received 2025-12-13, zone ZN_COLD"
W001205,SITE_KIT_01,2025-12-17,DSH_CHBIRYANI,,0.837,kg,177.22,overproduction,post_service,pos_derived,"6 portions unsold, 1.9 binned"
W001206,SITE_KIT_01,2025-12-17,DSH_CHBIRYANI,,0.153,kg,32.4,plate_waste,service,manual,1 plates partly returned
W001207,SITE_KIT_01,2025-12-17,DSH_PBM,,1.02,kg,295.29,overproduction,post_service,pos_derived,"17 portions unsold, 3.4 binned"
W001208,SITE_KIT_01,2025-12-17,DSH_GOBIMANCH,,0.19,kg,19.71,plate_waste,service,manual,2 plates partly returned
W001209,SITE_KIT_01,2025-12-17,DSH_PALAK,,0.132,kg,23.81,overproduction,post_service,pos_derived,"2 portions unsold, 0.4 binned"
W001210,SITE_KIT_01,2025-12-17,DSH_NAAN,,0.092,kg,10.11,plate_waste,service,manual,3 plates partly returned
W001211,SITE_KIT_01,2025-12-17,DSH_ROTI,,0.143,kg,7.63,plate_waste,service,manual,6 plates partly returned
W001212,SITE_KIT_01,2025-12-17,DSH_JEERARICE,,0.095,kg,8.28,plate_waste,service,manual,1 plates partly returned
W001213,SITE_KIT_01,2025-12-17,DSH_DALTADKA,,0.54,kg,41.54,overproduction,post_service,pos_derived,"12 portions unsold, 1.8 binned"
W001214,SITE_KIT_01,2025-12-17,DSH_DALTADKA,,0.102,kg,7.85,plate_waste,service,manual,1 plates partly returned
W001215,SITE_KIT_01,2025-12-17,DSH_ROGANJOSH,,0.461,kg,302.66,overproduction,post_service,pos_derived,"8 portions unsold, 1.4 binned"
W001216,SITE_KIT_01,2025-12-17,DSH_DOSA,,0.255,kg,23.88,plate_waste,service,manual,3 plates partly returned
W001217,SITE_KIT_01,2025-12-17,DSH_MIXVEG,,0.216,kg,14.41,overproduction,post_service,pos_derived,"3 portions unsold, 0.7 binned"
W001218,SITE_KIT_01,2025-12-17,DSH_FISHCURRY,,0.36,kg,129.32,overproduction,post_service,pos_derived,"5 portions unsold, 1.2 binned"
W001219,SITE_KIT_01,2025-12-17,DSH_FISHCURRY,,0.102,kg,36.64,plate_waste,service,manual,1 plates partly returned
W001220,SITE_KIT_01,2025-12-17,ING_ONION,,0.822,kg,31.25,prep_trim,prep,manual,yield 0.90 on 21.11 kg net
W001221,SITE_KIT_01,2025-12-17,ING_TOMATO,,0.24,kg,7.69,prep_trim,prep,manual,yield 0.96 on 16.65 kg net
W001222,SITE_KIT_01,2025-12-17,ING_GINGER,,0.021,kg,2.53,prep_trim,prep,manual,yield 0.91 on 0.64 kg net
W001223,SITE_KIT_01,2025-12-17,ING_GARLIC,,0.036,kg,6.54,prep_trim,prep,manual,yield 0.91 on 1.04 kg net
W001224,SITE_KIT_01,2025-12-17,ING_GCHILLI,,0.026,kg,1.85,prep_trim,prep,manual,yield 0.93 on 1.05 kg net
W001225,SITE_KIT_01,2025-12-17,ING_MINT,,0.022,kg,1.29,prep_trim,prep,manual,yield 0.85 on 0.36 kg net
W001226,SITE_KIT_01,2025-12-17,ING_CORIANDER,,0.046,kg,2.75,prep_trim,prep,manual,yield 0.86 on 0.81 kg net
W001227,SITE_KIT_01,2025-12-17,ING_CARROT,,0.175,kg,7.9,prep_trim,prep,manual,yield 0.89 on 4.27 kg net
W001228,SITE_KIT_01,2025-12-17,ING_BEANS,,0.081,kg,4.86,prep_trim,prep,manual,yield 0.92 on 2.65 kg net
W001229,SITE_KIT_01,2025-12-17,ING_CAULI,,3.337,kg,133.49,prep_trim,prep,manual,yield 0.51 on 10.37 kg net
W001230,SITE_KIT_01,2025-12-17,ING_POTATO,,0.665,kg,18.63,prep_trim,prep,manual,yield 0.85 on 11.27 kg net
W001231,SITE_KIT_01,2025-12-17,ING_CAPSICUM,,0.151,kg,12.1,prep_trim,prep,manual,yield 0.84 on 2.39 kg net
W001232,SITE_KIT_01,2025-12-17,ING_SPINACH,,0.513,kg,15.4,prep_trim,prep,manual,yield 0.77 on 5.10 kg net
W001233,SITE_KIT_01,2025-12-17,ING_LEMON,,0.241,kg,21.71,prep_trim,prep,manual,yield 0.54 on 0.83 kg net
W001234,SITE_KIT_01,2025-12-17,ING_CUCUMBER,,0.169,kg,5.91,prep_trim,prep,manual,yield 0.85 on 2.76 kg net
W001235,SITE_KIT_01,2025-12-17,ING_CABBAGE,,0.074,kg,1.84,prep_trim,prep,manual,yield 0.89 on 1.84 kg net
W001236,SITE_KIT_01,2025-12-17,ING_BANANA,,0.383,kg,21.05,prep_trim,prep,manual,yield 0.67 on 2.30 kg net
W001237,SITE_KIT_01,2025-12-17,ING_BRINJAL,,0.123,kg,4.94,prep_trim,prep,manual,yield 0.87 on 2.53 kg net
W001238,SITE_KIT_01,2025-12-17,ING_OKRA,,0.133,kg,7.3,prep_trim,prep,manual,yield 0.88 on 2.99 kg net
W001239,SITE_KIT_01,2025-12-17,ING_MUSHROOM,,0.024,kg,5.26,prep_trim,prep,manual,yield 0.93 on 0.92 kg net
W001240,SITE_KIT_01,2025-12-17,ING_TOMATO,B00598,1.499,kg,47.97,quality_rejection,storage,manual,"rejected at goods receipt, intake grade 0.97"
W001241,SITE_KIT_01,2025-12-17,ING_GINGER,B00605,0.251,kg,30.12,quality_rejection,storage,manual,"rejected at goods receipt, intake grade 0.89"
W001242,SITE_KIT_01,2025-12-17,ING_CURRYLEAF,B00614,0.051,kg,4.08,quality_rejection,storage,manual,"rejected at goods receipt, intake grade 0.93"
W001243,SITE_KIT_01,2025-12-17,ING_MINT,B00562,0.27,kg,16.21,spoilage,storage,manual,"received 2025-12-14, zone ZN_COLD"
W001244,SITE_KIT_01,2025-12-17,ING_CURRYLEAF,B00563,0.456,kg,36.48,spoilage,storage,manual,"received 2025-12-14, zone ZN_COLD"
W001245,SITE_KIT_01,2025-12-18,DSH_CHBIRYANI,,0.837,kg,177.22,overproduction,post_service,pos_derived,"6 portions unsold, 1.9 binned"
W001246,SITE_KIT_01,2025-12-18,DSH_CHBIRYANI,,0.153,kg,32.4,plate_waste,service,manual,1 plates partly returned
W001247,SITE_KIT_01,2025-12-18,DSH_VGBIRYANI,,0.911,kg,99.06,overproduction,post_service,pos_derived,"7 portions unsold, 2.2 binned"
W001248,SITE_KIT_01,2025-12-18,DSH_PBM,,0.72,kg,208.44,overproduction,post_service,pos_derived,"12 portions unsold, 2.4 binned"
W001249,SITE_KIT_01,2025-12-18,DSH_PBM,,0.102,kg,29.53,plate_waste,service,manual,1 plates partly returned
W001250,SITE_KIT_01,2025-12-18,DSH_GOBIMANCH,,1.512,kg,156.49,overproduction,post_service,pos_derived,"12 portions unsold, 5.4 binned"
W001251,SITE_KIT_01,2025-12-18,DSH_GOBIMANCH,,0.095,kg,9.85,plate_waste,service,manual,1 plates partly returned
W001252,SITE_KIT_01,2025-12-18,DSH_PALAK,,0.132,kg,23.81,overproduction,post_service,pos_derived,"2 portions unsold, 0.4 binned"
W001253,SITE_KIT_01,2025-12-18,DSH_NAAN,,0.122,kg,13.48,plate_waste,service,manual,4 plates partly returned
W001254,SITE_KIT_01,2025-12-18,DSH_ROTI,,0.024,kg,1.27,plate_waste,service,manual,1 plates partly returned
W001255,SITE_KIT_01,2025-12-18,DSH_JEERARICE,,0.095,kg,8.28,plate_waste,service,manual,1 plates partly returned
W001256,SITE_KIT_01,2025-12-18,DSH_ROGANJOSH,,0.346,kg,226.99,overproduction,post_service,pos_derived,"6 portions unsold, 1.1 binned"
W001257,SITE_KIT_01,2025-12-18,DSH_VEGPULAO,,0.119,kg,12.14,plate_waste,service,manual,1 plates partly returned
W001258,SITE_KIT_01,2025-12-18,DSH_DOSA,,0.085,kg,7.96,plate_waste,service,manual,1 plates partly returned
W001259,SITE_KIT_01,2025-12-18,DSH_MIXVEG,,1.008,kg,67.27,overproduction,post_service,pos_derived,"14 portions unsold, 3.4 binned"
W001260,SITE_KIT_01,2025-12-18,DSH_MIXVEG,,0.102,kg,6.81,plate_waste,service,manual,1 plates partly returned
W001261,SITE_KIT_01,2025-12-18,DSH_FISHCURRY,,0.36,kg,129.32,overproduction,post_service,pos_derived,"5 portions unsold, 1.2 binned"
W001262,SITE_KIT_01,2025-12-18,ING_ONION,,0.746,kg,28.36,prep_trim,prep,manual,yield 0.91 on 22.98 kg net
W001263,SITE_KIT_01,2025-12-18,ING_TOMATO,,0.07,kg,2.24,prep_trim,prep,manual,yield 0.99 on 17.66 kg net
W001264,SITE_KIT_01,2025-12-18,ING_GINGER,,0.03,kg,3.6,prep_trim,prep,manual,yield 0.89 on 0.71 kg net
W001265,SITE_KIT_01,2025-12-18,ING_GARLIC,,0.046,kg,8.2,prep_trim,prep,manual,yield 0.90 on 1.14 kg net
W001266,SITE_KIT_01,2025-12-18,ING_GCHILLI,,0.033,kg,2.29,prep_trim,prep,manual,yield 0.92 on 1.13 kg net
W001267,SITE_KIT_01,2025-12-18,ING_MINT,,0.022,kg,1.31,prep_trim,prep,manual,yield 0.87 on 0.42 kg net
W001268,SITE_KIT_01,2025-12-18,ING_CORIANDER,,0.047,kg,2.84,prep_trim,prep,manual,yield 0.87 on 0.90 kg net
W001269,SITE_KIT_01,2025-12-18,ING_CARROT,,0.238,kg,10.7,prep_trim,prep,manual,yield 0.87 on 4.70 kg net
W001270,SITE_KIT_01,2025-12-18,ING_BEANS,,0.092,kg,5.5,prep_trim,prep,manual,yield 0.91 on 2.89 kg net
W001271,SITE_KIT_01,2025-12-18,ING_CAULI,,3.736,kg,149.46,prep_trim,prep,manual,yield 0.51 on 11.43 kg net
W001272,SITE_KIT_01,2025-12-18,ING_POTATO,,0.671,kg,18.79,prep_trim,prep,manual,yield 0.85 on 11.27 kg net
W001273,SITE_KIT_01,2025-12-18,ING_CAPSICUM,,0.2,kg,15.97,prep_trim,prep,manual,yield 0.82 on 2.63 kg net
W001274,SITE_KIT_01,2025-12-18,ING_SPINACH,,0.627,kg,18.81,prep_trim,prep,manual,yield 0.75 on 5.64 kg net
W001275,SITE_KIT_01,2025-12-18,ING_LEMON,,0.244,kg,21.93,prep_trim,prep,manual,yield 0.56 on 0.93 kg net
W001276,SITE_KIT_01,2025-12-18,ING_CUCUMBER,,0.215,kg,7.54,prep_trim,prep,manual,yield 0.83 on 3.10 kg net
W001277,SITE_KIT_01,2025-12-18,ING_CABBAGE,,0.103,kg,2.57,prep_trim,prep,manual,yield 0.87 on 2.07 kg net
W001278,SITE_KIT_01,2025-12-18,ING_BANANA,,0.427,kg,23.48,prep_trim,prep,manual,yield 0.67 on 2.59 kg net
W001279,SITE_KIT_01,2025-12-18,ING_BRINJAL,,0.153,kg,6.14,prep_trim,prep,manual,yield 0.86 on 2.85 kg net
W001280,SITE_KIT_01,2025-12-18,ING_OKRA,,0.131,kg,7.18,prep_trim,prep,manual,yield 0.90 on 3.36 kg net
W001281,SITE_KIT_01,2025-12-18,ING_MINT,B00576,0.592,kg,35.54,spoilage,storage,manual,"received 2025-12-15, zone ZN_COLD"
W001282,SITE_KIT_01,2025-12-18,ING_CURRYLEAF,B00577,0.5,kg,40.0,spoilage,storage,manual,"received 2025-12-15, zone ZN_COLD"
W001283,SITE_KIT_01,2025-12-18,ING_BATTER,B00597,2.4,kg,168.0,spoilage,storage,manual,"received 2025-12-16, zone ZN_COLD"
W001284,SITE_KIT_01,2025-12-19,DSH_CHBIRYANI,,4.046,kg,856.57,overproduction,post_service,pos_derived,"29 portions unsold, 9.0 binned"
W001285,SITE_KIT_01,2025-12-19,DSH_CHBIRYANI,,0.612,kg,129.58,plate_waste,service,manual,4 plates partly returned
W001286,SITE_KIT_01,2025-12-19,DSH_VGBIRYANI,,0.391,kg,42.45,overproduction,post_service,pos_derived,"3 portions unsold, 0.9 binned"
W001287,SITE_KIT_01,2025-12-19,DSH_PBM,,0.66,kg,191.07,overproduction,post_service,pos_derived,"11 portions unsold, 2.2 binned"
W001288,SITE_KIT_01,2025-12-19,DSH_GOBIMANCH,,1.512,kg,156.49,overproduction,post_service,pos_derived,"12 portions unsold, 5.4 binned"
W001289,SITE_KIT_01,2025-12-19,DSH_PALAK,,0.792,kg,142.85,overproduction,post_service,pos_derived,"12 portions unsold, 2.6 binned"
W001290,SITE_KIT_01,2025-12-19,DSH_NAAN,,0.153,kg,16.85,plate_waste,service,manual,5 plates partly returned
W001291,SITE_KIT_01,2025-12-19,DSH_ROTI,,0.119,kg,6.36,plate_waste,service,manual,5 plates partly returned
W001292,SITE_KIT_01,2025-12-19,DSH_JEERARICE,,0.246,kg,21.44,overproduction,post_service,pos_derived,"4 portions unsold, 0.9 binned"
W001293,SITE_KIT_01,2025-12-19,DSH_JEERARICE,,0.286,kg,24.85,plate_waste,service,manual,3 plates partly returned
W001294,SITE_KIT_01,2025-12-19,DSH_DALTADKA,,0.855,kg,65.78,overproduction,post_service,pos_derived,"19 portions unsold, 2.9 binned"
W001295,SITE_KIT_01,2025-12-19,DSH_DALTADKA,,0.102,kg,7.85,plate_waste,service,manual,1 plates partly returned
W001296,SITE_KIT_01,2025-12-19,DSH_DOSA,,0.085,kg,7.96,plate_waste,service,manual,1 plates partly returned
W001297,SITE_KIT_01,2025-12-19,DSH_MIXVEG,,0.792,kg,52.85,overproduction,post_service,pos_derived,"11 portions unsold, 2.6 binned"
W001298,SITE_KIT_01,2025-12-19,DSH_FISHCURRY,,0.288,kg,103.46,overproduction,post_service,pos_derived,"4 portions unsold, 1.0 binned"
W001299,SITE_KIT_01,2025-12-19,DSH_FISHCURRY,,0.102,kg,36.64,plate_waste,service,manual,1 plates partly returned
W001300,SITE_KIT_01,2025-12-19,ING_ONION,,1.029,kg,39.12,prep_trim,prep,manual,yield 0.91 on 31.90 kg net
W001301,SITE_KIT_01,2025-12-19,ING_TOMATO,,0.201,kg,6.44,prep_trim,prep,manual,yield 0.98 on 25.41 kg net
W001302,SITE_KIT_01,2025-12-19,ING_GINGER,,0.039,kg,4.72,prep_trim,prep,manual,yield 0.91 on 1.12 kg net
W001303,SITE_KIT_01,2025-12-19,ING_GARLIC,,0.083,kg,14.96,prep_trim,prep,manual,yield 0.87 on 1.69 kg net
W001304,SITE_KIT_01,2025-12-19,ING_GCHILLI,,0.023,kg,1.62,prep_trim,prep,manual,yield 0.96 on 1.55 kg net
W001305,SITE_KIT_01,2025-12-19,ING_MINT,,0.038,kg,2.26,prep_trim,prep,manual,yield 0.86 on 0.66 kg net
W001306,SITE_KIT_01,2025-12-19,ING_CORIANDER,,0.074,kg,4.43,prep_trim,prep,manual,yield 0.86 on 1.33 kg net
W001307,SITE_KIT_01,2025-12-19,ING_CARROT,,0.3,kg,13.49,prep_trim,prep,manual,yield 0.87 on 6.09 kg net
W001308,SITE_KIT_01,2025-12-19,ING_BEANS,,0.165,kg,9.87,prep_trim,prep,manual,yield 0.89 on 3.75 kg net
W001309,SITE_KIT_01,2025-12-19,ING_CAULI,,4.451,kg,178.02,prep_trim,prep,manual,yield 0.54 on 15.09 kg net
W001310,SITE_KIT_01,2025-12-19,ING_POTATO,,0.753,kg,21.09,prep_trim,prep,manual,yield 0.84 on 11.87 kg net
W001311,SITE_KIT_01,2025-12-19,ING_CAPSICUM,,0.271,kg,21.72,prep_trim,prep,manual,yield 0.81 on 3.43 kg net
W001312,SITE_KIT_01,2025-12-19,ING_SPINACH,,0.666,kg,19.99,prep_trim,prep,manual,yield 0.79 on 7.28 kg net
W001313,SITE_KIT_01,2025-12-19,ING_CURRYLEAF,,0.022,kg,1.8,prep_trim,prep,manual,yield 0.87 on 0.46 kg net
W001314,SITE_KIT_01,2025-12-19,ING_LEMON,,0.333,kg,29.94,prep_trim,prep,manual,yield 0.55 on 1.21 kg net
W001315,SITE_KIT_01,2025-12-19,ING_CUCUMBER,,0.282,kg,9.88,prep_trim,prep,manual,yield 0.83 on 3.99 kg net
W001316,SITE_KIT_01,2025-12-19,ING_CABBAGE,,0.125,kg,3.12,prep_trim,prep,manual,yield 0.88 on 2.66 kg net
W001317,SITE_KIT_01,2025-12-19,ING_BANANA,,0.527,kg,28.98,prep_trim,prep,manual,yield 0.68 on 3.33 kg net
W001318,SITE_KIT_01,2025-12-19,ING_BRINJAL,,0.201,kg,8.05,prep_trim,prep,manual,yield 0.86 on 3.66 kg net
W001319,SITE_KIT_01,2025-12-19,ING_OKRA,,0.15,kg,8.26,prep_trim,prep,manual,yield 0.91 on 4.33 kg net
W001320,SITE_KIT_01,2025-12-19,ING_SPINACH,B00637,0.827,kg,24.81,quality_rejection,storage,manual,"rejected at goods receipt, intake grade 0.88"
W001321,SITE_KIT_01,2025-12-19,ING_BANANA,B00652,1.917,kg,105.44,quality_rejection,storage,manual,"rejected at goods receipt, intake grade 0.98"
W001322,SITE_KIT_01,2025-12-19,ING_TOMATO,B00520,2.177,kg,69.68,spoilage,storage,manual,"received 2025-12-13, zone ZN_COLD"
W001323,SITE_KIT_01,2025-12-20,DSH_CHBIRYANI,,2.511,kg,531.66,overproduction,post_service,pos_derived,"18 portions unsold, 5.6 binned"
W001324,SITE_KIT_01,2025-12-20,DSH_VGBIRYANI,,1.953,kg,212.27,overproduction,post_service,pos_derived,"15 portions unsold, 4.7 binned"
W001325,SITE_KIT_01,2025-12-20,DSH_PBM,,1.08,kg,312.66,overproduction,post_service,pos_derived,"18 portions unsold, 3.6 binned"
W001326,SITE_KIT_01,2025-12-20,DSH_PBM,,0.102,kg,29.53,plate_waste,service,manual,1 plates partly returned
W001327,SITE_KIT_01,2025-12-20,DSH_GOBIMANCH,,0.756,kg,78.25,overproduction,post_service,pos_derived,"6 portions unsold, 2.7 binned"
W001328,SITE_KIT_01,2025-12-20,DSH_PALAK,,0.264,kg,47.62,overproduction,post_service,pos_derived,"4 portions unsold, 0.9 binned"
W001329,SITE_KIT_01,2025-12-20,DSH_PALAK,,0.204,kg,36.79,plate_waste,service,manual,2 plates partly returned
W001330,SITE_KIT_01,2025-12-20,DSH_ROTI,,0.024,kg,1.27,plate_waste,service,manual,1 plates partly returned
W001331,SITE_KIT_01,2025-12-20,DSH_JEERARICE,,0.862,kg,75.03,overproduction,post_service,pos_derived,"14 portions unsold, 3.1 binned"
W001332,SITE_KIT_01,2025-12-20,DSH_DALTADKA,,0.102,kg,7.85,plate_waste,service,manual,1 plates partly returned
W001333,SITE_KIT_01,2025-12-20,DSH_VEGPULAO,,0.168,kg,17.14,overproduction,post_service,pos_derived,"2 portions unsold, 0.5 binned"
W001334,SITE_KIT_01,2025-12-20,DSH_DOSA,,0.255,kg,23.88,plate_waste,service,manual,3 plates partly returned
W001335,SITE_KIT_01,2025-12-20,DSH_MIXVEG,,1.008,kg,67.27,overproduction,post_service,pos_derived,"14 portions unsold, 3.4 binned"
W001336,SITE_KIT_01,2025-12-20,DSH_MIXVEG,,0.102,kg,6.81,plate_waste,service,manual,1 plates partly returned
W001337,SITE_KIT_01,2025-12-20,DSH_FISHCURRY,,0.216,kg,77.59,overproduction,post_service,pos_derived,"3 portions unsold, 0.7 binned"
W001338,SITE_KIT_01,2025-12-20,DSH_FISHCURRY,,0.102,kg,36.64,plate_waste,service,manual,1 plates partly returned
W001339,SITE_KIT_01,2025-12-20,ING_ONION,,1.417,kg,53.86,prep_trim,prep,manual,yield 0.89 on 33.94 kg net
W001340,SITE_KIT_01,2025-12-20,ING_TOMATO,,0.37,kg,11.84,prep_trim,prep,manual,yield 0.96 on 26.37 kg net
W001341,SITE_KIT_01,2025-12-20,ING_GINGER,,0.035,kg,4.26,prep_trim,prep,manual,yield 0.91 on 1.09 kg net
W001342,SITE_KIT_01,2025-12-20,ING_GARLIC,,0.092,kg,16.51,prep_trim,prep,manual,yield 0.86 on 1.71 kg net
W001343,SITE_KIT_01,2025-12-20,ING_GCHILLI,,0.04,kg,2.8,prep_trim,prep,manual,yield 0.93 on 1.63 kg net
W001344,SITE_KIT_01,2025-12-20,ING_MINT,,0.037,kg,2.19,prep_trim,prep,manual,yield 0.86 on 0.66 kg net
W001345,SITE_KIT_01,2025-12-20,ING_CORIANDER,,0.072,kg,4.31,prep_trim,prep,manual,yield 0.87 on 1.37 kg net
W001346,SITE_KIT_01,2025-12-20,ING_CARROT,,0.329,kg,14.81,prep_trim,prep,manual,yield 0.88 on 6.88 kg net
W001347,SITE_KIT_01,2025-12-20,ING_BEANS,,0.159,kg,9.56,prep_trim,prep,manual,yield 0.90 on 4.25 kg net
W001348,SITE_KIT_01,2025-12-20,ING_CAULI,,5.502,kg,220.08,prep_trim,prep,manual,yield 0.50 on 16.50 kg net
W001349,SITE_KIT_01,2025-12-20,ING_POTATO,,1.008,kg,28.22,prep_trim,prep,manual,yield 0.83 on 14.82 kg net
W001350,SITE_KIT_01,2025-12-20,ING_CAPSICUM,,0.297,kg,23.73,prep_trim,prep,manual,yield 0.81 on 3.74 kg net
W001351,SITE_KIT_01,2025-12-20,ING_SPINACH,,0.856,kg,25.68,prep_trim,prep,manual,yield 0.76 on 8.01 kg net
W001352,SITE_KIT_01,2025-12-20,ING_CURRYLEAF,,0.022,kg,1.8,prep_trim,prep,manual,yield 0.89 on 0.54 kg net
W001353,SITE_KIT_01,2025-12-20,ING_LEMON,,0.376,kg,33.83,prep_trim,prep,manual,yield 0.55 on 1.36 kg net
W001354,SITE_KIT_01,2025-12-20,ING_CUCUMBER,,0.261,kg,9.14,prep_trim,prep,manual,yield 0.85 on 4.51 kg net
W001355,SITE_KIT_01,2025-12-20,ING_CABBAGE,,0.143,kg,3.57,prep_trim,prep,manual,yield 0.88 on 3.01 kg net
W001356,SITE_KIT_01,2025-12-20,ING_BANANA,,0.538,kg,29.57,prep_trim,prep,manual,yield 0.70 on 3.76 kg net
W001357,SITE_KIT_01,2025-12-20,ING_BRINJAL,,0.203,kg,8.13,prep_trim,prep,manual,yield 0.87 on 4.13 kg net
W001358,SITE_KIT_01,2025-12-20,ING_OKRA,,0.168,kg,9.22,prep_trim,prep,manual,yield 0.91 on 4.88 kg net
W001359,SITE_KIT_01,2025-12-20,ING_MUSHROOM,,0.032,kg,7.13,prep_trim,prep,manual,yield 0.94 on 1.50 kg net
W001360,SITE_KIT_01,2025-12-20,ING_GARLIC,B00380,0.76,kg,136.77,spoilage,storage,manual,"received 2025-12-05, zone ZN_DRY"
W001361,SITE_KIT_01,2025-12-21,DSH_CHBIRYANI,,1.256,kg,265.83,overproduction,post_service,pos_derived,"9 portions unsold, 2.8 binned"
W001362,SITE_KIT_01,2025-12-21,DSH_CHBIRYANI,,0.306,kg,64.79,plate_waste,service,manual,2 plates partly returned
W001363,SITE_KIT_01,2025-12-21,DSH_VGBIRYANI,,0.521,kg,56.61,overproduction,post_service,pos_derived,"4 portions unsold, 1.2 binned"
W001364,SITE_KIT_01,2025-12-21,DSH_PBM,,1.14,kg,330.03,overproduction,post_service,pos_derived,"19 portions unsold, 3.8 binned"
W001365,SITE_KIT_01,2025-12-21,DSH_GOBIMANCH,,0.378,kg,39.12,overproduction,post_service,pos_derived,"3 portions unsold, 1.4 binned"
W001366,SITE_KIT_01,2025-12-21,DSH_GOBIMANCH,,0.095,kg,9.85,plate_waste,service,manual,1 plates partly returned
W001367,SITE_KIT_01,2025-12-21,DSH_PALAK,,0.726,kg,130.95,overproduction,post_service,pos_derived,"11 portions unsold, 2.4 binned"
W001368,SITE_KIT_01,2025-12-21,DSH_PALAK,,0.102,kg,18.4,plate_waste,service,manual,1 plates partly returned
W001369,SITE_KIT_01,2025-12-21,DSH_NAAN,,0.122,kg,13.48,plate_waste,service,manual,4 plates partly returned
W001370,SITE_KIT_01,2025-12-21,DSH_ROTI,,0.024,kg,1.27,plate_waste,service,manual,1 plates partly returned
W001371,SITE_KIT_01,2025-12-21,DSH_JEERARICE,,1.109,kg,96.47,overproduction,post_service,pos_derived,"18 portions unsold, 4.0 binned"
W001372,SITE_KIT_01,2025-12-21,DSH_JEERARICE,,0.095,kg,8.28,plate_waste,service,manual,1 plates partly returned
W001373,SITE_KIT_01,2025-12-21,DSH_DALTADKA,,0.81,kg,62.32,overproduction,post_service,pos_derived,"18 portions unsold, 2.7 binned"
W001374,SITE_KIT_01,2025-12-21,DSH_ROGANJOSH,,0.109,kg,71.46,plate_waste,service,manual,1 plates partly returned
W001375,SITE_KIT_01,2025-12-21,DSH_VEGPULAO,,0.504,kg,51.41,overproduction,post_service,pos_derived,"6 portions unsold, 1.4 binned"
W001376,SITE_KIT_01,2025-12-21,DSH_VEGPULAO,,0.119,kg,12.14,plate_waste,service,manual,1 plates partly returned
W001377,SITE_KIT_01,2025-12-21,DSH_DOSA,,0.085,kg,7.96,plate_waste,service,manual,1 plates partly returned
W001378,SITE_KIT_01,2025-12-21,DSH_MIXVEG,,0.204,kg,13.61,plate_waste,service,manual,2 plates partly returned
W001379,SITE_KIT_01,2025-12-21,DSH_FISHCURRY,,0.288,kg,103.46,overproduction,post_service,pos_derived,"4 portions unsold, 1.0 binned"
W001380,SITE_KIT_01,2025-12-21,DSH_FISHCURRY,,0.204,kg,73.28,plate_waste,service,manual,2 plates partly returned
W001381,SITE_KIT_01,2025-12-21,ING_ONION,,1.059,kg,40.26,prep_trim,prep,manual,yield 0.91 on 31.01 kg net
W001382,SITE_KIT_01,2025-12-21,ING_TOMATO,,0.365,kg,11.68,prep_trim,prep,manual,yield 0.96 on 24.81 kg net
W001383,SITE_KIT_01,2025-12-21,ING_GINGER,,0.035,kg,4.18,prep_trim,prep,manual,yield 0.91 on 1.00 kg net
W001384,SITE_KIT_01,2025-12-21,ING_GARLIC,,0.086,kg,15.56,prep_trim,prep,manual,yield 0.86 on 1.59 kg net
W001385,SITE_KIT_01,2025-12-21,ING_GCHILLI,,0.039,kg,2.75,prep_trim,prep,manual,yield 0.93 on 1.47 kg net
W001386,SITE_KIT_01,2025-12-21,ING_MINT,,0.032,kg,1.9,prep_trim,prep,manual,yield 0.86 on 0.58 kg net
W001387,SITE_KIT_01,2025-12-21,ING_CORIANDER,,0.078,kg,4.7,prep_trim,prep,manual,yield 0.84 on 1.24 kg net
W001388,SITE_KIT_01,2025-12-21,ING_CARROT,,0.308,kg,13.86,prep_trim,prep,manual,yield 0.88 on 6.41 kg net
W001389,SITE_KIT_01,2025-12-21,ING_BEANS,,0.169,kg,10.12,prep_trim,prep,manual,yield 0.89 on 4.00 kg net
W001390,SITE_KIT_01,2025-12-21,ING_CAULI,,5.253,kg,210.13,prep_trim,prep,manual,yield 0.51 on 15.79 kg net
W001391,SITE_KIT_01,2025-12-21,ING_POTATO,,0.717,kg,20.07,prep_trim,prep,manual,yield 0.86 on 13.06 kg net
W001392,SITE_KIT_01,2025-12-21,ING_CAPSICUM,,0.248,kg,19.87,prep_trim,prep,manual,yield 0.83 on 3.64 kg net
W001393,SITE_KIT_01,2025-12-21,ING_SPINACH,,0.682,kg,20.45,prep_trim,prep,manual,yield 0.78 on 7.10 kg net
W001394,SITE_KIT_01,2025-12-21,ING_LEMON,,0.349,kg,31.42,prep_trim,prep,manual,yield 0.54 on 1.21 kg net
W001395,SITE_KIT_01,2025-12-21,ING_CUCUMBER,,0.221,kg,7.74,prep_trim,prep,manual,yield 0.86 on 4.01 kg net
W001396,SITE_KIT_01,2025-12-21,ING_CABBAGE,,0.115,kg,2.87,prep_trim,prep,manual,yield 0.89 on 2.67 kg net
W001397,SITE_KIT_01,2025-12-21,ING_BANANA,,0.512,kg,28.18,prep_trim,prep,manual,yield 0.69 on 3.34 kg net
W001398,SITE_KIT_01,2025-12-21,ING_BRINJAL,,0.181,kg,7.25,prep_trim,prep,manual,yield 0.87 on 3.68 kg net
W001399,SITE_KIT_01,2025-12-21,ING_OKRA,,0.164,kg,9.02,prep_trim,prep,manual,yield 0.90 on 4.34 kg net
W001400,SITE_KIT_01,2025-12-21,ING_POTATO,B00678,3.165,kg,88.62,quality_rejection,storage,manual,"rejected at goods receipt, intake grade 0.97"
W001401,SITE_KIT_01,2025-12-21,ING_SPINACH,B00680,0.365,kg,10.95,quality_rejection,storage,manual,"rejected at goods receipt, intake grade 0.93"
W001402,SITE_KIT_01,2025-12-21,ING_BANANA,B00697,0.851,kg,46.8,quality_rejection,storage,manual,"rejected at goods receipt, intake grade 0.89"
W001403,SITE_KIT_01,2025-12-21,ING_SPINACH,B00602,1.227,kg,36.82,spoilage,storage,manual,"received 2025-12-17, zone ZN_COLD"
W001404,SITE_KIT_01,2025-12-21,ING_BATTER,B00662,4.368,kg,305.76,spoilage,storage,manual,"received 2025-12-19, zone ZN_COLD"
W001405,SITE_KIT_01,2025-12-22,DSH_CHBIRYANI,,0.698,kg,147.68,overproduction,post_service,pos_derived,"5 portions unsold, 1.6 binned"
W001406,SITE_KIT_01,2025-12-22,DSH_PBM,,1.26,kg,364.77,overproduction,post_service,pos_derived,"21 portions unsold, 4.2 binned"
W001407,SITE_KIT_01,2025-12-22,DSH_PBM,,0.102,kg,29.53,plate_waste,service,manual,1 plates partly returned
W001408,SITE_KIT_01,2025-12-22,DSH_GOBIMANCH,,0.252,kg,26.08,overproduction,post_service,pos_derived,"2 portions unsold, 0.9 binned"
W001409,SITE_KIT_01,2025-12-22,DSH_GOBIMANCH,,0.095,kg,9.85,plate_waste,service,manual,1 plates partly returned
W001410,SITE_KIT_01,2025-12-22,DSH_PALAK,,0.264,kg,47.62,overproduction,post_service,pos_derived,"4 portions unsold, 0.9 binned"
W001411,SITE_KIT_01,2025-12-22,DSH_PALAK,,0.102,kg,18.4,plate_waste,service,manual,1 plates partly returned
W001412,SITE_KIT_01,2025-12-22,DSH_NAAN,,0.061,kg,6.74,plate_waste,service,manual,2 plates partly returned
W001413,SITE_KIT_01,2025-12-22,DSH_JEERARICE,,0.123,kg,10.72,overproduction,post_service,pos_derived,"2 portions unsold, 0.4 binned"
W001414,SITE_KIT_01,2025-12-22,DSH_JEERARICE,,0.095,kg,8.28,plate_waste,service,manual,1 plates partly returned
W001415,SITE_KIT_01,2025-12-22,DSH_DALTADKA,,0.102,kg,7.85,plate_waste,service,manual,1 plates partly returned
W001416,SITE_KIT_01,2025-12-22,DSH_VEGPULAO,,0.672,kg,68.54,overproduction,post_service,pos_derived,"8 portions unsold, 1.9 binned"
W001417,SITE_KIT_01,2025-12-22,DSH_MIXVEG,,1.08,kg,72.07,overproduction,post_service,pos_derived,"15 portions unsold, 3.6 binned"
W001418,SITE_KIT_01,2025-12-22,DSH_FISHCURRY,,0.288,kg,103.46,overproduction,post_service,pos_derived,"4 portions unsold, 1.0 binned"
W001419,SITE_KIT_01,2025-12-22,DSH_FISHCURRY,,0.102,kg,36.64,plate_waste,service,manual,1 plates partly returned
W001420,SITE_KIT_01,2025-12-22,ING_ONION,,0.812,kg,30.85,prep_trim,prep,manual,yield 0.89 on 19.91 kg net
W001421,SITE_KIT_01,2025-12-22,ING_TOMATO,,0.142,kg,4.55,prep_trim,prep,manual,yield 0.97 on 16.15 kg net
W001422,SITE_KIT_01,2025-12-22,ING_GARLIC,,0.064,kg,11.44,prep_trim,prep,manual,yield 0.84 on 0.98 kg net
W001423,SITE_KIT_01,2025-12-22,ING_CORIANDER,,0.032,kg,1.91,prep_trim,prep,manual,yield 0.89 on 0.74 kg net
W001424,SITE_KIT_01,2025-12-22,ING_CARROT,,0.151,kg,6.79,prep_trim,prep,manual,yield 0.90 on 3.92 kg net
W001425,SITE_KIT_01,2025-12-22,ING_BEANS,,0.103,kg,6.2,prep_trim,prep,manual,yield 0.89 on 2.39 kg net
W001426,SITE_KIT_01,2025-12-22,ING_CAULI,,3.094,kg,123.74,prep_trim,prep,manual,yield 0.51 on 9.43 kg net
W001427,SITE_KIT_01,2025-12-22,ING_POTATO,,0.662,kg,18.54,prep_trim,prep,manual,yield 0.84 on 10.37 kg net
W001428,SITE_KIT_01,2025-12-22,ING_CAPSICUM,,0.167,kg,13.34,prep_trim,prep,manual,yield 0.82 on 2.18 kg net
W001429,SITE_KIT_01,2025-12-22,ING_SPINACH,,0.504,kg,15.13,prep_trim,prep,manual,yield 0.76 on 4.73 kg net
W001430,SITE_KIT_01,2025-12-22,ING_LEMON,,0.21,kg,18.94,prep_trim,prep,manual,yield 0.56 on 0.79 kg net
W001431,SITE_KIT_01,2025-12-22,ING_CUCUMBER,,0.181,kg,6.33,prep_trim,prep,manual,yield 0.83 on 2.64 kg net
W001432,SITE_KIT_01,2025-12-22,ING_CABBAGE,,0.071,kg,1.78,prep_trim,prep,manual,yield 0.89 on 1.76 kg net
W001433,SITE_KIT_01,2025-12-22,ING_BANANA,,0.399,kg,21.94,prep_trim,prep,manual,yield 0.65 on 2.20 kg net
W001434,SITE_KIT_01,2025-12-22,ING_BRINJAL,,0.127,kg,5.1,prep_trim,prep,manual,yield 0.87 on 2.42 kg net
W001435,SITE_KIT_01,2025-12-22,ING_OKRA,,0.09,kg,4.94,prep_trim,prep,manual,yield 0.92 on 2.86 kg net
W001436,SITE_KIT_01,2025-12-22,ING_SPINACH,B00708,0.763,kg,22.89,quality_rejection,storage,manual,"rejected at goods receipt, intake grade 0.94"
W001437,SITE_KIT_01,2025-12-22,ING_CORIANDER,B00638,0.773,kg,46.37,spoilage,storage,manual,"received 2025-12-19, zone ZN_COLD"
W001438,SITE_KIT_01,2025-12-22,ING_MINT,B00646,0.653,kg,39.15,spoilage,storage,manual,"received 2025-12-19, zone ZN_COLD"
W001439,SITE_KIT_01,2025-12-23,DSH_CHBIRYANI,,1.535,kg,324.9,overproduction,post_service,pos_derived,"11 portions unsold, 3.4 binned"
W001440,SITE_KIT_01,2025-12-23,DSH_CHBIRYANI,,0.306,kg,64.79,plate_waste,service,manual,2 plates partly returned
W001441,SITE_KIT_01,2025-12-23,DSH_VGBIRYANI,,1.042,kg,113.21,overproduction,post_service,pos_derived,"8 portions unsold, 2.5 binned"
W001442,SITE_KIT_01,2025-12-23,DSH_VGBIRYANI,,0.286,kg,31.04,plate_waste,service,manual,2 plates partly returned
W001443,SITE_KIT_01,2025-12-23,DSH_GOBIMANCH,,1.638,kg,169.53,overproduction,post_service,pos_derived,"13 portions unsold, 5.9 binned"
W001444,SITE_KIT_01,2025-12-23,DSH_GOBIMANCH,,0.095,kg,9.85,plate_waste,service,manual,1 plates partly returned
W001445,SITE_KIT_01,2025-12-23,DSH_NAAN,,0.122,kg,13.48,plate_waste,service,manual,4 plates partly returned
W001446,SITE_KIT_01,2025-12-23,DSH_ROTI,,0.048,kg,2.54,plate_waste,service,manual,2 plates partly returned
W001447,SITE_KIT_01,2025-12-23,DSH_JEERARICE,,0.678,kg,58.95,overproduction,post_service,pos_derived,"11 portions unsold, 2.4 binned"
W001448,SITE_KIT_01,2025-12-23,DSH_DALTADKA,,0.135,kg,10.39,overproduction,post_service,pos_derived,"3 portions unsold, 0.4 binned"
W001449,SITE_KIT_01,2025-12-23,DSH_VEGPULAO,,0.588,kg,59.98,overproduction,post_service,pos_derived,"7 portions unsold, 1.7 binned"
W001450,SITE_KIT_01,2025-12-23,DSH_DOSA,,0.085,kg,7.96,plate_waste,service,manual,1 plates partly returned
W001451,SITE_KIT_01,2025-12-23,DSH_MIXVEG,,0.792,kg,52.85,overproduction,post_service,pos_derived,"11 portions unsold, 2.6 binned"
W001452,SITE_KIT_01,2025-12-23,DSH_MIXVEG,,0.102,kg,6.81,plate_waste,service,manual,1 plates partly returned
W001453,SITE_KIT_01,2025-12-23,ING_ONION,,0.72,kg,27.36,prep_trim,prep,manual,yield 0.91 on 20.39 kg net
W001454,SITE_KIT_01,2025-12-23,ING_TOMATO,,0.195,kg,6.25,prep_trim,prep,manual,yield 0.97 on 15.84 kg net
W001455,SITE_KIT_01,2025-12-23,ING_GINGER,,0.022,kg,2.62,prep_trim,prep,manual,yield 0.91 on 0.62 kg net
W001456,SITE_KIT_01,2025-12-23,ING_GARLIC,,0.043,kg,7.67,prep_trim,prep,manual,yield 0.89 on 0.99 kg net
W001457,SITE_KIT_01,2025-12-23,ING_GCHILLI,,0.022,kg,1.57,prep_trim,prep,manual,yield 0.94 on 0.95 kg net
W001458,SITE_KIT_01,2025-12-23,ING_MINT,,0.021,kg,1.24,prep_trim,prep,manual,yield 0.87 on 0.42 kg net
W001459,SITE_KIT_01,2025-12-23,ING_CORIANDER,,0.041,kg,2.43,prep_trim,prep,manual,yield 0.88 on 0.85 kg net
W001460,SITE_KIT_01,2025-12-23,ING_CARROT,,0.241,kg,10.84,prep_trim,prep,manual,yield 0.86 on 4.49 kg net
W001461,SITE_KIT_01,2025-12-23,ING_BEANS,,0.094,kg,5.62,prep_trim,prep,manual,yield 0.91 on 2.84 kg net
W001462,SITE_KIT_01,2025-12-23,ING_CAULI,,3.498,kg,139.94,prep_trim,prep,manual,yield 0.50 on 10.36 kg net
W001463,SITE_KIT_01,2025-12-23,ING_POTATO,,0.499,kg,13.97,prep_trim,prep,manual,yield 0.87 on 9.52 kg net
W001464,SITE_KIT_01,2025-12-23,ING_CAPSICUM,,0.147,kg,11.78,prep_trim,prep,manual,yield 0.84 on 2.29 kg net
W001465,SITE_KIT_01,2025-12-23,ING_SPINACH,,0.471,kg,14.12,prep_trim,prep,manual,yield 0.77 on 4.73 kg net
W001466,SITE_KIT_01,2025-12-23,ING_LEMON,,0.229,kg,20.58,prep_trim,prep,manual,yield 0.54 on 0.80 kg net
W001467,SITE_KIT_01,2025-12-23,ING_CUCUMBER,,0.146,kg,5.12,prep_trim,prep,manual,yield 0.86 on 2.70 kg net
W001468,SITE_KIT_01,2025-12-23,ING_CABBAGE,,0.079,kg,1.97,prep_trim,prep,manual,yield 0.89 on 1.80 kg net
W001469,SITE_KIT_01,2025-12-23,ING_BANANA,,0.34,kg,18.72,prep_trim,prep,manual,yield 0.69 on 2.25 kg net
W001470,SITE_KIT_01,2025-12-23,ING_BRINJAL,,0.112,kg,4.5,prep_trim,prep,manual,yield 0.88 on 2.47 kg net
W001471,SITE_KIT_01,2025-12-23,ING_OKRA,,0.121,kg,6.67,prep_trim,prep,manual,yield 0.89 on 2.92 kg net
W001472,SITE_KIT_01,2025-12-23,ING_SPINACH,B00715,0.321,kg,9.63,quality_rejection,storage,manual,"rejected at goods receipt, intake grade 0.94"
W001473,SITE_KIT_01,2025-12-23,ING_CURRYLEAF,B00725,0.063,kg,5.04,quality_rejection,storage,manual,"rejected at goods receipt, intake grade 0.91"
W001474,SITE_KIT_01,2025-12-23,ING_LEMON,B00726,0.288,kg,25.92,quality_rejection,storage,manual,"rejected at goods receipt, intake grade 0.92"
W001475,SITE_KIT_01,2025-12-23,ING_SPINACH,B00637,7.173,kg,215.19,spoilage,storage,manual,"received 2025-12-19, zone ZN_COLD"
W001476,SITE_KIT_01,2025-12-23,ING_MINT,B00665,0.268,kg,16.07,spoilage,storage,manual,"received 2025-12-20, zone ZN_COLD"
W001477,SITE_KIT_01,2025-12-24,DSH_CHBIRYANI,,1.116,kg,236.29,overproduction,post_service,pos_derived,"8 portions unsold, 2.5 binned"
W001478,SITE_KIT_01,2025-12-24,DSH_CHBIRYANI,,0.306,kg,64.79,plate_waste,service,manual,2 plates partly returned
W001479,SITE_KIT_01,2025-12-24,DSH_PBM,,0.102,kg,29.53,plate_waste,service,manual,1 plates partly returned
W001480,SITE_KIT_01,2025-12-24,DSH_GOBIMANCH,,1.512,kg,156.49,overproduction,post_service,pos_derived,"12 portions unsold, 5.4 binned"
W001481,SITE_KIT_01,2025-12-24,DSH_PALAK,,0.858,kg,154.75,overproduction,post_service,pos_derived,"13 portions unsold, 2.9 binned"
W001482,SITE_KIT_01,2025-12-24,DSH_NAAN,,0.122,kg,13.48,plate_waste,service,manual,4 plates partly returned
W001483,SITE_KIT_01,2025-12-24,DSH_ROTI,,0.048,kg,2.54,plate_waste,service,manual,2 plates partly returned
W001484,SITE_KIT_01,2025-12-24,DSH_JEERARICE,,0.739,kg,64.31,overproduction,post_service,pos_derived,"12 portions unsold, 2.6 binned"
W001485,SITE_KIT_01,2025-12-24,DSH_DALTADKA,,0.306,kg,23.54,plate_waste,service,manual,3 plates partly returned
W001486,SITE_KIT_01,2025-12-24,DSH_ROGANJOSH,,0.346,kg,226.99,overproduction,post_service,pos_derived,"6 portions unsold, 1.1 binned"
W001487,SITE_KIT_01,2025-12-24,DSH_VEGPULAO,,0.42,kg,42.84,overproduction,post_service,pos_derived,"5 portions unsold, 1.2 binned"
W001488,SITE_KIT_01,2025-12-24,DSH_DOSA,,0.17,kg,15.92,plate_waste,service,manual,2 plates partly returned
W001489,SITE_KIT_01,2025-12-24,DSH_MIXVEG,,0.792,kg,52.85,overproduction,post_service,pos_derived,"11 portions unsold, 2.6 binned"
W001490,SITE_KIT_01,2025-12-24,ING_ONION,,0.934,kg,35.48,prep_trim,prep,manual,yield 0.91 on 26.76 kg net
W001491,SITE_KIT_01,2025-12-24,ING_TOMATO,,0.24,kg,7.7,prep_trim,prep,manual,yield 0.97 on 19.89 kg net
W001492,SITE_KIT_01,2025-12-24,ING_GINGER,,0.033,kg,3.97,prep_trim,prep,manual,yield 0.89 on 0.80 kg net
W001493,SITE_KIT_01,2025-12-24,ING_GARLIC,,0.063,kg,11.38,prep_trim,prep,manual,yield 0.87 on 1.30 kg net
W001494,SITE_KIT_01,2025-12-24,ING_GCHILLI,,0.045,kg,3.13,prep_trim,prep,manual,yield 0.91 on 1.37 kg net
W001495,SITE_KIT_01,2025-12-24,ING_MINT,,0.026,kg,1.54,prep_trim,prep,manual,yield 0.86 on 0.47 kg net
W001496,SITE_KIT_01,2025-12-24,ING_CORIANDER,,0.051,kg,3.04,prep_trim,prep,manual,yield 0.87 on 1.02 kg net
W001497,SITE_KIT_01,2025-12-24,ING_CARROT,,0.266,kg,11.97,prep_trim,prep,manual,yield 0.87 on 5.32 kg net
W001498,SITE_KIT_01,2025-12-24,ING_BEANS,,0.141,kg,8.48,prep_trim,prep,manual,yield 0.89 on 3.29 kg net
W001499,SITE_KIT_01,2025-12-24,ING_CAULI,,4.215,kg,168.61,prep_trim,prep,manual,yield 0.52 on 13.55 kg net
W001500,SITE_KIT_01,2025-12-24,ING_POTATO,,0.906,kg,25.37,prep_trim,prep,manual,yield 0.85 on 15.47 kg net
W001501,SITE_KIT_01,2025-12-24,ING_CAPSICUM,,0.196,kg,15.66,prep_trim,prep,manual,yield 0.84 on 3.04 kg net
W001502,SITE_KIT_01,2025-12-24,ING_SPINACH,,0.642,kg,19.26,prep_trim,prep,manual,yield 0.77 on 6.37 kg net
W001503,SITE_KIT_01,2025-12-24,ING_LEMON,,0.298,kg,26.8,prep_trim,prep,manual,yield 0.54 on 1.02 kg net
W001504,SITE_KIT_01,2025-12-24,ING_CUCUMBER,,0.203,kg,7.1,prep_trim,prep,manual,yield 0.85 on 3.45 kg net
W001505,SITE_KIT_01,2025-12-24,ING_CABBAGE,,0.099,kg,2.46,prep_trim,prep,manual,yield 0.89 on 2.30 kg net
W001506,SITE_KIT_01,2025-12-24,ING_BANANA,,0.449,kg,24.69,prep_trim,prep,manual,yield 0.69 on 2.87 kg net
W001507,SITE_KIT_01,2025-12-24,ING_BRINJAL,,0.09,kg,3.62,prep_trim,prep,manual,yield 0.92 on 3.16 kg net
W001508,SITE_KIT_01,2025-12-24,ING_OKRA,,0.137,kg,7.54,prep_trim,prep,manual,yield 0.90 on 3.73 kg net
W001509,SITE_KIT_01,2025-12-24,ING_SPINACH,B00741,0.887,kg,26.61,quality_rejection,storage,manual,"rejected at goods receipt, intake grade 0.99"
W001510,SITE_KIT_01,2025-12-24,ING_POTATO,B00452,2.664,kg,74.59,spoilage,storage,manual,"received 2025-12-09, zone ZN_DRY"
W001511,SITE_KIT_01,2025-12-24,ING_CORIANDER,B00681,1.25,kg,75.0,spoilage,storage,manual,"received 2025-12-21, zone ZN_COLD"
W001512,SITE_KIT_01,2025-12-24,ING_GCHILLI,B00604,0.882,kg,61.74,spoilage,storage,manual,"received 2025-12-17, zone ZN_COLD"
W001513,SITE_KIT_01,2025-12-24,ING_CURRYLEAF,B00692,0.554,kg,44.29,spoilage,storage,manual,"received 2025-12-21, zone ZN_COLD"
W001514,SITE_KIT_01,2025-12-25,DSH_CHBIRYANI,,0.418,kg,88.61,overproduction,post_service,pos_derived,"3 portions unsold, 0.9 binned"
W001515,SITE_KIT_01,2025-12-25,DSH_CHBIRYANI,,0.459,kg,97.19,plate_waste,service,manual,3 plates partly returned
W001516,SITE_KIT_01,2025-12-25,DSH_VGBIRYANI,,0.911,kg,99.06,overproduction,post_service,pos_derived,"7 portions unsold, 2.2 binned"
W001517,SITE_KIT_01,2025-12-25,DSH_PBM,,0.48,kg,138.96,overproduction,post_service,pos_derived,"8 portions unsold, 1.6 binned"
W001518,SITE_KIT_01,2025-12-25,DSH_PBM,,0.306,kg,88.59,plate_waste,service,manual,3 plates partly returned
W001519,SITE_KIT_01,2025-12-25,DSH_GOBIMANCH,,2.394,kg,247.78,overproduction,post_service,pos_derived,"19 portions unsold, 8.6 binned"
W001520,SITE_KIT_01,2025-12-25,DSH_PALAK,,0.792,kg,142.85,overproduction,post_service,pos_derived,"12 portions unsold, 2.6 binned"
W001521,SITE_KIT_01,2025-12-25,DSH_PALAK,,0.102,kg,18.4,plate_waste,service,manual,1 plates partly returned
W001522,SITE_KIT_01,2025-12-25,DSH_NAAN,,0.092,kg,10.11,plate_waste,service,manual,3 plates partly returned
W001523,SITE_KIT_01,2025-12-25,DSH_ROTI,,0.119,kg,6.36,plate_waste,service,manual,5 plates partly returned
W001524,SITE_KIT_01,2025-12-25,DSH_JEERARICE,,0.862,kg,75.03,overproduction,post_service,pos_derived,"14 portions unsold, 3.1 binned"
W001525,SITE_KIT_01,2025-12-25,DSH_JEERARICE,,0.095,kg,8.28,plate_waste,service,manual,1 plates partly returned
W001526,SITE_KIT_01,2025-12-25,DSH_DALTADKA,,0.405,kg,31.16,overproduction,post_service,pos_derived,"9 portions unsold, 1.3 binned"
W001527,SITE_KIT_01,2025-12-25,DSH_ROGANJOSH,,0.518,kg,340.49,overproduction,post_service,pos_derived,"9 portions unsold, 1.6 binned"
W001528,SITE_KIT_01,2025-12-25,DSH_VEGPULAO,,0.336,kg,34.27,overproduction,post_service,pos_derived,"4 portions unsold, 1.0 binned"
W001529,SITE_KIT_01,2025-12-25,DSH_DOSA,,0.255,kg,23.88,plate_waste,service,manual,3 plates partly returned
W001530,SITE_KIT_01,2025-12-25,DSH_MIXVEG,,0.36,kg,24.02,overproduction,post_service,pos_derived,"5 portions unsold, 1.2 binned"
W001531,SITE_KIT_01,2025-12-25,DSH_FISHCURRY,,0.936,kg,336.24,overproduction,post_service,pos_derived,"13 portions unsold, 3.1 binned"
W001532,SITE_KIT_01,2025-12-25,DSH_FISHCURRY,,0.102,kg,36.64,plate_waste,service,manual,1 plates partly returned
W001533,SITE_KIT_01,2025-12-25,ING_ONION,,1.327,kg,50.41,prep_trim,prep,manual,yield 0.89 on 31.07 kg net
W001534,SITE_KIT_01,2025-12-25,ING_TOMATO,,0.428,kg,13.7,prep_trim,prep,manual,yield 0.95 on 24.56 kg net
W001535,SITE_KIT_01,2025-12-25,ING_GINGER,,0.045,kg,5.34,prep_trim,prep,manual,yield 0.88 on 0.97 kg net
W001536,SITE_KIT_01,2025-12-25,ING_GARLIC,,0.092,kg,16.56,prep_trim,prep,manual,yield 0.85 on 1.56 kg net
W001537,SITE_KIT_01,2025-12-25,ING_GCHILLI,,0.038,kg,2.65,prep_trim,prep,manual,yield 0.93 on 1.47 kg net
W001538,SITE_KIT_01,2025-12-25,ING_MINT,,0.036,kg,2.18,prep_trim,prep,manual,yield 0.84 on 0.56 kg net
W001539,SITE_KIT_01,2025-12-25,ING_CORIANDER,,0.056,kg,3.39,prep_trim,prep,manual,yield 0.88 on 1.22 kg net
W001540,SITE_KIT_01,2025-12-25,ING_CARROT,,0.331,kg,14.89,prep_trim,prep,manual,yield 0.87 on 6.60 kg net
W001541,SITE_KIT_01,2025-12-25,ING_BEANS,,0.156,kg,9.38,prep_trim,prep,manual,yield 0.90 on 4.06 kg net
W001542,SITE_KIT_01,2025-12-25,ING_CAULI,,5.544,kg,221.74,prep_trim,prep,manual,yield 0.50 on 16.04 kg net
W001543,SITE_KIT_01,2025-12-25,ING_POTATO,,0.872,kg,24.41,prep_trim,prep,manual,yield 0.85 on 14.17 kg net
W001544,SITE_KIT_01,2025-12-25,ING_CAPSICUM,,0.232,kg,18.58,prep_trim,prep,manual,yield 0.84 on 3.69 kg net
W001545,SITE_KIT_01,2025-12-25,ING_SPINACH,,0.714,kg,21.42,prep_trim,prep,manual,yield 0.78 on 7.64 kg net
W001546,SITE_KIT_01,2025-12-25,ING_LEMON,,0.358,kg,32.25,prep_trim,prep,manual,yield 0.55 on 1.29 kg net
W001547,SITE_KIT_01,2025-12-25,ING_CUCUMBER,,0.256,kg,8.97,prep_trim,prep,manual,yield 0.85 on 4.37 kg net
W001548,SITE_KIT_01,2025-12-25,ING_CABBAGE,,0.147,kg,3.69,prep_trim,prep,manual,yield 0.87 on 2.91 kg net
W001549,SITE_KIT_01,2025-12-25,ING_BANANA,,0.59,kg,32.45,prep_trim,prep,manual,yield 0.68 on 3.64 kg net
W001550,SITE_KIT_01,2025-12-25,ING_BRINJAL,,0.192,kg,7.68,prep_trim,prep,manual,yield 0.88 on 4.00 kg net
W001551,SITE_KIT_01,2025-12-25,ING_OKRA,,0.162,kg,8.93,prep_trim,prep,manual,yield 0.91 on 4.73 kg net
W001552,SITE_KIT_01,2025-12-25,ING_MUSHROOM,,0.028,kg,6.1,prep_trim,prep,manual,yield 0.95 on 1.46 kg net
W001553,SITE_KIT_01,2025-12-25,ING_BANANA,B00767,0.917,kg,50.44,quality_rejection,storage,manual,"rejected at goods receipt, intake grade 0.93"
W001554,SITE_KIT_01,2025-12-25,ING_MINT,B00710,0.75,kg,45.0,spoilage,storage,manual,"received 2025-12-22, zone ZN_COLD"
W001555,SITE_KIT_01,2025-12-26,DSH_CHBIRYANI,,2.093,kg,443.05,overproduction,post_service,pos_derived,"15 portions unsold, 4.7 binned"
W001556,SITE_KIT_01,2025-12-26,DSH_CHBIRYANI,,0.306,kg,64.79,plate_waste,service,manual,2 plates partly returned
W001557,SITE_KIT_01,2025-12-26,DSH_VGBIRYANI,,1.042,kg,113.21,overproduction,post_service,pos_derived,"8 portions unsold, 2.5 binned"
W001558,SITE_KIT_01,2025-12-26,DSH_PBM,,0.78,kg,225.81,overproduction,post_service,pos_derived,"13 portions unsold, 2.6 binned"
W001559,SITE_KIT_01,2025-12-26,DSH_PBM,,0.102,kg,29.53,plate_waste,service,manual,1 plates partly returned
W001560,SITE_KIT_01,2025-12-26,DSH_GOBIMANCH,,1.134,kg,117.37,overproduction,post_service,pos_derived,"9 portions unsold, 4.0 binned"
W001561,SITE_KIT_01,2025-12-26,DSH_GOBIMANCH,,0.095,kg,9.85,plate_waste,service,manual,1 plates partly returned
W001562,SITE_KIT_01,2025-12-26,DSH_PALAK,,0.204,kg,36.79,plate_waste,service,manual,2 plates partly returned
W001563,SITE_KIT_01,2025-12-26,DSH_NAAN,,0.122,kg,13.48,plate_waste,service,manual,4 plates partly returned
W001564,SITE_KIT_01,2025-12-26,DSH_ROTI,,0.048,kg,2.54,plate_waste,service,manual,2 plates partly returned
W001565,SITE_KIT_01,2025-12-26,DSH_JEERARICE,,0.308,kg,26.8,overproduction,post_service,pos_derived,"5 portions unsold, 1.1 binned"
W001566,SITE_KIT_01,2025-12-26,DSH_JEERARICE,,0.286,kg,24.85,plate_waste,service,manual,3 plates partly returned
W001567,SITE_KIT_01,2025-12-26,DSH_DALTADKA,,1.125,kg,86.55,overproduction,post_service,pos_derived,"25 portions unsold, 3.8 binned"
W001568,SITE_KIT_01,2025-12-26,DSH_ROGANJOSH,,0.109,kg,71.46,plate_waste,service,manual,1 plates partly returned
W001569,SITE_KIT_01,2025-12-26,DSH_VEGPULAO,,0.672,kg,68.54,overproduction,post_service,pos_derived,"8 portions unsold, 1.9 binned"
W001570,SITE_KIT_01,2025-12-26,DSH_VEGPULAO,,0.119,kg,12.14,plate_waste,service,manual,1 plates partly returned
W001571,SITE_KIT_01,2025-12-26,DSH_DOSA,,0.255,kg,23.88,plate_waste,service,manual,3 plates partly returned
W001572,SITE_KIT_01,2025-12-26,DSH_MIXVEG,,0.216,kg,14.41,overproduction,post_service,pos_derived,"3 portions unsold, 0.7 binned"
W001573,SITE_KIT_01,2025-12-26,DSH_MIXVEG,,0.102,kg,6.81,plate_waste,service,manual,1 plates partly returned
W001574,SITE_KIT_01,2025-12-26,DSH_FISHCURRY,,0.102,kg,36.64,plate_waste,service,manual,1 plates partly returned
W001575,SITE_KIT_01,2025-12-26,ING_ONION,,1.334,kg,50.71,prep_trim,prep,manual,yield 0.89 on 31.26 kg net
W001576,SITE_KIT_01,2025-12-26,ING_TOMATO,,0.311,kg,9.96,prep_trim,prep,manual,yield 0.96 on 24.59 kg net
W001577,SITE_KIT_01,2025-12-26,ING_GINGER,,0.037,kg,4.47,prep_trim,prep,manual,yield 0.91 on 1.06 kg net
W001578,SITE_KIT_01,2025-12-26,ING_GARLIC,,0.067,kg,11.98,prep_trim,prep,manual,yield 0.89 on 1.63 kg net
W001579,SITE_KIT_01,2025-12-26,ING_GCHILLI,,0.027,kg,1.89,prep_trim,prep,manual,yield 0.95 on 1.52 kg net
W001580,SITE_KIT_01,2025-12-26,ING_MINT,,0.033,kg,1.97,prep_trim,prep,manual,yield 0.87 on 0.64 kg net
W001581,SITE_KIT_01,2025-12-26,ING_CORIANDER,,0.058,kg,3.47,prep_trim,prep,manual,yield 0.88 on 1.30 kg net
W001582,SITE_KIT_01,2025-12-26,ING_CARROT,,0.266,kg,11.97,prep_trim,prep,manual,yield 0.89 on 6.21 kg net
W001583,SITE_KIT_01,2025-12-26,ING_BEANS,,0.126,kg,7.55,prep_trim,prep,manual,yield 0.91 on 3.80 kg net
W001584,SITE_KIT_01,2025-12-26,ING_CAULI,,4.819,kg,192.76,prep_trim,prep,manual,yield 0.52 on 15.09 kg net
W001585,SITE_KIT_01,2025-12-26,ING_POTATO,,0.75,kg,20.99,prep_trim,prep,manual,yield 0.84 on 11.63 kg net
W001586,SITE_KIT_01,2025-12-26,ING_CAPSICUM,,0.283,kg,22.65,prep_trim,prep,manual,yield 0.81 on 3.48 kg net
W001587,SITE_KIT_01,2025-12-26,ING_SPINACH,,0.675,kg,20.25,prep_trim,prep,manual,yield 0.78 on 7.10 kg net
W001588,SITE_KIT_01,2025-12-26,ING_LEMON,,0.372,kg,33.49,prep_trim,prep,manual,yield 0.53 on 1.25 kg net
W001589,SITE_KIT_01,2025-12-26,ING_CUCUMBER,,0.219,kg,7.66,prep_trim,prep,manual,yield 0.87 on 4.13 kg net
W001590,SITE_KIT_01,2025-12-26,ING_CABBAGE,,0.13,kg,3.24,prep_trim,prep,manual,yield 0.88 on 2.76 kg net
W001591,SITE_KIT_01,2025-12-26,ING_BANANA,,0.56,kg,30.78,prep_trim,prep,manual,yield 0.68 on 3.45 kg net
W001592,SITE_KIT_01,2025-12-26,ING_BRINJAL,,0.144,kg,5.76,prep_trim,prep,manual,yield 0.90 on 3.79 kg net
W001593,SITE_KIT_01,2025-12-26,ING_OKRA,,0.157,kg,8.63,prep_trim,prep,manual,yield 0.91 on 4.48 kg net
W001594,SITE_KIT_01,2025-12-26,ING_MUSHROOM,,0.027,kg,5.87,prep_trim,prep,manual,yield 0.95 on 1.38 kg net
W001595,SITE_KIT_01,2025-12-26,ING_MINT,B00724,0.302,kg,18.12,spoilage,storage,manual,"received 2025-12-23, zone ZN_COLD"
W001596,SITE_KIT_01,2025-12-26,ING_BEANS,B00649,1.213,kg,72.78,spoilage,storage,manual,"received 2025-12-19, zone ZN_COLD"
W001597,SITE_KIT_01,2025-12-26,ING_EGG,B00701,0.241,kg,33.7,spoilage,storage,manual,"received 2025-12-21, zone ZN_COLD"
W001598,SITE_KIT_01,2025-12-27,DSH_CHBIRYANI,,3.488,kg,738.42,overproduction,post_service,pos_derived,"25 portions unsold, 7.8 binned"
W001599,SITE_KIT_01,2025-12-27,DSH_CHBIRYANI,,0.153,kg,32.4,plate_waste,service,manual,1 plates partly returned
W001600,SITE_KIT_01,2025-12-27,DSH_VGBIRYANI,,1.693,kg,183.97,overproduction,post_service,pos_derived,"13 portions unsold, 4.0 binned"
W001601,SITE_KIT_01,2025-12-27,DSH_PBM,,0.72,kg,208.44,overproduction,post_service,pos_derived,"12 portions unsold, 2.4 binned"
W001602,SITE_KIT_01,2025-12-27,DSH_GOBIMANCH,,1.512,kg,156.49,overproduction,post_service,pos_derived,"12 portions unsold, 5.4 binned"
W001603,SITE_KIT_01,2025-12-27,DSH_GOBIMANCH,,0.095,kg,9.85,plate_waste,service,manual,1 plates partly returned
W001604,SITE_KIT_01,2025-12-27,DSH_PALAK,,1.122,kg,202.37,overproduction,post_service,pos_derived,"17 portions unsold, 3.7 binned"
W001605,SITE_KIT_01,2025-12-27,DSH_NAAN,,0.092,kg,10.11,plate_waste,service,manual,3 plates partly returned
W001606,SITE_KIT_01,2025-12-27,DSH_ROTI,,0.024,kg,1.27,plate_waste,service,manual,1 plates partly returned
W001607,SITE_KIT_01,2025-12-27,DSH_JEERARICE,,1.17,kg,101.82,overproduction,post_service,pos_derived,"19 portions unsold, 4.2 binned"
W001608,SITE_KIT_01,2025-12-27,DSH_DALTADKA,,0.855,kg,65.78,overproduction,post_service,pos_derived,"19 portions unsold, 2.9 binned"
W001609,SITE_KIT_01,2025-12-27,DSH_DALTADKA,,0.204,kg,15.69,plate_waste,service,manual,2 plates partly returned
W001610,SITE_KIT_01,2025-12-27,DSH_ROGANJOSH,,0.691,kg,453.99,overproduction,post_service,pos_derived,"12 portions unsold, 2.2 binned"
W001611,SITE_KIT_01,2025-12-27,DSH_ROGANJOSH,,0.218,kg,142.92,plate_waste,service,manual,2 plates partly returned
W001612,SITE_KIT_01,2025-12-27,DSH_VEGPULAO,,1.764,kg,179.93,overproduction,post_service,pos_derived,"21 portions unsold, 5.0 binned"
W001613,SITE_KIT_01,2025-12-27,DSH_VEGPULAO,,0.119,kg,12.14,plate_waste,service,manual,1 plates partly returned
W001614,SITE_KIT_01,2025-12-27,DSH_DOSA,,0.085,kg,7.96,plate_waste,service,manual,1 plates partly returned
W001615,SITE_KIT_01,2025-12-27,DSH_MIXVEG,,0.288,kg,19.22,overproduction,post_service,pos_derived,"4 portions unsold, 1.0 binned"
W001616,SITE_KIT_01,2025-12-27,DSH_MIXVEG,,0.204,kg,13.61,plate_waste,service,manual,2 plates partly returned
W001617,SITE_KIT_01,2025-12-27,DSH_FISHCURRY,,0.576,kg,206.92,overproduction,post_service,pos_derived,"8 portions unsold, 1.9 binned"
W001618,SITE_KIT_01,2025-12-27,ING_ONION,,1.262,kg,47.96,prep_trim,prep,manual,yield 0.90 on 33.89 kg net
W001619,SITE_KIT_01,2025-12-27,ING_TOMATO,,0.331,kg,10.6,prep_trim,prep,manual,yield 0.96 on 26.82 kg net
W001620,SITE_KIT_01,2025-12-27,ING_GINGER,,0.045,kg,5.39,prep_trim,prep,manual,yield 0.90 on 1.13 kg net
W001621,SITE_KIT_01,2025-12-27,ING_GARLIC,,0.096,kg,17.23,prep_trim,prep,manual,yield 0.86 on 1.77 kg net
W001622,SITE_KIT_01,2025-12-27,ING_GCHILLI,,0.039,kg,2.76,prep_trim,prep,manual,yield 0.93 on 1.62 kg net
W001623,SITE_KIT_01,2025-12-27,ING_MINT,,0.038,kg,2.3,prep_trim,prep,manual,yield 0.85 on 0.64 kg net
W001624,SITE_KIT_01,2025-12-27,ING_CORIANDER,,0.086,kg,5.13,prep_trim,prep,manual,yield 0.84 on 1.36 kg net
W001625,SITE_KIT_01,2025-12-27,ING_CARROT,,0.265,kg,11.92,prep_trim,prep,manual,yield 0.90 on 6.71 kg net
W001626,SITE_KIT_01,2025-12-27,ING_BEANS,,0.158,kg,9.45,prep_trim,prep,manual,yield 0.90 on 4.20 kg net
W001627,SITE_KIT_01,2025-12-27,ING_CAULI,,5.263,kg,210.53,prep_trim,prep,manual,yield 0.52 on 16.95 kg net
W001628,SITE_KIT_01,2025-12-27,ING_POTATO,,0.73,kg,20.44,prep_trim,prep,manual,yield 0.86 on 13.57 kg net
W001629,SITE_KIT_01,2025-12-27,ING_CAPSICUM,,0.252,kg,20.17,prep_trim,prep,manual,yield 0.84 on 3.87 kg net
W001630,SITE_KIT_01,2025-12-27,ING_SPINACH,,0.835,kg,25.06,prep_trim,prep,manual,yield 0.77 on 8.19 kg net
W001631,SITE_KIT_01,2025-12-27,ING_CURRYLEAF,,0.021,kg,1.69,prep_trim,prep,manual,yield 0.89 on 0.51 kg net
W001632,SITE_KIT_01,2025-12-27,ING_LEMON,,0.342,kg,30.76,prep_trim,prep,manual,yield 0.56 on 1.26 kg net
W001633,SITE_KIT_01,2025-12-27,ING_CUCUMBER,,0.233,kg,8.15,prep_trim,prep,manual,yield 0.86 on 4.10 kg net
W001634,SITE_KIT_01,2025-12-27,ING_CABBAGE,,0.137,kg,3.42,prep_trim,prep,manual,yield 0.87 on 2.74 kg net
W001635,SITE_KIT_01,2025-12-27,ING_BANANA,,0.58,kg,31.9,prep_trim,prep,manual,yield 0.67 on 3.42 kg net
W001636,SITE_KIT_01,2025-12-27,ING_BRINJAL,,0.153,kg,6.12,prep_trim,prep,manual,yield 0.89 on 3.76 kg net
W001637,SITE_KIT_01,2025-12-27,ING_OKRA,,0.133,kg,7.3,prep_trim,prep,manual,yield 0.92 on 4.44 kg net
W001638,SITE_KIT_01,2025-12-27,ING_MUSHROOM,,0.023,kg,4.99,prep_trim,prep,manual,yield 0.95 on 1.37 kg net
W001639,SITE_KIT_01,2025-12-27,ING_CAULI,B00784,7.877,kg,315.08,quality_rejection,storage,manual,"rejected at goods receipt, intake grade 0.89"
W001640,SITE_KIT_01,2025-12-27,ING_LEMON,B00693,0.691,kg,62.15,spoilage,storage,manual,"received 2025-12-21, zone ZN_COLD"
W001641,SITE_KIT_01,2025-12-27,ING_PANEER,B00702,2.036,kg,773.68,spoilage,storage,manual,"received 2025-12-21, zone ZN_COLD"
W001642,SITE_KIT_01,2025-12-27,ING_BATTER,B00777,13.144,kg,920.08,spoilage,storage,manual,"received 2025-12-25, zone ZN_COLD"
W001643,SITE_KIT_01,2025-12-28,DSH_CHBIRYANI,,2.093,kg,443.05,overproduction,post_service,pos_derived,"15 portions unsold, 4.7 binned"
W001644,SITE_KIT_01,2025-12-28,DSH_VGBIRYANI,,1.302,kg,141.51,overproduction,post_service,pos_derived,"10 portions unsold, 3.1 binned"
W001645,SITE_KIT_01,2025-12-28,DSH_GOBIMANCH,,0.882,kg,91.29,overproduction,post_service,pos_derived,"7 portions unsold, 3.1 binned"
W001646,SITE_KIT_01,2025-12-28,DSH_NAAN,,0.153,kg,16.85,plate_waste,service,manual,5 plates partly returned
W001647,SITE_KIT_01,2025-12-28,DSH_ROTI,,0.048,kg,2.54,plate_waste,service,manual,2 plates partly returned
W001648,SITE_KIT_01,2025-12-28,DSH_JEERARICE,,0.246,kg,21.44,overproduction,post_service,pos_derived,"4 portions unsold, 0.9 binned"
W001649,SITE_KIT_01,2025-12-28,DSH_JEERARICE,,0.095,kg,8.28,plate_waste,service,manual,1 plates partly returned
W001650,SITE_KIT_01,2025-12-28,DSH_DALTADKA,,0.855,kg,65.78,overproduction,post_service,pos_derived,"19 portions unsold, 2.9 binned"
W001651,SITE_KIT_01,2025-12-28,DSH_DALTADKA,,0.204,kg,15.69,plate_waste,service,manual,2 plates partly returned
W001652,SITE_KIT_01,2025-12-28,DSH_ROGANJOSH,,0.749,kg,491.82,overproduction,post_service,pos_derived,"13 portions unsold, 2.3 binned"
W001653,SITE_KIT_01,2025-12-28,DSH_ROGANJOSH,,0.109,kg,71.46,plate_waste,service,manual,1 plates partly returned
W001654,SITE_KIT_01,2025-12-28,DSH_VEGPULAO,,0.504,kg,51.41,overproduction,post_service,pos_derived,"6 portions unsold, 1.4 binned"
W001655,SITE_KIT_01,2025-12-28,DSH_VEGPULAO,,0.238,kg,24.28,plate_waste,service,manual,2 plates partly returned
W001656,SITE_KIT_01,2025-12-28,DSH_DOSA,,0.34,kg,31.84,plate_waste,service,manual,4 plates partly returned
W001657,SITE_KIT_01,2025-12-28,DSH_MIXVEG,,0.216,kg,14.41,overproduction,post_service,pos_derived,"3 portions unsold, 0.7 binned"
W001658,SITE_KIT_01,2025-12-28,DSH_MIXVEG,,0.204,kg,13.61,plate_waste,service,manual,2 plates partly returned
W001659,SITE_KIT_01,2025-12-28,DSH_FISHCURRY,,0.72,kg,258.65,overproduction,post_service,pos_derived,"10 portions unsold, 2.4 binned"
W001660,SITE_KIT_01,2025-12-28,ING_ONION,,1.165,kg,44.29,prep_trim,prep,manual,yield 0.90 on 30.59 kg net
W001661,SITE_KIT_01,2025-12-28,ING_TOMATO,,0.15,kg,4.8,prep_trim,prep,manual,yield 0.98 on 24.15 kg net
W001662,SITE_KIT_01,2025-12-28,ING_GINGER,,0.032,kg,3.9,prep_trim,prep,manual,yield 0.91 on 1.00 kg net
W001663,SITE_KIT_01,2025-12-28,ING_GARLIC,,0.086,kg,15.45,prep_trim,prep,manual,yield 0.86 on 1.58 kg net
W001664,SITE_KIT_01,2025-12-28,ING_GCHILLI,,0.028,kg,1.95,prep_trim,prep,manual,yield 0.95 on 1.46 kg net
W001665,SITE_KIT_01,2025-12-28,ING_MINT,,0.029,kg,1.77,prep_trim,prep,manual,yield 0.87 on 0.57 kg net
W001666,SITE_KIT_01,2025-12-28,ING_CORIANDER,,0.065,kg,3.88,prep_trim,prep,manual,yield 0.87 on 1.22 kg net
W001667,SITE_KIT_01,2025-12-28,ING_CARROT,,0.244,kg,10.96,prep_trim,prep,manual,yield 0.90 on 6.27 kg net
W001668,SITE_KIT_01,2025-12-28,ING_BEANS,,0.158,kg,9.47,prep_trim,prep,manual,yield 0.89 on 3.90 kg net
W001669,SITE_KIT_01,2025-12-28,ING_CAULI,,4.788,kg,191.52,prep_trim,prep,manual,yield 0.52 on 15.25 kg net
W001670,SITE_KIT_01,2025-12-28,ING_POTATO,,0.741,kg,20.76,prep_trim,prep,manual,yield 0.85 on 12.45 kg net
W001671,SITE_KIT_01,2025-12-28,ING_CAPSICUM,,0.223,kg,17.85,prep_trim,prep,manual,yield 0.84 on 3.56 kg net
W001672,SITE_KIT_01,2025-12-28,ING_SPINACH,,0.674,kg,20.22,prep_trim,prep,manual,yield 0.79 on 7.46 kg net
W001673,SITE_KIT_01,2025-12-28,ING_LEMON,,0.341,kg,30.69,prep_trim,prep,manual,yield 0.54 on 1.20 kg net
W001674,SITE_KIT_01,2025-12-28,ING_CUCUMBER,,0.215,kg,7.51,prep_trim,prep,manual,yield 0.86 on 3.95 kg net
W001675,SITE_KIT_01,2025-12-28,ING_CABBAGE,,0.103,kg,2.57,prep_trim,prep,manual,yield 0.90 on 2.63 kg net
W001676,SITE_KIT_01,2025-12-28,ING_BANANA,,0.539,kg,29.67,prep_trim,prep,manual,yield 0.67 on 3.29 kg net
W001677,SITE_KIT_01,2025-12-28,ING_BRINJAL,,0.16,kg,6.39,prep_trim,prep,manual,yield 0.89 on 3.62 kg net
W001678,SITE_KIT_01,2025-12-28,ING_OKRA,,0.165,kg,9.1,prep_trim,prep,manual,yield 0.90 on 4.28 kg net
W001679,SITE_KIT_01,2025-12-28,ING_MUSHROOM,,0.023,kg,4.96,prep_trim,prep,manual,yield 0.95 on 1.32 kg net
W001680,SITE_KIT_01,2025-12-28,ING_TOMATO,B00676,7.454,kg,238.53,spoilage,storage,manual,"received 2025-12-21, zone ZN_COLD"
W001681,SITE_KIT_01,2025-12-28,ING_GINGER,B00527,1.439,kg,172.71,spoilage,storage,manual,"received 2025-12-13, zone ZN_DRY"
W001682,SITE_KIT_01,2025-12-29,DSH_CHBIRYANI,,0.837,kg,177.22,overproduction,post_service,pos_derived,"6 portions unsold, 1.9 binned"
W001683,SITE_KIT_01,2025-12-29,DSH_CHBIRYANI,,0.153,kg,32.4,plate_waste,service,manual,1 plates partly returned
W001684,SITE_KIT_01,2025-12-29,DSH_VGBIRYANI,,0.521,kg,56.61,overproduction,post_service,pos_derived,"4 portions unsold, 1.2 binned"
W001685,SITE_KIT_01,2025-12-29,DSH_PBM,,1.26,kg,364.77,overproduction,post_service,pos_derived,"21 portions unsold, 4.2 binned"
W001686,SITE_KIT_01,2025-12-29,DSH_PBM,,0.102,kg,29.53,plate_waste,service,manual,1 plates partly returned
W001687,SITE_KIT_01,2025-12-29,DSH_GOBIMANCH,,1.512,kg,156.49,overproduction,post_service,pos_derived,"12 portions unsold, 5.4 binned"
W001688,SITE_KIT_01,2025-12-29,DSH_PALAK,,0.306,kg,55.19,plate_waste,service,manual,3 plates partly returned
W001689,SITE_KIT_01,2025-12-29,DSH_NAAN,,0.061,kg,6.74,plate_waste,service,manual,2 plates partly returned
W001690,SITE_KIT_01,2025-12-29,DSH_ROTI,,0.095,kg,5.09,plate_waste,service,manual,4 plates partly returned
W001691,SITE_KIT_01,2025-12-29,DSH_JEERARICE,,0.431,kg,37.51,overproduction,post_service,pos_derived,"7 portions unsold, 1.5 binned"
W001692,SITE_KIT_01,2025-12-29,DSH_DALTADKA,,0.405,kg,31.16,overproduction,post_service,pos_derived,"9 portions unsold, 1.3 binned"
W001693,SITE_KIT_01,2025-12-29,DSH_ROGANJOSH,,0.23,kg,151.33,overproduction,post_service,pos_derived,"4 portions unsold, 0.7 binned"
W001694,SITE_KIT_01,2025-12-29,DSH_VEGPULAO,,0.672,kg,68.54,overproduction,post_service,pos_derived,"8 portions unsold, 1.9 binned"
W001695,SITE_KIT_01,2025-12-29,DSH_DOSA,,0.085,kg,7.96,plate_waste,service,manual,1 plates partly returned
W001696,SITE_KIT_01,2025-12-29,DSH_MIXVEG,,0.216,kg,14.41,overproduction,post_service,pos_derived,"3 portions unsold, 0.7 binned"
W001697,SITE_KIT_01,2025-12-29,DSH_FISHCURRY,,0.216,kg,77.59,overproduction,post_service,pos_derived,"3 portions unsold, 0.7 binned"
W001698,SITE_KIT_01,2025-12-29,ING_ONION,,0.603,kg,22.91,prep_trim,prep,manual,yield 0.91 on 19.00 kg net
W001699,SITE_KIT_01,2025-12-29,ING_TOMATO,,0.27,kg,8.64,prep_trim,prep,manual,yield 0.95 on 16.16 kg net
W001700,SITE_KIT_01,2025-12-29,ING_GINGER,,0.029,kg,3.5,prep_trim,prep,manual,yield 0.88 on 0.62 kg net
W001701,SITE_KIT_01,2025-12-29,ING_GARLIC,,0.06,kg,10.73,prep_trim,prep,manual,yield 0.85 on 0.98 kg net
W001702,SITE_KIT_01,2025-12-29,ING_GCHILLI,,0.021,kg,1.48,prep_trim,prep,manual,yield 0.93 on 0.88 kg net
W001703,SITE_KIT_01,2025-12-29,ING_MINT,,0.021,kg,1.24,prep_trim,prep,manual,yield 0.85 on 0.34 kg net
W001704,SITE_KIT_01,2025-12-29,ING_CORIANDER,,0.041,kg,2.48,prep_trim,prep,manual,yield 0.86 on 0.74 kg net
W001705,SITE_KIT_01,2025-12-29,ING_CARROT,,0.199,kg,8.94,prep_trim,prep,manual,yield 0.87 on 3.84 kg net
W001706,SITE_KIT_01,2025-12-29,ING_BEANS,,0.098,kg,5.86,prep_trim,prep,manual,yield 0.89 on 2.39 kg net
W001707,SITE_KIT_01,2025-12-29,ING_CAULI,,3.003,kg,120.13,prep_trim,prep,manual,yield 0.52 on 9.62 kg net
W001708,SITE_KIT_01,2025-12-29,ING_POTATO,,0.484,kg,13.54,prep_trim,prep,manual,yield 0.85 on 8.05 kg net
W001709,SITE_KIT_01,2025-12-29,ING_CAPSICUM,,0.13,kg,10.37,prep_trim,prep,manual,yield 0.85 on 2.18 kg net
W001710,SITE_KIT_01,2025-12-29,ING_SPINACH,,0.454,kg,13.63,prep_trim,prep,manual,yield 0.79 on 4.91 kg net
W001711,SITE_KIT_01,2025-12-29,ING_LEMON,,0.219,kg,19.69,prep_trim,prep,manual,yield 0.53 on 0.72 kg net
W001712,SITE_KIT_01,2025-12-29,ING_CUCUMBER,,0.165,kg,5.78,prep_trim,prep,manual,yield 0.83 on 2.39 kg net
W001713,SITE_KIT_01,2025-12-29,ING_CABBAGE,,0.074,kg,1.85,prep_trim,prep,manual,yield 0.88 on 1.59 kg net
W001714,SITE_KIT_01,2025-12-29,ING_BANANA,,0.306,kg,16.84,prep_trim,prep,manual,yield 0.69 on 1.99 kg net
W001715,SITE_KIT_01,2025-12-29,ING_BRINJAL,,0.086,kg,3.43,prep_trim,prep,manual,yield 0.90 on 2.19 kg net
W001716,SITE_KIT_01,2025-12-29,ING_OKRA,,0.088,kg,4.85,prep_trim,prep,manual,yield 0.91 on 2.59 kg net
W001717,SITE_KIT_01,2025-12-29,ING_SPINACH,B00828,0.89,kg,26.7,quality_rejection,storage,manual,"rejected at goods receipt, intake grade 0.98"
W001718,SITE_KIT_01,2025-12-29,ING_LEMON,B00726,1.508,kg,135.71,spoilage,storage,manual,"received 2025-12-23, zone ZN_COLD"
W001719,SITE_KIT_01,2025-12-29,ING_BANANA,B00730,4.047,kg,222.56,spoilage,storage,manual,"received 2025-12-23, zone ZN_COLD"
W001720,SITE_KIT_01,2025-12-30,DSH_CHBIRYANI,,0.698,kg,147.68,overproduction,post_service,pos_derived,"5 portions unsold, 1.6 binned"
W001721,SITE_KIT_01,2025-12-30,DSH_CHBIRYANI,,0.153,kg,32.4,plate_waste,service,manual,1 plates partly returned
W001722,SITE_KIT_01,2025-12-30,DSH_VGBIRYANI,,1.302,kg,141.51,overproduction,post_service,pos_derived,"10 portions unsold, 3.1 binned"
W001723,SITE_KIT_01,2025-12-30,DSH_PBM,,0.24,kg,69.48,overproduction,post_service,pos_derived,"4 portions unsold, 0.8 binned"
W001724,SITE_KIT_01,2025-12-30,DSH_PALAK,,0.726,kg,130.95,overproduction,post_service,pos_derived,"11 portions unsold, 2.4 binned"
W001725,SITE_KIT_01,2025-12-30,DSH_NAAN,,0.031,kg,3.37,plate_waste,service,manual,1 plates partly returned
W001726,SITE_KIT_01,2025-12-30,DSH_ROTI,,0.024,kg,1.27,plate_waste,service,manual,1 plates partly returned
W001727,SITE_KIT_01,2025-12-30,DSH_JEERARICE,,0.095,kg,8.28,plate_waste,service,manual,1 plates partly returned
W001728,SITE_KIT_01,2025-12-30,DSH_DALTADKA,,0.225,kg,17.31,overproduction,post_service,pos_derived,"5 portions unsold, 0.8 binned"
W001729,SITE_KIT_01,2025-12-30,DSH_DALTADKA,,0.102,kg,7.85,plate_waste,service,manual,1 plates partly returned
W001730,SITE_KIT_01,2025-12-30,DSH_ROGANJOSH,,0.109,kg,71.46,plate_waste,service,manual,1 plates partly returned
W001731,SITE_KIT_01,2025-12-30,DSH_DOSA,,0.17,kg,15.92,plate_waste,service,manual,2 plates partly returned
W001732,SITE_KIT_01,2025-12-30,DSH_MIXVEG,,0.216,kg,14.41,overproduction,post_service,pos_derived,"3 portions unsold, 0.7 binned"
W001733,SITE_KIT_01,2025-12-30,DSH_MIXVEG,,0.102,kg,6.81,plate_waste,service,manual,1 plates partly returned
W001734,SITE_KIT_01,2025-12-30,DSH_FISHCURRY,,0.102,kg,36.64,plate_waste,service,manual,1 plates partly returned
W001735,SITE_KIT_01,2025-12-30,ING_ONION,,0.869,kg,33.01,prep_trim,prep,manual,yield 0.89 on 20.74 kg net
W001736,SITE_KIT_01,2025-12-30,ING_TOMATO,,0.175,kg,5.59,prep_trim,prep,manual,yield 0.97 on 16.03 kg net
W001737,SITE_KIT_01,2025-12-30,ING_GINGER,,0.022,kg,2.59,prep_trim,prep,manual,yield 0.91 on 0.63 kg net
W001738,SITE_KIT_01,2025-12-30,ING_GARLIC,,0.051,kg,9.11,prep_trim,prep,manual,yield 0.87 on 1.00 kg net
W001739,SITE_KIT_01,2025-12-30,ING_GCHILLI,,0.023,kg,1.58,prep_trim,prep,manual,yield 0.94 on 0.99 kg net
W001740,SITE_KIT_01,2025-12-30,ING_MINT,,0.024,kg,1.42,prep_trim,prep,manual,yield 0.86 on 0.42 kg net
W001741,SITE_KIT_01,2025-12-30,ING_CORIANDER,,0.051,kg,3.05,prep_trim,prep,manual,yield 0.85 on 0.85 kg net
W001742,SITE_KIT_01,2025-12-30,ING_CARROT,,0.163,kg,7.36,prep_trim,prep,manual,yield 0.90 on 4.41 kg net
W001743,SITE_KIT_01,2025-12-30,ING_BEANS,,0.136,kg,8.15,prep_trim,prep,manual,yield 0.87 on 2.78 kg net
W001744,SITE_KIT_01,2025-12-30,ING_CAULI,,3.2,kg,127.99,prep_trim,prep,manual,yield 0.52 on 10.06 kg net
W001745,SITE_KIT_01,2025-12-30,ING_POTATO,,0.636,kg,17.8,prep_trim,prep,manual,yield 0.85 on 10.36 kg net
W001746,SITE_KIT_01,2025-12-30,ING_CAPSICUM,,0.162,kg,12.97,prep_trim,prep,manual,yield 0.82 on 2.24 kg net
W001747,SITE_KIT_01,2025-12-30,ING_SPINACH,,0.464,kg,13.92,prep_trim,prep,manual,yield 0.79 on 5.10 kg net
W001748,SITE_KIT_01,2025-12-30,ING_LEMON,,0.235,kg,21.17,prep_trim,prep,manual,yield 0.54 on 0.81 kg net
W001749,SITE_KIT_01,2025-12-30,ING_CUCUMBER,,0.182,kg,6.35,prep_trim,prep,manual,yield 0.84 on 2.71 kg net
W001750,SITE_KIT_01,2025-12-30,ING_CABBAGE,,0.098,kg,2.45,prep_trim,prep,manual,yield 0.86 on 1.81 kg net
W001751,SITE_KIT_01,2025-12-30,ING_BANANA,,0.391,kg,21.53,prep_trim,prep,manual,yield 0.66 on 2.26 kg net
W001752,SITE_KIT_01,2025-12-30,ING_BRINJAL,,0.105,kg,4.18,prep_trim,prep,manual,yield 0.89 on 2.49 kg net
W001753,SITE_KIT_01,2025-12-30,ING_OKRA,,0.113,kg,6.19,prep_trim,prep,manual,yield 0.90 on 2.94 kg net
W001754,SITE_KIT_01,2025-12-30,ING_CORIANDER,B00786,0.537,kg,32.24,spoilage,storage,manual,"received 2025-12-27, zone ZN_COLD"
W001755,SITE_KIT_01,2025-12-30,ING_CAPSICUM,B00719,1.465,kg,117.22,spoilage,storage,manual,"received 2025-12-23, zone ZN_COLD"
W001756,SITE_KIT_01,2025-12-30,ING_BRINJAL,B00721,1.491,kg,59.62,spoilage,storage,manual,"received 2025-12-23, zone ZN_COLD"
W001757,SITE_KIT_01,2025-12-30,ING_CURRYLEAF,B00795,0.75,kg,60.0,spoilage,storage,manual,"received 2025-12-27, zone ZN_COLD"
W001758,SITE_KIT_01,2025-12-30,ING_CUCUMBER,B00729,1.673,kg,58.56,spoilage,storage,manual,"received 2025-12-23, zone ZN_COLD"
W001759,SITE_KIT_01,2025-12-31,DSH_CHBIRYANI,,1.814,kg,383.98,overproduction,post_service,pos_derived,"13 portions unsold, 4.0 binned"
W001760,SITE_KIT_01,2025-12-31,DSH_VGBIRYANI,,1.172,kg,127.36,overproduction,post_service,pos_derived,"9 portions unsold, 2.8 binned"
W001761,SITE_KIT_01,2025-12-31,DSH_VGBIRYANI,,0.143,kg,15.52,plate_waste,service,manual,1 plates partly returned
W001762,SITE_KIT_01,2025-12-31,DSH_PBM,,1.38,kg,399.51,overproduction,post_service,pos_derived,"23 portions unsold, 4.6 binned"
W001763,SITE_KIT_01,2025-12-31,DSH_PBM,,0.306,kg,88.59,plate_waste,service,manual,3 plates partly returned
W001764,SITE_KIT_01,2025-12-31,DSH_GOBIMANCH,,1.638,kg,169.53,overproduction,post_service,pos_derived,"13 portions unsold, 5.9 binned"
W001765,SITE_KIT_01,2025-12-31,DSH_PALAK,,0.66,kg,119.04,overproduction,post_service,pos_derived,"10 portions unsold, 2.2 binned"
W001766,SITE_KIT_01,2025-12-31,DSH_NAAN,,0.122,kg,13.48,plate_waste,service,manual,4 plates partly returned
W001767,SITE_KIT_01,2025-12-31,DSH_JEERARICE,,0.678,kg,58.95,overproduction,post_service,pos_derived,"11 portions unsold, 2.4 binned"
W001768,SITE_KIT_01,2025-12-31,DSH_JEERARICE,,0.381,kg,33.13,plate_waste,service,manual,4 plates partly returned
W001769,SITE_KIT_01,2025-12-31,DSH_DALTADKA,,0.27,kg,20.77,overproduction,post_service,pos_derived,"6 portions unsold, 0.9 binned"
W001770,SITE_KIT_01,2025-12-31,DSH_DALTADKA,,0.408,kg,31.39,plate_waste,service,manual,4 plates partly returned
W001771,SITE_KIT_01,2025-12-31,DSH_ROGANJOSH,,0.576,kg,378.32,overproduction,post_service,pos_derived,"10 portions unsold, 1.8 binned"
W001772,SITE_KIT_01,2025-12-31,DSH_VEGPULAO,,0.84,kg,85.68,overproduction,post_service,pos_derived,"10 portions unsold, 2.4 binned"
W001773,SITE_KIT_01,2025-12-31,DSH_DOSA,,0.17,kg,15.92,plate_waste,service,manual,2 plates partly returned
W001774,SITE_KIT_01,2025-12-31,DSH_MIXVEG,,0.288,kg,19.22,overproduction,post_service,pos_derived,"4 portions unsold, 1.0 binned"
W001775,SITE_KIT_01,2025-12-31,ING_ONION,,1.525,kg,57.96,prep_trim,prep,manual,yield 0.88 on 33.51 kg net
W001776,SITE_KIT_01,2025-12-31,ING_TOMATO,,0.379,kg,12.12,prep_trim,prep,manual,yield 0.96 on 25.60 kg net
W001777,SITE_KIT_01,2025-12-31,ING_GINGER,,0.031,kg,3.77,prep_trim,prep,manual,yield 0.92 on 1.02 kg net
W001778,SITE_KIT_01,2025-12-31,ING_GARLIC,,0.087,kg,15.59,prep_trim,prep,manual,yield 0.87 on 1.64 kg net
W001779,SITE_KIT_01,2025-12-31,ING_GCHILLI,,0.037,kg,2.6,prep_trim,prep,manual,yield 0.94 on 1.67 kg net
W001780,SITE_KIT_01,2025-12-31,ING_MINT,,0.035,kg,2.07,prep_trim,prep,manual,yield 0.85 on 0.59 kg net
W001781,SITE_KIT_01,2025-12-31,ING_CORIANDER,,0.069,kg,4.13,prep_trim,prep,manual,yield 0.86 on 1.28 kg net
W001782,SITE_KIT_01,2025-12-31,ING_CARROT,,0.313,kg,14.08,prep_trim,prep,manual,yield 0.88 on 6.72 kg net
W001783,SITE_KIT_01,2025-12-31,ING_BEANS,,0.129,kg,7.73,prep_trim,prep,manual,yield 0.92 on 4.15 kg net
W001784,SITE_KIT_01,2025-12-31,ING_CAULI,,5.487,kg,219.49,prep_trim,prep,manual,yield 0.50 on 16.34 kg net
W001785,SITE_KIT_01,2025-12-31,ING_POTATO,,1.076,kg,30.14,prep_trim,prep,manual,yield 0.85 on 17.77 kg net
W001786,SITE_KIT_01,2025-12-31,ING_CAPSICUM,,0.271,kg,21.67,prep_trim,prep,manual,yield 0.83 on 3.77 kg net
W001787,SITE_KIT_01,2025-12-31,ING_SPINACH,,0.83,kg,24.9,prep_trim,prep,manual,yield 0.77 on 8.19 kg net
W001788,SITE_KIT_01,2025-12-31,ING_CURRYLEAF,,0.021,kg,1.68,prep_trim,prep,manual,yield 0.91 on 0.60 kg net
W001789,SITE_KIT_01,2025-12-31,ING_LEMON,,0.392,kg,35.31,prep_trim,prep,manual,yield 0.53 on 1.31 kg net
W001790,SITE_KIT_01,2025-12-31,ING_CUCUMBER,,0.243,kg,8.52,prep_trim,prep,manual,yield 0.86 on 4.37 kg net
W001791,SITE_KIT_01,2025-12-31,ING_CABBAGE,,0.15,kg,3.75,prep_trim,prep,manual,yield 0.87 on 2.91 kg net
W001792,SITE_KIT_01,2025-12-31,ING_BANANA,,0.531,kg,29.23,prep_trim,prep,manual,yield 0.70 on 3.64 kg net
W001793,SITE_KIT_01,2025-12-31,ING_BRINJAL,,0.189,kg,7.57,prep_trim,prep,manual,yield 0.88 on 4.00 kg net
W001794,SITE_KIT_01,2025-12-31,ING_OKRA,,0.153,kg,8.39,prep_trim,prep,manual,yield 0.91 on 4.73 kg net
W001795,SITE_KIT_01,2025-12-31,ING_CAPSICUM,B00867,1.023,kg,81.84,quality_rejection,storage,manual,"rejected at goods receipt, intake grade 0.87"
W001796,SITE_KIT_01,2026-01-01,DSH_CHBIRYANI,,0.558,kg,118.15,overproduction,post_service,pos_derived,"4 portions unsold, 1.2 binned"
W001797,SITE_KIT_01,2026-01-01,DSH_VGBIRYANI,,2.734,kg,297.18,overproduction,post_service,pos_derived,"21 portions unsold, 6.5 binned"
W001798,SITE_KIT_01,2026-01-01,DSH_PBM,,0.84,kg,243.18,overproduction,post_service,pos_derived,"14 portions unsold, 2.8 binned"
W001799,SITE_KIT_01,2026-01-01,DSH_PBM,,0.102,kg,29.53,plate_waste,service,manual,1 plates partly returned
W001800,SITE_KIT_01,2026-01-01,DSH_GOBIMANCH,,1.764,kg,182.57,overproduction,post_service,pos_derived,"14 portions unsold, 6.3 binned"
W001801,SITE_KIT_01,2026-01-01,DSH_GOBIMANCH,,0.095,kg,9.85,plate_waste,service,manual,1 plates partly returned
W001802,SITE_KIT_01,2026-01-01,DSH_PALAK,,0.924,kg,166.66,overproduction,post_service,pos_derived,"14 portions unsold, 3.1 binned"
W001803,SITE_KIT_01,2026-01-01,DSH_NAAN,,0.122,kg,13.48,plate_waste,service,manual,4 plates partly returned
W001804,SITE_KIT_01,2026-01-01,DSH_ROTI,,0.071,kg,3.81,plate_waste,service,manual,3 plates partly returned
W001805,SITE_KIT_01,2026-01-01,DSH_JEERARICE,,0.801,kg,69.67,overproduction,post_service,pos_derived,"13 portions unsold, 2.9 binned"
W001806,SITE_KIT_01,2026-01-01,DSH_DALTADKA,,0.9,kg,69.24,overproduction,post_service,pos_derived,"20 portions unsold, 3.0 binned"
W001807,SITE_KIT_01,2026-01-01,DSH_ROGANJOSH,,0.403,kg,264.83,overproduction,post_service,pos_derived,"7 portions unsold, 1.3 binned"
W001808,SITE_KIT_01,2026-01-01,DSH_VEGPULAO,,1.092,kg,111.38,overproduction,post_service,pos_derived,"13 portions unsold, 3.1 binned"
W001809,SITE_KIT_01,2026-01-01,DSH_VEGPULAO,,0.119,kg,12.14,plate_waste,service,manual,1 plates partly returned
W001810,SITE_KIT_01,2026-01-01,DSH_FISHCURRY,,1.008,kg,362.11,overproduction,post_service,pos_derived,"14 portions unsold, 3.4 binned"
W001811,SITE_KIT_01,2026-01-01,ING_ONION,,1.395,kg,52.99,prep_trim,prep,manual,yield 0.88 on 31.36 kg net
W001812,SITE_KIT_01,2026-01-01,ING_TOMATO,,0.299,kg,9.57,prep_trim,prep,manual,yield 0.97 on 24.93 kg net
W001813,SITE_KIT_01,2026-01-01,ING_GINGER,,0.037,kg,4.46,prep_trim,prep,manual,yield 0.90 on 0.99 kg net
W001814,SITE_KIT_01,2026-01-01,ING_GARLIC,,0.076,kg,13.59,prep_trim,prep,manual,yield 0.88 on 1.58 kg net
W001815,SITE_KIT_01,2026-01-01,ING_GCHILLI,,0.043,kg,3.0,prep_trim,prep,manual,yield 0.92 on 1.52 kg net
W001816,SITE_KIT_01,2026-01-01,ING_MINT,,0.035,kg,2.08,prep_trim,prep,manual,yield 0.85 on 0.59 kg net
W001817,SITE_KIT_01,2026-01-01,ING_CORIANDER,,0.062,kg,3.7,prep_trim,prep,manual,yield 0.87 on 1.25 kg net
W001818,SITE_KIT_01,2026-01-01,ING_CARROT,,0.286,kg,12.88,prep_trim,prep,manual,yield 0.89 on 6.51 kg net
W001819,SITE_KIT_01,2026-01-01,ING_BEANS,,0.192,kg,11.5,prep_trim,prep,manual,yield 0.88 on 4.09 kg net
W001820,SITE_KIT_01,2026-01-01,ING_CAULI,,5.345,kg,213.82,prep_trim,prep,manual,yield 0.50 on 15.87 kg net
W001821,SITE_KIT_01,2026-01-01,ING_POTATO,,0.836,kg,23.4,prep_trim,prep,manual,yield 0.85 on 14.46 kg net
W001822,SITE_KIT_01,2026-01-01,ING_CAPSICUM,,0.26,kg,20.77,prep_trim,prep,manual,yield 0.83 on 3.67 kg net
W001823,SITE_KIT_01,2026-01-01,ING_SPINACH,,0.703,kg,21.09,prep_trim,prep,manual,yield 0.78 on 7.46 kg net
W001824,SITE_KIT_01,2026-01-01,ING_LEMON,,0.319,kg,28.67,prep_trim,prep,manual,yield 0.56 on 1.20 kg net
W001825,SITE_KIT_01,2026-01-01,ING_CUCUMBER,,0.221,kg,7.72,prep_trim,prep,manual,yield 0.86 on 3.98 kg net
W001826,SITE_KIT_01,2026-01-01,ING_CABBAGE,,0.137,kg,3.42,prep_trim,prep,manual,yield 0.87 on 2.65 kg net
W001827,SITE_KIT_01,2026-01-01,ING_BANANA,,0.539,kg,29.67,prep_trim,prep,manual,yield 0.68 on 3.32 kg net
W001828,SITE_KIT_01,2026-01-01,ING_BRINJAL,,0.17,kg,6.8,prep_trim,prep,manual,yield 0.88 on 3.65 kg net
W001829,SITE_KIT_01,2026-01-01,ING_OKRA,,0.19,kg,10.46,prep_trim,prep,manual,yield 0.89 on 4.31 kg net
W001830,SITE_KIT_01,2026-01-01,ING_MUSHROOM,,0.025,kg,5.6,prep_trim,prep,manual,yield 0.95 on 1.33 kg net
W001831,SITE_KIT_01,2026-01-01,ING_SPINACH,B00819,1.271,kg,38.13,spoilage,storage,manual,"received 2025-12-28, zone ZN_COLD"
W001832,SITE_KIT_01,2026-01-01,ING_CORIANDER,B00829,1.5,kg,90.0,spoilage,storage,manual,"received 2025-12-29, zone ZN_COLD"
W001833,SITE_KIT_01,2026-01-01,ING_GCHILLI,B00752,0.679,kg,47.56,spoilage,storage,manual,"received 2025-12-25, zone ZN_COLD"
W001834,SITE_KIT_01,2026-01-01,ING_MINT,B00839,0.01,kg,0.6,spoilage,storage,manual,"received 2025-12-29, zone ZN_COLD"
W001835,SITE_KIT_01,2026-01-01,ING_CREAM,B00808,0.481,kg,105.91,spoilage,storage,manual,"received 2025-12-27, zone ZN_COLD"
W001836,SITE_KIT_01,2026-01-02,DSH_CHBIRYANI,,3.627,kg,767.96,overproduction,post_service,pos_derived,"26 portions unsold, 8.1 binned"
W001837,SITE_KIT_01,2026-01-02,DSH_CHBIRYANI,,0.153,kg,32.4,plate_waste,service,manual,1 plates partly returned
W001838,SITE_KIT_01,2026-01-02,DSH_PBM,,0.54,kg,156.33,overproduction,post_service,pos_derived,"9 portions unsold, 1.8 binned"
W001839,SITE_KIT_01,2026-01-02,DSH_PBM,,0.102,kg,29.53,plate_waste,service,manual,1 plates partly returned
W001840,SITE_KIT_01,2026-01-02,DSH_GOBIMANCH,,1.26,kg,130.41,overproduction,post_service,pos_derived,"10 portions unsold, 4.5 binned"
W001841,SITE_KIT_01,2026-01-02,DSH_GOBIMANCH,,0.19,kg,19.71,plate_waste,service,manual,2 plates partly returned
W001842,SITE_KIT_01,2026-01-02,DSH_PALAK,,0.594,kg,107.14,overproduction,post_service,pos_derived,"9 portions unsold, 2.0 binned"
W001843,SITE_KIT_01,2026-01-02,DSH_PALAK,,0.204,kg,36.79,plate_waste,service,manual,2 plates partly returned
W001844,SITE_KIT_01,2026-01-02,DSH_NAAN,,0.092,kg,10.11,plate_waste,service,manual,3 plates partly returned
W001845,SITE_KIT_01,2026-01-02,DSH_ROTI,,0.119,kg,6.36,plate_waste,service,manual,5 plates partly returned
W001846,SITE_KIT_01,2026-01-02,DSH_JEERARICE,,0.37,kg,32.16,overproduction,post_service,pos_derived,"6 portions unsold, 1.3 binned"
W001847,SITE_KIT_01,2026-01-02,DSH_DALTADKA,,0.204,kg,15.69,plate_waste,service,manual,2 plates partly returned
W001848,SITE_KIT_01,2026-01-02,DSH_ROGANJOSH,,0.173,kg,113.5,overproduction,post_service,pos_derived,"3 portions unsold, 0.5 binned"
W001849,SITE_KIT_01,2026-01-02,DSH_ROGANJOSH,,0.218,kg,142.92,plate_waste,service,manual,2 plates partly returned
W001850,SITE_KIT_01,2026-01-02,DSH_VEGPULAO,,0.42,kg,42.84,overproduction,post_service,pos_derived,"5 portions unsold, 1.2 binned"
W001851,SITE_KIT_01,2026-01-02,DSH_VEGPULAO,,0.119,kg,12.14,plate_waste,service,manual,1 plates partly returned
W001852,SITE_KIT_01,2026-01-02,DSH_MIXVEG,,0.102,kg,6.81,plate_waste,service,manual,1 plates partly returned
W001853,SITE_KIT_01,2026-01-02,DSH_FISHCURRY,,0.72,kg,258.65,overproduction,post_service,pos_derived,"10 portions unsold, 2.4 binned"
W001854,SITE_KIT_01,2026-01-02,ING_ONION,,1.033,kg,39.24,prep_trim,prep,manual,yield 0.91 on 30.90 kg net
W001855,SITE_KIT_01,2026-01-02,ING_TOMATO,,0.34,kg,10.89,prep_trim,prep,manual,yield 0.96 on 25.29 kg net
W001856,SITE_KIT_01,2026-01-02,ING_GINGER,,0.044,kg,5.29,prep_trim,prep,manual,yield 0.89 on 1.09 kg net
W001857,SITE_KIT_01,2026-01-02,ING_GARLIC,,0.086,kg,15.55,prep_trim,prep,manual,yield 0.87 on 1.65 kg net
W001858,SITE_KIT_01,2026-01-02,ING_GCHILLI,,0.035,kg,2.46,prep_trim,prep,manual,yield 0.93 on 1.44 kg net
W001859,SITE_KIT_01,2026-01-02,ING_MINT,,0.027,kg,1.62,prep_trim,prep,manual,yield 0.89 on 0.64 kg net
W001860,SITE_KIT_01,2026-01-02,ING_CORIANDER,,0.083,kg,4.97,prep_trim,prep,manual,yield 0.84 on 1.30 kg net
W001861,SITE_KIT_01,2026-01-02,ING_CARROT,,0.304,kg,13.69,prep_trim,prep,manual,yield 0.87 on 6.25 kg net
W001862,SITE_KIT_01,2026-01-02,ING_BEANS,,0.171,kg,10.23,prep_trim,prep,manual,yield 0.89 on 3.87 kg net
W001863,SITE_KIT_01,2026-01-02,ING_CAULI,,4.885,kg,195.42,prep_trim,prep,manual,yield 0.51 on 15.24 kg net
W001864,SITE_KIT_01,2026-01-02,ING_POTATO,,0.488,kg,13.67,prep_trim,prep,manual,yield 0.87 on 9.78 kg net
W001865,SITE_KIT_01,2026-01-02,ING_CAPSICUM,,0.228,kg,18.23,prep_trim,prep,manual,yield 0.84 on 3.51 kg net
W001866,SITE_KIT_01,2026-01-02,ING_SPINACH,,0.72,kg,21.6,prep_trim,prep,manual,yield 0.78 on 7.46 kg net
W001867,SITE_KIT_01,2026-01-02,ING_LEMON,,0.317,kg,28.57,prep_trim,prep,manual,yield 0.57 on 1.22 kg net
W001868,SITE_KIT_01,2026-01-02,ING_CUCUMBER,,0.213,kg,7.46,prep_trim,prep,manual,yield 0.86 on 4.01 kg net
W001869,SITE_KIT_01,2026-01-02,ING_CABBAGE,,0.12,kg,3.01,prep_trim,prep,manual,yield 0.88 on 2.67 kg net
W001870,SITE_KIT_01,2026-01-02,ING_BANANA,,0.535,kg,29.43,prep_trim,prep,manual,yield 0.68 on 3.34 kg net
W001871,SITE_KIT_01,2026-01-02,ING_BRINJAL,,0.163,kg,6.53,prep_trim,prep,manual,yield 0.88 on 3.68 kg net
W001872,SITE_KIT_01,2026-01-02,ING_OKRA,,0.172,kg,9.48,prep_trim,prep,manual,yield 0.90 on 4.34 kg net
W001873,SITE_KIT_01,2026-01-02,ING_ONION,B00895,10.345,kg,393.11,quality_rejection,storage,manual,"rejected at goods receipt, intake grade 0.88"
W001874,SITE_KIT_01,2026-01-02,ING_SPINACH,B00898,0.766,kg,22.98,quality_rejection,storage,manual,"rejected at goods receipt, intake grade 0.95"
W001875,SITE_KIT_01,2026-01-02,ING_PEAS,B00908,0.397,kg,35.73,quality_rejection,storage,manual,"rejected at goods receipt, intake grade 0.88"
W001876,SITE_KIT_01,2026-01-02,ING_MINT,B00909,0.053,kg,3.18,quality_rejection,storage,manual,"rejected at goods receipt, intake grade 0.89"
W001877,SITE_KIT_01,2026-01-02,ING_CUCUMBER,B00914,0.642,kg,22.47,quality_rejection,storage,manual,"rejected at goods receipt, intake grade 0.93"
W001878,SITE_KIT_01,2026-01-02,ING_BANANA,B00915,1.052,kg,57.86,quality_rejection,storage,manual,"rejected at goods receipt, intake grade 0.87"
W001879,SITE_KIT_01,2026-01-02,ING_SPINACH,B00828,9.11,kg,273.3,spoilage,storage,manual,"received 2025-12-29, zone ZN_COLD"
W001880,SITE_KIT_01,2026-01-02,ING_MINT,B00858,0.086,kg,5.18,spoilage,storage,manual,"received 2025-12-30, zone ZN_COLD"
W001881,SITE_KIT_01,2026-01-02,ING_LEMON,B00796,5.0,kg,450.0,spoilage,storage,manual,"received 2025-12-27, zone ZN_COLD"
W001882,SITE_KIT_01,2026-01-03,DSH_CHBIRYANI,,0.153,kg,32.4,plate_waste,service,manual,1 plates partly returned
W001883,SITE_KIT_01,2026-01-03,DSH_VGBIRYANI,,0.781,kg,84.91,overproduction,post_service,pos_derived,"6 portions unsold, 1.9 binned"
W001884,SITE_KIT_01,2026-01-03,DSH_VGBIRYANI,,0.143,kg,15.52,plate_waste,service,manual,1 plates partly returned
W001885,SITE_KIT_01,2026-01-03,DSH_PBM,,1.2,kg,347.4,overproduction,post_service,pos_derived,"20 portions unsold, 4.0 binned"
W001886,SITE_KIT_01,2026-01-03,DSH_PBM,,0.204,kg,59.06,plate_waste,service,manual,2 plates partly returned
W001887,SITE_KIT_01,2026-01-03,DSH_GOBIMANCH,,0.126,kg,13.04,overproduction,post_service,pos_derived,"1 portions unsold, 0.5 binned"
W001888,SITE_KIT_01,2026-01-03,DSH_PALAK,,0.792,kg,142.85,overproduction,post_service,pos_derived,"12 portions unsold, 2.6 binned"
W001889,SITE_KIT_01,2026-01-03,DSH_NAAN,,0.214,kg,23.59,plate_waste,service,manual,7 plates partly returned
W001890,SITE_KIT_01,2026-01-03,DSH_ROTI,,0.071,kg,3.81,plate_waste,service,manual,3 plates partly returned
W001891,SITE_KIT_01,2026-01-03,DSH_JEERARICE,,0.185,kg,16.08,overproduction,post_service,pos_derived,"3 portions unsold, 0.7 binned"
W001892,SITE_KIT_01,2026-01-03,DSH_JEERARICE,,0.095,kg,8.28,plate_waste,service,manual,1 plates partly returned
W001893,SITE_KIT_01,2026-01-03,DSH_DALTADKA,,1.395,kg,107.32,overproduction,post_service,pos_derived,"31 portions unsold, 4.6 binned"
W001894,SITE_KIT_01,2026-01-03,DSH_DALTADKA,,0.102,kg,7.85,plate_waste,service,manual,1 plates partly returned
W001895,SITE_KIT_01,2026-01-03,DSH_ROGANJOSH,,0.346,kg,226.99,overproduction,post_service,pos_derived,"6 portions unsold, 1.1 binned"
W001896,SITE_KIT_01,2026-01-03,DSH_DOSA,,0.17,kg,15.92,plate_waste,service,manual,2 plates partly returned
W001897,SITE_KIT_01,2026-01-03,DSH_MIXVEG,,0.576,kg,38.44,overproduction,post_service,pos_derived,"8 portions unsold, 1.9 binned"
W001898,SITE_KIT_01,2026-01-03,DSH_MIXVEG,,0.204,kg,13.61,plate_waste,service,manual,2 plates partly returned
W001899,SITE_KIT_01,2026-01-03,DSH_FISHCURRY,,0.288,kg,103.46,overproduction,post_service,pos_derived,"4 portions unsold, 1.0 binned"
W001900,SITE_KIT_01,2026-01-03,DSH_FISHCURRY,,0.102,kg,36.64,plate_waste,service,manual,1 plates partly returned
W001901,SITE_KIT_01,2026-01-03,ING_ONION,,1.265,kg,48.09,prep_trim,prep,manual,yield 0.90 on 34.51 kg net
W001902,SITE_KIT_01,2026-01-03,ING_TOMATO,,0.28,kg,8.98,prep_trim,prep,manual,yield 0.97 on 27.74 kg net
W001903,SITE_KIT_01,2026-01-03,ING_GINGER,,0.043,kg,5.19,prep_trim,prep,manual,yield 0.90 on 1.16 kg net
W001904,SITE_KIT_01,2026-01-03,ING_GARLIC,,0.098,kg,17.67,prep_trim,prep,manual,yield 0.86 on 1.82 kg net
W001905,SITE_KIT_01,2026-01-03,ING_GCHILLI,,0.029,kg,2.01,prep_trim,prep,manual,yield 0.95 on 1.65 kg net
W001906,SITE_KIT_01,2026-01-03,ING_MINT,,0.038,kg,2.26,prep_trim,prep,manual,yield 0.86 on 0.67 kg net
W001907,SITE_KIT_01,2026-01-03,ING_CORIANDER,,0.091,kg,5.45,prep_trim,prep,manual,yield 0.84 on 1.42 kg net
W001908,SITE_KIT_01,2026-01-03,ING_CARROT,,0.302,kg,13.57,prep_trim,prep,manual,yield 0.89 on 6.89 kg net
W001909,SITE_KIT_01,2026-01-03,ING_BEANS,,0.152,kg,9.13,prep_trim,prep,manual,yield 0.91 on 4.27 kg net
W001910,SITE_KIT_01,2026-01-03,ING_CAULI,,5.832,kg,233.29,prep_trim,prep,manual,yield 0.50 on 17.30 kg net
W001911,SITE_KIT_01,2026-01-03,ING_POTATO,,0.772,kg,21.62,prep_trim,prep,manual,yield 0.85 on 13.12 kg net
W001912,SITE_KIT_01,2026-01-03,ING_CAPSICUM,,0.294,kg,23.53,prep_trim,prep,manual,yield 0.82 on 3.93 kg net
W001913,SITE_KIT_01,2026-01-03,ING_SPINACH,,0.82,kg,24.59,prep_trim,prep,manual,yield 0.78 on 8.37 kg net
W001914,SITE_KIT_01,2026-01-03,ING_CURRYLEAF,,0.022,kg,1.8,prep_trim,prep,manual,yield 0.89 on 0.51 kg net
W001915,SITE_KIT_01,2026-01-03,ING_LEMON,,0.366,kg,32.94,prep_trim,prep,manual,yield 0.55 on 1.34 kg net
W001916,SITE_KIT_01,2026-01-03,ING_CUCUMBER,,0.276,kg,9.67,prep_trim,prep,manual,yield 0.84 on 4.41 kg net
W001917,SITE_KIT_01,2026-01-03,ING_CABBAGE,,0.138,kg,3.45,prep_trim,prep,manual,yield 0.88 on 2.94 kg net
W001918,SITE_KIT_01,2026-01-03,ING_BANANA,,0.571,kg,31.39,prep_trim,prep,manual,yield 0.69 on 3.68 kg net
W001919,SITE_KIT_01,2026-01-03,ING_BRINJAL,,0.209,kg,8.35,prep_trim,prep,manual,yield 0.87 on 4.05 kg net
W001920,SITE_KIT_01,2026-01-03,ING_OKRA,,0.147,kg,8.11,prep_trim,prep,manual,yield 0.92 on 4.78 kg net
W001921,SITE_KIT_01,2026-01-03,ING_MINT,B00872,1.218,kg,73.1,spoilage,storage,manual,"received 2025-12-31, zone ZN_COLD"
W001922,SITE_KIT_01,2026-01-04,DSH_CHBIRYANI,,1.395,kg,295.37,overproduction,post_service,pos_derived,"10 portions unsold, 3.1 binned"
W001923,SITE_KIT_01,2026-01-04,DSH_CHBIRYANI,,0.153,kg,32.4,plate_waste,service,manual,1 plates partly returned
W001924,SITE_KIT_01,2026-01-04,DSH_VGBIRYANI,,2.344,kg,254.73,overproduction,post_service,pos_derived,"18 portions unsold, 5.6 binned"
W001925,SITE_KIT_01,2026-01-04,DSH_PBM,,0.84,kg,243.18,overproduction,post_service,pos_derived,"14 portions unsold, 2.8 binned"
W001926,SITE_KIT_01,2026-01-04,DSH_PBM,,0.51,kg,147.65,plate_waste,service,manual,5 plates partly returned
W001927,SITE_KIT_01,2026-01-04,DSH_GOBIMANCH,,1.386,kg,143.45,overproduction,post_service,pos_derived,"11 portions unsold, 5.0 binned"
W001928,SITE_KIT_01,2026-01-04,DSH_GOBIMANCH,,0.095,kg,9.85,plate_waste,service,manual,1 plates partly returned
W001929,SITE_KIT_01,2026-01-04,DSH_PALAK,,0.726,kg,130.95,overproduction,post_service,pos_derived,"11 portions unsold, 2.4 binned"
W001930,SITE_KIT_01,2026-01-04,DSH_PALAK,,0.102,kg,18.4,plate_waste,service,manual,1 plates partly returned
W001931,SITE_KIT_01,2026-01-04,DSH_NAAN,,0.092,kg,10.11,plate_waste,service,manual,3 plates partly returned
W001932,SITE_KIT_01,2026-01-04,DSH_ROTI,,0.048,kg,2.54,plate_waste,service,manual,2 plates partly returned
W001933,SITE_KIT_01,2026-01-04,DSH_JEERARICE,,1.047,kg,91.11,overproduction,post_service,pos_derived,"17 portions unsold, 3.7 binned"
W001934,SITE_KIT_01,2026-01-04,DSH_DALTADKA,,0.495,kg,38.08,overproduction,post_service,pos_derived,"11 portions unsold, 1.6 binned"
W001935,SITE_KIT_01,2026-01-04,DSH_DALTADKA,,0.102,kg,7.85,plate_waste,service,manual,1 plates partly returned
W001936,SITE_KIT_01,2026-01-04,DSH_ROGANJOSH,,0.461,kg,302.66,overproduction,post_service,pos_derived,"8 portions unsold, 1.4 binned"
W001937,SITE_KIT_01,2026-01-04,DSH_VEGPULAO,,0.238,kg,24.28,plate_waste,service,manual,2 plates partly returned
W001938,SITE_KIT_01,2026-01-04,DSH_MIXVEG,,0.576,kg,38.44,overproduction,post_service,pos_derived,"8 portions unsold, 1.9 binned"
W001939,SITE_KIT_01,2026-01-04,DSH_MIXVEG,,0.102,kg,6.81,plate_waste,service,manual,1 plates partly returned
W001940,SITE_KIT_01,2026-01-04,DSH_FISHCURRY,,0.102,kg,36.64,plate_waste,service,manual,1 plates partly returned
W001941,SITE_KIT_01,2026-01-04,ING_ONION,,1.137,kg,43.22,prep_trim,prep,manual,yield 0.90 on 30.30 kg net
W001942,SITE_KIT_01,2026-01-04,ING_TOMATO,,0.304,kg,9.71,prep_trim,prep,manual,yield 0.97 on 24.73 kg net
W001943,SITE_KIT_01,2026-01-04,ING_GINGER,,0.041,kg,4.87,prep_trim,prep,manual,yield 0.90 on 1.02 kg net
W001944,SITE_KIT_01,2026-01-04,ING_GARLIC,,0.066,kg,11.81,prep_trim,prep,manual,yield 0.89 on 1.60 kg net
W001945,SITE_KIT_01,2026-01-04,ING_GCHILLI,,0.031,kg,2.15,prep_trim,prep,manual,yield 0.94 on 1.41 kg net
W001946,SITE_KIT_01,2026-01-04,ING_MINT,,0.031,kg,1.83,prep_trim,prep,manual,yield 0.87 on 0.58 kg net
W001947,SITE_KIT_01,2026-01-04,ING_CORIANDER,,0.065,kg,3.92,prep_trim,prep,manual,yield 0.87 on 1.24 kg net
W001948,SITE_KIT_01,2026-01-04,ING_CARROT,,0.314,kg,14.11,prep_trim,prep,manual,yield 0.87 on 6.28 kg net
W001949,SITE_KIT_01,2026-01-04,ING_BEANS,,0.12,kg,7.18,prep_trim,prep,manual,yield 0.92 on 3.90 kg net
W001950,SITE_KIT_01,2026-01-04,ING_CAULI,,4.789,kg,191.55,prep_trim,prep,manual,yield 0.52 on 15.44 kg net
W001951,SITE_KIT_01,2026-01-04,ING_POTATO,,0.669,kg,18.73,prep_trim,prep,manual,yield 0.85 on 10.83 kg net
W001952,SITE_KIT_01,2026-01-04,ING_CAPSICUM,,0.203,kg,16.24,prep_trim,prep,manual,yield 0.86 on 3.56 kg net
W001953,SITE_KIT_01,2026-01-04,ING_SPINACH,,0.755,kg,22.64,prep_trim,prep,manual,yield 0.77 on 7.64 kg net
W001954,SITE_KIT_01,2026-01-04,ING_LEMON,,0.339,kg,30.52,prep_trim,prep,manual,yield 0.55 on 1.20 kg net
W001955,SITE_KIT_01,2026-01-04,ING_CUCUMBER,,0.214,kg,7.47,prep_trim,prep,manual,yield 0.86 on 3.98 kg net
W001956,SITE_KIT_01,2026-01-04,ING_CABBAGE,,0.121,kg,3.04,prep_trim,prep,manual,yield 0.88 on 2.65 kg net
W001957,SITE_KIT_01,2026-01-04,ING_BANANA,,0.564,kg,31.0,prep_trim,prep,manual,yield 0.67 on 3.32 kg net
W001958,SITE_KIT_01,2026-01-04,ING_BRINJAL,,0.154,kg,6.18,prep_trim,prep,manual,yield 0.89 on 3.65 kg net
W001959,SITE_KIT_01,2026-01-04,ING_OKRA,,0.161,kg,8.86,prep_trim,prep,manual,yield 0.90 on 4.31 kg net
W001960,SITE_KIT_01,2026-01-04,ING_CAPSICUM,B00945,0.43,kg,34.4,quality_rejection,storage,manual,"rejected at goods receipt, intake grade 0.87"
W001961,SITE_KIT_01,2026-01-04,ING_OKRA,B00948,0.981,kg,53.95,quality_rejection,storage,manual,"rejected at goods receipt, intake grade 0.89"
W001962,SITE_KIT_01,2026-01-04,ING_CURRYLEAF,B00892,0.309,kg,24.68,spoilage,storage,manual,"received 2026-01-01, zone ZN_COLD"
W001963,SITE_KIT_01,2026-01-04,ING_BANANA,B00845,4.185,kg,230.2,spoilage,storage,manual,"received 2025-12-29, zone ZN_COLD"
W001964,SITE_KIT_01,2026-01-04,ING_BATTER,B00925,9.192,kg,643.44,spoilage,storage,manual,"received 2026-01-02, zone ZN_COLD"
W001965,SITE_KIT_01,2026-01-05,DSH_CHBIRYANI,,0.977,kg,206.76,overproduction,post_service,pos_derived,"7 portions unsold, 2.2 binned"
W001966,SITE_KIT_01,2026-01-05,DSH_CHBIRYANI,,0.306,kg,64.79,plate_waste,service,manual,2 plates partly returned
W001967,SITE_KIT_01,2026-01-05,DSH_VGBIRYANI,,1.302,kg,141.51,overproduction,post_service,pos_derived,"10 portions unsold, 3.1 binned"
W001968,SITE_KIT_01,2026-01-05,DSH_PBM,,0.54,kg,156.33,overproduction,post_service,pos_derived,"9 portions unsold, 1.8 binned"
W001969,SITE_KIT_01,2026-01-05,DSH_GOBIMANCH,,0.252,kg,26.08,overproduction,post_service,pos_derived,"2 portions unsold, 0.9 binned"
W001970,SITE_KIT_01,2026-01-05,DSH_PALAK,,0.33,kg,59.52,overproduction,post_service,pos_derived,"5 portions unsold, 1.1 binned"
W001971,SITE_KIT_01,2026-01-05,DSH_NAAN,,0.031,kg,3.37,plate_waste,service,manual,1 plates partly returned
W001972,SITE_KIT_01,2026-01-05,DSH_ROTI,,0.048,kg,2.54,plate_waste,service,manual,2 plates partly returned
W001973,SITE_KIT_01,2026-01-05,DSH_JEERARICE,,0.308,kg,26.8,overproduction,post_service,pos_derived,"5 portions unsold, 1.1 binned"
W001974,SITE_KIT_01,2026-01-05,DSH_DALTADKA,,0.405,kg,31.16,overproduction,post_service,pos_derived,"9 portions unsold, 1.3 binned"
W001975,SITE_KIT_01,2026-01-05,DSH_VEGPULAO,,0.336,kg,34.27,overproduction,post_service,pos_derived,"4 portions unsold, 1.0 binned"
W001976,SITE_KIT_01,2026-01-05,DSH_VEGPULAO,,0.238,kg,24.28,plate_waste,service,manual,2 plates partly returned
W001977,SITE_KIT_01,2026-01-05,ING_ONION,,0.699,kg,26.57,prep_trim,prep,manual,yield 0.91 on 19.72 kg net
W001978,SITE_KIT_01,2026-01-05,ING_TOMATO,,0.055,kg,1.76,prep_trim,prep,manual,yield 0.99 on 16.02 kg net
W001979,SITE_KIT_01,2026-01-05,ING_GINGER,,0.025,kg,2.97,prep_trim,prep,manual,yield 0.89 on 0.61 kg net
W001980,SITE_KIT_01,2026-01-05,ING_GARLIC,,0.045,kg,8.03,prep_trim,prep,manual,yield 0.88 on 0.97 kg net
W001981,SITE_KIT_01,2026-01-05,ING_CORIANDER,,0.034,kg,2.03,prep_trim,prep,manual,yield 0.88 on 0.74 kg net
W001982,SITE_KIT_01,2026-01-05,ING_CARROT,,0.163,kg,7.36,prep_trim,prep,manual,yield 0.89 on 4.07 kg net
W001983,SITE_KIT_01,2026-01-05,ING_BEANS,,0.086,kg,5.14,prep_trim,prep,manual,yield 0.91 on 2.49 kg net
W001984,SITE_KIT_01,2026-01-05,ING_CAULI,,3.239,kg,129.57,prep_trim,prep,manual,yield 0.50 on 9.56 kg net
W001985,SITE_KIT_01,2026-01-05,ING_POTATO,,0.664,kg,18.58,prep_trim,prep,manual,yield 0.83 on 9.70 kg net
W001986,SITE_KIT_01,2026-01-05,ING_CAPSICUM,,0.139,kg,11.15,prep_trim,prep,manual,yield 0.84 on 2.21 kg net
W001987,SITE_KIT_01,2026-01-05,ING_SPINACH,,0.475,kg,14.25,prep_trim,prep,manual,yield 0.78 on 4.91 kg net
W001988,SITE_KIT_01,2026-01-05,ING_LEMON,,0.236,kg,21.23,prep_trim,prep,manual,yield 0.54 on 0.82 kg net
W001989,SITE_KIT_01,2026-01-05,ING_CUCUMBER,,0.199,kg,6.98,prep_trim,prep,manual,yield 0.82 on 2.75 kg net
W001990,SITE_KIT_01,2026-01-05,ING_CABBAGE,,0.081,kg,2.02,prep_trim,prep,manual,yield 0.89 on 1.83 kg net
W001991,SITE_KIT_01,2026-01-05,ING_BANANA,,0.391,kg,21.49,prep_trim,prep,manual,yield 0.67 on 2.29 kg net
W001992,SITE_KIT_01,2026-01-05,ING_BRINJAL,,0.12,kg,4.8,prep_trim,prep,manual,yield 0.88 on 2.52 kg net
W001993,SITE_KIT_01,2026-01-05,ING_OKRA,,0.128,kg,7.03,prep_trim,prep,manual,yield 0.89 on 2.97 kg net
W001994,SITE_KIT_01,2026-01-05,ING_CURRYLEAF,B00970,0.038,kg,3.04,quality_rejection,storage,manual,"rejected at goods receipt, intake grade 0.92"
W001995,SITE_KIT_01,2026-01-05,ING_MINT,B00909,0.697,kg,41.82,spoilage,storage,manual,"received 2026-01-02, zone ZN_COLD"
W001996,SITE_KIT_01,2026-01-05,ING_CURRYLEAF,B00910,0.5,kg,40.0,spoilage,storage,manual,"received 2026-01-02, zone ZN_COLD"
W001997,SITE_KIT_01,2026-01-06,DSH_VGBIRYANI,,0.143,kg,15.52,plate_waste,service,manual,1 plates partly returned
W001998,SITE_KIT_01,2026-01-06,DSH_PBM,,0.6,kg,173.7,overproduction,post_service,pos_derived,"10 portions unsold, 2.0 binned"
W001999,SITE_KIT_01,2026-01-06,DSH_GOBIMANCH,,0.504,kg,52.16,overproduction,post_service,pos_derived,"4 portions unsold, 1.8 binned"
W002000,SITE_KIT_01,2026-01-06,DSH_PALAK,,0.33,kg,59.52,overproduction,post_service,pos_derived,"5 portions unsold, 1.1 binned"
W002001,SITE_KIT_01,2026-01-06,DSH_NAAN,,0.061,kg,6.74,plate_waste,service,manual,2 plates partly returned
W002002,SITE_KIT_01,2026-01-06,DSH_ROTI,,0.048,kg,2.54,plate_waste,service,manual,2 plates partly returned
W002003,SITE_KIT_01,2026-01-06,DSH_JEERARICE,,1.047,kg,91.11,overproduction,post_service,pos_derived,"17 portions unsold, 3.7 binned"
W002004,SITE_KIT_01,2026-01-06,DSH_JEERARICE,,0.095,kg,8.28,plate_waste,service,manual,1 plates partly returned
W002005,SITE_KIT_01,2026-01-06,DSH_DALTADKA,,0.585,kg,45.01,overproduction,post_service,pos_derived,"13 portions unsold, 1.9 binned"
W002006,SITE_KIT_01,2026-01-06,DSH_DALTADKA,,0.204,kg,15.69,plate_waste,service,manual,2 plates partly returned
W002007,SITE_KIT_01,2026-01-06,DSH_ROGANJOSH,,0.461,kg,302.66,overproduction,post_service,pos_derived,"8 portions unsold, 1.4 binned"
W002008,SITE_KIT_01,2026-01-06,DSH_VEGPULAO,,0.84,kg,85.68,overproduction,post_service,pos_derived,"10 portions unsold, 2.4 binned"
W002009,SITE_KIT_01,2026-01-06,DSH_VEGPULAO,,0.119,kg,12.14,plate_waste,service,manual,1 plates partly returned
W002010,SITE_KIT_01,2026-01-06,DSH_DOSA,,0.085,kg,7.96,plate_waste,service,manual,1 plates partly returned
W002011,SITE_KIT_01,2026-01-06,DSH_MIXVEG,,0.864,kg,57.66,overproduction,post_service,pos_derived,"12 portions unsold, 2.9 binned"
W002012,SITE_KIT_01,2026-01-06,DSH_FISHCURRY,,0.216,kg,77.59,overproduction,post_service,pos_derived,"3 portions unsold, 0.7 binned"
W002013,SITE_KIT_01,2026-01-06,ING_ONION,,0.836,kg,31.78,prep_trim,prep,manual,yield 0.89 on 20.49 kg net
W002014,SITE_KIT_01,2026-01-06,ING_TOMATO,,0.192,kg,6.15,prep_trim,prep,manual,yield 0.97 on 15.91 kg net
W002015,SITE_KIT_01,2026-01-06,ING_GINGER,,0.021,kg,2.48,prep_trim,prep,manual,yield 0.91 on 0.61 kg net
W002016,SITE_KIT_01,2026-01-06,ING_GARLIC,,0.044,kg,7.9,prep_trim,prep,manual,yield 0.88 on 0.99 kg net
W002017,SITE_KIT_01,2026-01-06,ING_GCHILLI,,0.021,kg,1.44,prep_trim,prep,manual,yield 0.94 on 0.97 kg net
W002018,SITE_KIT_01,2026-01-06,ING_MINT,,0.023,kg,1.36,prep_trim,prep,manual,yield 0.86 on 0.41 kg net
W002019,SITE_KIT_01,2026-01-06,ING_CORIANDER,,0.04,kg,2.41,prep_trim,prep,manual,yield 0.88 on 0.85 kg net
W002020,SITE_KIT_01,2026-01-06,ING_CARROT,,0.138,kg,6.21,prep_trim,prep,manual,yield 0.92 on 4.44 kg net
W002021,SITE_KIT_01,2026-01-06,ING_BEANS,,0.123,kg,7.35,prep_trim,prep,manual,yield 0.89 on 2.81 kg net
W002022,SITE_KIT_01,2026-01-06,ING_CAULI,,3.42,kg,136.78,prep_trim,prep,manual,yield 0.51 on 10.52 kg net
W002023,SITE_KIT_01,2026-01-06,ING_POTATO,,0.65,kg,18.19,prep_trim,prep,manual,yield 0.84 on 9.95 kg net
W002024,SITE_KIT_01,2026-01-06,ING_CAPSICUM,,0.166,kg,13.31,prep_trim,prep,manual,yield 0.82 on 2.29 kg net
W002025,SITE_KIT_01,2026-01-06,ING_SPINACH,,0.492,kg,14.77,prep_trim,prep,manual,yield 0.77 on 4.91 kg net
W002026,SITE_KIT_01,2026-01-06,ING_LEMON,,0.226,kg,20.37,prep_trim,prep,manual,yield 0.55 on 0.81 kg net
W002027,SITE_KIT_01,2026-01-06,ING_CUCUMBER,,0.164,kg,5.72,prep_trim,prep,manual,yield 0.85 on 2.68 kg net
W002028,SITE_KIT_01,2026-01-06,ING_CABBAGE,,0.086,kg,2.14,prep_trim,prep,manual,yield 0.88 on 1.79 kg net
W002029,SITE_KIT_01,2026-01-06,ING_BANANA,,0.366,kg,20.14,prep_trim,prep,manual,yield 0.67 on 2.24 kg net
W002030,SITE_KIT_01,2026-01-06,ING_BRINJAL,,0.099,kg,3.95,prep_trim,prep,manual,yield 0.89 on 2.46 kg net
W002031,SITE_KIT_01,2026-01-06,ING_OKRA,,0.103,kg,5.64,prep_trim,prep,manual,yield 0.91 on 2.91 kg net
W002032,SITE_KIT_01,2026-01-06,ING_CORIANDER,B00977,0.269,kg,16.14,quality_rejection,storage,manual,"rejected at goods receipt, intake grade 0.95"
W002033,SITE_KIT_01,2026-01-06,ING_GARLIC,B00980,0.265,kg,47.7,quality_rejection,storage,manual,"rejected at goods receipt, intake grade 0.85"
W002034,SITE_KIT_01,2026-01-06,ING_PEAS,B00986,0.242,kg,21.78,quality_rejection,storage,manual,"rejected at goods receipt, intake grade 1.00"
W002035,SITE_KIT_01,2026-01-06,ING_MINT,B00987,0.085,kg,5.1,quality_rejection,storage,manual,"rejected at goods receipt, intake grade 1.00"
W002036,SITE_KIT_01,2026-01-06,ING_CORIANDER,B00927,0.358,kg,21.51,spoilage,storage,manual,"received 2026-01-03, zone ZN_COLD"
W002037,SITE_KIT_01,2026-01-07,DSH_CHBIRYANI,,0.977,kg,206.76,overproduction,post_service,pos_derived,"7 portions unsold, 2.2 binned"
W002038,SITE_KIT_01,2026-01-07,DSH_VGBIRYANI,,0.781,kg,84.91,overproduction,post_service,pos_derived,"6 portions unsold, 1.9 binned"
W002039,SITE_KIT_01,2026-01-07,DSH_PBM,,0.84,kg,243.18,overproduction,post_service,pos_derived,"14 portions unsold, 2.8 binned"
W002040,SITE_KIT_01,2026-01-07,DSH_GOBIMANCH,,1.638,kg,169.53,overproduction,post_service,pos_derived,"13 portions unsold, 5.9 binned"
W002041,SITE_KIT_01,2026-01-07,DSH_GOBIMANCH,,0.095,kg,9.85,plate_waste,service,manual,1 plates partly returned
W002042,SITE_KIT_01,2026-01-07,DSH_PALAK,,0.792,kg,142.85,overproduction,post_service,pos_derived,"12 portions unsold, 2.6 binned"
W002043,SITE_KIT_01,2026-01-07,DSH_NAAN,,0.092,kg,10.11,plate_waste,service,manual,3 plates partly returned
W002044,SITE_KIT_01,2026-01-07,DSH_ROTI,,0.095,kg,5.09,plate_waste,service,manual,4 plates partly returned
W002045,SITE_KIT_01,2026-01-07,DSH_JEERARICE,,0.19,kg,16.56,plate_waste,service,manual,2 plates partly returned
W002046,SITE_KIT_01,2026-01-07,DSH_DALTADKA,,0.585,kg,45.01,overproduction,post_service,pos_derived,"13 portions unsold, 1.9 binned"
W002047,SITE_KIT_01,2026-01-07,DSH_ROGANJOSH,,0.288,kg,189.16,overproduction,post_service,pos_derived,"5 portions unsold, 0.9 binned"
W002048,SITE_KIT_01,2026-01-07,DSH_ROGANJOSH,,0.109,kg,71.46,plate_waste,service,manual,1 plates partly returned
W002049,SITE_KIT_01,2026-01-07,DSH_VEGPULAO,,0.672,kg,68.54,overproduction,post_service,pos_derived,"8 portions unsold, 1.9 binned"
W002050,SITE_KIT_01,2026-01-07,DSH_DOSA,,0.085,kg,7.96,plate_waste,service,manual,1 plates partly returned
W002051,SITE_KIT_01,2026-01-07,DSH_MIXVEG,,0.102,kg,6.81,plate_waste,service,manual,1 plates partly returned
W002052,SITE_KIT_01,2026-01-07,DSH_FISHCURRY,,0.144,kg,51.73,overproduction,post_service,pos_derived,"2 portions unsold, 0.5 binned"
W002053,SITE_KIT_01,2026-01-07,DSH_FISHCURRY,,0.204,kg,73.28,plate_waste,service,manual,2 plates partly returned
W002054,SITE_KIT_01,2026-01-07,ING_ONION,,0.836,kg,31.76,prep_trim,prep,manual,yield 0.90 on 21.84 kg net
W002055,SITE_KIT_01,2026-01-07,ING_TOMATO,,0.078,kg,2.49,prep_trim,prep,manual,yield 0.99 on 16.80 kg net
W002056,SITE_KIT_01,2026-01-07,ING_GINGER,,0.027,kg,3.26,prep_trim,prep,manual,yield 0.89 on 0.68 kg net
W002057,SITE_KIT_01,2026-01-07,ING_GARLIC,,0.059,kg,10.7,prep_trim,prep,manual,yield 0.86 on 1.08 kg net
W002058,SITE_KIT_01,2026-01-07,ING_GCHILLI,,0.023,kg,1.61,prep_trim,prep,manual,yield 0.94 on 1.10 kg net
W002059,SITE_KIT_01,2026-01-07,ING_MINT,,0.02,kg,1.2,prep_trim,prep,manual,yield 0.87 on 0.38 kg net
W002060,SITE_KIT_01,2026-01-07,ING_CORIANDER,,0.049,kg,2.94,prep_trim,prep,manual,yield 0.85 on 0.83 kg net
W002061,SITE_KIT_01,2026-01-07,ING_CARROT,,0.187,kg,8.41,prep_trim,prep,manual,yield 0.89 on 4.30 kg net
W002062,SITE_KIT_01,2026-01-07,ING_BEANS,,0.117,kg,7.02,prep_trim,prep,manual,yield 0.88 on 2.63 kg net
W002063,SITE_KIT_01,2026-01-07,ING_CAULI,,3.337,kg,133.47,prep_trim,prep,manual,yield 0.52 on 10.70 kg net
W002064,SITE_KIT_01,2026-01-07,ING_POTATO,,0.715,kg,20.01,prep_trim,prep,manual,yield 0.84 on 11.41 kg net
W002065,SITE_KIT_01,2026-01-07,ING_CAPSICUM,,0.182,kg,14.57,prep_trim,prep,manual,yield 0.82 on 2.47 kg net
W002066,SITE_KIT_01,2026-01-07,ING_SPINACH,,0.59,kg,17.7,prep_trim,prep,manual,yield 0.76 on 5.64 kg net
W002067,SITE_KIT_01,2026-01-07,ING_LEMON,,0.238,kg,21.39,prep_trim,prep,manual,yield 0.55 on 0.86 kg net
W002068,SITE_KIT_01,2026-01-07,ING_CUCUMBER,,0.175,kg,6.13,prep_trim,prep,manual,yield 0.85 on 2.84 kg net
W002069,SITE_KIT_01,2026-01-07,ING_CABBAGE,,0.084,kg,2.11,prep_trim,prep,manual,yield 0.88 on 1.89 kg net
W002070,SITE_KIT_01,2026-01-07,ING_BANANA,,0.384,kg,21.12,prep_trim,prep,manual,yield 0.68 on 2.37 kg net
W002071,SITE_KIT_01,2026-01-07,ING_BRINJAL,,0.129,kg,5.14,prep_trim,prep,manual,yield 0.87 on 2.60 kg net
W002072,SITE_KIT_01,2026-01-07,ING_OKRA,,0.116,kg,6.38,prep_trim,prep,manual,yield 0.90 on 3.08 kg net
W002073,SITE_KIT_01,2026-01-07,ING_SPINACH,B01004,1.414,kg,42.42,quality_rejection,storage,manual,"rejected at goods receipt, intake grade 0.94"
W002074,SITE_KIT_01,2026-01-07,ING_SPINACH,B00926,1.25,kg,37.51,spoilage,storage,manual,"received 2026-01-03, zone ZN_COLD"
W002075,SITE_KIT_01,2026-01-07,ING_BRINJAL,B00869,1.759,kg,70.37,spoilage,storage,manual,"received 2025-12-31, zone ZN_COLD"
W002076,SITE_KIT_01,2026-01-07,ING_CURRYLEAF,B00951,0.75,kg,60.0,spoilage,storage,manual,"received 2026-01-04, zone ZN_COLD"
W002077,SITE_KIT_01,2026-01-07,ING_BATTER,B00971,7.456,kg,521.92,spoilage,storage,manual,"received 2026-01-05, zone ZN_COLD"
W002078,SITE_KIT_01,2026-01-08,DSH_CHBIRYANI,,1.116,kg,236.29,overproduction,post_service,pos_derived,"8 portions unsold, 2.5 binned"
W002079,SITE_KIT_01,2026-01-08,DSH_CHBIRYANI,,0.153,kg,32.4,plate_waste,service,manual,1 plates partly returned
W002080,SITE_KIT_01,2026-01-08,DSH_VGBIRYANI,,0.286,kg,31.04,plate_waste,service,manual,2 plates partly returned
W002081,SITE_KIT_01,2026-01-08,DSH_PBM,,0.72,kg,208.44,overproduction,post_service,pos_derived,"12 portions unsold, 2.4 binned"
W002082,SITE_KIT_01,2026-01-08,DSH_GOBIMANCH,,1.008,kg,104.33,overproduction,post_service,pos_derived,"8 portions unsold, 3.6 binned"
W002083,SITE_KIT_01,2026-01-08,DSH_GOBIMANCH,,0.19,kg,19.71,plate_waste,service,manual,2 plates partly returned
W002084,SITE_KIT_01,2026-01-08,DSH_PALAK,,0.396,kg,71.43,overproduction,post_service,pos_derived,"6 portions unsold, 1.3 binned"
W002085,SITE_KIT_01,2026-01-08,DSH_NAAN,,0.153,kg,16.85,plate_waste,service,manual,5 plates partly returned
W002086,SITE_KIT_01,2026-01-08,DSH_ROTI,,0.024,kg,1.27,plate_waste,service,manual,1 plates partly returned
W002087,SITE_KIT_01,2026-01-08,DSH_JEERARICE,,0.431,kg,37.51,overproduction,post_service,pos_derived,"7 portions unsold, 1.5 binned"
W002088,SITE_KIT_01,2026-01-08,DSH_DALTADKA,,0.675,kg,51.93,overproduction,post_service,pos_derived,"15 portions unsold, 2.2 binned"
W002089,SITE_KIT_01,2026-01-08,DSH_ROGANJOSH,,0.346,kg,226.99,overproduction,post_service,pos_derived,"6 portions unsold, 1.1 binned"
W002090,SITE_KIT_01,2026-01-08,DSH_VEGPULAO,,0.168,kg,17.14,overproduction,post_service,pos_derived,"2 portions unsold, 0.5 binned"
W002091,SITE_KIT_01,2026-01-08,DSH_VEGPULAO,,0.119,kg,12.14,plate_waste,service,manual,1 plates partly returned
W002092,SITE_KIT_01,2026-01-08,DSH_DOSA,,0.085,kg,7.96,plate_waste,service,manual,1 plates partly returned
W002093,SITE_KIT_01,2026-01-08,DSH_MIXVEG,,0.288,kg,19.22,overproduction,post_service,pos_derived,"4 portions unsold, 1.0 binned"
W002094,SITE_KIT_01,2026-01-08,DSH_FISHCURRY,,0.792,kg,284.51,overproduction,post_service,pos_derived,"11 portions unsold, 2.6 binned"
W002095,SITE_KIT_01,2026-01-08,ING_ONION,,0.87,kg,33.05,prep_trim,prep,manual,yield 0.90 on 23.18 kg net
W002096,SITE_KIT_01,2026-01-08,ING_TOMATO,,0.142,kg,4.55,prep_trim,prep,manual,yield 0.98 on 18.10 kg net
W002097,SITE_KIT_01,2026-01-08,ING_GINGER,,0.023,kg,2.79,prep_trim,prep,manual,yield 0.91 on 0.73 kg net
W002098,SITE_KIT_01,2026-01-08,ING_GARLIC,,0.052,kg,9.4,prep_trim,prep,manual,yield 0.88 on 1.17 kg net
W002099,SITE_KIT_01,2026-01-08,ING_GCHILLI,,0.025,kg,1.78,prep_trim,prep,manual,yield 0.94 on 1.13 kg net
W002100,SITE_KIT_01,2026-01-08,ING_MINT,,0.025,kg,1.5,prep_trim,prep,manual,yield 0.85 on 0.43 kg net
W002101,SITE_KIT_01,2026-01-08,ING_CORIANDER,,0.06,kg,3.61,prep_trim,prep,manual,yield 0.84 on 0.92 kg net
W002102,SITE_KIT_01,2026-01-08,ING_CARROT,,0.225,kg,10.12,prep_trim,prep,manual,yield 0.88 on 4.75 kg net
W002103,SITE_KIT_01,2026-01-08,ING_BEANS,,0.12,kg,7.2,prep_trim,prep,manual,yield 0.89 on 2.92 kg net
W002104,SITE_KIT_01,2026-01-08,ING_CAULI,,4.06,kg,162.38,prep_trim,prep,manual,yield 0.49 on 11.69 kg net
W002105,SITE_KIT_01,2026-01-08,ING_POTATO,,0.682,kg,19.09,prep_trim,prep,manual,yield 0.84 on 10.72 kg net
W002106,SITE_KIT_01,2026-01-08,ING_CAPSICUM,,0.18,kg,14.41,prep_trim,prep,manual,yield 0.83 on 2.68 kg net
W002107,SITE_KIT_01,2026-01-08,ING_SPINACH,,0.598,kg,17.93,prep_trim,prep,manual,yield 0.76 on 5.64 kg net
W002108,SITE_KIT_01,2026-01-08,ING_LEMON,,0.25,kg,22.52,prep_trim,prep,manual,yield 0.56 on 0.93 kg net
W002109,SITE_KIT_01,2026-01-08,ING_CUCUMBER,,0.212,kg,7.41,prep_trim,prep,manual,yield 0.83 on 3.14 kg net
W002110,SITE_KIT_01,2026-01-08,ING_CABBAGE,,0.094,kg,2.35,prep_trim,prep,manual,yield 0.88 on 2.09 kg net
W002111,SITE_KIT_01,2026-01-08,ING_BANANA,,0.38,kg,20.89,prep_trim,prep,manual,yield 0.70 on 2.61 kg net
W002112,SITE_KIT_01,2026-01-08,ING_BRINJAL,,0.131,kg,5.25,prep_trim,prep,manual,yield 0.88 on 2.87 kg net
W002113,SITE_KIT_01,2026-01-08,ING_OKRA,,0.124,kg,6.82,prep_trim,prep,manual,yield 0.90 on 3.40 kg net
W002114,SITE_KIT_01,2026-01-08,ING_MUSHROOM,,0.022,kg,4.93,prep_trim,prep,manual,yield 0.94 on 1.05 kg net
W002115,SITE_KIT_01,2026-01-08,ING_CARROT,B01014,0.841,kg,37.84,quality_rejection,storage,manual,"rejected at goods receipt, intake grade 0.95"
W002116,SITE_KIT_01,2026-01-08,ING_BANANA,B01026,0.554,kg,30.47,quality_rejection,storage,manual,"rejected at goods receipt, intake grade 0.93"
W002117,SITE_KIT_01,2026-01-08,ING_BUTTER,B00924,0.892,kg,464.0,spoilage,storage,manual,"received 2026-01-02, zone ZN_COLD"
W002118,SITE_KIT_01,2026-01-08,ING_BATTER,B01003,3.088,kg,216.16,spoilage,storage,manual,"received 2026-01-06, zone ZN_COLD"
W002119,SITE_KIT_01,2026-01-09,DSH_CHBIRYANI,,3.906,kg,827.03,overproduction,post_service,pos_derived,"28 portions unsold, 8.7 binned"
W002120,SITE_KIT_01,2026-01-09,DSH_VGBIRYANI,,1.823,kg,198.12,overproduction,post_service,pos_derived,"14 portions unsold, 4.3 binned"
W002121,SITE_KIT_01,2026-01-09,DSH_VGBIRYANI,,0.143,kg,15.52,plate_waste,service,manual,1 plates partly returned
W002122,SITE_KIT_01,2026-01-09,DSH_PBM,,0.9,kg,260.55,overproduction,post_service,pos_derived,"15 portions unsold, 3.0 binned"
W002123,SITE_KIT_01,2026-01-09,DSH_PBM,,0.102,kg,29.53,plate_waste,service,manual,1 plates partly returned
W002124,SITE_KIT_01,2026-01-09,DSH_GOBIMANCH,,0.252,kg,26.08,overproduction,post_service,pos_derived,"2 portions unsold, 0.9 binned"
W002125,SITE_KIT_01,2026-01-09,DSH_PALAK,,0.198,kg,35.71,overproduction,post_service,pos_derived,"3 portions unsold, 0.7 binned"
W002126,SITE_KIT_01,2026-01-09,DSH_PALAK,,0.204,kg,36.79,plate_waste,service,manual,2 plates partly returned
W002127,SITE_KIT_01,2026-01-09,DSH_NAAN,,0.153,kg,16.85,plate_waste,service,manual,5 plates partly returned
W002128,SITE_KIT_01,2026-01-09,DSH_ROTI,,0.071,kg,3.81,plate_waste,service,manual,3 plates partly returned
W002129,SITE_KIT_01,2026-01-09,DSH_JEERARICE,,0.862,kg,75.03,overproduction,post_service,pos_derived,"14 portions unsold, 3.1 binned"
W002130,SITE_KIT_01,2026-01-09,DSH_DALTADKA,,0.18,kg,13.85,overproduction,post_service,pos_derived,"4 portions unsold, 0.6 binned"
W002131,SITE_KIT_01,2026-01-09,DSH_DALTADKA,,0.102,kg,7.85,plate_waste,service,manual,1 plates partly returned
W002132,SITE_KIT_01,2026-01-09,DSH_VEGPULAO,,0.357,kg,36.41,plate_waste,service,manual,3 plates partly returned
W002133,SITE_KIT_01,2026-01-09,DSH_DOSA,,0.17,kg,15.92,plate_waste,service,manual,2 plates partly returned
W002134,SITE_KIT_01,2026-01-09,DSH_MIXVEG,,0.504,kg,33.63,overproduction,post_service,pos_derived,"7 portions unsold, 1.7 binned"
W002135,SITE_KIT_01,2026-01-09,DSH_FISHCURRY,,0.288,kg,103.46,overproduction,post_service,pos_derived,"4 portions unsold, 1.0 binned"
W002136,SITE_KIT_01,2026-01-09,ING_ONION,,1.126,kg,42.8,prep_trim,prep,manual,yield 0.91 on 31.93 kg net
W002137,SITE_KIT_01,2026-01-09,ING_TOMATO,,0.315,kg,10.08,prep_trim,prep,manual,yield 0.96 on 25.28 kg net
W002138,SITE_KIT_01,2026-01-09,ING_GINGER,,0.044,kg,5.26,prep_trim,prep,manual,yield 0.90 on 1.11 kg net
W002139,SITE_KIT_01,2026-01-09,ING_GARLIC,,0.075,kg,13.52,prep_trim,prep,manual,yield 0.88 on 1.68 kg net
W002140,SITE_KIT_01,2026-01-09,ING_GCHILLI,,0.041,kg,2.86,prep_trim,prep,manual,yield 0.93 on 1.53 kg net
W002141,SITE_KIT_01,2026-01-09,ING_MINT,,0.04,kg,2.38,prep_trim,prep,manual,yield 0.85 on 0.68 kg net
W002142,SITE_KIT_01,2026-01-09,ING_CORIANDER,,0.073,kg,4.35,prep_trim,prep,manual,yield 0.86 on 1.35 kg net
W002143,SITE_KIT_01,2026-01-09,ING_CARROT,,0.293,kg,13.18,prep_trim,prep,manual,yield 0.88 on 6.36 kg net
W002144,SITE_KIT_01,2026-01-09,ING_BEANS,,0.143,kg,8.6,prep_trim,prep,manual,yield 0.90 on 3.96 kg net
W002145,SITE_KIT_01,2026-01-09,ING_CAULI,,4.538,kg,181.51,prep_trim,prep,manual,yield 0.53 on 15.28 kg net
W002146,SITE_KIT_01,2026-01-09,ING_POTATO,,0.663,kg,18.58,prep_trim,prep,manual,yield 0.85 on 11.35 kg net
W002147,SITE_KIT_01,2026-01-09,ING_CAPSICUM,,0.272,kg,21.72,prep_trim,prep,manual,yield 0.82 on 3.56 kg net
W002148,SITE_KIT_01,2026-01-09,ING_SPINACH,,0.792,kg,23.75,prep_trim,prep,manual,yield 0.76 on 7.46 kg net
W002149,SITE_KIT_01,2026-01-09,ING_LEMON,,0.333,kg,30.0,prep_trim,prep,manual,yield 0.55 on 1.20 kg net
W002150,SITE_KIT_01,2026-01-09,ING_CUCUMBER,,0.243,kg,8.5,prep_trim,prep,manual,yield 0.85 on 3.98 kg net
W002151,SITE_KIT_01,2026-01-09,ING_CABBAGE,,0.14,kg,3.49,prep_trim,prep,manual,yield 0.87 on 2.65 kg net
W002152,SITE_KIT_01,2026-01-09,ING_BANANA,,0.505,kg,27.77,prep_trim,prep,manual,yield 0.69 on 3.32 kg net
W002153,SITE_KIT_01,2026-01-09,ING_BRINJAL,,0.162,kg,6.47,prep_trim,prep,manual,yield 0.88 on 3.65 kg net
W002154,SITE_KIT_01,2026-01-09,ING_OKRA,,0.179,kg,9.86,prep_trim,prep,manual,yield 0.89 on 4.31 kg net
W002155,SITE_KIT_01,2026-01-09,ING_CURD,B00962,3.682,kg,257.72,spoilage,storage,manual,"received 2026-01-04, zone ZN_COLD"
W002156,SITE_KIT_01,2026-01-10,DSH_CHBIRYANI,,2.79,kg,590.74,overproduction,post_service,pos_derived,"20 portions unsold, 6.2 binned"
W002157,SITE_KIT_01,2026-01-10,DSH_CHBIRYANI,,0.306,kg,64.79,plate_waste,service,manual,2 plates partly returned
W002158,SITE_KIT_01,2026-01-10,DSH_VGBIRYANI,,0.651,kg,70.76,overproduction,post_service,pos_derived,"5 portions unsold, 1.6 binned"
W002159,SITE_KIT_01,2026-01-10,DSH_PBM,,0.42,kg,121.59,overproduction,post_service,pos_derived,"7 portions unsold, 1.4 binned"
W002160,SITE_KIT_01,2026-01-10,DSH_GOBIMANCH,,0.095,kg,9.85,plate_waste,service,manual,1 plates partly returned
W002161,SITE_KIT_01,2026-01-10,DSH_PALAK,,0.396,kg,71.43,overproduction,post_service,pos_derived,"6 portions unsold, 1.3 binned"
W002162,SITE_KIT_01,2026-01-10,DSH_PALAK,,0.102,kg,18.4,plate_waste,service,manual,1 plates partly returned
W002163,SITE_KIT_01,2026-01-10,DSH_NAAN,,0.122,kg,13.48,plate_waste,service,manual,4 plates partly returned
W002164,SITE_KIT_01,2026-01-10,DSH_ROTI,,0.262,kg,13.99,plate_waste,service,manual,11 plates partly returned
W002165,SITE_KIT_01,2026-01-10,DSH_JEERARICE,,0.616,kg,53.59,overproduction,post_service,pos_derived,"10 portions unsold, 2.2 binned"
W002166,SITE_KIT_01,2026-01-10,DSH_JEERARICE,,0.095,kg,8.28,plate_waste,service,manual,1 plates partly returned
W002167,SITE_KIT_01,2026-01-10,DSH_DALTADKA,,0.72,kg,55.39,overproduction,post_service,pos_derived,"16 portions unsold, 2.4 binned"
W002168,SITE_KIT_01,2026-01-10,DSH_DALTADKA,,0.102,kg,7.85,plate_waste,service,manual,1 plates partly returned
W002169,SITE_KIT_01,2026-01-10,DSH_ROGANJOSH,,1.037,kg,680.98,overproduction,post_service,pos_derived,"18 portions unsold, 3.2 binned"
W002170,SITE_KIT_01,2026-01-10,DSH_ROGANJOSH,,0.218,kg,142.92,plate_waste,service,manual,2 plates partly returned
W002171,SITE_KIT_01,2026-01-10,DSH_MIXVEG,,0.288,kg,19.22,overproduction,post_service,pos_derived,"4 portions unsold, 1.0 binned"
W002172,SITE_KIT_01,2026-01-10,DSH_MIXVEG,,0.102,kg,6.81,plate_waste,service,manual,1 plates partly returned
W002173,SITE_KIT_01,2026-01-10,DSH_FISHCURRY,,0.288,kg,103.46,overproduction,post_service,pos_derived,"4 portions unsold, 1.0 binned"
W002174,SITE_KIT_01,2026-01-10,DSH_FISHCURRY,,0.102,kg,36.64,plate_waste,service,manual,1 plates partly returned
W002175,SITE_KIT_01,2026-01-10,ING_ONION,,1.366,kg,51.92,prep_trim,prep,manual,yield 0.89 on 33.59 kg net
W002176,SITE_KIT_01,2026-01-10,ING_TOMATO,,0.183,kg,5.84,prep_trim,prep,manual,yield 0.98 on 27.07 kg net
W002177,SITE_KIT_01,2026-01-10,ING_GINGER,,0.045,kg,5.36,prep_trim,prep,manual,yield 0.90 on 1.13 kg net
W002178,SITE_KIT_01,2026-01-10,ING_GARLIC,,0.076,kg,13.7,prep_trim,prep,manual,yield 0.89 on 1.76 kg net
W002179,SITE_KIT_01,2026-01-10,ING_GCHILLI,,0.026,kg,1.85,prep_trim,prep,manual,yield 0.95 on 1.57 kg net
W002180,SITE_KIT_01,2026-01-10,ING_MINT,,0.04,kg,2.41,prep_trim,prep,manual,yield 0.85 on 0.66 kg net
W002181,SITE_KIT_01,2026-01-10,ING_CORIANDER,,0.062,kg,3.73,prep_trim,prep,manual,yield 0.88 on 1.37 kg net
W002182,SITE_KIT_01,2026-01-10,ING_CARROT,,0.274,kg,12.31,prep_trim,prep,manual,yield 0.90 on 7.00 kg net
W002183,SITE_KIT_01,2026-01-10,ING_BEANS,,0.189,kg,11.32,prep_trim,prep,manual,yield 0.89 on 4.33 kg net
W002184,SITE_KIT_01,2026-01-10,ING_CAULI,,5.668,kg,226.73,prep_trim,prep,manual,yield 0.50 on 16.95 kg net
W002185,SITE_KIT_01,2026-01-10,ING_POTATO,,0.672,kg,18.82,prep_trim,prep,manual,yield 0.86 on 11.86 kg net
W002186,SITE_KIT_01,2026-01-10,ING_CAPSICUM,,0.233,kg,18.63,prep_trim,prep,manual,yield 0.85 on 3.95 kg net
W002187,SITE_KIT_01,2026-01-10,ING_SPINACH,,0.9,kg,26.99,prep_trim,prep,manual,yield 0.76 on 8.37 kg net
W002188,SITE_KIT_01,2026-01-10,ING_LEMON,,0.399,kg,35.91,prep_trim,prep,manual,yield 0.54 on 1.37 kg net
W002189,SITE_KIT_01,2026-01-10,ING_CUCUMBER,,0.317,kg,11.09,prep_trim,prep,manual,yield 0.83 on 4.51 kg net
W002190,SITE_KIT_01,2026-01-10,ING_CABBAGE,,0.145,kg,3.63,prep_trim,prep,manual,yield 0.88 on 3.01 kg net
W002191,SITE_KIT_01,2026-01-10,ING_BANANA,,0.603,kg,33.18,prep_trim,prep,manual,yield 0.68 on 3.76 kg net
W002192,SITE_KIT_01,2026-01-10,ING_BRINJAL,,0.239,kg,9.58,prep_trim,prep,manual,yield 0.85 on 4.13 kg net
W002193,SITE_KIT_01,2026-01-10,ING_OKRA,,0.169,kg,9.31,prep_trim,prep,manual,yield 0.91 on 4.88 kg net
W002194,SITE_KIT_01,2026-01-10,ING_MUSHROOM,,0.02,kg,4.5,prep_trim,prep,manual,yield 0.96 on 1.50 kg net
W002195,SITE_KIT_01,2026-01-10,ING_SPINACH,B00976,11.0,kg,330.0,spoilage,storage,manual,"received 2026-01-06, zone ZN_COLD"
W002196,SITE_KIT_01,2026-01-10,ING_LEMON,B00952,5.0,kg,450.0,spoilage,storage,manual,"received 2026-01-04, zone ZN_COLD"
W002197,SITE_KIT_01,2026-01-10,ING_BANANA,B00956,6.563,kg,360.96,spoilage,storage,manual,"received 2026-01-04, zone ZN_COLD"
W002198,SITE_KIT_01,2026-01-10,ING_BATTER,B01036,15.0,kg,1050.0,spoilage,storage,manual,"received 2026-01-08, zone ZN_COLD"
W002199,SITE_KIT_01,2026-01-11,DSH_CHBIRYANI,,0.306,kg,64.79,plate_waste,service,manual,2 plates partly returned
W002200,SITE_KIT_01,2026-01-11,DSH_VGBIRYANI,,1.823,kg,198.12,overproduction,post_service,pos_derived,"14 portions unsold, 4.3 binned"
W002201,SITE_KIT_01,2026-01-11,DSH_VGBIRYANI,,0.143,kg,15.52,plate_waste,service,manual,1 plates partly returned
W002202,SITE_KIT_01,2026-01-11,DSH_PBM,,0.18,kg,52.11,overproduction,post_service,pos_derived,"3 portions unsold, 0.6 binned"
W002203,SITE_KIT_01,2026-01-11,DSH_PBM,,0.102,kg,29.53,plate_waste,service,manual,1 plates partly returned
W002204,SITE_KIT_01,2026-01-11,DSH_GOBIMANCH,,2.646,kg,273.86,overproduction,post_service,pos_derived,"21 portions unsold, 9.5 binned"
W002205,SITE_KIT_01,2026-01-11,DSH_PALAK,,1.386,kg,249.99,overproduction,post_service,pos_derived,"21 portions unsold, 4.6 binned"
W002206,SITE_KIT_01,2026-01-11,DSH_NAAN,,0.031,kg,3.37,plate_waste,service,manual,1 plates partly returned
W002207,SITE_KIT_01,2026-01-11,DSH_ROTI,,0.048,kg,2.54,plate_waste,service,manual,2 plates partly returned
W002208,SITE_KIT_01,2026-01-11,DSH_JEERARICE,,0.095,kg,8.28,plate_waste,service,manual,1 plates partly returned
W002209,SITE_KIT_01,2026-01-11,DSH_DALTADKA,,0.675,kg,51.93,overproduction,post_service,pos_derived,"15 portions unsold, 2.2 binned"
W002210,SITE_KIT_01,2026-01-11,DSH_VEGPULAO,,0.672,kg,68.54,overproduction,post_service,pos_derived,"8 portions unsold, 1.9 binned"
W002211,SITE_KIT_01,2026-01-11,DSH_VEGPULAO,,0.238,kg,24.28,plate_waste,service,manual,2 plates partly returned
W002212,SITE_KIT_01,2026-01-11,DSH_DOSA,,0.255,kg,23.88,plate_waste,service,manual,3 plates partly returned
W002213,SITE_KIT_01,2026-01-11,DSH_MIXVEG,,0.432,kg,28.83,overproduction,post_service,pos_derived,"6 portions unsold, 1.4 binned"
W002214,SITE_KIT_01,2026-01-11,DSH_MIXVEG,,0.102,kg,6.81,plate_waste,service,manual,1 plates partly returned
W002215,SITE_KIT_01,2026-01-11,DSH_FISHCURRY,,0.576,kg,206.92,overproduction,post_service,pos_derived,"8 portions unsold, 1.9 binned"
W002216,SITE_KIT_01,2026-01-11,ING_ONION,,1.489,kg,56.57,prep_trim,prep,manual,yield 0.88 on 31.47 kg net
W002217,SITE_KIT_01,2026-01-11,ING_TOMATO,,0.463,kg,14.83,prep_trim,prep,manual,yield 0.95 on 24.19 kg net
W002218,SITE_KIT_01,2026-01-11,ING_GINGER,,0.046,kg,5.56,prep_trim,prep,manual,yield 0.88 on 1.00 kg net
W002219,SITE_KIT_01,2026-01-11,ING_GARLIC,,0.089,kg,15.99,prep_trim,prep,manual,yield 0.86 on 1.59 kg net
W002220,SITE_KIT_01,2026-01-11,ING_GCHILLI,,0.029,kg,2.05,prep_trim,prep,manual,yield 0.95 on 1.55 kg net
W002221,SITE_KIT_01,2026-01-11,ING_MINT,,0.034,kg,2.02,prep_trim,prep,manual,yield 0.86 on 0.59 kg net
W002222,SITE_KIT_01,2026-01-11,ING_CORIANDER,,0.068,kg,4.07,prep_trim,prep,manual,yield 0.86 on 1.26 kg net
W002223,SITE_KIT_01,2026-01-11,ING_CARROT,,0.326,kg,14.66,prep_trim,prep,manual,yield 0.87 on 6.38 kg net
W002224,SITE_KIT_01,2026-01-11,ING_BEANS,,0.122,kg,7.29,prep_trim,prep,manual,yield 0.92 on 3.93 kg net
W002225,SITE_KIT_01,2026-01-11,ING_CAULI,,5.527,kg,221.07,prep_trim,prep,manual,yield 0.50 on 16.32 kg net
W002226,SITE_KIT_01,2026-01-11,ING_POTATO,,0.792,kg,22.17,prep_trim,prep,manual,yield 0.86 on 14.16 kg net
W002227,SITE_KIT_01,2026-01-11,ING_CAPSICUM,,0.269,kg,21.55,prep_trim,prep,manual,yield 0.82 on 3.67 kg net
W002228,SITE_KIT_01,2026-01-11,ING_SPINACH,,0.736,kg,22.07,prep_trim,prep,manual,yield 0.78 on 7.46 kg net
W002229,SITE_KIT_01,2026-01-11,ING_LEMON,,0.354,kg,31.87,prep_trim,prep,manual,yield 0.55 on 1.26 kg net
W002230,SITE_KIT_01,2026-01-11,ING_CUCUMBER,,0.207,kg,7.23,prep_trim,prep,manual,yield 0.87 on 4.15 kg net
W002231,SITE_KIT_01,2026-01-11,ING_CABBAGE,,0.149,kg,3.72,prep_trim,prep,manual,yield 0.86 on 2.77 kg net
W002232,SITE_KIT_01,2026-01-11,ING_BANANA,,0.567,kg,31.18,prep_trim,prep,manual,yield 0.67 on 3.46 kg net
W002233,SITE_KIT_01,2026-01-11,ING_BRINJAL,,0.202,kg,8.07,prep_trim,prep,manual,yield 0.87 on 3.80 kg net
W002234,SITE_KIT_01,2026-01-11,ING_OKRA,,0.139,kg,7.67,prep_trim,prep,manual,yield 0.92 on 4.50 kg net
W002235,SITE_KIT_01,2026-01-11,ING_CORIANDER,B01012,1.5,kg,90.0,spoilage,storage,manual,"received 2026-01-08, zone ZN_COLD"
W002236,SITE_KIT_01,2026-01-12,DSH_CHBIRYANI,,1.535,kg,324.9,overproduction,post_service,pos_derived,"11 portions unsold, 3.4 binned"
W002237,SITE_KIT_01,2026-01-12,DSH_VGBIRYANI,,0.651,kg,70.76,overproduction,post_service,pos_derived,"5 portions unsold, 1.6 binned"
W002238,SITE_KIT_01,2026-01-12,DSH_PBM,,0.72,kg,208.44,overproduction,post_service,pos_derived,"12 portions unsold, 2.4 binned"
W002239,SITE_KIT_01,2026-01-12,DSH_GOBIMANCH,,0.126,kg,13.04,overproduction,post_service,pos_derived,"1 portions unsold, 0.5 binned"
W002240,SITE_KIT_01,2026-01-12,DSH_GOBIMANCH,,0.381,kg,39.41,plate_waste,service,manual,4 plates partly returned
W002241,SITE_KIT_01,2026-01-12,DSH_PALAK,,0.99,kg,178.56,overproduction,post_service,pos_derived,"15 portions unsold, 3.3 binned"
W002242,SITE_KIT_01,2026-01-12,DSH_NAAN,,0.061,kg,6.74,plate_waste,service,manual,2 plates partly returned
W002243,SITE_KIT_01,2026-01-12,DSH_ROTI,,0.048,kg,2.54,plate_waste,service,manual,2 plates partly returned
W002244,SITE_KIT_01,2026-01-12,DSH_DALTADKA,,0.18,kg,13.85,overproduction,post_service,pos_derived,"4 portions unsold, 0.6 binned"
W002245,SITE_KIT_01,2026-01-12,DSH_VEGPULAO,,0.924,kg,94.25,overproduction,post_service,pos_derived,"11 portions unsold, 2.6 binned"
W002246,SITE_KIT_01,2026-01-12,DSH_DOSA,,0.17,kg,15.92,plate_waste,service,manual,2 plates partly returned
W002247,SITE_KIT_01,2026-01-12,DSH_MIXVEG,,0.102,kg,6.81,plate_waste,service,manual,1 plates partly returned
W002248,SITE_KIT_01,2026-01-12,DSH_FISHCURRY,,0.936,kg,336.24,overproduction,post_service,pos_derived,"13 portions unsold, 3.1 binned"
W002249,SITE_KIT_01,2026-01-12,ING_ONION,,0.873,kg,33.18,prep_trim,prep,manual,yield 0.88 on 19.75 kg net
W002250,SITE_KIT_01,2026-01-12,ING_TOMATO,,0.171,kg,5.47,prep_trim,prep,manual,yield 0.97 on 16.53 kg net
W002251,SITE_KIT_01,2026-01-12,ING_GINGER,,0.022,kg,2.67,prep_trim,prep,manual,yield 0.91 on 0.63 kg net
W002252,SITE_KIT_01,2026-01-12,ING_GARLIC,,0.062,kg,11.12,prep_trim,prep,manual,yield 0.85 on 0.99 kg net
W002253,SITE_KIT_01,2026-01-12,ING_GCHILLI,,0.023,kg,1.61,prep_trim,prep,manual,yield 0.93 on 0.93 kg net
W002254,SITE_KIT_01,2026-01-12,ING_CORIANDER,,0.041,kg,2.46,prep_trim,prep,manual,yield 0.86 on 0.76 kg net
W002255,SITE_KIT_01,2026-01-12,ING_CARROT,,0.173,kg,7.81,prep_trim,prep,manual,yield 0.89 on 3.99 kg net
W002256,SITE_KIT_01,2026-01-12,ING_BEANS,,0.103,kg,6.16,prep_trim,prep,manual,yield 0.89 on 2.46 kg net
W002257,SITE_KIT_01,2026-01-12,ING_CAULI,,2.949,kg,117.95,prep_trim,prep,manual,yield 0.52 on 9.50 kg net
W002258,SITE_KIT_01,2026-01-12,ING_POTATO,,0.535,kg,14.97,prep_trim,prep,manual,yield 0.85 on 9.07 kg net
W002259,SITE_KIT_01,2026-01-12,ING_CAPSICUM,,0.152,kg,12.16,prep_trim,prep,manual,yield 0.83 on 2.18 kg net
W002260,SITE_KIT_01,2026-01-12,ING_SPINACH,,0.534,kg,16.03,prep_trim,prep,manual,yield 0.75 on 4.73 kg net
W002261,SITE_KIT_01,2026-01-12,ING_LEMON,,0.222,kg,20.02,prep_trim,prep,manual,yield 0.55 on 0.79 kg net
W002262,SITE_KIT_01,2026-01-12,ING_CUCUMBER,,0.138,kg,4.82,prep_trim,prep,manual,yield 0.87 on 2.62 kg net
W002263,SITE_KIT_01,2026-01-12,ING_CABBAGE,,0.082,kg,2.05,prep_trim,prep,manual,yield 0.88 on 1.75 kg net
W002264,SITE_KIT_01,2026-01-12,ING_BANANA,,0.365,kg,20.06,prep_trim,prep,manual,yield 0.67 on 2.18 kg net
W002265,SITE_KIT_01,2026-01-12,ING_BRINJAL,,0.106,kg,4.26,prep_trim,prep,manual,yield 0.88 on 2.40 kg net
W002266,SITE_KIT_01,2026-01-12,ING_OKRA,,0.107,kg,5.91,prep_trim,prep,manual,yield 0.90 on 2.84 kg net
W002267,SITE_KIT_01,2026-01-12,ING_CORIANDER,B01090,0.194,kg,11.64,quality_rejection,storage,manual,"rejected at goods receipt, intake grade 0.98"
W002268,SITE_KIT_01,2026-01-12,ING_OKRA,B01096,0.882,kg,48.51,quality_rejection,storage,manual,"rejected at goods receipt, intake grade 0.93"
W002269,SITE_KIT_01,2026-01-12,ING_SPINACH,B01011,3.534,kg,106.02,spoilage,storage,manual,"received 2026-01-08, zone ZN_COLD"
W002270,SITE_KIT_01,2026-01-12,ING_CURRYLEAF,B01040,0.286,kg,22.85,spoilage,storage,manual,"received 2026-01-09, zone ZN_COLD"
W002271,SITE_KIT_01,2026-01-12,ING_EGG,B00997,0.546,kg,76.47,spoilage,storage,manual,"received 2026-01-06, zone ZN_COLD"
W002272,SITE_KIT_01,2026-01-13,DSH_CHBIRYANI,,0.698,kg,147.68,overproduction,post_service,pos_derived,"5 portions unsold, 1.6 binned"
W002273,SITE_KIT_01,2026-01-13,DSH_CHBIRYANI,,0.459,kg,97.19,plate_waste,service,manual,3 plates partly returned
W002274,SITE_KIT_01,2026-01-13,DSH_VGBIRYANI,,1.432,kg,155.67,overproduction,post_service,pos_derived,"11 portions unsold, 3.4 binned"
W002275,SITE_KIT_01,2026-01-13,DSH_VGBIRYANI,,0.143,kg,15.52,plate_waste,service,manual,1 plates partly returned
W002276,SITE_KIT_01,2026-01-13,DSH_PBM,,0.84,kg,243.18,overproduction,post_service,pos_derived,"14 portions unsold, 2.8 binned"
W002277,SITE_KIT_01,2026-01-13,DSH_GOBIMANCH,,2.142,kg,221.7,overproduction,post_service,pos_derived,"17 portions unsold, 7.7 binned"
W002278,SITE_KIT_01,2026-01-13,DSH_PALAK,,0.264,kg,47.62,overproduction,post_service,pos_derived,"4 portions unsold, 0.9 binned"
W002279,SITE_KIT_01,2026-01-13,DSH_NAAN,,0.122,kg,13.48,plate_waste,service,manual,4 plates partly returned
W002280,SITE_KIT_01,2026-01-13,DSH_ROTI,,0.024,kg,1.27,plate_waste,service,manual,1 plates partly returned
W002281,SITE_KIT_01,2026-01-13,DSH_JEERARICE,,0.123,kg,10.72,overproduction,post_service,pos_derived,"2 portions unsold, 0.4 binned"
W002282,SITE_KIT_01,2026-01-13,DSH_DALTADKA,,0.36,kg,27.7,overproduction,post_service,pos_derived,"8 portions unsold, 1.2 binned"
W002283,SITE_KIT_01,2026-01-13,DSH_ROGANJOSH,,0.288,kg,189.16,overproduction,post_service,pos_derived,"5 portions unsold, 0.9 binned"
W002284,SITE_KIT_01,2026-01-13,DSH_MIXVEG,,0.576,kg,38.44,overproduction,post_service,pos_derived,"8 portions unsold, 1.9 binned"
W002285,SITE_KIT_01,2026-01-13,DSH_FISHCURRY,,0.72,kg,258.65,overproduction,post_service,pos_derived,"10 portions unsold, 2.4 binned"
W002286,SITE_KIT_01,2026-01-13,ING_ONION,,0.8,kg,30.42,prep_trim,prep,manual,yield 0.90 on 20.70 kg net
W002287,SITE_KIT_01,2026-01-13,ING_TOMATO,,0.088,kg,2.81,prep_trim,prep,manual,yield 0.98 on 16.35 kg net
W002288,SITE_KIT_01,2026-01-13,ING_GINGER,,0.022,kg,2.64,prep_trim,prep,manual,yield 0.91 on 0.62 kg net
W002289,SITE_KIT_01,2026-01-13,ING_GARLIC,,0.058,kg,10.38,prep_trim,prep,manual,yield 0.86 on 1.00 kg net
W002290,SITE_KIT_01,2026-01-13,ING_GCHILLI,,0.02,kg,1.42,prep_trim,prep,manual,yield 0.94 on 0.98 kg net
W002291,SITE_KIT_01,2026-01-13,ING_MINT,,0.023,kg,1.36,prep_trim,prep,manual,yield 0.87 on 0.43 kg net
W002292,SITE_KIT_01,2026-01-13,ING_CORIANDER,,0.05,kg,3.01,prep_trim,prep,manual,yield 0.85 on 0.87 kg net
W002293,SITE_KIT_01,2026-01-13,ING_CARROT,,0.243,kg,10.94,prep_trim,prep,manual,yield 0.87 on 4.62 kg net
W002294,SITE_KIT_01,2026-01-13,ING_BEANS,,0.101,kg,6.06,prep_trim,prep,manual,yield 0.91 on 2.97 kg net
W002295,SITE_KIT_01,2026-01-13,ING_CAULI,,3.905,kg,156.2,prep_trim,prep,manual,yield 0.48 on 10.75 kg net
W002296,SITE_KIT_01,2026-01-13,ING_POTATO,,0.657,kg,18.4,prep_trim,prep,manual,yield 0.84 on 9.81 kg net
W002297,SITE_KIT_01,2026-01-13,ING_CAPSICUM,,0.199,kg,15.9,prep_trim,prep,manual,yield 0.80 on 2.37 kg net
W002298,SITE_KIT_01,2026-01-13,ING_SPINACH,,0.477,kg,14.3,prep_trim,prep,manual,yield 0.77 on 4.73 kg net
W002299,SITE_KIT_01,2026-01-13,ING_LEMON,,0.239,kg,21.49,prep_trim,prep,manual,yield 0.53 on 0.80 kg net
W002300,SITE_KIT_01,2026-01-13,ING_CUCUMBER,,0.152,kg,5.33,prep_trim,prep,manual,yield 0.85 on 2.64 kg net
W002301,SITE_KIT_01,2026-01-13,ING_CABBAGE,,0.079,kg,1.99,prep_trim,prep,manual,yield 0.88 on 1.76 kg net
W002302,SITE_KIT_01,2026-01-13,ING_BANANA,,0.366,kg,20.11,prep_trim,prep,manual,yield 0.67 on 2.20 kg net
W002303,SITE_KIT_01,2026-01-13,ING_BRINJAL,,0.127,kg,5.06,prep_trim,prep,manual,yield 0.87 on 2.42 kg net
W002304,SITE_KIT_01,2026-01-13,ING_OKRA,,0.099,kg,5.44,prep_trim,prep,manual,yield 0.91 on 2.86 kg net
W002305,SITE_KIT_01,2026-01-13,ING_MUSHROOM,,0.026,kg,5.66,prep_trim,prep,manual,yield 0.92 on 0.88 kg net
W002306,SITE_KIT_01,2026-01-13,ING_CURRYLEAF,B01118,0.056,kg,4.48,quality_rejection,storage,manual,"rejected at goods receipt, intake grade 1.00"
W002307,SITE_KIT_01,2026-01-13,ING_MINT,B01057,0.509,kg,30.57,spoilage,storage,manual,"received 2026-01-10, zone ZN_COLD"
W002308,SITE_KIT_01,2026-01-13,ING_MILK,B01033,0.619,kg,35.9,spoilage,storage,manual,"received 2026-01-08, zone ZN_COLD"
W002309,SITE_KIT_01,2026-01-14,DSH_CHBIRYANI,,3.348,kg,708.88,overproduction,post_service,pos_derived,"24 portions unsold, 7.4 binned"
W002310,SITE_KIT_01,2026-01-14,DSH_VGBIRYANI,,0.26,kg,28.3,overproduction,post_service,pos_derived,"2 portions unsold, 0.6 binned"
W002311,SITE_KIT_01,2026-01-14,DSH_PBM,,1.02,kg,295.29,overproduction,post_service,pos_derived,"17 portions unsold, 3.4 binned"
W002312,SITE_KIT_01,2026-01-14,DSH_PBM,,0.204,kg,59.06,plate_waste,service,manual,2 plates partly returned
W002313,SITE_KIT_01,2026-01-14,DSH_GOBIMANCH,,0.126,kg,13.04,overproduction,post_service,pos_derived,"1 portions unsold, 0.5 binned"
W002314,SITE_KIT_01,2026-01-14,DSH_GOBIMANCH,,0.19,kg,19.71,plate_waste,service,manual,2 plates partly returned
W002315,SITE_KIT_01,2026-01-14,DSH_PALAK,,0.102,kg,18.4,plate_waste,service,manual,1 plates partly returned
W002316,SITE_KIT_01,2026-01-14,DSH_NAAN,,0.184,kg,20.22,plate_waste,service,manual,6 plates partly returned
W002317,SITE_KIT_01,2026-01-14,DSH_ROTI,,0.024,kg,1.27,plate_waste,service,manual,1 plates partly returned
W002318,SITE_KIT_01,2026-01-14,DSH_JEERARICE,,0.739,kg,64.31,overproduction,post_service,pos_derived,"12 portions unsold, 2.6 binned"
W002319,SITE_KIT_01,2026-01-14,DSH_DALTADKA,,0.225,kg,17.31,overproduction,post_service,pos_derived,"5 portions unsold, 0.8 binned"
W002320,SITE_KIT_01,2026-01-14,DSH_ROGANJOSH,,0.403,kg,264.83,overproduction,post_service,pos_derived,"7 portions unsold, 1.3 binned"
W002321,SITE_KIT_01,2026-01-14,DSH_VEGPULAO,,0.252,kg,25.7,overproduction,post_service,pos_derived,"3 portions unsold, 0.7 binned"
W002322,SITE_KIT_01,2026-01-14,DSH_DOSA,,0.34,kg,31.84,plate_waste,service,manual,4 plates partly returned
W002323,SITE_KIT_01,2026-01-14,DSH_MIXVEG,,0.288,kg,19.22,overproduction,post_service,pos_derived,"4 portions unsold, 1.0 binned"
W002324,SITE_KIT_01,2026-01-14,DSH_FISHCURRY,,0.792,kg,284.51,overproduction,post_service,pos_derived,"11 portions unsold, 2.6 binned"
W002325,SITE_KIT_01,2026-01-14,ING_ONION,,1.016,kg,38.6,prep_trim,prep,manual,yield 0.90 on 27.98 kg net
W002326,SITE_KIT_01,2026-01-14,ING_TOMATO,,0.296,kg,9.46,prep_trim,prep,manual,yield 0.96 on 21.21 kg net
W002327,SITE_KIT_01,2026-01-14,ING_GINGER,,0.029,kg,3.49,prep_trim,prep,manual,yield 0.91 on 0.85 kg net
W002328,SITE_KIT_01,2026-01-14,ING_GARLIC,,0.074,kg,13.28,prep_trim,prep,manual,yield 0.86 on 1.35 kg net
W002329,SITE_KIT_01,2026-01-14,ING_GCHILLI,,0.032,kg,2.26,prep_trim,prep,manual,yield 0.94 on 1.40 kg net
W002330,SITE_KIT_01,2026-01-14,ING_MINT,,0.028,kg,1.7,prep_trim,prep,manual,yield 0.86 on 0.49 kg net
W002331,SITE_KIT_01,2026-01-14,ING_CORIANDER,,0.061,kg,3.64,prep_trim,prep,manual,yield 0.86 on 1.06 kg net
W002332,SITE_KIT_01,2026-01-14,ING_CARROT,,0.237,kg,10.67,prep_trim,prep,manual,yield 0.89 on 5.58 kg net
W002333,SITE_KIT_01,2026-01-14,ING_BEANS,,0.115,kg,6.88,prep_trim,prep,manual,yield 0.91 on 3.41 kg net
W002334,SITE_KIT_01,2026-01-14,ING_CAULI,,4.445,kg,177.79,prep_trim,prep,manual,yield 0.51 on 13.48 kg net
W002335,SITE_KIT_01,2026-01-14,ING_POTATO,,0.925,kg,25.91,prep_trim,prep,manual,yield 0.85 on 15.72 kg net
W002336,SITE_KIT_01,2026-01-14,ING_CAPSICUM,,0.217,kg,17.35,prep_trim,prep,manual,yield 0.83 on 3.09 kg net
W002337,SITE_KIT_01,2026-01-14,ING_SPINACH,,0.633,kg,18.99,prep_trim,prep,manual,yield 0.78 on 6.73 kg net
W002338,SITE_KIT_01,2026-01-14,ING_CURRYLEAF,,0.02,kg,1.62,prep_trim,prep,manual,yield 0.89 on 0.51 kg net
W002339,SITE_KIT_01,2026-01-14,ING_LEMON,,0.297,kg,26.74,prep_trim,prep,manual,yield 0.56 on 1.11 kg net
W002340,SITE_KIT_01,2026-01-14,ING_CUCUMBER,,0.231,kg,8.09,prep_trim,prep,manual,yield 0.85 on 3.76 kg net
W002341,SITE_KIT_01,2026-01-14,ING_CABBAGE,,0.107,kg,2.67,prep_trim,prep,manual,yield 0.89 on 2.51 kg net
W002342,SITE_KIT_01,2026-01-14,ING_BANANA,,0.51,kg,28.06,prep_trim,prep,manual,yield 0.68 on 3.13 kg net
W002343,SITE_KIT_01,2026-01-14,ING_BRINJAL,,0.147,kg,5.89,prep_trim,prep,manual,yield 0.89 on 3.45 kg net
W002344,SITE_KIT_01,2026-01-14,ING_OKRA,,0.155,kg,8.5,prep_trim,prep,manual,yield 0.90 on 4.07 kg net
W002345,SITE_KIT_01,2026-01-14,ING_MUSHROOM,,0.025,kg,5.5,prep_trim,prep,manual,yield 0.94 on 1.25 kg net
W002346,SITE_KIT_01,2026-01-14,ING_CAULI,B01123,3.315,kg,132.6,quality_rejection,storage,manual,"rejected at goods receipt, intake grade 0.96"
W002347,SITE_KIT_01,2026-01-14,ING_CARROT,B01129,1.202,kg,54.09,quality_rejection,storage,manual,"rejected at goods receipt, intake grade 0.92"
W002348,SITE_KIT_01,2026-01-14,ING_BEANS,B01138,0.298,kg,17.88,quality_rejection,storage,manual,"rejected at goods receipt, intake grade 0.93"
W002349,SITE_KIT_01,2026-01-14,ING_CARROT,B00944,3.551,kg,159.78,spoilage,storage,manual,"received 2026-01-04, zone ZN_COLD"
W002350,SITE_KIT_01,2026-01-14,ING_MINT,B01084,0.173,kg,10.37,spoilage,storage,manual,"received 2026-01-11, zone ZN_COLD"
W002351,SITE_KIT_01,2026-01-14,ING_CURRYLEAF,B01085,0.224,kg,17.92,spoilage,storage,manual,"received 2026-01-11, zone ZN_COLD"
W002352,SITE_KIT_01,2026-01-14,ING_MUSHROOM,B01024,0.249,kg,54.79,spoilage,storage,manual,"received 2026-01-08, zone ZN_COLD"
W002353,SITE_KIT_01,2026-01-15,DSH_CHBIRYANI,,2.232,kg,472.59,overproduction,post_service,pos_derived,"16 portions unsold, 5.0 binned"
W002354,SITE_KIT_01,2026-01-15,DSH_CHBIRYANI,,0.306,kg,64.79,plate_waste,service,manual,2 plates partly returned
W002355,SITE_KIT_01,2026-01-15,DSH_VGBIRYANI,,1.042,kg,113.21,overproduction,post_service,pos_derived,"8 portions unsold, 2.5 binned"
W002356,SITE_KIT_01,2026-01-15,DSH_VGBIRYANI,,0.143,kg,15.52,plate_waste,service,manual,1 plates partly returned
W002357,SITE_KIT_01,2026-01-15,DSH_PBM,,0.54,kg,156.33,overproduction,post_service,pos_derived,"9 portions unsold, 1.8 binned"
W002358,SITE_KIT_01,2026-01-15,DSH_GOBIMANCH,,0.252,kg,26.08,overproduction,post_service,pos_derived,"2 portions unsold, 0.9 binned"
W002359,SITE_KIT_01,2026-01-15,DSH_NAAN,,0.153,kg,16.85,plate_waste,service,manual,5 plates partly returned
W002360,SITE_KIT_01,2026-01-15,DSH_ROTI,,0.024,kg,1.27,plate_waste,service,manual,1 plates partly returned
W002361,SITE_KIT_01,2026-01-15,DSH_JEERARICE,,0.308,kg,26.8,overproduction,post_service,pos_derived,"5 portions unsold, 1.1 binned"
W002362,SITE_KIT_01,2026-01-15,DSH_JEERARICE,,0.095,kg,8.28,plate_waste,service,manual,1 plates partly returned
W002363,SITE_KIT_01,2026-01-15,DSH_DALTADKA,,0.675,kg,51.93,overproduction,post_service,pos_derived,"15 portions unsold, 2.2 binned"
W002364,SITE_KIT_01,2026-01-15,DSH_DALTADKA,,0.306,kg,23.54,plate_waste,service,manual,3 plates partly returned
W002365,SITE_KIT_01,2026-01-15,DSH_ROGANJOSH,,0.576,kg,378.32,overproduction,post_service,pos_derived,"10 portions unsold, 1.8 binned"
W002366,SITE_KIT_01,2026-01-15,DSH_VEGPULAO,,0.252,kg,25.7,overproduction,post_service,pos_derived,"3 portions unsold, 0.7 binned"
W002367,SITE_KIT_01,2026-01-15,DSH_VEGPULAO,,0.238,kg,24.28,plate_waste,service,manual,2 plates partly returned
W002368,SITE_KIT_01,2026-01-15,DSH_DOSA,,0.085,kg,7.96,plate_waste,service,manual,1 plates partly returned
W002369,SITE_KIT_01,2026-01-15,DSH_MIXVEG,,0.864,kg,57.66,overproduction,post_service,pos_derived,"12 portions unsold, 2.9 binned"
W002370,SITE_KIT_01,2026-01-15,ING_ONION,,1.181,kg,44.89,prep_trim,prep,manual,yield 0.89 on 27.39 kg net
W002371,SITE_KIT_01,2026-01-15,ING_TOMATO,,0.12,kg,3.84,prep_trim,prep,manual,yield 0.98 on 21.24 kg net
W002372,SITE_KIT_01,2026-01-15,ING_GINGER,,0.029,kg,3.48,prep_trim,prep,manual,yield 0.91 on 0.85 kg net
W002373,SITE_KIT_01,2026-01-15,ING_GARLIC,,0.068,kg,12.29,prep_trim,prep,manual,yield 0.87 on 1.37 kg net
W002374,SITE_KIT_01,2026-01-15,ING_GCHILLI,,0.025,kg,1.73,prep_trim,prep,manual,yield 0.95 on 1.34 kg net
W002375,SITE_KIT_01,2026-01-15,ING_MINT,,0.026,kg,1.55,prep_trim,prep,manual,yield 0.87 on 0.49 kg net
W002376,SITE_KIT_01,2026-01-15,ING_CORIANDER,,0.049,kg,2.95,prep_trim,prep,manual,yield 0.88 on 1.08 kg net
W002377,SITE_KIT_01,2026-01-15,ING_CARROT,,0.293,kg,13.17,prep_trim,prep,manual,yield 0.87 on 5.65 kg net
W002378,SITE_KIT_01,2026-01-15,ING_BEANS,,0.117,kg,7.03,prep_trim,prep,manual,yield 0.91 on 3.50 kg net
W002379,SITE_KIT_01,2026-01-15,ING_CAULI,,4.329,kg,173.17,prep_trim,prep,manual,yield 0.52 on 13.95 kg net
W002380,SITE_KIT_01,2026-01-15,ING_POTATO,,0.748,kg,20.93,prep_trim,prep,manual,yield 0.85 on 12.95 kg net
W002381,SITE_KIT_01,2026-01-15,ING_CAPSICUM,,0.239,kg,19.15,prep_trim,prep,manual,yield 0.82 on 3.22 kg net
W002382,SITE_KIT_01,2026-01-15,ING_SPINACH,,0.684,kg,20.53,prep_trim,prep,manual,yield 0.77 on 6.73 kg net
W002383,SITE_KIT_01,2026-01-15,ING_CURRYLEAF,,0.021,kg,1.7,prep_trim,prep,manual,yield 0.88 on 0.46 kg net
W002384,SITE_KIT_01,2026-01-15,ING_LEMON,,0.306,kg,27.5,prep_trim,prep,manual,yield 0.55 on 1.09 kg net
W002385,SITE_KIT_01,2026-01-15,ING_CUCUMBER,,0.232,kg,8.11,prep_trim,prep,manual,yield 0.84 on 3.62 kg net
W002386,SITE_KIT_01,2026-01-15,ING_CABBAGE,,0.088,kg,2.21,prep_trim,prep,manual,yield 0.90 on 2.41 kg net
W002387,SITE_KIT_01,2026-01-15,ING_BANANA,,0.455,kg,25.0,prep_trim,prep,manual,yield 0.69 on 3.02 kg net
W002388,SITE_KIT_01,2026-01-15,ING_BRINJAL,,0.163,kg,6.53,prep_trim,prep,manual,yield 0.87 on 3.32 kg net
W002389,SITE_KIT_01,2026-01-15,ING_OKRA,,0.131,kg,7.2,prep_trim,prep,manual,yield 0.91 on 3.92 kg net
W002390,SITE_KIT_01,2026-01-15,ING_MUSHROOM,,0.031,kg,6.75,prep_trim,prep,manual,yield 0.93 on 1.21 kg net
W002391,SITE_KIT_01,2026-01-15,ING_CORIANDER,B01153,0.133,kg,7.98,quality_rejection,storage,manual,"rejected at goods receipt, intake grade 0.98"
W002392,SITE_KIT_01,2026-01-15,ING_MINT,B01154,0.086,kg,5.16,quality_rejection,storage,manual,"rejected at goods receipt, intake grade 0.91"
W002393,SITE_KIT_01,2026-01-16,DSH_CHBIRYANI,,3.348,kg,708.88,overproduction,post_service,pos_derived,"24 portions unsold, 7.4 binned"
W002394,SITE_KIT_01,2026-01-16,DSH_VGBIRYANI,,0.391,kg,42.45,overproduction,post_service,pos_derived,"3 portions unsold, 0.9 binned"
W002395,SITE_KIT_01,2026-01-16,DSH_VGBIRYANI,,0.143,kg,15.52,plate_waste,service,manual,1 plates partly returned
W002396,SITE_KIT_01,2026-01-16,DSH_PBM,,0.54,kg,156.33,overproduction,post_service,pos_derived,"9 portions unsold, 1.8 binned"
W002397,SITE_KIT_01,2026-01-16,DSH_GOBIMANCH,,1.008,kg,104.33,overproduction,post_service,pos_derived,"8 portions unsold, 3.6 binned"
W002398,SITE_KIT_01,2026-01-16,DSH_PALAK,,0.726,kg,130.95,overproduction,post_service,pos_derived,"11 portions unsold, 2.4 binned"
W002399,SITE_KIT_01,2026-01-16,DSH_PALAK,,0.102,kg,18.4,plate_waste,service,manual,1 plates partly returned
W002400,SITE_KIT_01,2026-01-16,DSH_NAAN,,0.122,kg,13.48,plate_waste,service,manual,4 plates partly returned
W002401,SITE_KIT_01,2026-01-16,DSH_ROTI,,0.071,kg,3.81,plate_waste,service,manual,3 plates partly returned
W002402,SITE_KIT_01,2026-01-16,DSH_JEERARICE,,0.37,kg,32.16,overproduction,post_service,pos_derived,"6 portions unsold, 1.3 binned"
W002403,SITE_KIT_01,2026-01-16,DSH_JEERARICE,,0.19,kg,16.56,plate_waste,service,manual,2 plates partly returned
W002404,SITE_KIT_01,2026-01-16,DSH_DALTADKA,,0.495,kg,38.08,overproduction,post_service,pos_derived,"11 portions unsold, 1.6 binned"
W002405,SITE_KIT_01,2026-01-16,DSH_ROGANJOSH,,0.288,kg,189.16,overproduction,post_service,pos_derived,"5 portions unsold, 0.9 binned"
W002406,SITE_KIT_01,2026-01-16,DSH_VEGPULAO,,0.588,kg,59.98,overproduction,post_service,pos_derived,"7 portions unsold, 1.7 binned"
W002407,SITE_KIT_01,2026-01-16,DSH_VEGPULAO,,0.238,kg,24.28,plate_waste,service,manual,2 plates partly returned
W002408,SITE_KIT_01,2026-01-16,DSH_DOSA,,0.255,kg,23.88,plate_waste,service,manual,3 plates partly returned
W002409,SITE_KIT_01,2026-01-16,DSH_MIXVEG,,0.72,kg,48.05,overproduction,post_service,pos_derived,"10 portions unsold, 2.4 binned"
W002410,SITE_KIT_01,2026-01-16,DSH_MIXVEG,,0.102,kg,6.81,plate_waste,service,manual,1 plates partly returned
W002411,SITE_KIT_01,2026-01-16,DSH_FISHCURRY,,0.288,kg,103.46,overproduction,post_service,pos_derived,"4 portions unsold, 1.0 binned"
W002412,SITE_KIT_01,2026-01-16,DSH_FISHCURRY,,0.102,kg,36.64,plate_waste,service,manual,1 plates partly returned
W002413,SITE_KIT_01,2026-01-16,ING_ONION,,1.437,kg,54.6,prep_trim,prep,manual,yield 0.88 on 31.63 kg net
W002414,SITE_KIT_01,2026-01-16,ING_TOMATO,,0.222,kg,7.11,prep_trim,prep,manual,yield 0.97 on 25.38 kg net
W002415,SITE_KIT_01,2026-01-16,ING_GINGER,,0.041,kg,4.96,prep_trim,prep,manual,yield 0.90 on 1.09 kg net
W002416,SITE_KIT_01,2026-01-16,ING_GARLIC,,0.078,kg,14.01,prep_trim,prep,manual,yield 0.88 on 1.68 kg net
W002417,SITE_KIT_01,2026-01-16,ING_GCHILLI,,0.032,kg,2.27,prep_trim,prep,manual,yield 0.94 on 1.52 kg net
W002418,SITE_KIT_01,2026-01-16,ING_MINT,,0.038,kg,2.28,prep_trim,prep,manual,yield 0.86 on 0.67 kg net
W002419,SITE_KIT_01,2026-01-16,ING_CORIANDER,,0.079,kg,4.71,prep_trim,prep,manual,yield 0.85 on 1.35 kg net
W002420,SITE_KIT_01,2026-01-16,ING_CARROT,,0.324,kg,14.57,prep_trim,prep,manual,yield 0.87 on 6.37 kg net
W002421,SITE_KIT_01,2026-01-16,ING_BEANS,,0.17,kg,10.19,prep_trim,prep,manual,yield 0.89 on 3.97 kg net
W002422,SITE_KIT_01,2026-01-16,ING_CAULI,,5.032,kg,201.27,prep_trim,prep,manual,yield 0.51 on 15.38 kg net
W002423,SITE_KIT_01,2026-01-16,ING_POTATO,,0.657,kg,18.4,prep_trim,prep,manual,yield 0.85 on 10.72 kg net
W002424,SITE_KIT_01,2026-01-16,ING_CAPSICUM,,0.251,kg,20.1,prep_trim,prep,manual,yield 0.83 on 3.56 kg net
W002425,SITE_KIT_01,2026-01-16,ING_SPINACH,,0.638,kg,19.15,prep_trim,prep,manual,yield 0.80 on 7.46 kg net
W002426,SITE_KIT_01,2026-01-16,ING_LEMON,,0.332,kg,29.9,prep_trim,prep,manual,yield 0.56 on 1.22 kg net
W002427,SITE_KIT_01,2026-01-16,ING_CUCUMBER,,0.266,kg,9.31,prep_trim,prep,manual,yield 0.84 on 4.02 kg net
W002428,SITE_KIT_01,2026-01-16,ING_CABBAGE,,0.099,kg,2.47,prep_trim,prep,manual,yield 0.90 on 2.68 kg net
W002429,SITE_KIT_01,2026-01-16,ING_BANANA,,0.56,kg,30.81,prep_trim,prep,manual,yield 0.67 on 3.35 kg net
W002430,SITE_KIT_01,2026-01-16,ING_BRINJAL,,0.155,kg,6.19,prep_trim,prep,manual,yield 0.89 on 3.69 kg net
W002431,SITE_KIT_01,2026-01-16,ING_OKRA,,0.173,kg,9.51,prep_trim,prep,manual,yield 0.90 on 4.36 kg net
W002432,SITE_KIT_01,2026-01-16,ING_MUSHROOM,,0.029,kg,6.27,prep_trim,prep,manual,yield 0.94 on 1.34 kg net
W002433,SITE_KIT_01,2026-01-16,ING_CARROT,B01162,2.064,kg,92.88,quality_rejection,storage,manual,"rejected at goods receipt, intake grade 0.83"
W002434,SITE_KIT_01,2026-01-16,ING_CAPSICUM,B01163,0.885,kg,70.8,quality_rejection,storage,manual,"rejected at goods receipt, intake grade 0.94"
W002435,SITE_KIT_01,2026-01-16,ING_BRINJAL,B01165,0.71,kg,28.4,quality_rejection,storage,manual,"rejected at goods receipt, intake grade 0.90"
W002436,SITE_KIT_01,2026-01-16,ING_PEAS,B01167,0.513,kg,46.17,quality_rejection,storage,manual,"rejected at goods receipt, intake grade 0.95"
W002437,SITE_KIT_01,2026-01-16,ING_CURRYLEAF,B01118,0.424,kg,33.91,spoilage,storage,manual,"received 2026-01-13, zone ZN_COLD"
W002438,SITE_KIT_01,2026-01-17,DSH_CHBIRYANI,,1.256,kg,265.83,overproduction,post_service,pos_derived,"9 portions unsold, 2.8 binned"
W002439,SITE_KIT_01,2026-01-17,DSH_CHBIRYANI,,0.153,kg,32.4,plate_waste,service,manual,1 plates partly returned
W002440,SITE_KIT_01,2026-01-17,DSH_VGBIRYANI,,1.172,kg,127.36,overproduction,post_service,pos_derived,"9 portions unsold, 2.8 binned"
W002441,SITE_KIT_01,2026-01-17,DSH_VGBIRYANI,,0.143,kg,15.52,plate_waste,service,manual,1 plates partly returned
W002442,SITE_KIT_01,2026-01-17,DSH_PBM,,0.78,kg,225.81,overproduction,post_service,pos_derived,"13 portions unsold, 2.6 binned"
W002443,SITE_KIT_01,2026-01-17,DSH_PBM,,0.306,kg,88.59,plate_waste,service,manual,3 plates partly returned
W002444,SITE_KIT_01,2026-01-17,DSH_GOBIMANCH,,0.126,kg,13.04,overproduction,post_service,pos_derived,"1 portions unsold, 0.5 binned"
W002445,SITE_KIT_01,2026-01-17,DSH_GOBIMANCH,,0.095,kg,9.85,plate_waste,service,manual,1 plates partly returned
W002446,SITE_KIT_01,2026-01-17,DSH_PALAK,,0.462,kg,83.33,overproduction,post_service,pos_derived,"7 portions unsold, 1.5 binned"
W002447,SITE_KIT_01,2026-01-17,DSH_NAAN,,0.184,kg,20.22,plate_waste,service,manual,6 plates partly returned
W002448,SITE_KIT_01,2026-01-17,DSH_JEERARICE,,0.19,kg,16.56,plate_waste,service,manual,2 plates partly returned
W002449,SITE_KIT_01,2026-01-17,DSH_DALTADKA,,0.945,kg,72.7,overproduction,post_service,pos_derived,"21 portions unsold, 3.1 binned"
W002450,SITE_KIT_01,2026-01-17,DSH_ROGANJOSH,,0.288,kg,189.16,overproduction,post_service,pos_derived,"5 portions unsold, 0.9 binned"
W002451,SITE_KIT_01,2026-01-17,DSH_ROGANJOSH,,0.109,kg,71.46,plate_waste,service,manual,1 plates partly returned
W002452,SITE_KIT_01,2026-01-17,DSH_DOSA,,0.17,kg,15.92,plate_waste,service,manual,2 plates partly returned
W002453,SITE_KIT_01,2026-01-17,DSH_MIXVEG,,1.152,kg,76.88,overproduction,post_service,pos_derived,"16 portions unsold, 3.8 binned"
W002454,SITE_KIT_01,2026-01-17,DSH_FISHCURRY,,0.432,kg,155.19,overproduction,post_service,pos_derived,"6 portions unsold, 1.4 binned"
W002455,SITE_KIT_01,2026-01-17,ING_ONION,,0.983,kg,37.35,prep_trim,prep,manual,yield 0.92 on 34.26 kg net
W002456,SITE_KIT_01,2026-01-17,ING_TOMATO,,0.459,kg,14.69,prep_trim,prep,manual,yield 0.95 on 27.31 kg net
W002457,SITE_KIT_01,2026-01-17,ING_GINGER,,0.039,kg,4.71,prep_trim,prep,manual,yield 0.91 on 1.13 kg net
W002458,SITE_KIT_01,2026-01-17,ING_GARLIC,,0.084,kg,15.14,prep_trim,prep,manual,yield 0.88 on 1.77 kg net
W002459,SITE_KIT_01,2026-01-17,ING_GCHILLI,,0.037,kg,2.62,prep_trim,prep,manual,yield 0.94 on 1.62 kg net
W002460,SITE_KIT_01,2026-01-17,ING_MINT,,0.035,kg,2.12,prep_trim,prep,manual,yield 0.86 on 0.67 kg net
W002461,SITE_KIT_01,2026-01-17,ING_CORIANDER,,0.08,kg,4.77,prep_trim,prep,manual,yield 0.86 on 1.40 kg net
W002462,SITE_KIT_01,2026-01-17,ING_CARROT,,0.338,kg,15.23,prep_trim,prep,manual,yield 0.88 on 7.13 kg net
W002463,SITE_KIT_01,2026-01-17,ING_BEANS,,0.164,kg,9.84,prep_trim,prep,manual,yield 0.90 on 4.42 kg net
W002464,SITE_KIT_01,2026-01-17,ING_CAULI,,6.086,kg,243.43,prep_trim,prep,manual,yield 0.49 on 17.02 kg net
W002465,SITE_KIT_01,2026-01-17,ING_POTATO,,0.675,kg,18.9,prep_trim,prep,manual,yield 0.87 on 13.14 kg net
W002466,SITE_KIT_01,2026-01-17,ING_CAPSICUM,,0.271,kg,21.69,prep_trim,prep,manual,yield 0.83 on 3.95 kg net
W002467,SITE_KIT_01,2026-01-17,ING_SPINACH,,0.836,kg,25.07,prep_trim,prep,manual,yield 0.77 on 8.37 kg net
W002468,SITE_KIT_01,2026-01-17,ING_LEMON,,0.388,kg,34.93,prep_trim,prep,manual,yield 0.55 on 1.38 kg net
W002469,SITE_KIT_01,2026-01-17,ING_CUCUMBER,,0.247,kg,8.66,prep_trim,prep,manual,yield 0.86 on 4.54 kg net
W002470,SITE_KIT_01,2026-01-17,ING_CABBAGE,,0.118,kg,2.94,prep_trim,prep,manual,yield 0.90 on 3.03 kg net
W002471,SITE_KIT_01,2026-01-17,ING_BANANA,,0.642,kg,35.29,prep_trim,prep,manual,yield 0.67 on 3.78 kg net
W002472,SITE_KIT_01,2026-01-17,ING_BRINJAL,,0.176,kg,7.05,prep_trim,prep,manual,yield 0.89 on 4.16 kg net
W002473,SITE_KIT_01,2026-01-17,ING_OKRA,,0.197,kg,10.84,prep_trim,prep,manual,yield 0.89 on 4.92 kg net
W002474,SITE_KIT_01,2026-01-17,ING_MUSHROOM,,0.029,kg,6.39,prep_trim,prep,manual,yield 0.95 on 1.51 kg net
W002475,SITE_KIT_01,2026-01-17,ING_CURRYLEAF,B01188,0.055,kg,4.4,quality_rejection,storage,manual,"rejected at goods receipt, intake grade 0.98"
W002476,SITE_KIT_01,2026-01-17,ING_SPINACH,B01115,2.354,kg,70.63,spoilage,storage,manual,"received 2026-01-13, zone ZN_COLD"
W002477,SITE_KIT_01,2026-01-17,ING_BRINJAL,B01054,0.867,kg,34.67,spoilage,storage,manual,"received 2026-01-10, zone ZN_COLD"
W002478,SITE_KIT_01,2026-01-17,ING_MINT,B01135,0.128,kg,7.68,spoilage,storage,manual,"received 2026-01-14, zone ZN_COLD"
W002479,SITE_KIT_01,2026-01-17,ING_BATTER,B01156,1.824,kg,127.68,spoilage,storage,manual,"received 2026-01-15, zone ZN_COLD"
W002480,SITE_KIT_01,2026-01-18,DSH_CHBIRYANI,,1.535,kg,324.9,overproduction,post_service,pos_derived,"11 portions unsold, 3.4 binned"
W002481,SITE_KIT_01,2026-01-18,DSH_VGBIRYANI,,1.172,kg,127.36,overproduction,post_service,pos_derived,"9 portions unsold, 2.8 binned"
W002482,SITE_KIT_01,2026-01-18,DSH_VGBIRYANI,,0.714,kg,77.61,plate_waste,service,manual,5 plates partly returned
W002483,SITE_KIT_01,2026-01-18,DSH_PBM,,0.204,kg,59.06,plate_waste,service,manual,2 plates partly returned
W002484,SITE_KIT_01,2026-01-18,DSH_GOBIMANCH,,0.504,kg,52.16,overproduction,post_service,pos_derived,"4 portions unsold, 1.8 binned"
W002485,SITE_KIT_01,2026-01-18,DSH_PALAK,,0.462,kg,83.33,overproduction,post_service,pos_derived,"7 portions unsold, 1.5 binned"
W002486,SITE_KIT_01,2026-01-18,DSH_PALAK,,0.102,kg,18.4,plate_waste,service,manual,1 plates partly returned
W002487,SITE_KIT_01,2026-01-18,DSH_NAAN,,0.122,kg,13.48,plate_waste,service,manual,4 plates partly returned
W002488,SITE_KIT_01,2026-01-18,DSH_ROTI,,0.167,kg,8.9,plate_waste,service,manual,7 plates partly returned
W002489,SITE_KIT_01,2026-01-18,DSH_JEERARICE,,1.17,kg,101.82,overproduction,post_service,pos_derived,"19 portions unsold, 4.2 binned"
W002490,SITE_KIT_01,2026-01-18,DSH_JEERARICE,,0.19,kg,16.56,plate_waste,service,manual,2 plates partly returned
W002491,SITE_KIT_01,2026-01-18,DSH_DALTADKA,,0.54,kg,41.54,overproduction,post_service,pos_derived,"12 portions unsold, 1.8 binned"
W002492,SITE_KIT_01,2026-01-18,DSH_DALTADKA,,0.204,kg,15.69,plate_waste,service,manual,2 plates partly returned
W002493,SITE_KIT_01,2026-01-18,DSH_VEGPULAO,,0.84,kg,85.68,overproduction,post_service,pos_derived,"10 portions unsold, 2.4 binned"
W002494,SITE_KIT_01,2026-01-18,DSH_VEGPULAO,,0.357,kg,36.41,plate_waste,service,manual,3 plates partly returned
W002495,SITE_KIT_01,2026-01-18,DSH_DOSA,,0.17,kg,15.92,plate_waste,service,manual,2 plates partly returned
W002496,SITE_KIT_01,2026-01-18,DSH_MIXVEG,,1.296,kg,86.49,overproduction,post_service,pos_derived,"18 portions unsold, 4.3 binned"
W002497,SITE_KIT_01,2026-01-18,DSH_MIXVEG,,0.204,kg,13.61,plate_waste,service,manual,2 plates partly returned
W002498,SITE_KIT_01,2026-01-18,DSH_FISHCURRY,,0.792,kg,284.51,overproduction,post_service,pos_derived,"11 portions unsold, 2.6 binned"
W002499,SITE_KIT_01,2026-01-18,DSH_FISHCURRY,,0.102,kg,36.64,plate_waste,service,manual,1 plates partly returned
W002500,SITE_KIT_01,2026-01-18,ING_ONION,,1.181,kg,44.87,prep_trim,prep,manual,yield 0.90 on 31.37 kg net
W002501,SITE_KIT_01,2026-01-18,ING_TOMATO,,0.226,kg,7.22,prep_trim,prep,manual,yield 0.97 on 24.77 kg net
W002502,SITE_KIT_01,2026-01-18,ING_GINGER,,0.041,kg,4.97,prep_trim,prep,manual,yield 0.89 on 1.02 kg net
W002503,SITE_KIT_01,2026-01-18,ING_GARLIC,,0.086,kg,15.57,prep_trim,prep,manual,yield 0.86 on 1.62 kg net
W002504,SITE_KIT_01,2026-01-18,ING_GCHILLI,,0.036,kg,2.5,prep_trim,prep,manual,yield 0.93 on 1.50 kg net
W002505,SITE_KIT_01,2026-01-18,ING_MINT,,0.03,kg,1.82,prep_trim,prep,manual,yield 0.87 on 0.58 kg net
W002506,SITE_KIT_01,2026-01-18,ING_CORIANDER,,0.062,kg,3.71,prep_trim,prep,manual,yield 0.87 on 1.26 kg net
W002507,SITE_KIT_01,2026-01-18,ING_CARROT,,0.294,kg,13.22,prep_trim,prep,manual,yield 0.88 on 6.36 kg net
W002508,SITE_KIT_01,2026-01-18,ING_BEANS,,0.155,kg,9.32,prep_trim,prep,manual,yield 0.90 on 3.90 kg net
W002509,SITE_KIT_01,2026-01-18,ING_CAULI,,5.505,kg,220.19,prep_trim,prep,manual,yield 0.49 on 15.43 kg net
W002510,SITE_KIT_01,2026-01-18,ING_POTATO,,0.887,kg,24.83,prep_trim,prep,manual,yield 0.83 on 12.71 kg net
W002511,SITE_KIT_01,2026-01-18,ING_CAPSICUM,,0.267,kg,21.34,prep_trim,prep,manual,yield 0.82 on 3.54 kg net
W002512,SITE_KIT_01,2026-01-18,ING_SPINACH,,0.843,kg,25.3,prep_trim,prep,manual,yield 0.75 on 7.64 kg net
W002513,SITE_KIT_01,2026-01-18,ING_CURRYLEAF,,0.021,kg,1.66,prep_trim,prep,manual,yield 0.89 on 0.49 kg net
W002514,SITE_KIT_01,2026-01-18,ING_LEMON,,0.353,kg,31.77,prep_trim,prep,manual,yield 0.55 on 1.27 kg net
W002515,SITE_KIT_01,2026-01-18,ING_CUCUMBER,,0.259,kg,9.05,prep_trim,prep,manual,yield 0.85 on 4.21 kg net
W002516,SITE_KIT_01,2026-01-18,ING_CABBAGE,,0.141,kg,3.53,prep_trim,prep,manual,yield 0.87 on 2.81 kg net
W002517,SITE_KIT_01,2026-01-18,ING_BANANA,,0.528,kg,29.03,prep_trim,prep,manual,yield 0.69 on 3.51 kg net
W002518,SITE_KIT_01,2026-01-18,ING_BRINJAL,,0.166,kg,6.66,prep_trim,prep,manual,yield 0.89 on 3.86 kg net
W002519,SITE_KIT_01,2026-01-18,ING_OKRA,,0.159,kg,8.76,prep_trim,prep,manual,yield 0.91 on 4.56 kg net
W002520,SITE_KIT_01,2026-01-18,ING_MUSHROOM,,0.024,kg,5.29,prep_trim,prep,manual,yield 0.95 on 1.40 kg net
W002521,SITE_KIT_01,2026-01-18,ING_POTATO,B01200,5.41,kg,151.48,quality_rejection,storage,manual,"rejected at goods receipt, intake grade 0.93"
W002522,SITE_KIT_01,2026-01-18,ING_SPINACH,B01202,1.31,kg,39.3,quality_rejection,storage,manual,"rejected at goods receipt, intake grade 0.91"
W002523,SITE_KIT_01,2026-01-18,ING_CARROT,B01207,0.922,kg,41.49,quality_rejection,storage,manual,"rejected at goods receipt, intake grade 0.93"
W002524,SITE_KIT_01,2026-01-18,ING_PEAS,B01212,1.002,kg,90.18,quality_rejection,storage,manual,"rejected at goods receipt, intake grade 0.92"
W002525,SITE_KIT_01,2026-01-18,ING_MINT,B01154,0.914,kg,54.84,spoilage,storage,manual,"received 2026-01-15, zone ZN_COLD"
W002526,SITE_KIT_01,2026-01-18,ING_BATTER,B01184,16.0,kg,1120.0,spoilage,storage,manual,"received 2026-01-16, zone ZN_COLD"
W002527,SITE_KIT_01,2026-01-19,DSH_CHBIRYANI,,0.459,kg,97.19,plate_waste,service,manual,3 plates partly returned
W002528,SITE_KIT_01,2026-01-19,DSH_VGBIRYANI,,0.26,kg,28.3,overproduction,post_service,pos_derived,"2 portions unsold, 0.6 binned"
W002529,SITE_KIT_01,2026-01-19,DSH_PBM,,0.3,kg,86.85,overproduction,post_service,pos_derived,"5 portions unsold, 1.0 binned"
W002530,SITE_KIT_01,2026-01-19,DSH_GOBIMANCH,,0.378,kg,39.12,overproduction,post_service,pos_derived,"3 portions unsold, 1.4 binned"
W002531,SITE_KIT_01,2026-01-19,DSH_GOBIMANCH,,0.286,kg,29.56,plate_waste,service,manual,3 plates partly returned
W002532,SITE_KIT_01,2026-01-19,DSH_PALAK,,0.102,kg,18.4,plate_waste,service,manual,1 plates partly returned
W002533,SITE_KIT_01,2026-01-19,DSH_NAAN,,0.061,kg,6.74,plate_waste,service,manual,2 plates partly returned
W002534,SITE_KIT_01,2026-01-19,DSH_JEERARICE,,0.554,kg,48.23,overproduction,post_service,pos_derived,"9 portions unsold, 2.0 binned"
W002535,SITE_KIT_01,2026-01-19,DSH_DALTADKA,,0.45,kg,34.62,overproduction,post_service,pos_derived,"10 portions unsold, 1.5 binned"
W002536,SITE_KIT_01,2026-01-19,DSH_DALTADKA,,0.102,kg,7.85,plate_waste,service,manual,1 plates partly returned
W002537,SITE_KIT_01,2026-01-19,DSH_ROGANJOSH,,0.23,kg,151.33,overproduction,post_service,pos_derived,"4 portions unsold, 0.7 binned"
W002538,SITE_KIT_01,2026-01-19,DSH_DOSA,,0.085,kg,7.96,plate_waste,service,manual,1 plates partly returned
W002539,SITE_KIT_01,2026-01-19,DSH_MIXVEG,,0.72,kg,48.05,overproduction,post_service,pos_derived,"10 portions unsold, 2.4 binned"
W002540,SITE_KIT_01,2026-01-19,DSH_FISHCURRY,,0.648,kg,232.78,overproduction,post_service,pos_derived,"9 portions unsold, 2.2 binned"
W002541,SITE_KIT_01,2026-01-19,DSH_FISHCURRY,,0.306,kg,109.93,plate_waste,service,manual,3 plates partly returned
W002542,SITE_KIT_01,2026-01-19,ING_ONION,,0.655,kg,24.88,prep_trim,prep,manual,yield 0.91 on 19.78 kg net
W002543,SITE_KIT_01,2026-01-19,ING_TOMATO,,0.155,kg,4.96,prep_trim,prep,manual,yield 0.97 on 16.20 kg net
W002544,SITE_KIT_01,2026-01-19,ING_GARLIC,,0.047,kg,8.49,prep_trim,prep,manual,yield 0.88 on 0.99 kg net
W002545,SITE_KIT_01,2026-01-19,ING_MINT,,0.02,kg,1.2,prep_trim,prep,manual,yield 0.85 on 0.33 kg net
W002546,SITE_KIT_01,2026-01-19,ING_CORIANDER,,0.031,kg,1.87,prep_trim,prep,manual,yield 0.89 on 0.75 kg net
W002547,SITE_KIT_01,2026-01-19,ING_CARROT,,0.193,kg,8.68,prep_trim,prep,manual,yield 0.88 on 4.07 kg net
W002548,SITE_KIT_01,2026-01-19,ING_BEANS,,0.097,kg,5.82,prep_trim,prep,manual,yield 0.90 on 2.52 kg net
W002549,SITE_KIT_01,2026-01-19,ING_CAULI,,3.165,kg,126.61,prep_trim,prep,manual,yield 0.52 on 10.24 kg net
W002550,SITE_KIT_01,2026-01-19,ING_POTATO,,0.519,kg,14.52,prep_trim,prep,manual,yield 0.86 on 9.61 kg net
W002551,SITE_KIT_01,2026-01-19,ING_CAPSICUM,,0.156,kg,12.47,prep_trim,prep,manual,yield 0.84 on 2.34 kg net
W002552,SITE_KIT_01,2026-01-19,ING_SPINACH,,0.412,kg,12.37,prep_trim,prep,manual,yield 0.80 on 4.73 kg net
W002553,SITE_KIT_01,2026-01-19,ING_LEMON,,0.21,kg,18.87,prep_trim,prep,manual,yield 0.56 on 0.79 kg net
W002554,SITE_KIT_01,2026-01-19,ING_CUCUMBER,,0.159,kg,5.56,prep_trim,prep,manual,yield 0.85 on 2.62 kg net
W002555,SITE_KIT_01,2026-01-19,ING_CABBAGE,,0.092,kg,2.3,prep_trim,prep,manual,yield 0.87 on 1.75 kg net
W002556,SITE_KIT_01,2026-01-19,ING_BANANA,,0.308,kg,16.96,prep_trim,prep,manual,yield 0.71 on 2.18 kg net
W002557,SITE_KIT_01,2026-01-19,ING_BRINJAL,,0.11,kg,4.4,prep_trim,prep,manual,yield 0.88 on 2.40 kg net
W002558,SITE_KIT_01,2026-01-19,ING_OKRA,,0.102,kg,5.62,prep_trim,prep,manual,yield 0.90 on 2.84 kg net
W002559,SITE_KIT_01,2026-01-19,ING_SPINACH,B01230,1.074,kg,32.22,quality_rejection,storage,manual,"rejected at goods receipt, intake grade 0.94"
W002560,SITE_KIT_01,2026-01-19,ING_CORIANDER,B01160,0.703,kg,42.2,spoilage,storage,manual,"received 2026-01-16, zone ZN_COLD"
W002561,SITE_KIT_01,2026-01-19,ING_MINT,B01168,0.437,kg,26.2,spoilage,storage,manual,"received 2026-01-16, zone ZN_COLD"
W002562,SITE_KIT_01,2026-01-20,DSH_CHBIRYANI,,0.698,kg,147.68,overproduction,post_service,pos_derived,"5 portions unsold, 1.6 binned"
W002563,SITE_KIT_01,2026-01-20,DSH_CHBIRYANI,,0.153,kg,32.4,plate_waste,service,manual,1 plates partly returned
W002564,SITE_KIT_01,2026-01-20,DSH_VGBIRYANI,,1.562,kg,169.82,overproduction,post_service,pos_derived,"12 portions unsold, 3.7 binned"
W002565,SITE_KIT_01,2026-01-20,DSH_GOBIMANCH,,0.095,kg,9.85,plate_waste,service,manual,1 plates partly returned
W002566,SITE_KIT_01,2026-01-20,DSH_PALAK,,0.396,kg,71.43,overproduction,post_service,pos_derived,"6 portions unsold, 1.3 binned"
W002567,SITE_KIT_01,2026-01-20,DSH_PALAK,,0.204,kg,36.79,plate_waste,service,manual,2 plates partly returned
W002568,SITE_KIT_01,2026-01-20,DSH_NAAN,,0.061,kg,6.74,plate_waste,service,manual,2 plates partly returned
W002569,SITE_KIT_01,2026-01-20,DSH_ROTI,,0.024,kg,1.27,plate_waste,service,manual,1 plates partly returned
W002570,SITE_KIT_01,2026-01-20,DSH_JEERARICE,,0.37,kg,32.16,overproduction,post_service,pos_derived,"6 portions unsold, 1.3 binned"
W002571,SITE_KIT_01,2026-01-20,DSH_JEERARICE,,0.095,kg,8.28,plate_waste,service,manual,1 plates partly returned
W002572,SITE_KIT_01,2026-01-20,DSH_DALTADKA,,1.035,kg,79.63,overproduction,post_service,pos_derived,"23 portions unsold, 3.4 binned"
W002573,SITE_KIT_01,2026-01-20,DSH_ROGANJOSH,,0.403,kg,264.83,overproduction,post_service,pos_derived,"7 portions unsold, 1.3 binned"
W002574,SITE_KIT_01,2026-01-20,DSH_MIXVEG,,0.648,kg,43.24,overproduction,post_service,pos_derived,"9 portions unsold, 2.2 binned"
W002575,SITE_KIT_01,2026-01-20,DSH_MIXVEG,,0.204,kg,13.61,plate_waste,service,manual,2 plates partly returned
W002576,SITE_KIT_01,2026-01-20,DSH_FISHCURRY,,0.216,kg,77.59,overproduction,post_service,pos_derived,"3 portions unsold, 0.7 binned"
W002577,SITE_KIT_01,2026-01-20,DSH_FISHCURRY,,0.102,kg,36.64,plate_waste,service,manual,1 plates partly returned
W002578,SITE_KIT_01,2026-01-20,ING_ONION,,0.749,kg,28.46,prep_trim,prep,manual,yield 0.90 on 20.88 kg net
W002579,SITE_KIT_01,2026-01-20,ING_TOMATO,,0.205,kg,6.56,prep_trim,prep,manual,yield 0.97 on 16.71 kg net
W002580,SITE_KIT_01,2026-01-20,ING_GINGER,,0.022,kg,2.59,prep_trim,prep,manual,yield 0.91 on 0.64 kg net
W002581,SITE_KIT_01,2026-01-20,ING_GARLIC,,0.062,kg,11.15,prep_trim,prep,manual,yield 0.85 on 1.03 kg net
W002582,SITE_KIT_01,2026-01-20,ING_GCHILLI,,0.028,kg,1.97,prep_trim,prep,manual,yield 0.92 on 0.98 kg net
W002583,SITE_KIT_01,2026-01-20,ING_MINT,,0.026,kg,1.57,prep_trim,prep,manual,yield 0.85 on 0.43 kg net
W002584,SITE_KIT_01,2026-01-20,ING_CORIANDER,,0.05,kg,3.02,prep_trim,prep,manual,yield 0.86 on 0.88 kg net
W002585,SITE_KIT_01,2026-01-20,ING_CARROT,,0.225,kg,10.11,prep_trim,prep,manual,yield 0.87 on 4.57 kg net
W002586,SITE_KIT_01,2026-01-20,ING_BEANS,,0.121,kg,7.29,prep_trim,prep,manual,yield 0.89 on 2.91 kg net
W002587,SITE_KIT_01,2026-01-20,ING_CAULI,,3.715,kg,148.61,prep_trim,prep,manual,yield 0.49 on 10.52 kg net
W002588,SITE_KIT_01,2026-01-20,ING_POTATO,,0.587,kg,16.42,prep_trim,prep,manual,yield 0.85 on 9.52 kg net
W002589,SITE_KIT_01,2026-01-20,ING_CAPSICUM,,0.168,kg,13.46,prep_trim,prep,manual,yield 0.83 on 2.34 kg net
W002590,SITE_KIT_01,2026-01-20,ING_SPINACH,,0.509,kg,15.28,prep_trim,prep,manual,yield 0.78 on 5.28 kg net
W002591,SITE_KIT_01,2026-01-20,ING_LEMON,,0.241,kg,21.68,prep_trim,prep,manual,yield 0.53 on 0.82 kg net
W002592,SITE_KIT_01,2026-01-20,ING_CUCUMBER,,0.179,kg,6.27,prep_trim,prep,manual,yield 0.84 on 2.71 kg net
W002593,SITE_KIT_01,2026-01-20,ING_CABBAGE,,0.101,kg,2.51,prep_trim,prep,manual,yield 0.86 on 1.81 kg net
W002594,SITE_KIT_01,2026-01-20,ING_BANANA,,0.376,kg,20.67,prep_trim,prep,manual,yield 0.67 on 2.26 kg net
W002595,SITE_KIT_01,2026-01-20,ING_BRINJAL,,0.117,kg,4.67,prep_trim,prep,manual,yield 0.88 on 2.49 kg net
W002596,SITE_KIT_01,2026-01-20,ING_OKRA,,0.112,kg,6.18,prep_trim,prep,manual,yield 0.90 on 2.94 kg net
W002597,SITE_KIT_01,2026-01-20,ING_MUSHROOM,,0.023,kg,5.15,prep_trim,prep,manual,yield 0.93 on 0.90 kg net
W002598,SITE_KIT_01,2026-01-20,ING_SPINACH,B01237,1.036,kg,31.08,quality_rejection,storage,manual,"rejected at goods receipt, intake grade 0.95"
W002599,SITE_KIT_01,2026-01-20,ING_OKRA,B01244,1.113,kg,61.21,quality_rejection,storage,manual,"rejected at goods receipt, intake grade 1.00"
W002600,SITE_KIT_01,2026-01-20,ING_BANANA,B01252,0.562,kg,30.91,quality_rejection,storage,manual,"rejected at goods receipt, intake grade 0.93"
W002601,SITE_KIT_01,2026-01-20,ING_CORIANDER,B01186,1.5,kg,90.0,spoilage,storage,manual,"received 2026-01-17, zone ZN_COLD"
W002602,SITE_KIT_01,2026-01-20,ING_BANANA,B01141,1.743,kg,95.87,spoilage,storage,manual,"received 2026-01-14, zone ZN_COLD"
W002603,SITE_KIT_01,2026-01-21,DSH_CHBIRYANI,,0.153,kg,32.4,plate_waste,service,manual,1 plates partly returned
W002604,SITE_KIT_01,2026-01-21,DSH_VGBIRYANI,,0.521,kg,56.61,overproduction,post_service,pos_derived,"4 portions unsold, 1.2 binned"
W002605,SITE_KIT_01,2026-01-21,DSH_VGBIRYANI,,0.286,kg,31.04,plate_waste,service,manual,2 plates partly returned
W002606,SITE_KIT_01,2026-01-21,DSH_GOBIMANCH,,0.504,kg,52.16,overproduction,post_service,pos_derived,"4 portions unsold, 1.8 binned"
W002607,SITE_KIT_01,2026-01-21,DSH_GOBIMANCH,,0.286,kg,29.56,plate_waste,service,manual,3 plates partly returned
W002608,SITE_KIT_01,2026-01-21,DSH_PALAK,,0.102,kg,18.4,plate_waste,service,manual,1 plates partly returned
W002609,SITE_KIT_01,2026-01-21,DSH_NAAN,,0.031,kg,3.37,plate_waste,service,manual,1 plates partly returned
W002610,SITE_KIT_01,2026-01-21,DSH_ROTI,,0.048,kg,2.54,plate_waste,service,manual,2 plates partly returned
W002611,SITE_KIT_01,2026-01-21,DSH_DALTADKA,,0.585,kg,45.01,overproduction,post_service,pos_derived,"13 portions unsold, 1.9 binned"
W002612,SITE_KIT_01,2026-01-21,DSH_DALTADKA,,0.102,kg,7.85,plate_waste,service,manual,1 plates partly returned
W002613,SITE_KIT_01,2026-01-21,DSH_ROGANJOSH,,0.218,kg,142.92,plate_waste,service,manual,2 plates partly returned
W002614,SITE_KIT_01,2026-01-21,DSH_DOSA,,0.085,kg,7.96,plate_waste,service,manual,1 plates partly returned
W002615,SITE_KIT_01,2026-01-21,ING_ONION,,0.713,kg,27.1,prep_trim,prep,manual,yield 0.90 on 19.96 kg net
W002616,SITE_KIT_01,2026-01-21,ING_TOMATO,,0.191,kg,6.12,prep_trim,prep,manual,yield 0.96 on 14.79 kg net
W002617,SITE_KIT_01,2026-01-21,ING_GARLIC,,0.05,kg,9.01,prep_trim,prep,manual,yield 0.87 on 0.96 kg net
W002618,SITE_KIT_01,2026-01-21,ING_GCHILLI,,0.023,kg,1.61,prep_trim,prep,manual,yield 0.94 on 1.01 kg net
W002619,SITE_KIT_01,2026-01-21,ING_CORIANDER,,0.047,kg,2.82,prep_trim,prep,manual,yield 0.85 on 0.77 kg net
W002620,SITE_KIT_01,2026-01-21,ING_CARROT,,0.194,kg,8.71,prep_trim,prep,manual,yield 0.88 on 4.06 kg net
W002621,SITE_KIT_01,2026-01-21,ING_BEANS,,0.078,kg,4.69,prep_trim,prep,manual,yield 0.91 on 2.46 kg net
W002622,SITE_KIT_01,2026-01-21,ING_CAULI,,3.183,kg,127.33,prep_trim,prep,manual,yield 0.51 on 9.93 kg net
W002623,SITE_KIT_01,2026-01-21,ING_POTATO,,0.655,kg,18.35,prep_trim,prep,manual,yield 0.85 on 11.05 kg net
W002624,SITE_KIT_01,2026-01-21,ING_CAPSICUM,,0.17,kg,13.6,prep_trim,prep,manual,yield 0.82 on 2.26 kg net
W002625,SITE_KIT_01,2026-01-21,ING_SPINACH,,0.491,kg,14.74,prep_trim,prep,manual,yield 0.77 on 4.73 kg net
W002626,SITE_KIT_01,2026-01-21,ING_LEMON,,0.248,kg,22.34,prep_trim,prep,manual,yield 0.53 on 0.83 kg net
W002627,SITE_KIT_01,2026-01-21,ING_CUCUMBER,,0.173,kg,6.06,prep_trim,prep,manual,yield 0.85 on 2.81 kg net
W002628,SITE_KIT_01,2026-01-21,ING_CABBAGE,,0.072,kg,1.8,prep_trim,prep,manual,yield 0.90 on 1.87 kg net
W002629,SITE_KIT_01,2026-01-21,ING_BANANA,,0.369,kg,20.27,prep_trim,prep,manual,yield 0.68 on 2.34 kg net
W002630,SITE_KIT_01,2026-01-21,ING_BRINJAL,,0.106,kg,4.25,prep_trim,prep,manual,yield 0.89 on 2.57 kg net
W002631,SITE_KIT_01,2026-01-21,ING_OKRA,,0.118,kg,6.47,prep_trim,prep,manual,yield 0.90 on 3.04 kg net
W002632,SITE_KIT_01,2026-01-21,ING_MUSHROOM,,0.022,kg,4.87,prep_trim,prep,manual,yield 0.93 on 0.94 kg net
W002633,SITE_KIT_01,2026-01-21,ING_CURRYLEAF,B01266,0.115,kg,9.2,quality_rejection,storage,manual,"rejected at goods receipt, intake grade 0.87"
W002634,SITE_KIT_01,2026-01-21,ING_BUTTER,B01183,1.233,kg,641.16,spoilage,storage,manual,"received 2026-01-16, zone ZN_COLD"
W002635,SITE_KIT_01,2026-01-22,DSH_CHBIRYANI,,2.929,kg,620.27,overproduction,post_service,pos_derived,"21 portions unsold, 6.5 binned"
W002636,SITE_KIT_01,2026-01-22,DSH_CHBIRYANI,,0.153,kg,32.4,plate_waste,service,manual,1 plates partly returned
W002637,SITE_KIT_01,2026-01-22,DSH_PBM,,0.66,kg,191.07,overproduction,post_service,pos_derived,"11 portions unsold, 2.2 binned"
W002638,SITE_KIT_01,2026-01-22,DSH_PBM,,0.204,kg,59.06,plate_waste,service,manual,2 plates partly returned
W002639,SITE_KIT_01,2026-01-22,DSH_GOBIMANCH,,0.095,kg,9.85,plate_waste,service,manual,1 plates partly returned
W002640,SITE_KIT_01,2026-01-22,DSH_PALAK,,0.102,kg,18.4,plate_waste,service,manual,1 plates partly returned
W002641,SITE_KIT_01,2026-01-22,DSH_NAAN,,0.031,kg,3.37,plate_waste,service,manual,1 plates partly returned
W002642,SITE_KIT_01,2026-01-22,DSH_ROTI,,0.095,kg,5.09,plate_waste,service,manual,4 plates partly returned
W002643,SITE_KIT_01,2026-01-22,DSH_JEERARICE,,0.862,kg,75.03,overproduction,post_service,pos_derived,"14 portions unsold, 3.1 binned"
W002644,SITE_KIT_01,2026-01-22,DSH_DALTADKA,,0.102,kg,7.85,plate_waste,service,manual,1 plates partly returned
W002645,SITE_KIT_01,2026-01-22,DSH_ROGANJOSH,,0.23,kg,151.33,overproduction,post_service,pos_derived,"4 portions unsold, 0.7 binned"
W002646,SITE_KIT_01,2026-01-22,DSH_ROGANJOSH,,0.109,kg,71.46,plate_waste,service,manual,1 plates partly returned
W002647,SITE_KIT_01,2026-01-22,DSH_VEGPULAO,,0.336,kg,34.27,overproduction,post_service,pos_derived,"4 portions unsold, 1.0 binned"
W002648,SITE_KIT_01,2026-01-22,DSH_MIXVEG,,0.36,kg,24.02,overproduction,post_service,pos_derived,"5 portions unsold, 1.2 binned"
W002649,SITE_KIT_01,2026-01-22,DSH_FISHCURRY,,0.576,kg,206.92,overproduction,post_service,pos_derived,"8 portions unsold, 1.9 binned"
W002650,SITE_KIT_01,2026-01-22,ING_ONION,,0.819,kg,31.1,prep_trim,prep,manual,yield 0.91 on 23.88 kg net
W002651,SITE_KIT_01,2026-01-22,ING_TOMATO,,0.136,kg,4.35,prep_trim,prep,manual,yield 0.98 on 18.79 kg net
W002652,SITE_KIT_01,2026-01-22,ING_GINGER,,0.024,kg,2.86,prep_trim,prep,manual,yield 0.91 on 0.75 kg net
W002653,SITE_KIT_01,2026-01-22,ING_GARLIC,,0.068,kg,12.21,prep_trim,prep,manual,yield 0.86 on 1.20 kg net
W002654,SITE_KIT_01,2026-01-22,ING_GCHILLI,,0.022,kg,1.57,prep_trim,prep,manual,yield 0.95 on 1.16 kg net
W002655,SITE_KIT_01,2026-01-22,ING_MINT,,0.026,kg,1.55,prep_trim,prep,manual,yield 0.85 on 0.43 kg net
W002656,SITE_KIT_01,2026-01-22,ING_CORIANDER,,0.044,kg,2.61,prep_trim,prep,manual,yield 0.88 on 0.94 kg net
W002657,SITE_KIT_01,2026-01-22,ING_CARROT,,0.258,kg,11.61,prep_trim,prep,manual,yield 0.87 on 4.91 kg net
W002658,SITE_KIT_01,2026-01-22,ING_BEANS,,0.134,kg,8.02,prep_trim,prep,manual,yield 0.88 on 3.01 kg net
W002659,SITE_KIT_01,2026-01-22,ING_CAULI,,4.02,kg,160.8,prep_trim,prep,manual,yield 0.50 on 11.99 kg net
W002660,SITE_KIT_01,2026-01-22,ING_POTATO,,0.716,kg,20.05,prep_trim,prep,manual,yield 0.84 on 11.40 kg net
W002661,SITE_KIT_01,2026-01-22,ING_CAPSICUM,,0.188,kg,15.03,prep_trim,prep,manual,yield 0.83 on 2.76 kg net
W002662,SITE_KIT_01,2026-01-22,ING_SPINACH,,0.544,kg,16.31,prep_trim,prep,manual,yield 0.78 on 5.82 kg net
W002663,SITE_KIT_01,2026-01-22,ING_LEMON,,0.251,kg,22.62,prep_trim,prep,manual,yield 0.57 on 0.97 kg net
W002664,SITE_KIT_01,2026-01-22,ING_CUCUMBER,,0.187,kg,6.55,prep_trim,prep,manual,yield 0.86 on 3.28 kg net
W002665,SITE_KIT_01,2026-01-22,ING_CABBAGE,,0.111,kg,2.76,prep_trim,prep,manual,yield 0.87 on 2.18 kg net
W002666,SITE_KIT_01,2026-01-22,ING_BANANA,,0.417,kg,22.93,prep_trim,prep,manual,yield 0.69 on 2.73 kg net
W002667,SITE_KIT_01,2026-01-22,ING_BRINJAL,,0.133,kg,5.3,prep_trim,prep,manual,yield 0.89 on 3.00 kg net
W002668,SITE_KIT_01,2026-01-22,ING_OKRA,,0.122,kg,6.69,prep_trim,prep,manual,yield 0.91 on 3.55 kg net
W002669,SITE_KIT_01,2026-01-22,ING_TOMATO,B01268,1.975,kg,63.2,quality_rejection,storage,manual,"rejected at goods receipt, intake grade 0.98"
W002670,SITE_KIT_01,2026-01-22,ING_OKRA,B01281,0.636,kg,34.98,quality_rejection,storage,manual,"rejected at goods receipt, intake grade 0.91"
W002671,SITE_KIT_01,2026-01-22,ING_LEMON,B01285,0.206,kg,18.54,quality_rejection,storage,manual,"rejected at goods receipt, intake grade 0.85"
W002672,SITE_KIT_01,2026-01-22,ING_BEANS,B01286,0.569,kg,34.14,quality_rejection,storage,manual,"rejected at goods receipt, intake grade 0.92"
W002673,SITE_KIT_01,2026-01-22,ING_BANANA,B01289,0.924,kg,50.82,quality_rejection,storage,manual,"rejected at goods receipt, intake grade 0.98"
W002674,SITE_KIT_01,2026-01-22,ING_ONION,B00973,6.348,kg,241.23,spoilage,storage,manual,"received 2026-01-06, zone ZN_DRY"
W002675,SITE_KIT_01,2026-01-22,ING_SPINACH,B01202,1.593,kg,47.79,spoilage,storage,manual,"received 2026-01-18, zone ZN_COLD"
W002676,SITE_KIT_01,2026-01-22,ING_MINT,B01232,0.075,kg,4.48,spoilage,storage,manual,"received 2026-01-19, zone ZN_COLD"
W002677,SITE_KIT_01,2026-01-22,ING_CURRYLEAF,B01233,0.425,kg,33.99,spoilage,storage,manual,"received 2026-01-19, zone ZN_COLD"
W002678,SITE_KIT_01,2026-01-22,ING_LEMON,B01170,7.904,kg,711.34,spoilage,storage,manual,"received 2026-01-16, zone ZN_COLD"
W002679,SITE_KIT_01,2026-01-22,ING_CREAM,B01182,0.68,kg,149.51,spoilage,storage,manual,"received 2026-01-16, zone ZN_COLD"
W002680,SITE_KIT_01,2026-01-22,ING_BATTER,B01262,10.544,kg,738.08,spoilage,storage,manual,"received 2026-01-20, zone ZN_COLD"
W002681,SITE_KIT_01,2026-01-23,DSH_CHBIRYANI,,2.511,kg,531.66,overproduction,post_service,pos_derived,"18 portions unsold, 5.6 binned"
W002682,SITE_KIT_01,2026-01-23,DSH_CHBIRYANI,,0.306,kg,64.79,plate_waste,service,manual,2 plates partly returned
W002683,SITE_KIT_01,2026-01-23,DSH_VGBIRYANI,,0.521,kg,56.61,overproduction,post_service,pos_derived,"4 portions unsold, 1.2 binned"
W002684,SITE_KIT_01,2026-01-23,DSH_PBM,,0.6,kg,173.7,overproduction,post_service,pos_derived,"10 portions unsold, 2.0 binned"
W002685,SITE_KIT_01,2026-01-23,DSH_PBM,,0.102,kg,29.53,plate_waste,service,manual,1 plates partly returned
W002686,SITE_KIT_01,2026-01-23,DSH_GOBIMANCH,,1.512,kg,156.49,overproduction,post_service,pos_derived,"12 portions unsold, 5.4 binned"
W002687,SITE_KIT_01,2026-01-23,DSH_PALAK,,0.33,kg,59.52,overproduction,post_service,pos_derived,"5 portions unsold, 1.1 binned"
W002688,SITE_KIT_01,2026-01-23,DSH_NAAN,,0.153,kg,16.85,plate_waste,service,manual,5 plates partly returned
W002689,SITE_KIT_01,2026-01-23,DSH_ROTI,,0.024,kg,1.27,plate_waste,service,manual,1 plates partly returned
W002690,SITE_KIT_01,2026-01-23,DSH_JEERARICE,,0.554,kg,48.23,overproduction,post_service,pos_derived,"9 portions unsold, 2.0 binned"
W002691,SITE_KIT_01,2026-01-23,DSH_DALTADKA,,0.63,kg,48.47,overproduction,post_service,pos_derived,"14 portions unsold, 2.1 binned"
W002692,SITE_KIT_01,2026-01-23,DSH_ROGANJOSH,,0.461,kg,302.66,overproduction,post_service,pos_derived,"8 portions unsold, 1.4 binned"
W002693,SITE_KIT_01,2026-01-23,DSH_VEGPULAO,,0.168,kg,17.14,overproduction,post_service,pos_derived,"2 portions unsold, 0.5 binned"
W002694,SITE_KIT_01,2026-01-23,DSH_VEGPULAO,,0.119,kg,12.14,plate_waste,service,manual,1 plates partly returned
W002695,SITE_KIT_01,2026-01-23,DSH_DOSA,,0.17,kg,15.92,plate_waste,service,manual,2 plates partly returned
W002696,SITE_KIT_01,2026-01-23,DSH_MIXVEG,,0.288,kg,19.22,overproduction,post_service,pos_derived,"4 portions unsold, 1.0 binned"
W002697,SITE_KIT_01,2026-01-23,DSH_MIXVEG,,0.204,kg,13.61,plate_waste,service,manual,2 plates partly returned
W002698,SITE_KIT_01,2026-01-23,DSH_FISHCURRY,,0.144,kg,51.73,overproduction,post_service,pos_derived,"2 portions unsold, 0.5 binned"
W002699,SITE_KIT_01,2026-01-23,ING_ONION,,1.314,kg,49.92,prep_trim,prep,manual,yield 0.89 on 31.70 kg net
W002700,SITE_KIT_01,2026-01-23,ING_TOMATO,,0.326,kg,10.44,prep_trim,prep,manual,yield 0.96 on 24.93 kg net
W002701,SITE_KIT_01,2026-01-23,ING_GINGER,,0.045,kg,5.44,prep_trim,prep,manual,yield 0.89 on 1.09 kg net
W002702,SITE_KIT_01,2026-01-23,ING_GARLIC,,0.08,kg,14.41,prep_trim,prep,manual,yield 0.88 on 1.67 kg net
W002703,SITE_KIT_01,2026-01-23,ING_GCHILLI,,0.035,kg,2.48,prep_trim,prep,manual,yield 0.94 on 1.54 kg net
W002704,SITE_KIT_01,2026-01-23,ING_MINT,,0.029,kg,1.74,prep_trim,prep,manual,yield 0.88 on 0.66 kg net
W002705,SITE_KIT_01,2026-01-23,ING_CORIANDER,,0.073,kg,4.35,prep_trim,prep,manual,yield 0.86 on 1.33 kg net
W002706,SITE_KIT_01,2026-01-23,ING_CARROT,,0.282,kg,12.68,prep_trim,prep,manual,yield 0.88 on 6.16 kg net
W002707,SITE_KIT_01,2026-01-23,ING_BEANS,,0.109,kg,6.52,prep_trim,prep,manual,yield 0.92 on 3.78 kg net
W002708,SITE_KIT_01,2026-01-23,ING_CAULI,,5.615,kg,224.58,prep_trim,prep,manual,yield 0.48 on 15.50 kg net
W002709,SITE_KIT_01,2026-01-23,ING_POTATO,,0.634,kg,17.76,prep_trim,prep,manual,yield 0.86 on 11.77 kg net
W002710,SITE_KIT_01,2026-01-23,ING_CAPSICUM,,0.228,kg,18.26,prep_trim,prep,manual,yield 0.84 on 3.48 kg net
W002711,SITE_KIT_01,2026-01-23,ING_SPINACH,,0.773,kg,23.19,prep_trim,prep,manual,yield 0.77 on 7.64 kg net
W002712,SITE_KIT_01,2026-01-23,ING_LEMON,,0.362,kg,32.6,prep_trim,prep,manual,yield 0.54 on 1.24 kg net
W002713,SITE_KIT_01,2026-01-23,ING_CUCUMBER,,0.227,kg,7.94,prep_trim,prep,manual,yield 0.86 on 4.10 kg net
W002714,SITE_KIT_01,2026-01-23,ING_CABBAGE,,0.132,kg,3.3,prep_trim,prep,manual,yield 0.88 on 2.74 kg net
W002715,SITE_KIT_01,2026-01-23,ING_BANANA,,0.547,kg,30.09,prep_trim,prep,manual,yield 0.68 on 3.42 kg net
W002716,SITE_KIT_01,2026-01-23,ING_BRINJAL,,0.14,kg,5.59,prep_trim,prep,manual,yield 0.90 on 3.76 kg net
W002717,SITE_KIT_01,2026-01-23,ING_OKRA,,0.147,kg,8.09,prep_trim,prep,manual,yield 0.91 on 4.44 kg net
W002718,SITE_KIT_01,2026-01-23,ING_MUSHROOM,,0.024,kg,5.18,prep_trim,prep,manual,yield 0.95 on 1.37 kg net
W002719,SITE_KIT_01,2026-01-23,ING_CORIANDER,B01301,0.153,kg,9.18,quality_rejection,storage,manual,"rejected at goods receipt, intake grade 1.00"
W002720,SITE_KIT_01,2026-01-23,ING_MINT,B01246,0.009,kg,0.56,spoilage,storage,manual,"received 2026-01-20, zone ZN_COLD"
W002721,SITE_KIT_01,2026-01-23,ING_CUCUMBER,B01173,1.268,kg,44.39,spoilage,storage,manual,"received 2026-01-16, zone ZN_COLD"
W002722,SITE_KIT_01,2026-01-24,DSH_CHBIRYANI,,2.511,kg,531.66,overproduction,post_service,pos_derived,"18 portions unsold, 5.6 binned"
W002723,SITE_KIT_01,2026-01-24,DSH_CHBIRYANI,,0.306,kg,64.79,plate_waste,service,manual,2 plates partly returned
W002724,SITE_KIT_01,2026-01-24,DSH_VGBIRYANI,,0.26,kg,28.3,overproduction,post_service,pos_derived,"2 portions unsold, 0.6 binned"
W002725,SITE_KIT_01,2026-01-24,DSH_VGBIRYANI,,0.143,kg,15.52,plate_waste,service,manual,1 plates partly returned
W002726,SITE_KIT_01,2026-01-24,DSH_PBM,,0.102,kg,29.53,plate_waste,service,manual,1 plates partly returned
W002727,SITE_KIT_01,2026-01-24,DSH_GOBIMANCH,,0.63,kg,65.2,overproduction,post_service,pos_derived,"5 portions unsold, 2.2 binned"
W002728,SITE_KIT_01,2026-01-24,DSH_GOBIMANCH,,0.095,kg,9.85,plate_waste,service,manual,1 plates partly returned
W002729,SITE_KIT_01,2026-01-24,DSH_PALAK,,0.204,kg,36.79,plate_waste,service,manual,2 plates partly returned
W002730,SITE_KIT_01,2026-01-24,DSH_NAAN,,0.122,kg,13.48,plate_waste,service,manual,4 plates partly returned
W002731,SITE_KIT_01,2026-01-24,DSH_ROTI,,0.095,kg,5.09,plate_waste,service,manual,4 plates partly returned
W002732,SITE_KIT_01,2026-01-24,DSH_JEERARICE,,1.54,kg,133.98,overproduction,post_service,pos_derived,"25 portions unsold, 5.5 binned"
W002733,SITE_KIT_01,2026-01-24,DSH_JEERARICE,,0.19,kg,16.56,plate_waste,service,manual,2 plates partly returned
W002734,SITE_KIT_01,2026-01-24,DSH_DALTADKA,,0.36,kg,27.7,overproduction,post_service,pos_derived,"8 portions unsold, 1.2 binned"
W002735,SITE_KIT_01,2026-01-24,DSH_DALTADKA,,0.102,kg,7.85,plate_waste,service,manual,1 plates partly returned
W002736,SITE_KIT_01,2026-01-24,DSH_ROGANJOSH,,0.23,kg,151.33,overproduction,post_service,pos_derived,"4 portions unsold, 0.7 binned"
W002737,SITE_KIT_01,2026-01-24,DSH_ROGANJOSH,,0.109,kg,71.46,plate_waste,service,manual,1 plates partly returned
W002738,SITE_KIT_01,2026-01-24,DSH_VEGPULAO,,0.588,kg,59.98,overproduction,post_service,pos_derived,"7 portions unsold, 1.7 binned"
W002739,SITE_KIT_01,2026-01-24,DSH_VEGPULAO,,0.119,kg,12.14,plate_waste,service,manual,1 plates partly returned
W002740,SITE_KIT_01,2026-01-24,DSH_DOSA,,0.255,kg,23.88,plate_waste,service,manual,3 plates partly returned
W002741,SITE_KIT_01,2026-01-24,DSH_MIXVEG,,0.288,kg,19.22,overproduction,post_service,pos_derived,"4 portions unsold, 1.0 binned"
W002742,SITE_KIT_01,2026-01-24,DSH_MIXVEG,,0.102,kg,6.81,plate_waste,service,manual,1 plates partly returned
W002743,SITE_KIT_01,2026-01-24,DSH_FISHCURRY,,0.102,kg,36.64,plate_waste,service,manual,1 plates partly returned
W002744,SITE_KIT_01,2026-01-24,ING_ONION,,0.988,kg,37.55,prep_trim,prep,manual,yield 0.92 on 34.59 kg net
W002745,SITE_KIT_01,2026-01-24,ING_TOMATO,,0.238,kg,7.61,prep_trim,prep,manual,yield 0.98 on 27.53 kg net
W002746,SITE_KIT_01,2026-01-24,ING_GINGER,,0.037,kg,4.5,prep_trim,prep,manual,yield 0.91 on 1.15 kg net
W002747,SITE_KIT_01,2026-01-24,ING_GARLIC,,0.101,kg,18.19,prep_trim,prep,manual,yield 0.86 on 1.80 kg net
W002748,SITE_KIT_01,2026-01-24,ING_GCHILLI,,0.044,kg,3.06,prep_trim,prep,manual,yield 0.93 on 1.63 kg net
W002749,SITE_KIT_01,2026-01-24,ING_MINT,,0.031,kg,1.86,prep_trim,prep,manual,yield 0.88 on 0.66 kg net
W002750,SITE_KIT_01,2026-01-24,ING_CORIANDER,,0.078,kg,4.71,prep_trim,prep,manual,yield 0.86 on 1.38 kg net
W002751,SITE_KIT_01,2026-01-24,ING_CARROT,,0.337,kg,15.16,prep_trim,prep,manual,yield 0.88 on 7.07 kg net
W002752,SITE_KIT_01,2026-01-24,ING_BEANS,,0.188,kg,11.27,prep_trim,prep,manual,yield 0.89 on 4.39 kg net
W002753,SITE_KIT_01,2026-01-24,ING_CAULI,,5.578,kg,223.12,prep_trim,prep,manual,yield 0.51 on 17.26 kg net
W002754,SITE_KIT_01,2026-01-24,ING_POTATO,,0.9,kg,25.2,prep_trim,prep,manual,yield 0.83 on 13.34 kg net
W002755,SITE_KIT_01,2026-01-24,ING_CAPSICUM,,0.263,kg,21.06,prep_trim,prep,manual,yield 0.84 on 4.03 kg net
W002756,SITE_KIT_01,2026-01-24,ING_SPINACH,,0.886,kg,26.57,prep_trim,prep,manual,yield 0.77 on 8.74 kg net
W002757,SITE_KIT_01,2026-01-24,ING_CURRYLEAF,,0.023,kg,1.8,prep_trim,prep,manual,yield 0.88 on 0.51 kg net
W002758,SITE_KIT_01,2026-01-24,ING_LEMON,,0.366,kg,32.97,prep_trim,prep,manual,yield 0.56 on 1.36 kg net
W002759,SITE_KIT_01,2026-01-24,ING_CUCUMBER,,0.231,kg,8.1,prep_trim,prep,manual,yield 0.87 on 4.49 kg net
W002760,SITE_KIT_01,2026-01-24,ING_CABBAGE,,0.153,kg,3.82,prep_trim,prep,manual,yield 0.87 on 3.00 kg net
W002761,SITE_KIT_01,2026-01-24,ING_BANANA,,0.66,kg,36.32,prep_trim,prep,manual,yield 0.66 on 3.74 kg net
W002762,SITE_KIT_01,2026-01-24,ING_BRINJAL,,0.197,kg,7.88,prep_trim,prep,manual,yield 0.88 on 4.12 kg net
W002763,SITE_KIT_01,2026-01-24,ING_OKRA,,0.198,kg,10.89,prep_trim,prep,manual,yield 0.89 on 4.87 kg net
W002764,SITE_KIT_01,2026-01-24,ING_MUSHROOM,,0.029,kg,6.38,prep_trim,prep,manual,yield 0.95 on 1.50 kg net
W002765,SITE_KIT_01,2026-01-24,ING_GCHILLI,B01309,0.259,kg,18.13,quality_rejection,storage,manual,"rejected at goods receipt, intake grade 0.92"
W002766,SITE_KIT_01,2026-01-24,ING_CARROT,B01310,1.183,kg,53.23,quality_rejection,storage,manual,"rejected at goods receipt, intake grade 0.95"
W002767,SITE_KIT_01,2026-01-24,ING_BEANS,B01319,0.741,kg,44.46,quality_rejection,storage,manual,"rejected at goods receipt, intake grade 0.90"
W002768,SITE_KIT_01,2026-01-24,ING_SPINACH,B01237,7.623,kg,228.69,spoilage,storage,manual,"received 2026-01-20, zone ZN_COLD"
W002769,SITE_KIT_01,2026-01-25,DSH_CHBIRYANI,,0.612,kg,129.58,plate_waste,service,manual,4 plates partly returned
W002770,SITE_KIT_01,2026-01-25,DSH_VGBIRYANI,,1.953,kg,212.27,overproduction,post_service,pos_derived,"15 portions unsold, 4.7 binned"
W002771,SITE_KIT_01,2026-01-25,DSH_PBM,,0.84,kg,243.18,overproduction,post_service,pos_derived,"14 portions unsold, 2.8 binned"
W002772,SITE_KIT_01,2026-01-25,DSH_GOBIMANCH,,0.19,kg,19.71,plate_waste,service,manual,2 plates partly returned
W002773,SITE_KIT_01,2026-01-25,DSH_PALAK,,0.102,kg,18.4,plate_waste,service,manual,1 plates partly returned
W002774,SITE_KIT_01,2026-01-25,DSH_NAAN,,0.031,kg,3.37,plate_waste,service,manual,1 plates partly returned
W002775,SITE_KIT_01,2026-01-25,DSH_ROTI,,0.071,kg,3.81,plate_waste,service,manual,3 plates partly returned
W002776,SITE_KIT_01,2026-01-25,DSH_DALTADKA,,1.125,kg,86.55,overproduction,post_service,pos_derived,"25 portions unsold, 3.8 binned"
W002777,SITE_KIT_01,2026-01-25,DSH_DALTADKA,,0.102,kg,7.85,plate_waste,service,manual,1 plates partly returned
W002778,SITE_KIT_01,2026-01-25,DSH_ROGANJOSH,,0.109,kg,71.46,plate_waste,service,manual,1 plates partly returned
W002779,SITE_KIT_01,2026-01-25,DSH_VEGPULAO,,0.672,kg,68.54,overproduction,post_service,pos_derived,"8 portions unsold, 1.9 binned"
W002780,SITE_KIT_01,2026-01-25,DSH_VEGPULAO,,0.119,kg,12.14,plate_waste,service,manual,1 plates partly returned
W002781,SITE_KIT_01,2026-01-25,DSH_DOSA,,0.085,kg,7.96,plate_waste,service,manual,1 plates partly returned
W002782,SITE_KIT_01,2026-01-25,DSH_MIXVEG,,0.216,kg,14.41,overproduction,post_service,pos_derived,"3 portions unsold, 0.7 binned"
W002783,SITE_KIT_01,2026-01-25,DSH_MIXVEG,,0.204,kg,13.61,plate_waste,service,manual,2 plates partly returned
W002784,SITE_KIT_01,2026-01-25,DSH_FISHCURRY,,0.144,kg,51.73,overproduction,post_service,pos_derived,"2 portions unsold, 0.5 binned"
W002785,SITE_KIT_01,2026-01-25,DSH_FISHCURRY,,0.102,kg,36.64,plate_waste,service,manual,1 plates partly returned
W002786,SITE_KIT_01,2026-01-25,ING_ONION,,0.967,kg,36.76,prep_trim,prep,manual,yield 0.92 on 31.86 kg net
W002787,SITE_KIT_01,2026-01-25,ING_TOMATO,,0.342,kg,10.95,prep_trim,prep,manual,yield 0.96 on 24.91 kg net
W002788,SITE_KIT_01,2026-01-25,ING_GINGER,,0.043,kg,5.19,prep_trim,prep,manual,yield 0.89 on 1.02 kg net
W002789,SITE_KIT_01,2026-01-25,ING_GARLIC,,0.09,kg,16.16,prep_trim,prep,manual,yield 0.86 on 1.61 kg net
W002790,SITE_KIT_01,2026-01-25,ING_GCHILLI,,0.041,kg,2.84,prep_trim,prep,manual,yield 0.93 on 1.53 kg net
W002791,SITE_KIT_01,2026-01-25,ING_MINT,,0.031,kg,1.89,prep_trim,prep,manual,yield 0.86 on 0.58 kg net
W002792,SITE_KIT_01,2026-01-25,ING_CORIANDER,,0.063,kg,3.79,prep_trim,prep,manual,yield 0.87 on 1.25 kg net
W002793,SITE_KIT_01,2026-01-25,ING_CARROT,,0.3,kg,13.51,prep_trim,prep,manual,yield 0.88 on 6.41 kg net
W002794,SITE_KIT_01,2026-01-25,ING_BEANS,,0.129,kg,7.74,prep_trim,prep,manual,yield 0.91 on 3.94 kg net
W002795,SITE_KIT_01,2026-01-25,ING_CAULI,,5.544,kg,221.76,prep_trim,prep,manual,yield 0.49 on 15.73 kg net
W002796,SITE_KIT_01,2026-01-25,ING_POTATO,,0.891,kg,24.96,prep_trim,prep,manual,yield 0.84 on 14.21 kg net
W002797,SITE_KIT_01,2026-01-25,ING_CAPSICUM,,0.259,kg,20.72,prep_trim,prep,manual,yield 0.82 on 3.56 kg net
W002798,SITE_KIT_01,2026-01-25,ING_SPINACH,,0.635,kg,19.05,prep_trim,prep,manual,yield 0.81 on 7.83 kg net
W002799,SITE_KIT_01,2026-01-25,ING_LEMON,,0.361,kg,32.48,prep_trim,prep,manual,yield 0.55 on 1.28 kg net
W002800,SITE_KIT_01,2026-01-25,ING_CUCUMBER,,0.293,kg,10.27,prep_trim,prep,manual,yield 0.83 on 4.24 kg net
W002801,SITE_KIT_01,2026-01-25,ING_CABBAGE,,0.136,kg,3.41,prep_trim,prep,manual,yield 0.88 on 2.83 kg net
W002802,SITE_KIT_01,2026-01-25,ING_BANANA,,0.619,kg,34.02,prep_trim,prep,manual,yield 0.66 on 3.54 kg net
W002803,SITE_KIT_01,2026-01-25,ING_BRINJAL,,0.16,kg,6.38,prep_trim,prep,manual,yield 0.89 on 3.89 kg net
W002804,SITE_KIT_01,2026-01-25,ING_OKRA,,0.194,kg,10.68,prep_trim,prep,manual,yield 0.89 on 4.60 kg net
W002805,SITE_KIT_01,2026-01-25,ING_MUSHROOM,,0.039,kg,8.51,prep_trim,prep,manual,yield 0.93 on 1.41 kg net
W002806,SITE_KIT_01,2026-01-25,ING_SPINACH,B01263,10.0,kg,300.0,spoilage,storage,manual,"received 2026-01-21, zone ZN_COLD"
W002807,SITE_KIT_01,2026-01-25,ING_MINT,B01283,0.003,kg,0.2,spoilage,storage,manual,"received 2026-01-22, zone ZN_COLD"
W002808,SITE_KIT_01,2026-01-26,DSH_CHBIRYANI,,2.371,kg,502.13,overproduction,post_service,pos_derived,"17 portions unsold, 5.3 binned"
W002809,SITE_KIT_01,2026-01-26,DSH_CHBIRYANI,,0.153,kg,32.4,plate_waste,service,manual,1 plates partly returned
W002810,SITE_KIT_01,2026-01-26,DSH_PBM,,0.42,kg,121.59,overproduction,post_service,pos_derived,"7 portions unsold, 1.4 binned"
W002811,SITE_KIT_01,2026-01-26,DSH_PBM,,0.204,kg,59.06,plate_waste,service,manual,2 plates partly returned
W002812,SITE_KIT_01,2026-01-26,DSH_GOBIMANCH,,0.882,kg,91.29,overproduction,post_service,pos_derived,"7 portions unsold, 3.1 binned"
W002813,SITE_KIT_01,2026-01-26,DSH_GOBIMANCH,,0.095,kg,9.85,plate_waste,service,manual,1 plates partly returned
W002814,SITE_KIT_01,2026-01-26,DSH_PALAK,,0.132,kg,23.81,overproduction,post_service,pos_derived,"2 portions unsold, 0.4 binned"
W002815,SITE_KIT_01,2026-01-26,DSH_NAAN,,0.061,kg,6.74,plate_waste,service,manual,2 plates partly returned
W002816,SITE_KIT_01,2026-01-26,DSH_ROTI,,0.048,kg,2.54,plate_waste,service,manual,2 plates partly returned
W002817,SITE_KIT_01,2026-01-26,DSH_JEERARICE,,0.986,kg,85.75,overproduction,post_service,pos_derived,"16 portions unsold, 3.5 binned"
W002818,SITE_KIT_01,2026-01-26,DSH_JEERARICE,,0.19,kg,16.56,plate_waste,service,manual,2 plates partly returned
W002819,SITE_KIT_01,2026-01-26,DSH_DALTADKA,,0.225,kg,17.31,overproduction,post_service,pos_derived,"5 portions unsold, 0.8 binned"
W002820,SITE_KIT_01,2026-01-26,DSH_ROGANJOSH,,0.288,kg,189.16,overproduction,post_service,pos_derived,"5 portions unsold, 0.9 binned"
W002821,SITE_KIT_01,2026-01-26,DSH_ROGANJOSH,,0.218,kg,142.92,plate_waste,service,manual,2 plates partly returned
W002822,SITE_KIT_01,2026-01-26,DSH_VEGPULAO,,0.756,kg,77.11,overproduction,post_service,pos_derived,"9 portions unsold, 2.2 binned"
W002823,SITE_KIT_01,2026-01-26,DSH_DOSA,,0.255,kg,23.88,plate_waste,service,manual,3 plates partly returned
W002824,SITE_KIT_01,2026-01-26,DSH_MIXVEG,,0.288,kg,19.22,overproduction,post_service,pos_derived,"4 portions unsold, 1.0 binned"
W002825,SITE_KIT_01,2026-01-26,DSH_MIXVEG,,0.102,kg,6.81,plate_waste,service,manual,1 plates partly returned
W002826,SITE_KIT_01,2026-01-26,DSH_FISHCURRY,,0.576,kg,206.92,overproduction,post_service,pos_derived,"8 portions unsold, 1.9 binned"
W002827,SITE_KIT_01,2026-01-26,ING_ONION,,0.998,kg,37.92,prep_trim,prep,manual,yield 0.90 on 26.48 kg net
W002828,SITE_KIT_01,2026-01-26,ING_TOMATO,,0.181,kg,5.81,prep_trim,prep,manual,yield 0.98 on 22.03 kg net
W002829,SITE_KIT_01,2026-01-26,ING_GINGER,,0.038,kg,4.58,prep_trim,prep,manual,yield 0.88 on 0.84 kg net
W002830,SITE_KIT_01,2026-01-26,ING_GARLIC,,0.074,kg,13.36,prep_trim,prep,manual,yield 0.86 on 1.33 kg net
W002831,SITE_KIT_01,2026-01-26,ING_GCHILLI,,0.022,kg,1.56,prep_trim,prep,manual,yield 0.95 on 1.27 kg net
W002832,SITE_KIT_01,2026-01-26,ING_MINT,,0.027,kg,1.62,prep_trim,prep,manual,yield 0.85 on 0.46 kg net
W002833,SITE_KIT_01,2026-01-26,ING_CORIANDER,,0.046,kg,2.76,prep_trim,prep,manual,yield 0.88 on 1.00 kg net
W002834,SITE_KIT_01,2026-01-26,ING_CARROT,,0.318,kg,14.33,prep_trim,prep,manual,yield 0.85 on 5.33 kg net
W002835,SITE_KIT_01,2026-01-26,ING_BEANS,,0.11,kg,6.58,prep_trim,prep,manual,yield 0.91 on 3.29 kg net
W002836,SITE_KIT_01,2026-01-26,ING_CAULI,,4.203,kg,168.12,prep_trim,prep,manual,yield 0.51 on 12.73 kg net
W002837,SITE_KIT_01,2026-01-26,ING_POTATO,,0.978,kg,27.39,prep_trim,prep,manual,yield 0.82 on 12.88 kg net
W002838,SITE_KIT_01,2026-01-26,ING_CAPSICUM,,0.198,kg,15.82,prep_trim,prep,manual,yield 0.84 on 2.96 kg net
W002839,SITE_KIT_01,2026-01-26,ING_SPINACH,,0.589,kg,17.66,prep_trim,prep,manual,yield 0.79 on 6.37 kg net
W002840,SITE_KIT_01,2026-01-26,ING_LEMON,,0.27,kg,24.28,prep_trim,prep,manual,yield 0.57 on 1.03 kg net
W002841,SITE_KIT_01,2026-01-26,ING_CUCUMBER,,0.215,kg,7.54,prep_trim,prep,manual,yield 0.85 on 3.46 kg net
W002842,SITE_KIT_01,2026-01-26,ING_CABBAGE,,0.097,kg,2.42,prep_trim,prep,manual,yield 0.89 on 2.31 kg net
W002843,SITE_KIT_01,2026-01-26,ING_BANANA,,0.47,kg,25.84,prep_trim,prep,manual,yield 0.68 on 2.89 kg net
W002844,SITE_KIT_01,2026-01-26,ING_BRINJAL,,0.127,kg,5.06,prep_trim,prep,manual,yield 0.90 on 3.17 kg net
W002845,SITE_KIT_01,2026-01-26,ING_OKRA,,0.133,kg,7.32,prep_trim,prep,manual,yield 0.91 on 3.75 kg net
W002846,SITE_KIT_01,2026-01-26,ING_MUSHROOM,,0.021,kg,4.52,prep_trim,prep,manual,yield 0.95 on 1.15 kg net
W002847,SITE_KIT_01,2026-01-26,ING_CORIANDER,B01351,0.072,kg,4.32,quality_rejection,storage,manual,"rejected at goods receipt, intake grade 0.91"
W002848,SITE_KIT_01,2026-01-26,ING_CABBAGE,B01357,0.279,kg,6.98,quality_rejection,storage,manual,"rejected at goods receipt, intake grade 0.84"
W002849,SITE_KIT_01,2026-01-26,ING_CURRYLEAF,B01362,0.021,kg,1.68,quality_rejection,storage,manual,"rejected at goods receipt, intake grade 1.00"
W002850,SITE_KIT_01,2026-01-26,ING_CUCUMBER,B01366,0.858,kg,30.03,quality_rejection,storage,manual,"rejected at goods receipt, intake grade 0.94"
W002851,SITE_KIT_01,2026-01-26,ING_BANANA,B01367,0.846,kg,46.53,quality_rejection,storage,manual,"rejected at goods receipt, intake grade 0.90"
W002852,SITE_KIT_01,2026-01-26,ING_MINT,B01302,1.0,kg,60.0,spoilage,storage,manual,"received 2026-01-23, zone ZN_COLD"
W002853,SITE_KIT_01,2026-01-26,ING_CURRYLEAF,B01303,0.293,kg,23.46,spoilage,storage,manual,"received 2026-01-23, zone ZN_COLD"
W002854,SITE_KIT_01,2026-01-27,DSH_CHBIRYANI,,1.953,kg,413.52,overproduction,post_service,pos_derived,"14 portions unsold, 4.3 binned"
W002855,SITE_KIT_01,2026-01-27,DSH_VGBIRYANI,,0.521,kg,56.61,overproduction,post_service,pos_derived,"4 portions unsold, 1.2 binned"
W002856,SITE_KIT_01,2026-01-27,DSH_PBM,,0.24,kg,69.48,overproduction,post_service,pos_derived,"4 portions unsold, 0.8 binned"
W002857,SITE_KIT_01,2026-01-27,DSH_PBM,,0.102,kg,29.53,plate_waste,service,manual,1 plates partly returned
W002858,SITE_KIT_01,2026-01-27,DSH_GOBIMANCH,,0.095,kg,9.85,plate_waste,service,manual,1 plates partly returned
W002859,SITE_KIT_01,2026-01-27,DSH_PALAK,,0.102,kg,18.4,plate_waste,service,manual,1 plates partly returned
W002860,SITE_KIT_01,2026-01-27,DSH_ROTI,,0.024,kg,1.27,plate_waste,service,manual,1 plates partly returned
W002861,SITE_KIT_01,2026-01-27,DSH_JEERARICE,,0.554,kg,48.23,overproduction,post_service,pos_derived,"9 portions unsold, 2.0 binned"
W002862,SITE_KIT_01,2026-01-27,DSH_JEERARICE,,0.19,kg,16.56,plate_waste,service,manual,2 plates partly returned
W002863,SITE_KIT_01,2026-01-27,DSH_DALTADKA,,0.18,kg,13.85,overproduction,post_service,pos_derived,"4 portions unsold, 0.6 binned"
W002864,SITE_KIT_01,2026-01-27,DSH_DALTADKA,,0.102,kg,7.85,plate_waste,service,manual,1 plates partly returned
W002865,SITE_KIT_01,2026-01-27,DSH_DOSA,,0.085,kg,7.96,plate_waste,service,manual,1 plates partly returned
W002866,SITE_KIT_01,2026-01-27,DSH_MIXVEG,,0.144,kg,9.61,overproduction,post_service,pos_derived,"2 portions unsold, 0.5 binned"
W002867,SITE_KIT_01,2026-01-27,ING_ONION,,0.562,kg,21.37,prep_trim,prep,manual,yield 0.93 on 20.94 kg net
W002868,SITE_KIT_01,2026-01-27,ING_TOMATO,,0.056,kg,1.8,prep_trim,prep,manual,yield 0.99 on 16.42 kg net
W002869,SITE_KIT_01,2026-01-27,ING_GINGER,,0.024,kg,2.84,prep_trim,prep,manual,yield 0.90 on 0.63 kg net
W002870,SITE_KIT_01,2026-01-27,ING_GARLIC,,0.057,kg,10.31,prep_trim,prep,manual,yield 0.86 on 1.00 kg net
W002871,SITE_KIT_01,2026-01-27,ING_MINT,,0.022,kg,1.32,prep_trim,prep,manual,yield 0.86 on 0.41 kg net
W002872,SITE_KIT_01,2026-01-27,ING_CORIANDER,,0.047,kg,2.8,prep_trim,prep,manual,yield 0.86 on 0.84 kg net
W002873,SITE_KIT_01,2026-01-27,ING_CARROT,,0.214,kg,9.62,prep_trim,prep,manual,yield 0.88 on 4.62 kg net
W002874,SITE_KIT_01,2026-01-27,ING_BEANS,,0.093,kg,5.59,prep_trim,prep,manual,yield 0.91 on 2.87 kg net
W002875,SITE_KIT_01,2026-01-27,ING_CAULI,,3.198,kg,127.93,prep_trim,prep,manual,yield 0.53 on 10.43 kg net
W002876,SITE_KIT_01,2026-01-27,ING_POTATO,,0.528,kg,14.78,prep_trim,prep,manual,yield 0.87 on 10.13 kg net
W002877,SITE_KIT_01,2026-01-27,ING_CAPSICUM,,0.168,kg,13.47,prep_trim,prep,manual,yield 0.83 on 2.34 kg net
W002878,SITE_KIT_01,2026-01-27,ING_SPINACH,,0.463,kg,13.88,prep_trim,prep,manual,yield 0.79 on 5.10 kg net
W002879,SITE_KIT_01,2026-01-27,ING_LEMON,,0.256,kg,23.03,prep_trim,prep,manual,yield 0.54 on 0.88 kg net
W002880,SITE_KIT_01,2026-01-27,ING_CUCUMBER,,0.189,kg,6.62,prep_trim,prep,manual,yield 0.84 on 2.96 kg net
W002881,SITE_KIT_01,2026-01-27,ING_CABBAGE,,0.089,kg,2.21,prep_trim,prep,manual,yield 0.88 on 1.98 kg net
W002882,SITE_KIT_01,2026-01-27,ING_BANANA,,0.403,kg,22.15,prep_trim,prep,manual,yield 0.68 on 2.47 kg net
W002883,SITE_KIT_01,2026-01-27,ING_BRINJAL,,0.112,kg,4.47,prep_trim,prep,manual,yield 0.89 on 2.72 kg net
W002884,SITE_KIT_01,2026-01-27,ING_OKRA,,0.133,kg,7.3,prep_trim,prep,manual,yield 0.89 on 3.21 kg net
W002885,SITE_KIT_01,2026-01-27,ING_MINT,B01380,0.081,kg,4.86,quality_rejection,storage,manual,"rejected at goods receipt, intake grade 0.91"
W002886,SITE_KIT_01,2026-01-27,ING_CORIANDER,B01308,0.834,kg,50.02,spoilage,storage,manual,"received 2026-01-24, zone ZN_COLD"
W002887,SITE_KIT_01,2026-01-27,ING_MINT,B01316,0.557,kg,33.42,spoilage,storage,manual,"received 2026-01-24, zone ZN_COLD"
W002888,SITE_KIT_01,2026-01-27,ING_CURRYLEAF,B01317,0.122,kg,9.76,spoilage,storage,manual,"received 2026-01-24, zone ZN_COLD"
W002889,SITE_KIT_01,2026-01-28,DSH_CHBIRYANI,,0.153,kg,32.4,plate_waste,service,manual,1 plates partly returned
W002890,SITE_KIT_01,2026-01-28,DSH_VGBIRYANI,,1.172,kg,127.36,overproduction,post_service,pos_derived,"9 portions unsold, 2.8 binned"
W002891,SITE_KIT_01,2026-01-28,DSH_PBM,,0.24,kg,69.48,overproduction,post_service,pos_derived,"4 portions unsold, 0.8 binned"
W002892,SITE_KIT_01,2026-01-28,DSH_PBM,,0.102,kg,29.53,plate_waste,service,manual,1 plates partly returned
W002893,SITE_KIT_01,2026-01-28,DSH_GOBIMANCH,,0.63,kg,65.2,overproduction,post_service,pos_derived,"5 portions unsold, 2.2 binned"
W002894,SITE_KIT_01,2026-01-28,DSH_PALAK,,0.462,kg,83.33,overproduction,post_service,pos_derived,"7 portions unsold, 1.5 binned"
W002895,SITE_KIT_01,2026-01-28,DSH_NAAN,,0.092,kg,10.11,plate_waste,service,manual,3 plates partly returned
W002896,SITE_KIT_01,2026-01-28,DSH_JEERARICE,,0.308,kg,26.8,overproduction,post_service,pos_derived,"5 portions unsold, 1.1 binned"
W002897,SITE_KIT_01,2026-01-28,DSH_JEERARICE,,0.19,kg,16.56,plate_waste,service,manual,2 plates partly returned
W002898,SITE_KIT_01,2026-01-28,DSH_DALTADKA,,0.36,kg,27.7,overproduction,post_service,pos_derived,"8 portions unsold, 1.2 binned"
W002899,SITE_KIT_01,2026-01-28,DSH_VEGPULAO,,0.756,kg,77.11,overproduction,post_service,pos_derived,"9 portions unsold, 2.2 binned"
W002900,SITE_KIT_01,2026-01-28,DSH_DOSA,,0.17,kg,15.92,plate_waste,service,manual,2 plates partly returned
W002901,SITE_KIT_01,2026-01-28,DSH_MIXVEG,,0.216,kg,14.41,overproduction,post_service,pos_derived,"3 portions unsold, 0.7 binned"
W002902,SITE_KIT_01,2026-01-28,DSH_FISHCURRY,,0.144,kg,51.73,overproduction,post_service,pos_derived,"2 portions unsold, 0.5 binned"
W002903,SITE_KIT_01,2026-01-28,DSH_FISHCURRY,,0.102,kg,36.64,plate_waste,service,manual,1 plates partly returned
W002904,SITE_KIT_01,2026-01-28,ING_ONION,,0.647,kg,24.6,prep_trim,prep,manual,yield 0.91 on 19.67 kg net
W002905,SITE_KIT_01,2026-01-28,ING_TOMATO,,0.156,kg,5.0,prep_trim,prep,manual,yield 0.97 on 15.10 kg net
W002906,SITE_KIT_01,2026-01-28,ING_GINGER,,0.021,kg,2.55,prep_trim,prep,manual,yield 0.91 on 0.60 kg net
W002907,SITE_KIT_01,2026-01-28,ING_GARLIC,,0.044,kg,7.94,prep_trim,prep,manual,yield 0.88 on 0.98 kg net
W002908,SITE_KIT_01,2026-01-28,ING_GCHILLI,,0.028,kg,1.98,prep_trim,prep,manual,yield 0.92 on 0.98 kg net
W002909,SITE_KIT_01,2026-01-28,ING_CORIANDER,,0.054,kg,3.25,prep_trim,prep,manual,yield 0.83 on 0.78 kg net
W002910,SITE_KIT_01,2026-01-28,ING_CARROT,,0.176,kg,7.91,prep_trim,prep,manual,yield 0.89 on 4.02 kg net
W002911,SITE_KIT_01,2026-01-28,ING_BEANS,,0.098,kg,5.86,prep_trim,prep,manual,yield 0.90 on 2.49 kg net
W002912,SITE_KIT_01,2026-01-28,ING_CAULI,,3.254,kg,130.17,prep_trim,prep,manual,yield 0.50 on 9.76 kg net
W002913,SITE_KIT_01,2026-01-28,ING_POTATO,,0.681,kg,19.06,prep_trim,prep,manual,yield 0.84 on 10.17 kg net
W002914,SITE_KIT_01,2026-01-28,ING_CAPSICUM,,0.167,kg,13.36,prep_trim,prep,manual,yield 0.82 on 2.24 kg net
W002915,SITE_KIT_01,2026-01-28,ING_SPINACH,,0.436,kg,13.07,prep_trim,prep,manual,yield 0.79 on 4.73 kg net
W002916,SITE_KIT_01,2026-01-28,ING_LEMON,,0.205,kg,18.42,prep_trim,prep,manual,yield 0.56 on 0.76 kg net
W002917,SITE_KIT_01,2026-01-28,ING_CUCUMBER,,0.164,kg,5.74,prep_trim,prep,manual,yield 0.84 on 2.57 kg net
W002918,SITE_KIT_01,2026-01-28,ING_CABBAGE,,0.071,kg,1.77,prep_trim,prep,manual,yield 0.89 on 1.72 kg net
W002919,SITE_KIT_01,2026-01-28,ING_BANANA,,0.362,kg,19.89,prep_trim,prep,manual,yield 0.67 on 2.15 kg net
W002920,SITE_KIT_01,2026-01-28,ING_BRINJAL,,0.099,kg,3.95,prep_trim,prep,manual,yield 0.89 on 2.36 kg net
W002921,SITE_KIT_01,2026-01-28,ING_OKRA,,0.1,kg,5.52,prep_trim,prep,manual,yield 0.90 on 2.79 kg net
W002922,SITE_KIT_01,2026-01-28,ING_CORIANDER,B01386,0.102,kg,6.12,quality_rejection,storage,manual,"rejected at goods receipt, intake grade 0.96"
W002923,SITE_KIT_01,2026-01-28,ING_GCHILLI,B01387,0.296,kg,20.72,quality_rejection,storage,manual,"rejected at goods receipt, intake grade 0.99"
W002924,SITE_KIT_01,2026-01-29,DSH_CHBIRYANI,,1.256,kg,265.83,overproduction,post_service,pos_derived,"9 portions unsold, 2.8 binned"
W002925,SITE_KIT_01,2026-01-29,DSH_CHBIRYANI,,0.153,kg,32.4,plate_waste,service,manual,1 plates partly returned
W002926,SITE_KIT_01,2026-01-29,DSH_VGBIRYANI,,0.911,kg,99.06,overproduction,post_service,pos_derived,"7 portions unsold, 2.2 binned"
W002927,SITE_KIT_01,2026-01-29,DSH_VGBIRYANI,,0.143,kg,15.52,plate_waste,service,manual,1 plates partly returned
W002928,SITE_KIT_01,2026-01-29,DSH_GOBIMANCH,,1.386,kg,143.45,overproduction,post_service,pos_derived,"11 portions unsold, 5.0 binned"
W002929,SITE_KIT_01,2026-01-29,DSH_PALAK,,0.198,kg,35.71,overproduction,post_service,pos_derived,"3 portions unsold, 0.7 binned"
W002930,SITE_KIT_01,2026-01-29,DSH_NAAN,,0.031,kg,3.37,plate_waste,service,manual,1 plates partly returned
W002931,SITE_KIT_01,2026-01-29,DSH_ROTI,,0.024,kg,1.27,plate_waste,service,manual,1 plates partly returned
W002932,SITE_KIT_01,2026-01-29,DSH_JEERARICE,,0.308,kg,26.8,overproduction,post_service,pos_derived,"5 portions unsold, 1.1 binned"
W002933,SITE_KIT_01,2026-01-29,DSH_JEERARICE,,0.095,kg,8.28,plate_waste,service,manual,1 plates partly returned
W002934,SITE_KIT_01,2026-01-29,DSH_DALTADKA,,0.585,kg,45.01,overproduction,post_service,pos_derived,"13 portions unsold, 1.9 binned"
W002935,SITE_KIT_01,2026-01-29,DSH_ROGANJOSH,,0.461,kg,302.66,overproduction,post_service,pos_derived,"8 portions unsold, 1.4 binned"
W002936,SITE_KIT_01,2026-01-29,DSH_VEGPULAO,,0.119,kg,12.14,plate_waste,service,manual,1 plates partly returned
W002937,SITE_KIT_01,2026-01-29,DSH_MIXVEG,,0.288,kg,19.22,overproduction,post_service,pos_derived,"4 portions unsold, 1.0 binned"
W002938,SITE_KIT_01,2026-01-29,DSH_MIXVEG,,0.102,kg,6.81,plate_waste,service,manual,1 plates partly returned
W002939,SITE_KIT_01,2026-01-29,DSH_FISHCURRY,,0.792,kg,284.51,overproduction,post_service,pos_derived,"11 portions unsold, 2.6 binned"
W002940,SITE_KIT_01,2026-01-29,ING_ONION,,0.739,kg,28.1,prep_trim,prep,manual,yield 0.92 on 23.59 kg net
W002941,SITE_KIT_01,2026-01-29,ING_TOMATO,,0.276,kg,8.82,prep_trim,prep,manual,yield 0.96 on 18.61 kg net
W002942,SITE_KIT_01,2026-01-29,ING_GINGER,,0.03,kg,3.55,prep_trim,prep,manual,yield 0.89 on 0.74 kg net
W002943,SITE_KIT_01,2026-01-29,ING_GARLIC,,0.065,kg,11.78,prep_trim,prep,manual,yield 0.86 on 1.18 kg net
W002944,SITE_KIT_01,2026-01-29,ING_GCHILLI,,0.022,kg,1.53,prep_trim,prep,manual,yield 0.95 on 1.13 kg net
W002945,SITE_KIT_01,2026-01-29,ING_MINT,,0.024,kg,1.42,prep_trim,prep,manual,yield 0.86 on 0.43 kg net
W002946,SITE_KIT_01,2026-01-29,ING_CORIANDER,,0.049,kg,2.91,prep_trim,prep,manual,yield 0.87 on 0.93 kg net
W002947,SITE_KIT_01,2026-01-29,ING_CARROT,,0.22,kg,9.88,prep_trim,prep,manual,yield 0.88 on 4.92 kg net
W002948,SITE_KIT_01,2026-01-29,ING_BEANS,,0.126,kg,7.55,prep_trim,prep,manual,yield 0.89 on 3.04 kg net
W002949,SITE_KIT_01,2026-01-29,ING_CAULI,,3.786,kg,151.44,prep_trim,prep,manual,yield 0.51 on 11.82 kg net
W002950,SITE_KIT_01,2026-01-29,ING_POTATO,,0.69,kg,19.33,prep_trim,prep,manual,yield 0.84 on 10.75 kg net
W002951,SITE_KIT_01,2026-01-29,ING_CAPSICUM,,0.177,kg,14.12,prep_trim,prep,manual,yield 0.84 on 2.73 kg net
W002952,SITE_KIT_01,2026-01-29,ING_SPINACH,,0.532,kg,15.96,prep_trim,prep,manual,yield 0.78 on 5.64 kg net
W002953,SITE_KIT_01,2026-01-29,ING_LEMON,,0.261,kg,23.48,prep_trim,prep,manual,yield 0.55 on 0.95 kg net
W002954,SITE_KIT_01,2026-01-29,ING_CUCUMBER,,0.17,kg,5.96,prep_trim,prep,manual,yield 0.86 on 3.17 kg net
W002955,SITE_KIT_01,2026-01-29,ING_CABBAGE,,0.102,kg,2.55,prep_trim,prep,manual,yield 0.88 on 2.11 kg net
W002956,SITE_KIT_01,2026-01-29,ING_BANANA,,0.432,kg,23.74,prep_trim,prep,manual,yield 0.68 on 2.64 kg net
W002957,SITE_KIT_01,2026-01-29,ING_BRINJAL,,0.11,kg,4.39,prep_trim,prep,manual,yield 0.90 on 2.90 kg net
W002958,SITE_KIT_01,2026-01-29,ING_OKRA,,0.138,kg,7.57,prep_trim,prep,manual,yield 0.89 on 3.43 kg net
W002959,SITE_KIT_01,2026-01-29,ING_MUSHROOM,,0.022,kg,4.78,prep_trim,prep,manual,yield 0.94 on 1.06 kg net
W002960,SITE_KIT_01,2026-01-29,ING_MINT,B01413,0.068,kg,4.08,quality_rejection,storage,manual,"rejected at goods receipt, intake grade 1.00"
W002961,SITE_KIT_01,2026-01-29,ING_CORIANDER,B01351,1.086,kg,65.17,spoilage,storage,manual,"received 2026-01-26, zone ZN_COLD"
W002962,SITE_KIT_01,2026-01-29,ING_CURRYLEAF,B01362,0.168,kg,13.4,spoilage,storage,manual,"received 2026-01-26, zone ZN_COLD"
W002963,SITE_KIT_01,2026-01-29,ING_BEANS,B01286,0.699,kg,41.95,spoilage,storage,manual,"received 2026-01-22, zone ZN_COLD"
W002964,SITE_KIT_01,2026-01-29,ING_MUSHROOM,B01287,0.615,kg,135.4,spoilage,storage,manual,"received 2026-01-22, zone ZN_COLD"
W002965,SITE_KIT_01,2026-01-30,DSH_CHBIRYANI,,1.395,kg,295.37,overproduction,post_service,pos_derived,"10 portions unsold, 3.1 binned"
W002966,SITE_KIT_01,2026-01-30,DSH_CHBIRYANI,,0.306,kg,64.79,plate_waste,service,manual,2 plates partly returned
W002967,SITE_KIT_01,2026-01-30,DSH_VGBIRYANI,,1.432,kg,155.67,overproduction,post_service,pos_derived,"11 portions unsold, 3.4 binned"
W002968,SITE_KIT_01,2026-01-30,DSH_PBM,,0.48,kg,138.96,overproduction,post_service,pos_derived,"8 portions unsold, 1.6 binned"
W002969,SITE_KIT_01,2026-01-30,DSH_PBM,,0.204,kg,59.06,plate_waste,service,manual,2 plates partly returned
W002970,SITE_KIT_01,2026-01-30,DSH_GOBIMANCH,,2.394,kg,247.78,overproduction,post_service,pos_derived,"19 portions unsold, 8.6 binned"
W002971,SITE_KIT_01,2026-01-30,DSH_GOBIMANCH,,0.19,kg,19.71,plate_waste,service,manual,2 plates partly returned
W002972,SITE_KIT_01,2026-01-30,DSH_PALAK,,0.594,kg,107.14,overproduction,post_service,pos_derived,"9 portions unsold, 2.0 binned"
W002973,SITE_KIT_01,2026-01-30,DSH_PALAK,,0.204,kg,36.79,plate_waste,service,manual,2 plates partly returned
W002974,SITE_KIT_01,2026-01-30,DSH_NAAN,,0.122,kg,13.48,plate_waste,service,manual,4 plates partly returned
W002975,SITE_KIT_01,2026-01-30,DSH_ROTI,,0.095,kg,5.09,plate_waste,service,manual,4 plates partly returned
W002976,SITE_KIT_01,2026-01-30,DSH_JEERARICE,,0.616,kg,53.59,overproduction,post_service,pos_derived,"10 portions unsold, 2.2 binned"
W002977,SITE_KIT_01,2026-01-30,DSH_JEERARICE,,0.095,kg,8.28,plate_waste,service,manual,1 plates partly returned
W002978,SITE_KIT_01,2026-01-30,DSH_DALTADKA,,0.675,kg,51.93,overproduction,post_service,pos_derived,"15 portions unsold, 2.2 binned"
W002979,SITE_KIT_01,2026-01-30,DSH_VEGPULAO,,0.336,kg,34.27,overproduction,post_service,pos_derived,"4 portions unsold, 1.0 binned"
W002980,SITE_KIT_01,2026-01-30,DSH_DOSA,,0.085,kg,7.96,plate_waste,service,manual,1 plates partly returned
W002981,SITE_KIT_01,2026-01-30,DSH_MIXVEG,,0.648,kg,43.24,overproduction,post_service,pos_derived,"9 portions unsold, 2.2 binned"
W002982,SITE_KIT_01,2026-01-30,DSH_FISHCURRY,,0.216,kg,77.59,overproduction,post_service,pos_derived,"3 portions unsold, 0.7 binned"
W002983,SITE_KIT_01,2026-01-30,DSH_FISHCURRY,,0.102,kg,36.64,plate_waste,service,manual,1 plates partly returned
W002984,SITE_KIT_01,2026-01-30,ING_ONION,,1.628,kg,61.87,prep_trim,prep,manual,yield 0.87 on 32.32 kg net
W002985,SITE_KIT_01,2026-01-30,ING_TOMATO,,0.398,kg,12.73,prep_trim,prep,manual,yield 0.96 on 25.77 kg net
W002986,SITE_KIT_01,2026-01-30,ING_GINGER,,0.036,kg,4.33,prep_trim,prep,manual,yield 0.91 on 1.09 kg net
W002987,SITE_KIT_01,2026-01-30,ING_GARLIC,,0.088,kg,15.83,prep_trim,prep,manual,yield 0.87 on 1.71 kg net
W002988,SITE_KIT_01,2026-01-30,ING_GCHILLI,,0.026,kg,1.84,prep_trim,prep,manual,yield 0.95 on 1.56 kg net
W002989,SITE_KIT_01,2026-01-30,ING_MINT,,0.036,kg,2.16,prep_trim,prep,manual,yield 0.86 on 0.68 kg net
W002990,SITE_KIT_01,2026-01-30,ING_CORIANDER,,0.083,kg,4.97,prep_trim,prep,manual,yield 0.85 on 1.39 kg net
W002991,SITE_KIT_01,2026-01-30,ING_CARROT,,0.331,kg,14.91,prep_trim,prep,manual,yield 0.87 on 6.59 kg net
W002992,SITE_KIT_01,2026-01-30,ING_BEANS,,0.154,kg,9.23,prep_trim,prep,manual,yield 0.90 on 4.09 kg net
W002993,SITE_KIT_01,2026-01-30,ING_CAULI,,5.67,kg,226.78,prep_trim,prep,manual,yield 0.49 on 16.29 kg net
W002994,SITE_KIT_01,2026-01-30,ING_POTATO,,0.732,kg,20.5,prep_trim,prep,manual,yield 0.84 on 11.30 kg net
W002995,SITE_KIT_01,2026-01-30,ING_CAPSICUM,,0.214,kg,17.09,prep_trim,prep,manual,yield 0.86 on 3.72 kg net
W002996,SITE_KIT_01,2026-01-30,ING_SPINACH,,0.677,kg,20.31,prep_trim,prep,manual,yield 0.79 on 7.28 kg net
W002997,SITE_KIT_01,2026-01-30,ING_LEMON,,0.335,kg,30.18,prep_trim,prep,manual,yield 0.56 on 1.27 kg net
W002998,SITE_KIT_01,2026-01-30,ING_CUCUMBER,,0.249,kg,8.71,prep_trim,prep,manual,yield 0.85 on 4.21 kg net
W002999,SITE_KIT_01,2026-01-30,ING_CABBAGE,,0.131,kg,3.29,prep_trim,prep,manual,yield 0.88 on 2.81 kg net
W003000,SITE_KIT_01,2026-01-30,ING_BANANA,,0.542,kg,29.81,prep_trim,prep,manual,yield 0.69 on 3.51 kg net
W003001,SITE_KIT_01,2026-01-30,ING_BRINJAL,,0.163,kg,6.52,prep_trim,prep,manual,yield 0.89 on 3.86 kg net
W003002,SITE_KIT_01,2026-01-30,ING_OKRA,,0.2,kg,11.01,prep_trim,prep,manual,yield 0.89 on 4.56 kg net
W003003,SITE_KIT_01,2026-01-30,ING_MUSHROOM,,0.027,kg,5.98,prep_trim,prep,manual,yield 0.95 on 1.40 kg net
W003004,SITE_KIT_01,2026-01-30,ING_GINGER,B01423,0.272,kg,32.64,quality_rejection,storage,manual,"rejected at goods receipt, intake grade 0.94"
W003005,SITE_KIT_01,2026-01-30,ING_CARROT,B01425,0.801,kg,36.05,quality_rejection,storage,manual,"rejected at goods receipt, intake grade 1.00"
W003006,SITE_KIT_01,2026-01-30,ING_MUSHROOM,B01435,0.22,kg,48.4,quality_rejection,storage,manual,"rejected at goods receipt, intake grade 0.98"
W003007,SITE_KIT_01,2026-01-30,ING_MINT,B01380,0.401,kg,24.06,spoilage,storage,manual,"received 2026-01-27, zone ZN_COLD"
W003008,SITE_KIT_01,2026-01-30,ING_CURRYLEAF,B01381,0.5,kg,40.0,spoilage,storage,manual,"received 2026-01-27, zone ZN_COLD"
W003009,SITE_KIT_01,2026-01-30,ING_BANANA,B01322,1.064,kg,58.52,spoilage,storage,manual,"received 2026-01-24, zone ZN_COLD"
W003010,SITE_KIT_01,2026-01-30,ING_MILK,B01329,1.05,kg,60.9,spoilage,storage,manual,"received 2026-01-24, zone ZN_COLD"
W003011,SITE_KIT_01,2026-01-30,ING_BATTER,B01410,1.856,kg,129.92,spoilage,storage,manual,"received 2026-01-28, zone ZN_COLD"
W003012,SITE_KIT_01,2026-01-31,DSH_CHBIRYANI,,1.674,kg,354.44,overproduction,post_service,pos_derived,"12 portions unsold, 3.7 binned"
W003013,SITE_KIT_01,2026-01-31,DSH_VGBIRYANI,,0.781,kg,84.91,overproduction,post_service,pos_derived,"6 portions unsold, 1.9 binned"
W003014,SITE_KIT_01,2026-01-31,DSH_PBM,,0.48,kg,138.96,overproduction,post_service,pos_derived,"8 portions unsold, 1.6 binned"
W003015,SITE_KIT_01,2026-01-31,DSH_PBM,,0.102,kg,29.53,plate_waste,service,manual,1 plates partly returned
W003016,SITE_KIT_01,2026-01-31,DSH_GOBIMANCH,,1.638,kg,169.53,overproduction,post_service,pos_derived,"13 portions unsold, 5.9 binned"
W003017,SITE_KIT_01,2026-01-31,DSH_GOBIMANCH,,0.19,kg,19.71,plate_waste,service,manual,2 plates partly returned
W003018,SITE_KIT_01,2026-01-31,DSH_PALAK,,0.264,kg,47.62,overproduction,post_service,pos_derived,"4 portions unsold, 0.9 binned"
W003019,SITE_KIT_01,2026-01-31,DSH_PALAK,,0.204,kg,36.79,plate_waste,service,manual,2 plates partly returned
W003020,SITE_KIT_01,2026-01-31,DSH_NAAN,,0.245,kg,26.96,plate_waste,service,manual,8 plates partly returned
W003021,SITE_KIT_01,2026-01-31,DSH_ROTI,,0.071,kg,3.81,plate_waste,service,manual,3 plates partly returned
W003022,SITE_KIT_01,2026-01-31,DSH_JEERARICE,,0.095,kg,8.28,plate_waste,service,manual,1 plates partly returned
W003023,SITE_KIT_01,2026-01-31,DSH_DALTADKA,,0.102,kg,7.85,plate_waste,service,manual,1 plates partly returned
W003024,SITE_KIT_01,2026-01-31,DSH_ROGANJOSH,,0.23,kg,151.33,overproduction,post_service,pos_derived,"4 portions unsold, 0.7 binned"
W003025,SITE_KIT_01,2026-01-31,DSH_ROGANJOSH,,0.109,kg,71.46,plate_waste,service,manual,1 plates partly returned
W003026,SITE_KIT_01,2026-01-31,DSH_VEGPULAO,,0.924,kg,94.25,overproduction,post_service,pos_derived,"11 portions unsold, 2.6 binned"
W003027,SITE_KIT_01,2026-01-31,DSH_DOSA,,0.17,kg,15.92,plate_waste,service,manual,2 plates partly returned
W003028,SITE_KIT_01,2026-01-31,DSH_MIXVEG,,0.72,kg,48.05,overproduction,post_service,pos_derived,"10 portions unsold, 2.4 binned"
W003029,SITE_KIT_01,2026-01-31,DSH_MIXVEG,,0.204,kg,13.61,plate_waste,service,manual,2 plates partly returned
W003030,SITE_KIT_01,2026-01-31,DSH_FISHCURRY,,1.008,kg,362.11,overproduction,post_service,pos_derived,"14 portions unsold, 3.4 binned"
W003031,SITE_KIT_01,2026-01-31,ING_ONION,,1.104,kg,41.96,prep_trim,prep,manual,yield 0.91 on 34.29 kg net
W003032,SITE_KIT_01,2026-01-31,ING_TOMATO,,0.147,kg,4.7,prep_trim,prep,manual,yield 0.98 on 27.61 kg net
W003033,SITE_KIT_01,2026-01-31,ING_GINGER,,0.033,kg,3.9,prep_trim,prep,manual,yield 0.92 on 1.14 kg net
W003034,SITE_KIT_01,2026-01-31,ING_GARLIC,,0.093,kg,16.79,prep_trim,prep,manual,yield 0.87 on 1.79 kg net
W003035,SITE_KIT_01,2026-01-31,ING_GCHILLI,,0.034,kg,2.37,prep_trim,prep,manual,yield 0.94 on 1.60 kg net
W003036,SITE_KIT_01,2026-01-31,ING_MINT,,0.039,kg,2.34,prep_trim,prep,manual,yield 0.85 on 0.66 kg net
W003037,SITE_KIT_01,2026-01-31,ING_CORIANDER,,0.079,kg,4.76,prep_trim,prep,manual,yield 0.86 on 1.39 kg net
W003038,SITE_KIT_01,2026-01-31,ING_CARROT,,0.348,kg,15.68,prep_trim,prep,manual,yield 0.87 on 7.17 kg net
W003039,SITE_KIT_01,2026-01-31,ING_BEANS,,0.152,kg,9.15,prep_trim,prep,manual,yield 0.91 on 4.43 kg net
W003040,SITE_KIT_01,2026-01-31,ING_CAULI,,5.493,kg,219.73,prep_trim,prep,manual,yield 0.52 on 17.50 kg net
W003041,SITE_KIT_01,2026-01-31,ING_POTATO,,0.627,kg,17.55,prep_trim,prep,manual,yield 0.87 on 12.23 kg net
W003042,SITE_KIT_01,2026-01-31,ING_CAPSICUM,,0.275,kg,21.98,prep_trim,prep,manual,yield 0.83 on 4.03 kg net
W003043,SITE_KIT_01,2026-01-31,ING_SPINACH,,0.861,kg,25.83,prep_trim,prep,manual,yield 0.77 on 8.55 kg net
W003044,SITE_KIT_01,2026-01-31,ING_LEMON,,0.43,kg,38.72,prep_trim,prep,manual,yield 0.53 on 1.41 kg net
W003045,SITE_KIT_01,2026-01-31,ING_CUCUMBER,,0.33,kg,11.57,prep_trim,prep,manual,yield 0.83 on 4.66 kg net
W003046,SITE_KIT_01,2026-01-31,ING_CABBAGE,,0.135,kg,3.37,prep_trim,prep,manual,yield 0.89 on 3.11 kg net
W003047,SITE_KIT_01,2026-01-31,ING_BANANA,,0.647,kg,35.58,prep_trim,prep,manual,yield 0.67 on 3.89 kg net
W003048,SITE_KIT_01,2026-01-31,ING_BRINJAL,,0.22,kg,8.81,prep_trim,prep,manual,yield 0.87 on 4.28 kg net
W003049,SITE_KIT_01,2026-01-31,ING_OKRA,,0.168,kg,9.25,prep_trim,prep,manual,yield 0.91 on 5.05 kg net
W003050,SITE_KIT_01,2026-01-31,ING_MUSHROOM,,0.035,kg,7.68,prep_trim,prep,manual,yield 0.94 on 1.55 kg net
W003051,SITE_KIT_01,2026-01-31,ING_SPINACH,B01385,9.83,kg,294.9,spoilage,storage,manual,"received 2026-01-28, zone ZN_COLD"
W003052,SITE_KIT_01,2026-02-01,DSH_CHBIRYANI,,2.371,kg,502.13,overproduction,post_service,pos_derived,"17 portions unsold, 5.3 binned"
W003053,SITE_KIT_01,2026-02-01,DSH_CHBIRYANI,,0.765,kg,161.98,plate_waste,service,manual,5 plates partly returned
W003054,SITE_KIT_01,2026-02-01,DSH_VGBIRYANI,,1.562,kg,169.82,overproduction,post_service,pos_derived,"12 portions unsold, 3.7 binned"
W003055,SITE_KIT_01,2026-02-01,DSH_VGBIRYANI,,0.143,kg,15.52,plate_waste,service,manual,1 plates partly returned
W003056,SITE_KIT_01,2026-02-01,DSH_PBM,,0.3,kg,86.85,overproduction,post_service,pos_derived,"5 portions unsold, 1.0 binned"
W003057,SITE_KIT_01,2026-02-01,DSH_PBM,,0.102,kg,29.53,plate_waste,service,manual,1 plates partly returned
W003058,SITE_KIT_01,2026-02-01,DSH_GOBIMANCH,,1.26,kg,130.41,overproduction,post_service,pos_derived,"10 portions unsold, 4.5 binned"
W003059,SITE_KIT_01,2026-02-01,DSH_GOBIMANCH,,0.095,kg,9.85,plate_waste,service,manual,1 plates partly returned
W003060,SITE_KIT_01,2026-02-01,DSH_PALAK,,0.33,kg,59.52,overproduction,post_service,pos_derived,"5 portions unsold, 1.1 binned"
W003061,SITE_KIT_01,2026-02-01,DSH_NAAN,,0.122,kg,13.48,plate_waste,service,manual,4 plates partly returned
W003062,SITE_KIT_01,2026-02-01,DSH_ROTI,,0.048,kg,2.54,plate_waste,service,manual,2 plates partly returned
W003063,SITE_KIT_01,2026-02-01,DSH_JEERARICE,,0.19,kg,16.56,plate_waste,service,manual,2 plates partly returned
W003064,SITE_KIT_01,2026-02-01,DSH_DALTADKA,,0.9,kg,69.24,overproduction,post_service,pos_derived,"20 portions unsold, 3.0 binned"
W003065,SITE_KIT_01,2026-02-01,DSH_DALTADKA,,0.102,kg,7.85,plate_waste,service,manual,1 plates partly returned
W003066,SITE_KIT_01,2026-02-01,DSH_ROGANJOSH,,1.152,kg,756.65,overproduction,post_service,pos_derived,"20 portions unsold, 3.6 binned"
W003067,SITE_KIT_01,2026-02-01,DSH_DOSA,,0.425,kg,39.8,plate_waste,service,manual,5 plates partly returned
W003068,SITE_KIT_01,2026-02-01,DSH_FISHCURRY,,0.144,kg,51.73,overproduction,post_service,pos_derived,"2 portions unsold, 0.5 binned"
W003069,SITE_KIT_01,2026-02-01,ING_ONION,,1.229,kg,46.7,prep_trim,prep,manual,yield 0.90 on 32.50 kg net
W003070,SITE_KIT_01,2026-02-01,ING_TOMATO,,0.329,kg,10.54,prep_trim,prep,manual,yield 0.96 on 25.35 kg net
W003071,SITE_KIT_01,2026-02-01,ING_GINGER,,0.03,kg,3.65,prep_trim,prep,manual,yield 0.92 on 1.05 kg net
W003072,SITE_KIT_01,2026-02-01,ING_GARLIC,,0.074,kg,13.28,prep_trim,prep,manual,yield 0.88 on 1.67 kg net
W003073,SITE_KIT_01,2026-02-01,ING_GCHILLI,,0.039,kg,2.7,prep_trim,prep,manual,yield 0.93 on 1.59 kg net
W003074,SITE_KIT_01,2026-02-01,ING_MINT,,0.031,kg,1.86,prep_trim,prep,manual,yield 0.87 on 0.60 kg net
W003075,SITE_KIT_01,2026-02-01,ING_CORIANDER,,0.068,kg,4.07,prep_trim,prep,manual,yield 0.87 on 1.30 kg net
W003076,SITE_KIT_01,2026-02-01,ING_CARROT,,0.249,kg,11.22,prep_trim,prep,manual,yield 0.90 on 6.45 kg net
W003077,SITE_KIT_01,2026-02-01,ING_BEANS,,0.146,kg,8.78,prep_trim,prep,manual,yield 0.90 on 3.97 kg net
W003078,SITE_KIT_01,2026-02-01,ING_CAULI,,5.163,kg,206.51,prep_trim,prep,manual,yield 0.52 on 16.20 kg net
W003079,SITE_KIT_01,2026-02-01,ING_POTATO,,0.897,kg,25.12,prep_trim,prep,manual,yield 0.85 on 14.72 kg net
W003080,SITE_KIT_01,2026-02-01,ING_CAPSICUM,,0.244,kg,19.56,prep_trim,prep,manual,yield 0.84 on 3.64 kg net
W003081,SITE_KIT_01,2026-02-01,ING_SPINACH,,0.766,kg,22.97,prep_trim,prep,manual,yield 0.78 on 7.83 kg net
W003082,SITE_KIT_01,2026-02-01,ING_CURRYLEAF,,0.022,kg,1.75,prep_trim,prep,manual,yield 0.89 on 0.53 kg net
W003083,SITE_KIT_01,2026-02-01,ING_LEMON,,0.357,kg,32.09,prep_trim,prep,manual,yield 0.55 on 1.28 kg net
W003084,SITE_KIT_01,2026-02-01,ING_CUCUMBER,,0.284,kg,9.95,prep_trim,prep,manual,yield 0.84 on 4.24 kg net
W003085,SITE_KIT_01,2026-02-01,ING_CABBAGE,,0.11,kg,2.76,prep_trim,prep,manual,yield 0.90 on 2.83 kg net
W003086,SITE_KIT_01,2026-02-01,ING_BANANA,,0.5,kg,27.48,prep_trim,prep,manual,yield 0.71 on 3.54 kg net
W003087,SITE_KIT_01,2026-02-01,ING_BRINJAL,,0.178,kg,7.11,prep_trim,prep,manual,yield 0.88 on 3.89 kg net
W003088,SITE_KIT_01,2026-02-01,ING_OKRA,,0.163,kg,8.99,prep_trim,prep,manual,yield 0.91 on 4.60 kg net
W003089,SITE_KIT_01,2026-02-01,ING_TOMATO,B01461,4.316,kg,138.11,quality_rejection,storage,manual,"rejected at goods receipt, intake grade 0.94"
W003090,SITE_KIT_01,2026-02-01,ING_CAULI,B01462,11.879,kg,475.16,quality_rejection,storage,manual,"rejected at goods receipt, intake grade 1.00"
W003091,SITE_KIT_01,2026-02-01,ING_BRINJAL,B01469,0.938,kg,37.52,quality_rejection,storage,manual,"rejected at goods receipt, intake grade 0.92"
W003092,SITE_KIT_01,2026-02-01,ING_BEANS,B01475,0.411,kg,24.66,quality_rejection,storage,manual,"rejected at goods receipt, intake grade 0.88"
W003093,SITE_KIT_01,2026-02-01,ING_CURRYLEAF,B01414,0.601,kg,48.07,spoilage,storage,manual,"received 2026-01-29, zone ZN_COLD"
W003094,SITE_KIT_01,2026-02-02,DSH_CHBIRYANI,,0.977,kg,206.76,overproduction,post_service,pos_derived,"7 portions unsold, 2.2 binned"
W003095,SITE_KIT_01,2026-02-02,DSH_VGBIRYANI,,0.143,kg,15.52,plate_waste,service,manual,1 plates partly returned
W003096,SITE_KIT_01,2026-02-02,DSH_PBM,,0.306,kg,88.59,plate_waste,service,manual,3 plates partly returned
W003097,SITE_KIT_01,2026-02-02,DSH_GOBIMANCH,,0.63,kg,65.2,overproduction,post_service,pos_derived,"5 portions unsold, 2.2 binned"
W003098,SITE_KIT_01,2026-02-02,DSH_GOBIMANCH,,0.19,kg,19.71,plate_waste,service,manual,2 plates partly returned
W003099,SITE_KIT_01,2026-02-02,DSH_NAAN,,0.031,kg,3.37,plate_waste,service,manual,1 plates partly returned
W003100,SITE_KIT_01,2026-02-02,DSH_ROTI,,0.071,kg,3.81,plate_waste,service,manual,3 plates partly returned
W003101,SITE_KIT_01,2026-02-02,DSH_JEERARICE,,0.19,kg,16.56,plate_waste,service,manual,2 plates partly returned
W003102,SITE_KIT_01,2026-02-02,DSH_DALTADKA,,0.306,kg,23.54,plate_waste,service,manual,3 plates partly returned
W003103,SITE_KIT_01,2026-02-02,DSH_ROGANJOSH,,0.403,kg,264.83,overproduction,post_service,pos_derived,"7 portions unsold, 1.3 binned"
W003104,SITE_KIT_01,2026-02-02,DSH_VEGPULAO,,0.168,kg,17.14,overproduction,post_service,pos_derived,"2 portions unsold, 0.5 binned"
W003105,SITE_KIT_01,2026-02-02,DSH_DOSA,,0.085,kg,7.96,plate_waste,service,manual,1 plates partly returned
W003106,SITE_KIT_01,2026-02-02,DSH_MIXVEG,,0.648,kg,43.24,overproduction,post_service,pos_derived,"9 portions unsold, 2.2 binned"
W003107,SITE_KIT_01,2026-02-02,DSH_FISHCURRY,,0.288,kg,103.46,overproduction,post_service,pos_derived,"4 portions unsold, 1.0 binned"
W003108,SITE_KIT_01,2026-02-02,DSH_FISHCURRY,,0.102,kg,36.64,plate_waste,service,manual,1 plates partly returned
W003109,SITE_KIT_01,2026-02-02,ING_ONION,,0.738,kg,28.05,prep_trim,prep,manual,yield 0.90 on 20.11 kg net
W003110,SITE_KIT_01,2026-02-02,ING_TOMATO,,0.234,kg,7.49,prep_trim,prep,manual,yield 0.96 on 16.73 kg net
W003111,SITE_KIT_01,2026-02-02,ING_GINGER,,0.022,kg,2.62,prep_trim,prep,manual,yield 0.91 on 0.63 kg net
W003112,SITE_KIT_01,2026-02-02,ING_GARLIC,,0.054,kg,9.74,prep_trim,prep,manual,yield 0.86 on 1.00 kg net
W003113,SITE_KIT_01,2026-02-02,ING_CORIANDER,,0.047,kg,2.83,prep_trim,prep,manual,yield 0.85 on 0.76 kg net
W003114,SITE_KIT_01,2026-02-02,ING_CARROT,,0.175,kg,7.87,prep_trim,prep,manual,yield 0.89 on 4.22 kg net
W003115,SITE_KIT_01,2026-02-02,ING_BEANS,,0.131,kg,7.83,prep_trim,prep,manual,yield 0.87 on 2.58 kg net
W003116,SITE_KIT_01,2026-02-02,ING_CAULI,,3.6,kg,144.02,prep_trim,prep,manual,yield 0.49 on 10.06 kg net
W003117,SITE_KIT_01,2026-02-02,ING_POTATO,,0.478,kg,13.37,prep_trim,prep,manual,yield 0.87 on 9.44 kg net
W003118,SITE_KIT_01,2026-02-02,ING_CAPSICUM,,0.17,kg,13.6,prep_trim,prep,manual,yield 0.82 on 2.31 kg net
W003119,SITE_KIT_01,2026-02-02,ING_SPINACH,,0.431,kg,12.94,prep_trim,prep,manual,yield 0.79 on 4.73 kg net
W003120,SITE_KIT_01,2026-02-02,ING_LEMON,,0.229,kg,20.6,prep_trim,prep,manual,yield 0.56 on 0.84 kg net
W003121,SITE_KIT_01,2026-02-02,ING_CUCUMBER,,0.169,kg,5.93,prep_trim,prep,manual,yield 0.85 on 2.84 kg net
W003122,SITE_KIT_01,2026-02-02,ING_CABBAGE,,0.082,kg,2.06,prep_trim,prep,manual,yield 0.89 on 1.89 kg net
W003123,SITE_KIT_01,2026-02-02,ING_BANANA,,0.374,kg,20.57,prep_trim,prep,manual,yield 0.68 on 2.37 kg net
W003124,SITE_KIT_01,2026-02-02,ING_BRINJAL,,0.149,kg,5.95,prep_trim,prep,manual,yield 0.86 on 2.60 kg net
W003125,SITE_KIT_01,2026-02-02,ING_OKRA,,0.136,kg,7.49,prep_trim,prep,manual,yield 0.88 on 3.08 kg net
W003126,SITE_KIT_01,2026-02-02,ING_POTATO,B01200,4.952,kg,138.64,spoilage,storage,manual,"received 2026-01-18, zone ZN_DRY"
W003127,SITE_KIT_01,2026-02-02,ING_MINT,B01431,0.031,kg,1.85,spoilage,storage,manual,"received 2026-01-30, zone ZN_COLD"
W003128,SITE_KIT_01,2026-02-02,ING_BATTER,B01460,13.176,kg,922.32,spoilage,storage,manual,"received 2026-01-31, zone ZN_COLD"
W003129,SITE_KIT_01,2026-02-03,DSH_CHBIRYANI,,2.371,kg,502.13,overproduction,post_service,pos_derived,"17 portions unsold, 5.3 binned"
W003130,SITE_KIT_01,2026-02-03,DSH_VGBIRYANI,,0.143,kg,15.52,plate_waste,service,manual,1 plates partly returned
W003131,SITE_KIT_01,2026-02-03,DSH_GOBIMANCH,,0.504,kg,52.16,overproduction,post_service,pos_derived,"4 portions unsold, 1.8 binned"
W003132,SITE_KIT_01,2026-02-03,DSH_GOBIMANCH,,0.095,kg,9.85,plate_waste,service,manual,1 plates partly returned
W003133,SITE_KIT_01,2026-02-03,DSH_PALAK,,0.726,kg,130.95,overproduction,post_service,pos_derived,"11 portions unsold, 2.4 binned"
W003134,SITE_KIT_01,2026-02-03,DSH_NAAN,,0.092,kg,10.11,plate_waste,service,manual,3 plates partly returned
W003135,SITE_KIT_01,2026-02-03,DSH_JEERARICE,,0.308,kg,26.8,overproduction,post_service,pos_derived,"5 portions unsold, 1.1 binned"
W003136,SITE_KIT_01,2026-02-03,DSH_JEERARICE,,0.19,kg,16.56,plate_waste,service,manual,2 plates partly returned
W003137,SITE_KIT_01,2026-02-03,DSH_DALTADKA,,0.27,kg,20.77,overproduction,post_service,pos_derived,"6 portions unsold, 0.9 binned"
W003138,SITE_KIT_01,2026-02-03,DSH_DALTADKA,,0.102,kg,7.85,plate_waste,service,manual,1 plates partly returned
W003139,SITE_KIT_01,2026-02-03,DSH_ROGANJOSH,,0.403,kg,264.83,overproduction,post_service,pos_derived,"7 portions unsold, 1.3 binned"
W003140,SITE_KIT_01,2026-02-03,DSH_VEGPULAO,,0.238,kg,24.28,plate_waste,service,manual,2 plates partly returned
W003141,SITE_KIT_01,2026-02-03,DSH_DOSA,,0.17,kg,15.92,plate_waste,service,manual,2 plates partly returned
W003142,SITE_KIT_01,2026-02-03,DSH_MIXVEG,,0.288,kg,19.22,overproduction,post_service,pos_derived,"4 portions unsold, 1.0 binned"
W003143,SITE_KIT_01,2026-02-03,DSH_MIXVEG,,0.102,kg,6.81,plate_waste,service,manual,1 plates partly returned
W003144,SITE_KIT_01,2026-02-03,ING_ONION,,0.769,kg,29.21,prep_trim,prep,manual,yield 0.90 on 21.30 kg net
W003145,SITE_KIT_01,2026-02-03,ING_TOMATO,,0.199,kg,6.37,prep_trim,prep,manual,yield 0.97 on 16.36 kg net
W003146,SITE_KIT_01,2026-02-03,ING_GINGER,,0.026,kg,3.11,prep_trim,prep,manual,yield 0.89 on 0.62 kg net
W003147,SITE_KIT_01,2026-02-03,ING_GARLIC,,0.046,kg,8.36,prep_trim,prep,manual,yield 0.88 on 1.01 kg net
W003148,SITE_KIT_01,2026-02-03,ING_GCHILLI,,0.02,kg,1.43,prep_trim,prep,manual,yield 0.94 on 1.01 kg net
W003149,SITE_KIT_01,2026-02-03,ING_MINT,,0.024,kg,1.45,prep_trim,prep,manual,yield 0.86 on 0.43 kg net
W003150,SITE_KIT_01,2026-02-03,ING_CORIANDER,,0.056,kg,3.34,prep_trim,prep,manual,yield 0.84 on 0.87 kg net
W003151,SITE_KIT_01,2026-02-03,ING_CARROT,,0.227,kg,10.21,prep_trim,prep,manual,yield 0.88 on 4.75 kg net
W003152,SITE_KIT_01,2026-02-03,ING_BEANS,,0.132,kg,7.91,prep_trim,prep,manual,yield 0.89 on 3.00 kg net
W003153,SITE_KIT_01,2026-02-03,ING_CAULI,,3.304,kg,132.16,prep_trim,prep,manual,yield 0.52 on 10.54 kg net
W003154,SITE_KIT_01,2026-02-03,ING_POTATO,,0.653,kg,18.28,prep_trim,prep,manual,yield 0.85 on 10.87 kg net
W003155,SITE_KIT_01,2026-02-03,ING_CAPSICUM,,0.169,kg,13.49,prep_trim,prep,manual,yield 0.83 on 2.37 kg net
W003156,SITE_KIT_01,2026-02-03,ING_SPINACH,,0.503,kg,15.09,prep_trim,prep,manual,yield 0.78 on 5.28 kg net
W003157,SITE_KIT_01,2026-02-03,ING_LEMON,,0.256,kg,23.01,prep_trim,prep,manual,yield 0.53 on 0.86 kg net
W003158,SITE_KIT_01,2026-02-03,ING_CUCUMBER,,0.184,kg,6.43,prep_trim,prep,manual,yield 0.84 on 2.90 kg net
W003159,SITE_KIT_01,2026-02-03,ING_CABBAGE,,0.097,kg,2.41,prep_trim,prep,manual,yield 0.87 on 1.93 kg net
W003160,SITE_KIT_01,2026-02-03,ING_BANANA,,0.402,kg,22.13,prep_trim,prep,manual,yield 0.67 on 2.42 kg net
W003161,SITE_KIT_01,2026-02-03,ING_BRINJAL,,0.111,kg,4.45,prep_trim,prep,manual,yield 0.89 on 2.66 kg net
W003162,SITE_KIT_01,2026-02-03,ING_OKRA,,0.149,kg,8.19,prep_trim,prep,manual,yield 0.88 on 3.14 kg net
W003163,SITE_KIT_01,2026-02-03,ING_ONION,B01495,14.441,kg,548.76,quality_rejection,storage,manual,"rejected at goods receipt, intake grade 0.96"
W003164,SITE_KIT_01,2026-02-03,ING_GINGER,B01501,0.422,kg,50.64,quality_rejection,storage,manual,"rejected at goods receipt, intake grade 0.90"
W003165,SITE_KIT_01,2026-02-03,ING_GARLIC,B01502,0.706,kg,127.08,quality_rejection,storage,manual,"rejected at goods receipt, intake grade 0.88"
W003166,SITE_KIT_01,2026-02-03,ING_CABBAGE,B01505,0.498,kg,12.45,quality_rejection,storage,manual,"rejected at goods receipt, intake grade 0.89"
W003167,SITE_KIT_01,2026-02-03,ING_BRINJAL,B01506,1.138,kg,45.52,quality_rejection,storage,manual,"rejected at goods receipt, intake grade 0.87"
W003168,SITE_KIT_01,2026-02-03,ING_PEAS,B01508,0.25,kg,22.5,quality_rejection,storage,manual,"rejected at goods receipt, intake grade 0.93"
W003169,SITE_KIT_01,2026-02-03,ING_CURRYLEAF,B01510,0.037,kg,2.96,quality_rejection,storage,manual,"rejected at goods receipt, intake grade 0.92"
W003170,SITE_KIT_01,2026-02-03,ING_EGG,B01404,2.621,kg,366.97,spoilage,storage,manual,"received 2026-01-28, zone ZN_COLD"
W003171,SITE_KIT_01,2026-02-04,DSH_CHBIRYANI,,0.153,kg,32.4,plate_waste,service,manual,1 plates partly returned
W003172,SITE_KIT_01,2026-02-04,DSH_VGBIRYANI,,0.391,kg,42.45,overproduction,post_service,pos_derived,"3 portions unsold, 0.9 binned"
W003173,SITE_KIT_01,2026-02-04,DSH_VGBIRYANI,,0.286,kg,31.04,plate_waste,service,manual,2 plates partly returned
W003174,SITE_KIT_01,2026-02-04,DSH_PBM,,0.36,kg,104.22,overproduction,post_service,pos_derived,"6 portions unsold, 1.2 binned"
W003175,SITE_KIT_01,2026-02-04,DSH_GOBIMANCH,,1.638,kg,169.53,overproduction,post_service,pos_derived,"13 portions unsold, 5.9 binned"
W003176,SITE_KIT_01,2026-02-04,DSH_PALAK,,0.528,kg,95.23,overproduction,post_service,pos_derived,"8 portions unsold, 1.8 binned"
W003177,SITE_KIT_01,2026-02-04,DSH_NAAN,,0.092,kg,10.11,plate_waste,service,manual,3 plates partly returned
W003178,SITE_KIT_01,2026-02-04,DSH_JEERARICE,,0.986,kg,85.75,overproduction,post_service,pos_derived,"16 portions unsold, 3.5 binned"
W003179,SITE_KIT_01,2026-02-04,DSH_DALTADKA,,0.102,kg,7.85,plate_waste,service,manual,1 plates partly returned
W003180,SITE_KIT_01,2026-02-04,DSH_DOSA,,0.085,kg,7.96,plate_waste,service,manual,1 plates partly returned
W003181,SITE_KIT_01,2026-02-04,DSH_FISHCURRY,,0.576,kg,206.92,overproduction,post_service,pos_derived,"8 portions unsold, 1.9 binned"
W003182,SITE_KIT_01,2026-02-04,ING_ONION,,0.874,kg,33.21,prep_trim,prep,manual,yield 0.90 on 22.47 kg net
W003183,SITE_KIT_01,2026-02-04,ING_TOMATO,,0.159,kg,5.09,prep_trim,prep,manual,yield 0.97 on 16.57 kg net
W003184,SITE_KIT_01,2026-02-04,ING_GARLIC,,0.053,kg,9.61,prep_trim,prep,manual,yield 0.87 on 1.07 kg net
W003185,SITE_KIT_01,2026-02-04,ING_GCHILLI,,0.03,kg,2.13,prep_trim,prep,manual,yield 0.93 on 1.15 kg net
W003186,SITE_KIT_01,2026-02-04,ING_MINT,,0.022,kg,1.31,prep_trim,prep,manual,yield 0.86 on 0.40 kg net
W003187,SITE_KIT_01,2026-02-04,ING_CORIANDER,,0.049,kg,2.95,prep_trim,prep,manual,yield 0.86 on 0.87 kg net
W003188,SITE_KIT_01,2026-02-04,ING_CARROT,,0.175,kg,7.89,prep_trim,prep,manual,yield 0.90 on 4.57 kg net
W003189,SITE_KIT_01,2026-02-04,ING_BEANS,,0.115,kg,6.89,prep_trim,prep,manual,yield 0.89 on 2.79 kg net
W003190,SITE_KIT_01,2026-02-04,ING_CAULI,,4.303,kg,172.12,prep_trim,prep,manual,yield 0.47 on 11.27 kg net
W003191,SITE_KIT_01,2026-02-04,ING_POTATO,,0.811,kg,22.71,prep_trim,prep,manual,yield 0.84 on 12.79 kg net
W003192,SITE_KIT_01,2026-02-04,ING_CAPSICUM,,0.174,kg,13.91,prep_trim,prep,manual,yield 0.83 on 2.55 kg net
W003193,SITE_KIT_01,2026-02-04,ING_SPINACH,,0.517,kg,15.52,prep_trim,prep,manual,yield 0.78 on 5.28 kg net
W003194,SITE_KIT_01,2026-02-04,ING_LEMON,,0.276,kg,24.82,prep_trim,prep,manual,yield 0.53 on 0.91 kg net
W003195,SITE_KIT_01,2026-02-04,ING_CUCUMBER,,0.15,kg,5.26,prep_trim,prep,manual,yield 0.87 on 3.06 kg net
W003196,SITE_KIT_01,2026-02-04,ING_CABBAGE,,0.107,kg,2.66,prep_trim,prep,manual,yield 0.87 on 2.04 kg net
W003197,SITE_KIT_01,2026-02-04,ING_BANANA,,0.425,kg,23.39,prep_trim,prep,manual,yield 0.67 on 2.55 kg net
W003198,SITE_KIT_01,2026-02-04,ING_BRINJAL,,0.134,kg,5.35,prep_trim,prep,manual,yield 0.88 on 2.80 kg net
W003199,SITE_KIT_01,2026-02-04,ING_OKRA,,0.141,kg,7.77,prep_trim,prep,manual,yield 0.89 on 3.31 kg net
W003200,SITE_KIT_01,2026-02-04,ING_MUSHROOM,,0.025,kg,5.58,prep_trim,prep,manual,yield 0.93 on 1.02 kg net
W003201,SITE_KIT_01,2026-02-04,ING_CORIANDER,B01464,0.793,kg,47.57,spoilage,storage,manual,"received 2026-02-01, zone ZN_COLD"
W003202,SITE_KIT_01,2026-02-04,ING_MINT,B01472,0.75,kg,45.0,spoilage,storage,manual,"received 2026-02-01, zone ZN_COLD"
W003203,SITE_KIT_01,2026-02-04,ING_CURRYLEAF,B01473,0.5,kg,40.0,spoilage,storage,manual,"received 2026-02-01, zone ZN_COLD"
W003204,SITE_KIT_01,2026-02-05,DSH_CHBIRYANI,,0.418,kg,88.61,overproduction,post_service,pos_derived,"3 portions unsold, 0.9 binned"
W003205,SITE_KIT_01,2026-02-05,DSH_CHBIRYANI,,0.153,kg,32.4,plate_waste,service,manual,1 plates partly returned
W003206,SITE_KIT_01,2026-02-05,DSH_VGBIRYANI,,1.302,kg,141.51,overproduction,post_service,pos_derived,"10 portions unsold, 3.1 binned"
W003207,SITE_KIT_01,2026-02-05,DSH_PBM,,0.6,kg,173.7,overproduction,post_service,pos_derived,"10 portions unsold, 2.0 binned"
W003208,SITE_KIT_01,2026-02-05,DSH_GOBIMANCH,,0.378,kg,39.12,overproduction,post_service,pos_derived,"3 portions unsold, 1.4 binned"
W003209,SITE_KIT_01,2026-02-05,DSH_PALAK,,0.528,kg,95.23,overproduction,post_service,pos_derived,"8 portions unsold, 1.8 binned"
W003210,SITE_KIT_01,2026-02-05,DSH_PALAK,,0.102,kg,18.4,plate_waste,service,manual,1 plates partly returned
W003211,SITE_KIT_01,2026-02-05,DSH_NAAN,,0.031,kg,3.37,plate_waste,service,manual,1 plates partly returned
W003212,SITE_KIT_01,2026-02-05,DSH_ROTI,,0.071,kg,3.81,plate_waste,service,manual,3 plates partly returned
W003213,SITE_KIT_01,2026-02-05,DSH_JEERARICE,,0.431,kg,37.51,overproduction,post_service,pos_derived,"7 portions unsold, 1.5 binned"
W003214,SITE_KIT_01,2026-02-05,DSH_DALTADKA,,0.675,kg,51.93,overproduction,post_service,pos_derived,"15 portions unsold, 2.2 binned"
W003215,SITE_KIT_01,2026-02-05,DSH_DALTADKA,,0.306,kg,23.54,plate_waste,service,manual,3 plates partly returned
W003216,SITE_KIT_01,2026-02-05,DSH_ROGANJOSH,,0.403,kg,264.83,overproduction,post_service,pos_derived,"7 portions unsold, 1.3 binned"
W003217,SITE_KIT_01,2026-02-05,DSH_VEGPULAO,,0.119,kg,12.14,plate_waste,service,manual,1 plates partly returned
W003218,SITE_KIT_01,2026-02-05,DSH_DOSA,,0.17,kg,15.92,plate_waste,service,manual,2 plates partly returned
W003219,SITE_KIT_01,2026-02-05,DSH_MIXVEG,,0.432,kg,28.83,overproduction,post_service,pos_derived,"6 portions unsold, 1.4 binned"
W003220,SITE_KIT_01,2026-02-05,DSH_FISHCURRY,,0.576,kg,206.92,overproduction,post_service,pos_derived,"8 portions unsold, 1.9 binned"
W003221,SITE_KIT_01,2026-02-05,ING_ONION,,0.751,kg,28.53,prep_trim,prep,manual,yield 0.91 on 23.50 kg net
W003222,SITE_KIT_01,2026-02-05,ING_TOMATO,,0.211,kg,6.76,prep_trim,prep,manual,yield 0.97 on 18.88 kg net
W003223,SITE_KIT_01,2026-02-05,ING_GINGER,,0.028,kg,3.32,prep_trim,prep,manual,yield 0.90 on 0.75 kg net
W003224,SITE_KIT_01,2026-02-05,ING_GARLIC,,0.073,kg,13.15,prep_trim,prep,manual,yield 0.85 on 1.20 kg net
W003225,SITE_KIT_01,2026-02-05,ING_MINT,,0.025,kg,1.5,prep_trim,prep,manual,yield 0.86 on 0.44 kg net
W003226,SITE_KIT_01,2026-02-05,ING_CORIANDER,,0.051,kg,3.04,prep_trim,prep,manual,yield 0.86 on 0.94 kg net
W003227,SITE_KIT_01,2026-02-05,ING_CARROT,,0.223,kg,10.03,prep_trim,prep,manual,yield 0.88 on 4.94 kg net
W003228,SITE_KIT_01,2026-02-05,ING_BEANS,,0.116,kg,6.97,prep_trim,prep,manual,yield 0.90 on 3.07 kg net
W003229,SITE_KIT_01,2026-02-05,ING_CAULI,,4.413,kg,176.54,prep_trim,prep,manual,yield 0.48 on 12.06 kg net
W003230,SITE_KIT_01,2026-02-05,ING_POTATO,,0.596,kg,16.7,prep_trim,prep,manual,yield 0.85 on 10.10 kg net
W003231,SITE_KIT_01,2026-02-05,ING_CAPSICUM,,0.18,kg,14.37,prep_trim,prep,manual,yield 0.84 on 2.76 kg net
W003232,SITE_KIT_01,2026-02-05,ING_SPINACH,,0.585,kg,17.55,prep_trim,prep,manual,yield 0.77 on 5.82 kg net
W003233,SITE_KIT_01,2026-02-05,ING_LEMON,,0.246,kg,22.17,prep_trim,prep,manual,yield 0.56 on 0.93 kg net
W003234,SITE_KIT_01,2026-02-05,ING_CUCUMBER,,0.19,kg,6.66,prep_trim,prep,manual,yield 0.85 on 3.12 kg net
W003235,SITE_KIT_01,2026-02-05,ING_CABBAGE,,0.102,kg,2.56,prep_trim,prep,manual,yield 0.87 on 2.08 kg net
W003236,SITE_KIT_01,2026-02-05,ING_BANANA,,0.412,kg,22.68,prep_trim,prep,manual,yield 0.68 on 2.60 kg net
W003237,SITE_KIT_01,2026-02-05,ING_BRINJAL,,0.141,kg,5.65,prep_trim,prep,manual,yield 0.87 on 2.86 kg net
W003238,SITE_KIT_01,2026-02-05,ING_OKRA,,0.134,kg,7.35,prep_trim,prep,manual,yield 0.90 on 3.38 kg net
W003239,SITE_KIT_01,2026-02-05,ING_CORIANDER,B01534,0.101,kg,6.06,quality_rejection,storage,manual,"rejected at goods receipt, intake grade 0.95"
W003240,SITE_KIT_01,2026-02-05,ING_CUCUMBER,B01547,1.051,kg,36.78,quality_rejection,storage,manual,"rejected at goods receipt, intake grade 0.99"
W003241,SITE_KIT_01,2026-02-05,ING_LEMON,B01433,0.872,kg,78.5,spoilage,storage,manual,"received 2026-01-30, zone ZN_COLD"
W003242,SITE_KIT_01,2026-02-06,DSH_CHBIRYANI,,2.371,kg,502.13,overproduction,post_service,pos_derived,"17 portions unsold, 5.3 binned"
W003243,SITE_KIT_01,2026-02-06,DSH_CHBIRYANI,,0.459,kg,97.19,plate_waste,service,manual,3 plates partly returned
W003244,SITE_KIT_01,2026-02-06,DSH_VGBIRYANI,,1.302,kg,141.51,overproduction,post_service,pos_derived,"10 portions unsold, 3.1 binned"
W003245,SITE_KIT_01,2026-02-06,DSH_PBM,,1.08,kg,312.66,overproduction,post_service,pos_derived,"18 portions unsold, 3.6 binned"
W003246,SITE_KIT_01,2026-02-06,DSH_GOBIMANCH,,1.134,kg,117.37,overproduction,post_service,pos_derived,"9 portions unsold, 4.0 binned"
W003247,SITE_KIT_01,2026-02-06,DSH_GOBIMANCH,,0.095,kg,9.85,plate_waste,service,manual,1 plates partly returned
W003248,SITE_KIT_01,2026-02-06,DSH_PALAK,,0.204,kg,36.79,plate_waste,service,manual,2 plates partly returned
W003249,SITE_KIT_01,2026-02-06,DSH_NAAN,,0.153,kg,16.85,plate_waste,service,manual,5 plates partly returned
W003250,SITE_KIT_01,2026-02-06,DSH_JEERARICE,,0.095,kg,8.28,plate_waste,service,manual,1 plates partly returned
W003251,SITE_KIT_01,2026-02-06,DSH_ROGANJOSH,,0.806,kg,529.65,overproduction,post_service,pos_derived,"14 portions unsold, 2.5 binned"
W003252,SITE_KIT_01,2026-02-06,DSH_ROGANJOSH,,0.109,kg,71.46,plate_waste,service,manual,1 plates partly returned
W003253,SITE_KIT_01,2026-02-06,DSH_VEGPULAO,,0.84,kg,85.68,overproduction,post_service,pos_derived,"10 portions unsold, 2.4 binned"
W003254,SITE_KIT_01,2026-02-06,DSH_MIXVEG,,0.648,kg,43.24,overproduction,post_service,pos_derived,"9 portions unsold, 2.2 binned"
W003255,SITE_KIT_01,2026-02-06,DSH_FISHCURRY,,1.152,kg,413.84,overproduction,post_service,pos_derived,"16 portions unsold, 3.8 binned"
W003256,SITE_KIT_01,2026-02-06,ING_ONION,,1.338,kg,50.83,prep_trim,prep,manual,yield 0.89 on 33.12 kg net
W003257,SITE_KIT_01,2026-02-06,ING_TOMATO,,0.289,kg,9.24,prep_trim,prep,manual,yield 0.97 on 25.88 kg net
W003258,SITE_KIT_01,2026-02-06,ING_GINGER,,0.045,kg,5.43,prep_trim,prep,manual,yield 0.89 on 1.13 kg net
W003259,SITE_KIT_01,2026-02-06,ING_GARLIC,,0.086,kg,15.54,prep_trim,prep,manual,yield 0.87 on 1.71 kg net
W003260,SITE_KIT_01,2026-02-06,ING_GCHILLI,,0.044,kg,3.05,prep_trim,prep,manual,yield 0.93 on 1.60 kg net
W003261,SITE_KIT_01,2026-02-06,ING_MINT,,0.036,kg,2.15,prep_trim,prep,manual,yield 0.87 on 0.69 kg net
W003262,SITE_KIT_01,2026-02-06,ING_CORIANDER,,0.075,kg,4.53,prep_trim,prep,manual,yield 0.86 on 1.37 kg net
W003263,SITE_KIT_01,2026-02-06,ING_CARROT,,0.333,kg,14.98,prep_trim,prep,manual,yield 0.87 on 6.62 kg net
W003264,SITE_KIT_01,2026-02-06,ING_BEANS,,0.16,kg,9.61,prep_trim,prep,manual,yield 0.90 on 4.08 kg net
W003265,SITE_KIT_01,2026-02-06,ING_CAULI,,5.54,kg,221.59,prep_trim,prep,manual,yield 0.49 on 15.85 kg net
W003266,SITE_KIT_01,2026-02-06,ING_POTATO,,0.726,kg,20.33,prep_trim,prep,manual,yield 0.86 on 12.87 kg net
W003267,SITE_KIT_01,2026-02-06,ING_CAPSICUM,,0.304,kg,24.32,prep_trim,prep,manual,yield 0.81 on 3.72 kg net
W003268,SITE_KIT_01,2026-02-06,ING_SPINACH,,0.778,kg,23.35,prep_trim,prep,manual,yield 0.77 on 7.46 kg net
W003269,SITE_KIT_01,2026-02-06,ING_LEMON,,0.338,kg,30.38,prep_trim,prep,manual,yield 0.56 on 1.29 kg net
W003270,SITE_KIT_01,2026-02-06,ING_CUCUMBER,,0.272,kg,9.53,prep_trim,prep,manual,yield 0.84 on 4.29 kg net
W003271,SITE_KIT_01,2026-02-06,ING_CABBAGE,,0.131,kg,3.27,prep_trim,prep,manual,yield 0.88 on 2.86 kg net
W003272,SITE_KIT_01,2026-02-06,ING_BANANA,,0.552,kg,30.38,prep_trim,prep,manual,yield 0.69 on 3.58 kg net
W003273,SITE_KIT_01,2026-02-06,ING_BRINJAL,,0.178,kg,7.12,prep_trim,prep,manual,yield 0.88 on 3.93 kg net
W003274,SITE_KIT_01,2026-02-06,ING_OKRA,,0.153,kg,8.42,prep_trim,prep,manual,yield 0.91 on 4.65 kg net
W003275,SITE_KIT_01,2026-02-06,ING_MUSHROOM,,0.027,kg,5.98,prep_trim,prep,manual,yield 0.95 on 1.43 kg net
W003276,SITE_KIT_01,2026-02-06,ING_GCHILLI,B01422,0.365,kg,25.57,spoilage,storage,manual,"received 2026-01-30, zone ZN_COLD"
W003277,SITE_KIT_01,2026-02-06,ING_CAPSICUM,B01426,1.151,kg,92.08,spoilage,storage,manual,"received 2026-01-30, zone ZN_COLD"
W003278,SITE_KIT_01,2026-02-07,DSH_CHBIRYANI,,0.837,kg,177.22,overproduction,post_service,pos_derived,"6 portions unsold, 1.9 binned"
W003279,SITE_KIT_01,2026-02-07,DSH_CHBIRYANI,,0.459,kg,97.19,plate_waste,service,manual,3 plates partly returned
W003280,SITE_KIT_01,2026-02-07,DSH_VGBIRYANI,,0.911,kg,99.06,overproduction,post_service,pos_derived,"7 portions unsold, 2.2 binned"
W003281,SITE_KIT_01,2026-02-07,DSH_PBM,,0.96,kg,277.92,overproduction,post_service,pos_derived,"16 portions unsold, 3.2 binned"
W003282,SITE_KIT_01,2026-02-07,DSH_PBM,,0.102,kg,29.53,plate_waste,service,manual,1 plates partly returned
W003283,SITE_KIT_01,2026-02-07,DSH_GOBIMANCH,,0.095,kg,9.85,plate_waste,service,manual,1 plates partly returned
W003284,SITE_KIT_01,2026-02-07,DSH_PALAK,,0.198,kg,35.71,overproduction,post_service,pos_derived,"3 portions unsold, 0.7 binned"
W003285,SITE_KIT_01,2026-02-07,DSH_PALAK,,0.306,kg,55.19,plate_waste,service,manual,3 plates partly returned
W003286,SITE_KIT_01,2026-02-07,DSH_NAAN,,0.214,kg,23.59,plate_waste,service,manual,7 plates partly returned
W003287,SITE_KIT_01,2026-02-07,DSH_ROTI,,0.048,kg,2.54,plate_waste,service,manual,2 plates partly returned
W003288,SITE_KIT_01,2026-02-07,DSH_JEERARICE,,0.095,kg,8.28,plate_waste,service,manual,1 plates partly returned
W003289,SITE_KIT_01,2026-02-07,DSH_DALTADKA,,0.315,kg,24.23,overproduction,post_service,pos_derived,"7 portions unsold, 1.1 binned"
W003290,SITE_KIT_01,2026-02-07,DSH_DALTADKA,,0.408,kg,31.39,plate_waste,service,manual,4 plates partly returned
W003291,SITE_KIT_01,2026-02-07,DSH_ROGANJOSH,,0.634,kg,416.16,overproduction,post_service,pos_derived,"11 portions unsold, 2.0 binned"
W003292,SITE_KIT_01,2026-02-07,DSH_VEGPULAO,,1.596,kg,162.79,overproduction,post_service,pos_derived,"19 portions unsold, 4.6 binned"
W003293,SITE_KIT_01,2026-02-07,DSH_VEGPULAO,,0.119,kg,12.14,plate_waste,service,manual,1 plates partly returned
W003294,SITE_KIT_01,2026-02-07,DSH_MIXVEG,,0.504,kg,33.63,overproduction,post_service,pos_derived,"7 portions unsold, 1.7 binned"
W003295,SITE_KIT_01,2026-02-07,DSH_FISHCURRY,,0.102,kg,36.64,plate_waste,service,manual,1 plates partly returned
W003296,SITE_KIT_01,2026-02-07,ING_ONION,,1.169,kg,44.44,prep_trim,prep,manual,yield 0.91 on 35.12 kg net
W003297,SITE_KIT_01,2026-02-07,ING_TOMATO,,0.308,kg,9.85,prep_trim,prep,manual,yield 0.97 on 28.07 kg net
W003298,SITE_KIT_01,2026-02-07,ING_GINGER,,0.045,kg,5.45,prep_trim,prep,manual,yield 0.90 on 1.18 kg net
W003299,SITE_KIT_01,2026-02-07,ING_GARLIC,,0.093,kg,16.76,prep_trim,prep,manual,yield 0.87 on 1.83 kg net
W003300,SITE_KIT_01,2026-02-07,ING_GCHILLI,,0.049,kg,3.41,prep_trim,prep,manual,yield 0.92 on 1.66 kg net
W003301,SITE_KIT_01,2026-02-07,ING_MINT,,0.039,kg,2.36,prep_trim,prep,manual,yield 0.85 on 0.67 kg net
W003302,SITE_KIT_01,2026-02-07,ING_CORIANDER,,0.076,kg,4.58,prep_trim,prep,manual,yield 0.86 on 1.41 kg net
W003303,SITE_KIT_01,2026-02-07,ING_CARROT,,0.357,kg,16.06,prep_trim,prep,manual,yield 0.87 on 7.11 kg net
W003304,SITE_KIT_01,2026-02-07,ING_BEANS,,0.154,kg,9.25,prep_trim,prep,manual,yield 0.91 on 4.36 kg net
W003305,SITE_KIT_01,2026-02-07,ING_CAULI,,5.855,kg,234.21,prep_trim,prep,manual,yield 0.50 on 17.15 kg net
W003306,SITE_KIT_01,2026-02-07,ING_POTATO,,0.837,kg,23.42,prep_trim,prep,manual,yield 0.84 on 13.39 kg net
W003307,SITE_KIT_01,2026-02-07,ING_CAPSICUM,,0.277,kg,22.19,prep_trim,prep,manual,yield 0.83 on 3.98 kg net
W003308,SITE_KIT_01,2026-02-07,ING_SPINACH,,0.832,kg,24.96,prep_trim,prep,manual,yield 0.78 on 8.74 kg net
W003309,SITE_KIT_01,2026-02-07,ING_LEMON,,0.418,kg,37.62,prep_trim,prep,manual,yield 0.54 on 1.43 kg net
W003310,SITE_KIT_01,2026-02-07,ING_CUCUMBER,,0.295,kg,10.33,prep_trim,prep,manual,yield 0.84 on 4.71 kg net
W003311,SITE_KIT_01,2026-02-07,ING_CABBAGE,,0.175,kg,4.38,prep_trim,prep,manual,yield 0.86 on 3.14 kg net
W003312,SITE_KIT_01,2026-02-07,ING_BANANA,,0.639,kg,35.14,prep_trim,prep,manual,yield 0.68 on 3.93 kg net
W003313,SITE_KIT_01,2026-02-07,ING_BRINJAL,,0.156,kg,6.23,prep_trim,prep,manual,yield 0.90 on 4.32 kg net
W003314,SITE_KIT_01,2026-02-07,ING_OKRA,,0.16,kg,8.8,prep_trim,prep,manual,yield 0.92 on 5.10 kg net
W003315,SITE_KIT_01,2026-02-07,ING_MUSHROOM,,0.031,kg,6.92,prep_trim,prep,manual,yield 0.94 on 1.57 kg net
W003316,SITE_KIT_01,2026-02-07,ING_CAULI,B01567,5.681,kg,227.24,quality_rejection,storage,manual,"rejected at goods receipt, intake grade 0.93"
W003317,SITE_KIT_01,2026-02-07,ING_CORIANDER,B01569,0.101,kg,6.06,quality_rejection,storage,manual,"rejected at goods receipt, intake grade 0.88"
W003318,SITE_KIT_01,2026-02-07,ING_GINGER,B01571,0.517,kg,62.04,quality_rejection,storage,manual,"rejected at goods receipt, intake grade 0.89"
W003319,SITE_KIT_01,2026-02-07,ING_CARROT,B01573,0.611,kg,27.5,quality_rejection,storage,manual,"rejected at goods receipt, intake grade 0.96"
W003320,SITE_KIT_01,2026-02-07,ING_CAPSICUM,B01574,0.849,kg,67.92,quality_rejection,storage,manual,"rejected at goods receipt, intake grade 0.91"
W003321,SITE_KIT_01,2026-02-07,ING_SPINACH,B01498,8.0,kg,240.0,spoilage,storage,manual,"received 2026-02-03, zone ZN_COLD"
W003322,SITE_KIT_01,2026-02-07,ING_LEMON,B01474,4.0,kg,360.0,spoilage,storage,manual,"received 2026-02-01, zone ZN_COLD"
W003323,SITE_KIT_01,2026-02-07,ING_BANANA,B01478,4.337,kg,238.52,spoilage,storage,manual,"received 2026-02-01, zone ZN_COLD"
W003324,SITE_KIT_01,2026-02-08,DSH_CHBIRYANI,,1.535,kg,324.9,overproduction,post_service,pos_derived,"11 portions unsold, 3.4 binned"
W003325,SITE_KIT_01,2026-02-08,DSH_CHBIRYANI,,0.306,kg,64.79,plate_waste,service,manual,2 plates partly returned
W003326,SITE_KIT_01,2026-02-08,DSH_VGBIRYANI,,0.651,kg,70.76,overproduction,post_service,pos_derived,"5 portions unsold, 1.6 binned"
W003327,SITE_KIT_01,2026-02-08,DSH_PBM,,1.56,kg,451.62,overproduction,post_service,pos_derived,"26 portions unsold, 5.2 binned"
W003328,SITE_KIT_01,2026-02-08,DSH_PBM,,0.102,kg,29.53,plate_waste,service,manual,1 plates partly returned
W003329,SITE_KIT_01,2026-02-08,DSH_GOBIMANCH,,0.63,kg,65.2,overproduction,post_service,pos_derived,"5 portions unsold, 2.2 binned"
W003330,SITE_KIT_01,2026-02-08,DSH_GOBIMANCH,,0.19,kg,19.71,plate_waste,service,manual,2 plates partly returned
W003331,SITE_KIT_01,2026-02-08,DSH_PALAK,,1.254,kg,226.18,overproduction,post_service,pos_derived,"19 portions unsold, 4.2 binned"
W003332,SITE_KIT_01,2026-02-08,DSH_PALAK,,0.102,kg,18.4,plate_waste,service,manual,1 plates partly returned
W003333,SITE_KIT_01,2026-02-08,DSH_NAAN,,0.061,kg,6.74,plate_waste,service,manual,2 plates partly returned
W003334,SITE_KIT_01,2026-02-08,DSH_ROTI,,0.048,kg,2.54,plate_waste,service,manual,2 plates partly returned
W003335,SITE_KIT_01,2026-02-08,DSH_JEERARICE,,0.123,kg,10.72,overproduction,post_service,pos_derived,"2 portions unsold, 0.4 binned"
W003336,SITE_KIT_01,2026-02-08,DSH_JEERARICE,,0.286,kg,24.85,plate_waste,service,manual,3 plates partly returned
W003337,SITE_KIT_01,2026-02-08,DSH_DALTADKA,,0.54,kg,41.54,overproduction,post_service,pos_derived,"12 portions unsold, 1.8 binned"
W003338,SITE_KIT_01,2026-02-08,DSH_ROGANJOSH,,0.23,kg,151.33,overproduction,post_service,pos_derived,"4 portions unsold, 0.7 binned"
W003339,SITE_KIT_01,2026-02-08,DSH_ROGANJOSH,,0.218,kg,142.92,plate_waste,service,manual,2 plates partly returned
W003340,SITE_KIT_01,2026-02-08,DSH_VEGPULAO,,0.252,kg,25.7,overproduction,post_service,pos_derived,"3 portions unsold, 0.7 binned"
W003341,SITE_KIT_01,2026-02-08,DSH_DOSA,,0.255,kg,23.88,plate_waste,service,manual,3 plates partly returned
W003342,SITE_KIT_01,2026-02-08,DSH_MIXVEG,,0.306,kg,20.42,plate_waste,service,manual,3 plates partly returned
W003343,SITE_KIT_01,2026-02-08,ING_ONION,,1.528,kg,58.08,prep_trim,prep,manual,yield 0.89 on 35.30 kg net
W003344,SITE_KIT_01,2026-02-08,ING_TOMATO,,0.179,kg,5.73,prep_trim,prep,manual,yield 0.98 on 27.17 kg net
W003345,SITE_KIT_01,2026-02-08,ING_GINGER,,0.046,kg,5.57,prep_trim,prep,manual,yield 0.89 on 1.13 kg net
W003346,SITE_KIT_01,2026-02-08,ING_GARLIC,,0.099,kg,17.86,prep_trim,prep,manual,yield 0.86 on 1.78 kg net
W003347,SITE_KIT_01,2026-02-08,ING_GCHILLI,,0.04,kg,2.82,prep_trim,prep,manual,yield 0.94 on 1.73 kg net
W003348,SITE_KIT_01,2026-02-08,ING_MINT,,0.033,kg,1.98,prep_trim,prep,manual,yield 0.87 on 0.66 kg net
W003349,SITE_KIT_01,2026-02-08,ING_CORIANDER,,0.079,kg,4.74,prep_trim,prep,manual,yield 0.86 on 1.39 kg net
W003350,SITE_KIT_01,2026-02-08,ING_CARROT,,0.301,kg,13.56,prep_trim,prep,manual,yield 0.89 on 7.02 kg net
W003351,SITE_KIT_01,2026-02-08,ING_BEANS,,0.161,kg,9.66,prep_trim,prep,manual,yield 0.90 on 4.34 kg net
W003352,SITE_KIT_01,2026-02-08,ING_CAULI,,5.686,kg,227.43,prep_trim,prep,manual,yield 0.51 on 17.39 kg net
W003353,SITE_KIT_01,2026-02-08,ING_POTATO,,0.866,kg,24.26,prep_trim,prep,manual,yield 0.87 on 16.72 kg net
W003354,SITE_KIT_01,2026-02-08,ING_CAPSICUM,,0.297,kg,23.74,prep_trim,prep,manual,yield 0.82 on 3.95 kg net
W003355,SITE_KIT_01,2026-02-08,ING_SPINACH,,0.821,kg,24.62,prep_trim,prep,manual,yield 0.78 on 8.55 kg net
W003356,SITE_KIT_01,2026-02-08,ING_CURRYLEAF,,0.023,kg,1.84,prep_trim,prep,manual,yield 0.90 on 0.58 kg net
W003357,SITE_KIT_01,2026-02-08,ING_LEMON,,0.387,kg,34.85,prep_trim,prep,manual,yield 0.55 on 1.37 kg net
W003358,SITE_KIT_01,2026-02-08,ING_CUCUMBER,,0.268,kg,9.36,prep_trim,prep,manual,yield 0.85 on 4.57 kg net
W003359,SITE_KIT_01,2026-02-08,ING_CABBAGE,,0.164,kg,4.1,prep_trim,prep,manual,yield 0.86 on 3.05 kg net
W003360,SITE_KIT_01,2026-02-08,ING_BANANA,,0.599,kg,32.93,prep_trim,prep,manual,yield 0.68 on 3.81 kg net
W003361,SITE_KIT_01,2026-02-08,ING_BRINJAL,,0.17,kg,6.8,prep_trim,prep,manual,yield 0.89 on 4.19 kg net
W003362,SITE_KIT_01,2026-02-08,ING_OKRA,,0.176,kg,9.69,prep_trim,prep,manual,yield 0.91 on 4.95 kg net
W003363,SITE_KIT_01,2026-02-08,ING_MUSHROOM,,0.033,kg,7.22,prep_trim,prep,manual,yield 0.94 on 1.52 kg net
W003364,SITE_KIT_01,2026-02-08,ING_CORIANDER,B01605,0.193,kg,11.58,quality_rejection,storage,manual,"rejected at goods receipt, intake grade 0.93"
W003365,SITE_KIT_01,2026-02-08,ING_CURRYLEAF,B01543,0.103,kg,8.24,spoilage,storage,manual,"received 2026-02-05, zone ZN_COLD"
W003366,SITE_KIT_01,2026-02-09,DSH_CHBIRYANI,,0.977,kg,206.76,overproduction,post_service,pos_derived,"7 portions unsold, 2.2 binned"
W003367,SITE_KIT_01,2026-02-09,DSH_CHBIRYANI,,0.153,kg,32.4,plate_waste,service,manual,1 plates partly returned
W003368,SITE_KIT_01,2026-02-09,DSH_PBM,,0.42,kg,121.59,overproduction,post_service,pos_derived,"7 portions unsold, 1.4 binned"
W003369,SITE_KIT_01,2026-02-09,DSH_PBM,,0.204,kg,59.06,plate_waste,service,manual,2 plates partly returned
W003370,SITE_KIT_01,2026-02-09,DSH_GOBIMANCH,,0.378,kg,39.12,overproduction,post_service,pos_derived,"3 portions unsold, 1.4 binned"
W003371,SITE_KIT_01,2026-02-09,DSH_PALAK,,0.132,kg,23.81,overproduction,post_service,pos_derived,"2 portions unsold, 0.4 binned"
W003372,SITE_KIT_01,2026-02-09,DSH_NAAN,,0.122,kg,13.48,plate_waste,service,manual,4 plates partly returned
W003373,SITE_KIT_01,2026-02-09,DSH_ROTI,,0.071,kg,3.81,plate_waste,service,manual,3 plates partly returned
W003374,SITE_KIT_01,2026-02-09,DSH_JEERARICE,,0.308,kg,26.8,overproduction,post_service,pos_derived,"5 portions unsold, 1.1 binned"
W003375,SITE_KIT_01,2026-02-09,DSH_DALTADKA,,0.18,kg,13.85,overproduction,post_service,pos_derived,"4 portions unsold, 0.6 binned"
W003376,SITE_KIT_01,2026-02-09,DSH_DALTADKA,,0.102,kg,7.85,plate_waste,service,manual,1 plates partly returned
W003377,SITE_KIT_01,2026-02-09,DSH_DOSA,,0.085,kg,7.96,plate_waste,service,manual,1 plates partly returned
W003378,SITE_KIT_01,2026-02-09,DSH_MIXVEG,,0.102,kg,6.81,plate_waste,service,manual,1 plates partly returned
W003379,SITE_KIT_01,2026-02-09,DSH_FISHCURRY,,0.306,kg,109.93,plate_waste,service,manual,3 plates partly returned
W003380,SITE_KIT_01,2026-02-09,ING_ONION,,0.798,kg,30.32,prep_trim,prep,manual,yield 0.90 on 20.85 kg net
W003381,SITE_KIT_01,2026-02-09,ING_TOMATO,,0.14,kg,4.47,prep_trim,prep,manual,yield 0.98 on 17.15 kg net
W003382,SITE_KIT_01,2026-02-09,ING_GINGER,,0.026,kg,3.1,prep_trim,prep,manual,yield 0.90 on 0.66 kg net
W003383,SITE_KIT_01,2026-02-09,ING_GARLIC,,0.052,kg,9.38,prep_trim,prep,manual,yield 0.87 on 1.03 kg net
W003384,SITE_KIT_01,2026-02-09,ING_GCHILLI,,0.021,kg,1.45,prep_trim,prep,manual,yield 0.94 on 1.00 kg net
W003385,SITE_KIT_01,2026-02-09,ING_MINT,,0.02,kg,1.22,prep_trim,prep,manual,yield 0.86 on 0.36 kg net
W003386,SITE_KIT_01,2026-02-09,ING_CORIANDER,,0.041,kg,2.46,prep_trim,prep,manual,yield 0.87 on 0.78 kg net
W003387,SITE_KIT_01,2026-02-09,ING_CARROT,,0.207,kg,9.33,prep_trim,prep,manual,yield 0.87 on 4.13 kg net
W003388,SITE_KIT_01,2026-02-09,ING_BEANS,,0.091,kg,5.47,prep_trim,prep,manual,yield 0.90 on 2.49 kg net
W003389,SITE_KIT_01,2026-02-09,ING_CAULI,,3.306,kg,132.23,prep_trim,prep,manual,yield 0.50 on 9.78 kg net
W003390,SITE_KIT_01,2026-02-09,ING_POTATO,,0.675,kg,18.9,prep_trim,prep,manual,yield 0.84 on 10.27 kg net
W003391,SITE_KIT_01,2026-02-09,ING_CAPSICUM,,0.157,kg,12.59,prep_trim,prep,manual,yield 0.83 on 2.26 kg net
W003392,SITE_KIT_01,2026-02-09,ING_SPINACH,,0.48,kg,14.39,prep_trim,prep,manual,yield 0.78 on 4.91 kg net
W003393,SITE_KIT_01,2026-02-09,ING_LEMON,,0.225,kg,20.26,prep_trim,prep,manual,yield 0.57 on 0.87 kg net
W003394,SITE_KIT_01,2026-02-09,ING_CUCUMBER,,0.171,kg,5.99,prep_trim,prep,manual,yield 0.85 on 2.92 kg net
W003395,SITE_KIT_01,2026-02-09,ING_CABBAGE,,0.08,kg,2.0,prep_trim,prep,manual,yield 0.89 on 1.94 kg net
W003396,SITE_KIT_01,2026-02-09,ING_BANANA,,0.35,kg,19.24,prep_trim,prep,manual,yield 0.70 on 2.43 kg net
W003397,SITE_KIT_01,2026-02-09,ING_BRINJAL,,0.08,kg,3.18,prep_trim,prep,manual,yield 0.92 on 2.67 kg net
W003398,SITE_KIT_01,2026-02-09,ING_OKRA,,0.143,kg,7.85,prep_trim,prep,manual,yield 0.88 on 3.16 kg net
W003399,SITE_KIT_01,2026-02-09,ING_CORIANDER,B01612,0.18,kg,10.8,quality_rejection,storage,manual,"rejected at goods receipt, intake grade 0.92"
W003400,SITE_KIT_01,2026-02-09,ING_BRINJAL,B01617,0.967,kg,38.68,quality_rejection,storage,manual,"rejected at goods receipt, intake grade 0.95"
W003401,SITE_KIT_01,2026-02-09,ING_BEANS,B01623,0.587,kg,35.22,quality_rejection,storage,manual,"rejected at goods receipt, intake grade 0.85"
W003402,SITE_KIT_01,2026-02-09,ING_CUCUMBER,B01625,1.398,kg,48.93,quality_rejection,storage,manual,"rejected at goods receipt, intake grade 1.00"
W003403,SITE_KIT_01,2026-02-09,ING_CORIANDER,B01560,0.272,kg,16.31,spoilage,storage,manual,"received 2026-02-06, zone ZN_COLD"
W003404,SITE_KIT_01,2026-02-09,ING_MINT,B01561,0.75,kg,45.0,spoilage,storage,manual,"received 2026-02-06, zone ZN_COLD"
W003405,SITE_KIT_01,2026-02-09,ING_BANANA,B01515,4.165,kg,229.07,spoilage,storage,manual,"received 2026-02-03, zone ZN_COLD"
W003406,SITE_KIT_01,2026-02-10,DSH_CHBIRYANI,,0.153,kg,32.4,plate_waste,service,manual,1 plates partly returned
W003407,SITE_KIT_01,2026-02-10,DSH_VGBIRYANI,,0.651,kg,70.76,overproduction,post_service,pos_derived,"5 portions unsold, 1.6 binned"
W003408,SITE_KIT_01,2026-02-10,DSH_VGBIRYANI,,0.286,kg,31.04,plate_waste,service,manual,2 plates partly returned
W003409,SITE_KIT_01,2026-02-10,DSH_PBM,,0.48,kg,138.96,overproduction,post_service,pos_derived,"8 portions unsold, 1.6 binned"
W003410,SITE_KIT_01,2026-02-10,DSH_PBM,,0.102,kg,29.53,plate_waste,service,manual,1 plates partly returned
W003411,SITE_KIT_01,2026-02-10,DSH_GOBIMANCH,,0.378,kg,39.12,overproduction,post_service,pos_derived,"3 portions unsold, 1.4 binned"
W003412,SITE_KIT_01,2026-02-10,DSH_GOBIMANCH,,0.286,kg,29.56,plate_waste,service,manual,3 plates partly returned
W003413,SITE_KIT_01,2026-02-10,DSH_PALAK,,0.198,kg,35.71,overproduction,post_service,pos_derived,"3 portions unsold, 0.7 binned"
W003414,SITE_KIT_01,2026-02-10,DSH_NAAN,,0.031,kg,3.37,plate_waste,service,manual,1 plates partly returned
W003415,SITE_KIT_01,2026-02-10,DSH_ROTI,,0.048,kg,2.54,plate_waste,service,manual,2 plates partly returned
W003416,SITE_KIT_01,2026-02-10,DSH_JEERARICE,,0.185,kg,16.08,overproduction,post_service,pos_derived,"3 portions unsold, 0.7 binned"
W003417,SITE_KIT_01,2026-02-10,DSH_DALTADKA,,0.135,kg,10.39,overproduction,post_service,pos_derived,"3 portions unsold, 0.4 binned"
W003418,SITE_KIT_01,2026-02-10,DSH_DALTADKA,,0.102,kg,7.85,plate_waste,service,manual,1 plates partly returned
W003419,SITE_KIT_01,2026-02-10,DSH_DOSA,,0.085,kg,7.96,plate_waste,service,manual,1 plates partly returned
W003420,SITE_KIT_01,2026-02-10,DSH_MIXVEG,,0.204,kg,13.61,plate_waste,service,manual,2 plates partly returned
W003421,SITE_KIT_01,2026-02-10,ING_ONION,,0.889,kg,33.79,prep_trim,prep,manual,yield 0.89 on 21.38 kg net
W003422,SITE_KIT_01,2026-02-10,ING_TOMATO,,0.239,kg,7.65,prep_trim,prep,manual,yield 0.96 on 16.69 kg net
W003423,SITE_KIT_01,2026-02-10,ING_GINGER,,0.026,kg,3.12,prep_trim,prep,manual,yield 0.89 on 0.64 kg net
W003424,SITE_KIT_01,2026-02-10,ING_GARLIC,,0.055,kg,9.87,prep_trim,prep,manual,yield 0.87 on 1.03 kg net
W003425,SITE_KIT_01,2026-02-10,ING_MINT,,0.024,kg,1.42,prep_trim,prep,manual,yield 0.86 on 0.43 kg net
W003426,SITE_KIT_01,2026-02-10,ING_CORIANDER,,0.054,kg,3.26,prep_trim,prep,manual,yield 0.85 on 0.89 kg net
W003427,SITE_KIT_01,2026-02-10,ING_CARROT,,0.231,kg,10.41,prep_trim,prep,manual,yield 0.87 on 4.76 kg net
W003428,SITE_KIT_01,2026-02-10,ING_BEANS,,0.119,kg,7.15,prep_trim,prep,manual,yield 0.90 on 3.00 kg net
W003429,SITE_KIT_01,2026-02-10,ING_CAULI,,3.599,kg,143.95,prep_trim,prep,manual,yield 0.51 on 10.96 kg net
W003430,SITE_KIT_01,2026-02-10,ING_POTATO,,0.75,kg,21.01,prep_trim,prep,manual,yield 0.82 on 10.17 kg net
W003431,SITE_KIT_01,2026-02-10,ING_CAPSICUM,,0.172,kg,13.73,prep_trim,prep,manual,yield 0.83 on 2.42 kg net
W003432,SITE_KIT_01,2026-02-10,ING_SPINACH,,0.534,kg,16.02,prep_trim,prep,manual,yield 0.76 on 5.10 kg net
W003433,SITE_KIT_01,2026-02-10,ING_LEMON,,0.233,kg,21.01,prep_trim,prep,manual,yield 0.56 on 0.87 kg net
W003434,SITE_KIT_01,2026-02-10,ING_CUCUMBER,,0.177,kg,6.2,prep_trim,prep,manual,yield 0.85 on 2.92 kg net
W003435,SITE_KIT_01,2026-02-10,ING_CABBAGE,,0.085,kg,2.13,prep_trim,prep,manual,yield 0.89 on 1.94 kg net
W003436,SITE_KIT_01,2026-02-10,ING_BANANA,,0.398,kg,21.9,prep_trim,prep,manual,yield 0.67 on 2.43 kg net
W003437,SITE_KIT_01,2026-02-10,ING_BRINJAL,,0.13,kg,5.2,prep_trim,prep,manual,yield 0.87 on 2.67 kg net
W003438,SITE_KIT_01,2026-02-10,ING_OKRA,,0.107,kg,5.87,prep_trim,prep,manual,yield 0.91 on 3.16 kg net
W003439,SITE_KIT_01,2026-02-10,ING_CURRYLEAF,B01640,0.045,kg,3.6,quality_rejection,storage,manual,"rejected at goods receipt, intake grade 0.88"
W003440,SITE_KIT_01,2026-02-10,ING_CORIANDER,B01569,0.776,kg,46.55,spoilage,storage,manual,"received 2026-02-07, zone ZN_COLD"
W003441,SITE_KIT_01,2026-02-10,ING_CURRYLEAF,B01580,0.104,kg,8.33,spoilage,storage,manual,"received 2026-02-07, zone ZN_COLD"
W003442,SITE_KIT_01,2026-02-11,DSH_CHBIRYANI,,1.395,kg,295.37,overproduction,post_service,pos_derived,"10 portions unsold, 3.1 binned"
W003443,SITE_KIT_01,2026-02-11,DSH_CHBIRYANI,,0.153,kg,32.4,plate_waste,service,manual,1 plates partly returned
W003444,SITE_KIT_01,2026-02-11,DSH_VGBIRYANI,,1.823,kg,198.12,overproduction,post_service,pos_derived,"14 portions unsold, 4.3 binned"
W003445,SITE_KIT_01,2026-02-11,DSH_PBM,,0.18,kg,52.11,overproduction,post_service,pos_derived,"3 portions unsold, 0.6 binned"
W003446,SITE_KIT_01,2026-02-11,DSH_GOBIMANCH,,0.19,kg,19.71,plate_waste,service,manual,2 plates partly returned
W003447,SITE_KIT_01,2026-02-11,DSH_NAAN,,0.184,kg,20.22,plate_waste,service,manual,6 plates partly returned
W003448,SITE_KIT_01,2026-02-11,DSH_ROTI,,0.048,kg,2.54,plate_waste,service,manual,2 plates partly returned
W003449,SITE_KIT_01,2026-02-11,DSH_JEERARICE,,0.986,kg,85.75,overproduction,post_service,pos_derived,"16 portions unsold, 3.5 binned"
W003450,SITE_KIT_01,2026-02-11,DSH_DALTADKA,,0.585,kg,45.01,overproduction,post_service,pos_derived,"13 portions unsold, 1.9 binned"
W003451,SITE_KIT_01,2026-02-11,DSH_DALTADKA,,0.204,kg,15.69,plate_waste,service,manual,2 plates partly returned
W003452,SITE_KIT_01,2026-02-11,DSH_ROGANJOSH,,0.23,kg,151.33,overproduction,post_service,pos_derived,"4 portions unsold, 0.7 binned"
W003453,SITE_KIT_01,2026-02-11,DSH_VEGPULAO,,1.008,kg,102.82,overproduction,post_service,pos_derived,"12 portions unsold, 2.9 binned"
W003454,SITE_KIT_01,2026-02-11,DSH_DOSA,,0.425,kg,39.8,plate_waste,service,manual,5 plates partly returned
W003455,SITE_KIT_01,2026-02-11,DSH_MIXVEG,,0.144,kg,9.61,overproduction,post_service,pos_derived,"2 portions unsold, 0.5 binned"
W003456,SITE_KIT_01,2026-02-11,DSH_MIXVEG,,0.204,kg,13.61,plate_waste,service,manual,2 plates partly returned
W003457,SITE_KIT_01,2026-02-11,DSH_FISHCURRY,,0.216,kg,77.59,overproduction,post_service,pos_derived,"3 portions unsold, 0.7 binned"
W003458,SITE_KIT_01,2026-02-11,ING_ONION,,0.931,kg,35.38,prep_trim,prep,manual,yield 0.89 on 22.47 kg net
W003459,SITE_KIT_01,2026-02-11,ING_TOMATO,,0.34,kg,10.88,prep_trim,prep,manual,yield 0.94 on 16.82 kg net
W003460,SITE_KIT_01,2026-02-11,ING_GINGER,,0.026,kg,3.15,prep_trim,prep,manual,yield 0.90 on 0.67 kg net
W003461,SITE_KIT_01,2026-02-11,ING_GARLIC,,0.052,kg,9.35,prep_trim,prep,manual,yield 0.88 on 1.08 kg net
W003462,SITE_KIT_01,2026-02-11,ING_GCHILLI,,0.028,kg,1.98,prep_trim,prep,manual,yield 0.93 on 1.14 kg net
W003463,SITE_KIT_01,2026-02-11,ING_MINT,,0.021,kg,1.26,prep_trim,prep,manual,yield 0.87 on 0.41 kg net
W003464,SITE_KIT_01,2026-02-11,ING_CORIANDER,,0.054,kg,3.21,prep_trim,prep,manual,yield 0.85 on 0.88 kg net
W003465,SITE_KIT_01,2026-02-11,ING_CARROT,,0.257,kg,11.57,prep_trim,prep,manual,yield 0.86 on 4.49 kg net
W003466,SITE_KIT_01,2026-02-11,ING_BEANS,,0.124,kg,7.44,prep_trim,prep,manual,yield 0.88 on 2.76 kg net
W003467,SITE_KIT_01,2026-02-11,ING_CAULI,,3.695,kg,147.78,prep_trim,prep,manual,yield 0.50 on 11.06 kg net
W003468,SITE_KIT_01,2026-02-11,ING_POTATO,,0.719,kg,20.13,prep_trim,prep,manual,yield 0.85 on 12.44 kg net
W003469,SITE_KIT_01,2026-02-11,ING_CAPSICUM,,0.179,kg,14.31,prep_trim,prep,manual,yield 0.83 on 2.50 kg net
W003470,SITE_KIT_01,2026-02-11,ING_SPINACH,,0.474,kg,14.21,prep_trim,prep,manual,yield 0.79 on 5.10 kg net
W003471,SITE_KIT_01,2026-02-11,ING_LEMON,,0.232,kg,20.84,prep_trim,prep,manual,yield 0.56 on 0.88 kg net
W003472,SITE_KIT_01,2026-02-11,ING_CUCUMBER,,0.147,kg,5.13,prep_trim,prep,manual,yield 0.87 on 2.93 kg net
W003473,SITE_KIT_01,2026-02-11,ING_CABBAGE,,0.08,kg,2.0,prep_trim,prep,manual,yield 0.89 on 1.96 kg net
W003474,SITE_KIT_01,2026-02-11,ING_BANANA,,0.381,kg,20.93,prep_trim,prep,manual,yield 0.69 on 2.44 kg net
W003475,SITE_KIT_01,2026-02-11,ING_BRINJAL,,0.115,kg,4.61,prep_trim,prep,manual,yield 0.89 on 2.69 kg net
W003476,SITE_KIT_01,2026-02-11,ING_OKRA,,0.108,kg,5.95,prep_trim,prep,manual,yield 0.91 on 3.18 kg net
W003477,SITE_KIT_01,2026-02-11,ING_CAULI,B01645,1.075,kg,43.0,quality_rejection,storage,manual,"rejected at goods receipt, intake grade 0.88"
W003478,SITE_KIT_01,2026-02-11,ING_GARLIC,B01650,0.614,kg,110.52,quality_rejection,storage,manual,"rejected at goods receipt, intake grade 0.99"
W003479,SITE_KIT_01,2026-02-11,ING_CABBAGE,B01653,0.544,kg,13.6,quality_rejection,storage,manual,"rejected at goods receipt, intake grade 0.96"
W003480,SITE_KIT_01,2026-02-11,ING_MINT,B01657,0.113,kg,6.78,quality_rejection,storage,manual,"rejected at goods receipt, intake grade 0.94"
W003481,SITE_KIT_01,2026-02-11,ING_BEANS,B01660,0.678,kg,40.68,quality_rejection,storage,manual,"rejected at goods receipt, intake grade 0.96"
W003482,SITE_KIT_01,2026-02-11,ING_OKRA,B01540,0.874,kg,48.07,spoilage,storage,manual,"received 2026-02-05, zone ZN_COLD"
W003483,SITE_KIT_01,2026-02-11,ING_MILK,B01555,0.801,kg,46.46,spoilage,storage,manual,"received 2026-02-05, zone ZN_COLD"
W003484,SITE_KIT_01,2026-02-12,DSH_CHBIRYANI,,1.395,kg,295.37,overproduction,post_service,pos_derived,"10 portions unsold, 3.1 binned"
W003485,SITE_KIT_01,2026-02-12,DSH_VGBIRYANI,,2.083,kg,226.42,overproduction,post_service,pos_derived,"16 portions unsold, 5.0 binned"
W003486,SITE_KIT_01,2026-02-12,DSH_PBM,,0.9,kg,260.55,overproduction,post_service,pos_derived,"15 portions unsold, 3.0 binned"
W003487,SITE_KIT_01,2026-02-12,DSH_GOBIMANCH,,0.095,kg,9.85,plate_waste,service,manual,1 plates partly returned
W003488,SITE_KIT_01,2026-02-12,DSH_PALAK,,0.33,kg,59.52,overproduction,post_service,pos_derived,"5 portions unsold, 1.1 binned"
W003489,SITE_KIT_01,2026-02-12,DSH_NAAN,,0.092,kg,10.11,plate_waste,service,manual,3 plates partly returned
W003490,SITE_KIT_01,2026-02-12,DSH_ROTI,,0.095,kg,5.09,plate_waste,service,manual,4 plates partly returned
W003491,SITE_KIT_01,2026-02-12,DSH_DALTADKA,,0.204,kg,15.69,plate_waste,service,manual,2 plates partly returned
W003492,SITE_KIT_01,2026-02-12,DSH_ROGANJOSH,,0.403,kg,264.83,overproduction,post_service,pos_derived,"7 portions unsold, 1.3 binned"
W003493,SITE_KIT_01,2026-02-12,DSH_VEGPULAO,,0.119,kg,12.14,plate_waste,service,manual,1 plates partly returned
W003494,SITE_KIT_01,2026-02-12,DSH_DOSA,,0.17,kg,15.92,plate_waste,service,manual,2 plates partly returned
W003495,SITE_KIT_01,2026-02-12,DSH_MIXVEG,,0.102,kg,6.81,plate_waste,service,manual,1 plates partly returned
W003496,SITE_KIT_01,2026-02-12,DSH_FISHCURRY,,0.936,kg,336.24,overproduction,post_service,pos_derived,"13 portions unsold, 3.1 binned"
W003497,SITE_KIT_01,2026-02-12,ING_ONION,,0.899,kg,34.15,prep_trim,prep,manual,yield 0.90 on 23.68 kg net
W003498,SITE_KIT_01,2026-02-12,ING_TOMATO,,0.14,kg,4.5,prep_trim,prep,manual,yield 0.98 on 18.51 kg net
W003499,SITE_KIT_01,2026-02-12,ING_GINGER,,0.027,kg,3.28,prep_trim,prep,manual,yield 0.90 on 0.74 kg net
W003500,SITE_KIT_01,2026-02-12,ING_GARLIC,,0.061,kg,11.04,prep_trim,prep,manual,yield 0.87 on 1.19 kg net
W003501,SITE_KIT_01,2026-02-12,ING_GCHILLI,,0.029,kg,2.06,prep_trim,prep,manual,yield 0.93 on 1.13 kg net
W003502,SITE_KIT_01,2026-02-12,ING_MINT,,0.027,kg,1.59,prep_trim,prep,manual,yield 0.85 on 0.43 kg net
W003503,SITE_KIT_01,2026-02-12,ING_CORIANDER,,0.057,kg,3.4,prep_trim,prep,manual,yield 0.85 on 0.93 kg net
W003504,SITE_KIT_01,2026-02-12,ING_CARROT,,0.23,kg,10.34,prep_trim,prep,manual,yield 0.88 on 4.98 kg net
W003505,SITE_KIT_01,2026-02-12,ING_BEANS,,0.108,kg,6.5,prep_trim,prep,manual,yield 0.91 on 3.07 kg net
W003506,SITE_KIT_01,2026-02-12,ING_CAULI,,4.205,kg,168.21,prep_trim,prep,manual,yield 0.50 on 12.43 kg net
W003507,SITE_KIT_01,2026-02-12,ING_POTATO,,0.665,kg,18.61,prep_trim,prep,manual,yield 0.85 on 10.88 kg net
W003508,SITE_KIT_01,2026-02-12,ING_CAPSICUM,,0.186,kg,14.89,prep_trim,prep,manual,yield 0.84 on 2.81 kg net
W003509,SITE_KIT_01,2026-02-12,ING_SPINACH,,0.623,kg,18.68,prep_trim,prep,manual,yield 0.77 on 6.19 kg net
W003510,SITE_KIT_01,2026-02-12,ING_LEMON,,0.279,kg,25.15,prep_trim,prep,manual,yield 0.54 on 0.97 kg net
W003511,SITE_KIT_01,2026-02-12,ING_CUCUMBER,,0.183,kg,6.41,prep_trim,prep,manual,yield 0.86 on 3.24 kg net
W003512,SITE_KIT_01,2026-02-12,ING_CABBAGE,,0.09,kg,2.25,prep_trim,prep,manual,yield 0.89 on 2.16 kg net
W003513,SITE_KIT_01,2026-02-12,ING_BANANA,,0.455,kg,25.03,prep_trim,prep,manual,yield 0.67 on 2.70 kg net
W003514,SITE_KIT_01,2026-02-12,ING_BRINJAL,,0.134,kg,5.36,prep_trim,prep,manual,yield 0.88 on 2.97 kg net
W003515,SITE_KIT_01,2026-02-12,ING_OKRA,,0.129,kg,7.11,prep_trim,prep,manual,yield 0.90 on 3.52 kg net
W003516,SITE_KIT_01,2026-02-12,ING_MINT,B01620,0.414,kg,24.87,spoilage,storage,manual,"received 2026-02-09, zone ZN_COLD"
W003517,SITE_KIT_01,2026-02-12,ING_CURRYLEAF,B01621,0.5,kg,40.0,spoilage,storage,manual,"received 2026-02-09, zone ZN_COLD"
W003518,SITE_KIT_01,2026-02-12,ING_BATTER,B01641,15.296,kg,1070.72,spoilage,storage,manual,"received 2026-02-10, zone ZN_COLD"
